id	tick_lower	tick_upper	ticks	deposited_token0	deposited_token1	collected_token0	collected_token1	total_deposited_usd	total_profit_usd	apr_30d	apr	in_range	impermanent_loss	wallet	auto_rebalance	cutoff_tick_low	cutoff_tick_high	buffer_ticks_below	buffer_ticks_above	tick_spaces_below	tick_spaces_above	dust_bp
270119	-50	0	50	0.00009567	0.00009935	0.00006924	0.00012578	20.12177356	0.05884262588722996	8.77	106.74	100	0.00	0x84d0f74d21a89f86b67e9a38d8559d0b4e10f12d	0	0	0	0	0	0	0	0
665984	28	29	1	0.00073009	0.00044695	0.00117577	0	121.44463311999999	0.24354852215809117	6.02	73.20	100	0.00	0x38569e5f28921537499da81ed14d32b5b4ce95ae	0	0	0	0	0	0	0	0
268954	-37	10	47	0.00368155	0.00163804	0.00324509	0.00207622	548.86465702	1.086397946922532	5.94	72.25	100	5.078271136937929e-10	0x28165971e4d592ca6c45a3786786ec2f6b4b8d23	0	0	0	0	0	0	0	0
282222	-38	-9	29	0.0003003	0.00108936	0.00052442	0.00086562	143.38233947999998	0.7148830621068977	4.99	60.66	100	0.00	0x1cafbdd4cedfac589fc6f7265357f917dbc923cd	0	0	0	0	0	0	0	0
672345	24	25	1	0.00060895	0.0005658	0	0.00117624	121.20835550000001	0.167946486851498	4.16	50.57	100	7.561594683735962e-8	0x38569e5f28921537499da81ed14d32b5b4ce95ae	0	0	0	0	0	0	0	0
710621	18	19	1	0.00090683	0.0002713	0.00117762	0	121.55709714	0.1620807949250523	4.00	48.67	16	0.000003037289486584882	0x38569e5f28921537499da81ed14d32b5b4ce95ae	0	0	0	0	0	0	0	0
270391	-54	7	61	0.00458606	0.00612024	0.00601766	0.00469528	1104.6546214	1.4430151041718338	3.92	47.68	100	0.00	0xa464afbe33932d1c98d03e5e6a44f9e89c9c8b47	0	0	0	0	0	0	0	0
283425	-20	-14	6	0.00438839	0.00858453	0.01298839	0	1338.51993976	1.705057722489016	3.82	46.50	89	0.00	0x51e06e1d1c6710d603b2638f49c506a0b44129a3	0	0	0	0	0	0	0	0
451265	14	15	1	0.02298813	0.00962926	0	0.03265107	3365.39706542	3.7049073738033407	3.30	40.18	100	5.452337470401858e-8	0xb0bada5d45d939a03c6d211d24a61a4418d7cd13	true	-887272	887272	0	0	0	0	100
497334	15	16	1	0.00394599	0.07476384	0	0.07871613	8121.12283974	8.914228862014337	3.29	40.06	100	1.085664891320448e-9	0xb0bada5d45d939a03c6d211d24a61a4418d7cd13	true	-887272	887272	0	0	0	0	100
497336	15	16	1	0.00162608	0.03080896	0	0.03243763	3346.5825571200003	3.6720403393128356	3.29	40.05	100	1.085664891320448e-9	0xb0bada5d45d939a03c6d211d24a61a4418d7cd13	true	-887272	887272	0	0	0	0	100
477976	10	11	1	0.05563561	0.02296434	0	0.0786592	8109.7856411	8.526274918490104	3.15	38.37	100	6.41856900962523e-8	0xb0bada5d45d939a03c6d211d24a61a4418d7cd13	true	-887272	887272	0	0	0	0	100
477977	10	11	1	0.0230076	0.00949669	0	0.03252878	3353.7276336200002	3.5230827100649176	3.15	38.34	100	6.41856900962523e-8	0xb0bada5d45d939a03c6d211d24a61a4418d7cd13	true	-887272	887272	0	0	0	0	100
696739	27	28	1	0.00047825	0.00067445	0.00115085	0	118.93328060000002	0.12011067560767422	3.03	36.86	14	0.000002118227460101707	0x38569e5f28921537499da81ed14d32b5b4ce95ae	0	0	0	0	0	0	0	0
330851	-3	-2	1	0.0212463	0.07821228	0.09947896	0	10261.93736724	19.44072638712024	2.84	34.57	85	3.972538964447381e-8	0x788b8b3e7063d17fb0c6dfdbf26d45b82f51c82c	0	0	0	0	0	0	0	0
667145	28	29	1	0.00102495	0.00014698	0	0.00117485	120.91739353999999	0.11349117974004143	2.82	34.26	100	1.3172136714700855e-7	0x38569e5f28921537499da81ed14d32b5b4ce95ae	0	0	0	0	0	0	0	0
332858	-3	-2	1	0.00426526	0.00915411	0.01342179	0	1384.5837578599999	2.5549456756010813	2.77	33.68	97	0.0000011270353206249695	0xb0bada5d45d939a03c6d211d24a61a4418d7cd13	true	-887272	887272	0	0	0	0	100
695009	26	30	4	0.01003653	0.02444105	0.03441066	0	3557.3277492400002	3.018409338018435	2.55	30.97	97	0.0000029194265893650595	0xb0bada5d45d939a03c6d211d24a61a4418d7cd13	0	0	0	0	0	0	0	0
292988	-18	-17	1	0.01466559	0.10263451	0.11748049	0	12102.7897178	9.26517811299999	2.30	27.94	99	0.00	0x862ece63f0613a349a748fcb2da4631c7b8e0019	true	-887272	887272	0	0	0	0	100
666109	26	31	5	0.00763844	0.00630328	0.00344181	0.01051207	1438.47878616	1.1024446240236982	2.30	27.97	99	5.832950789042002e-8	0xf3b8d66a259e3f2adfdf51913b553ae4d4215e06	0	0	0	0	0	0	0	0
662647	25	30	5	0.00753923	0.00355894	0.01108899	0	1145.08698426	1.680423574150394	2.20	26.78	83	0.00	0x3e796a8eed2d57b334796f8356d882827770d7fd	0	0	0	0	0	0	0	0
662904	25	30	5	0.002601	0.00119736	0.00379527	0	391.90718807999997	0.5614653779664602	2.15	26.15	80	8.457087696811527e-7	0xd427c1540623c7414adef428d06a6f32d9fe7d7c	0	0	0	0	0	0	0	0
304636	-14	-13	1	0.11452969	0.00360333	0	0.11797869	12188.728737559999	26.078908783931727	2.14	26.03	98	0.0000010323785604171576	0xb0bada5d45d939a03c6d211d24a61a4418d7cd13	true	-887272	887272	0	0	0	0	100
455518	18	19	1	0.02299688	0.02245623	0	0.04549625	4689.76098358	3.1780204000290184	2.03	24.73	100	0.00	0x83ce0c26203e5f10ea0e140ef5af8a328f1766a7	0	0	0	0	0	0	0	0
288757	-20	-19	1	0.02382623	0.03590364	0	0.05968416	6162.80852686	4.121767201643804	2.01	24.41	46	0.00	0x655301eb3992fa35ff6fec91567240310a9756a6	0	0	0	0	0	0	0	0
500180	15	16	1	0.09	0.18938225	0	0.2795249	28826.1017905	19.2428198495825	2.00	24.37	100	6.663696261455243e-8	0x1265156d15eccf173f39c41bbe028c95cc420388	0	0	0	0	0	0	0	0
455523	18	19	1	0.01649348	0.01610572	0	0.03263014	3363.5202576	2.2439527060626054	2.00	24.35	100	0.00	0xb0bada5d45d939a03c6d211d24a61a4418d7cd13	true	-887272	887272	0	0	0	0	100
455544	18	19	1	0.039716	0.03877908	0	0.07856957	8098.96536424	5.34367150257863	1.98	24.08	100	0.00	0x862ece63f0613a349a748fcb2da4631c7b8e0019	true	-887272	887272	0	0	0	0	100
695722	28	29	1	0.00064256	0.00052029	0.00116137	0	119.98053730000001	0.07876706959787846	1.97	23.96	100	9.517447163709392e-7	0x38569e5f28921537499da81ed14d32b5b4ce95ae	0	0	0	0	0	0	0	0
451389	14	15	1	0.05089839	0.0388516	0.01053627	0.07927296	9260.22446822	6.04273652868488	1.96	23.82	84	2.1816309869748807e-7	0x83ce0c26203e5f10ea0e140ef5af8a328f1766a7	0	0	0	0	0	0	0	0
669130	29	30	1	0.00093913	0.00020663	0.00114515	0	118.21722528000001	0.07736447315923552	1.96	23.89	95	0.000004236666817369894	0x38569e5f28921537499da81ed14d32b5b4ce95ae	0	0	0	0	0	0	0	0
704202	19	20	1	0.04667402	0.08014974	0	0.1269163	13085.421909279998	8.512865383994253	1.95	23.75	96	0.00	0x8cc48b79500a698409ff40ba6470d33962502b1b	0	0	0	0	0	0	0	0
285037	-21	-15	6	0.00074155	0.000599	0.00134171	0	138.3152679	0.0851552345396217	1.85	22.47	97	0.0000015235422590187397	0xd211dbe903af354658238731b75354f522f11bee	0	0	0	0	0	0	0	0
329957	-3	-2	1	0.01323145	0.03583142	0.01544482	0.03361854	5062.20880086	3.0584373603413133	1.81	22.05	100	5.881567011201128e-7	0x9293548e4b270450ce46a3168c9e5985d7b806d2	0	0	0	0	0	0	0	0
274359	-27	-18	9	0.00983687	0.01134858	0.02121337	0	2185.8723601	1.312492941384065	1.80	21.92	53	0.00	0x9a01ce1ecbb36e4f3892c94f6243a4e27e5ce3de	0	0	0	0	0	0	0	0
600976	25	26	1	0.00020384	0.00098289	0.00118422	0	122.44442794	0.0736372896545118	1.80	21.95	80	0.00	0x38569e5f28921537499da81ed14d32b5b4ce95ae	0	0	0	0	0	0	0	0
713990	18	19	1	0.04990339	0.06764396	0.11742376	0	12128.3004783	7.1682630189588465	1.77	21.57	100	0.00	0x8cc48b79500a698409ff40ba6470d33962502b1b	0	0	0	0	0	0	0	0
671943	24	27	3	0.00480401	0.00909241	0.00014518	0.01376355	1433.80482276	1.6927358355544748	1.77	21.55	100	0.00	0xf3b8d66a259e3f2adfdf51913b553ae4d4215e06	0	0	0	0	0	0	0	0
306597	-14	-13	1	0.05	0.08114228	0	0.13107637	13530.99816584	23.578336431212758	1.74	21.20	72	0.000016100045607814195	0x1265156d15eccf173f39c41bbe028c95cc420388	0	0	0	0	0	0	0	0
455866	18	19	1	0.0008949	0.00119306	0	0.00208963	215.43153687999998	0.12284332751803316	1.71	20.81	100	0.00	0x3656ff4c11c4c8b4b77402faab8b3387e36f2e77	0	0	0	0	0	0	0	0
347772	-4	-3	1	0.00544603	0.05096443	0.0424732	0.01394993	5820.318441879999	9.910708038903762	1.70	20.72	100	9.416762924985278e-7	0x9293548e4b270450ce46a3168c9e5985d7b806d2	0	0	0	0	0	0	0	0
709226	20	21	1	0.00046964	0.00069484	0.00116306	0	120.14871744	0.06727516961752787	1.68	20.44	88	9.546199719601134e-7	0x38569e5f28921537499da81ed14d32b5b4ce95ae	0	0	0	0	0	0	0	0
676049	26	28	2	0.01645794	0.01811403	0	0.03461731	3567.06672066	1.9869640630468628	1.67	20.33	100	0.00	0xf3b8d66a259e3f2adfdf51913b553ae4d4215e06	0	0	0	0	0	0	0	0
666917	27	29	2	0.00616183	0.0118131	0.01794229	0	1854.6173275400001	1.0269274304568379	1.66	20.21	76	0.0000047386757517919875	0xbadc11224efb66aeb88c5a446082840eaf0eddde	0	0	0	0	0	0	0	0
674434	26	27	1	0.0008138	0.00036346	0	0.00117942	121.46733228000001	0.13416964577862545	1.66	20.16	100	2.1469842570454034e-7	0x38569e5f28921537499da81ed14d32b5b4ce95ae	0	0	0	0	0	0	0	0
667842	28	29	1	0.00895527	0.01430851	0.02322333	0	2400.31029284	1.310883125957601	1.64	19.93	65	0.00000583949882893009	0x60583f22ada7b1352bb2faf694b3eaaf942696dd	0	0	0	0	0	0	0	0
334185	-3	-2	1	0.16662691	0.449136	0.55597359	0.05989195	63533.18552797999	102.14067101060712	1.61	19.56	55	0.000001788275105774062	0x1265156d15eccf173f39c41bbe028c95cc420388	0	0	0	0	0	0	0	0
702182	22	26	4	0.01290438	0.02142999	0.0342846	0	3542.55162786	1.8996712153921596	1.61	19.57	93	0.00	0xb0bada5d45d939a03c6d211d24a61a4418d7cd13	0	0	0	0	0	0	0	0
351073	-4	-3	1	0.0731007	0.02635969	0	0.09943577	10262.124119420001	32.416509020332256	1.58	19.22	98	0.0000016741621977622856	0x788b8b3e7063d17fb0c6dfdbf26d45b82f51c82c	0	0	0	0	0	0	0	0
760218	25	26	1	0.0727576	0.02005051	0.09275783	0	9575.75517358	5.030055699830481	1.58	19.17	66	9.497937214497654e-7	0x8cc48b79500a698409ff40ba6470d33962502b1b	0	0	0	0	0	0	0	0
612903	17	18	1	0.00419827	0.00884252	0.01302544	0	1345.52263062	0.7080654081936415	1.58	19.21	100	0.00	0xf3b8d66a259e3f2adfdf51913b553ae4d4215e06	0	0	0	0	0	0	0	0
294124	-18	-17	1	0.00123259	0.0022848	0.00352141	0	362.91726542000004	0.19081218782437184	1.58	19.19	88	0.0000010410866502219562	0xf0e6ab264de1b35979f71a9084ad4e23d42aa3c0	0	0	0	0	0	0	0	0
666648	26	30	4	0.00357078	0.00558702	0.0091426	0	944.8834884	0.48413718824945956	1.54	18.70	92	0.00	0x2a57701cc3338ded47fe44695db146342cab2428	true	-887272	887272	0	0	2	1	100
642887	18	19	1	0.00029109	0.00088483	0.00117428	0	121.32907375999999	0.062215746025437245	1.54	18.72	91	0.00	0x38569e5f28921537499da81ed14d32b5b4ce95ae	0	0	0	0	0	0	0	0
763929	24	29	5	0.00587575	0.00140777	0	0.00729937	751.49902656	0.38405358361632996	1.53	18.65	51	0.0001418873459391179	0x3e796a8eed2d57b334796f8356d882827770d7fd	0	0	0	0	0	0	0	0
657745	22	24	2	0.00606462	0.00733011	0	0.01340901	1382.0414519400001	0.694641418943015	1.51	18.35	100	0.00	0xf3b8d66a259e3f2adfdf51913b553ae4d4215e06	0	0	0	0	0	0	0	0
613081	17	18	1	0.00033693	0.00083099	0.00116647	0	120.50364976	0.0607696871936657	1.51	18.41	100	0.00	0x38569e5f28921537499da81ed14d32b5b4ce95ae	0	0	0	0	0	0	0	0
600978	25	26	1	0.11529238	0.15123038	0.26614059	0	27499.28533128	13.764667966868	1.50	18.27	100	0.00	0x8cc48b79500a698409ff40ba6470d33962502b1b	0	0	0	0	0	0	0	0
705527	20	24	4	0.01160754	0.02269719	0.03425638	0	3539.49343194	1.7708674827024729	1.50	18.26	97	0.00	0xb0bada5d45d939a03c6d211d24a61a4418d7cd13	0	0	0	0	0	0	0	0
667385	27	30	3	0.00041111	0.00044593	0.00085579	0	88.42767312	0.0435497912560574	1.48	17.98	76	0.000002190649195377148	0xf1196bf726ed9227507f5a8b7c87ae177124db2b	true	-887272	887272	0	0	1	1	100
667392	27	30	3	0.00023593	0.00025592	0.00049113	0	50.7480993	0.024880333399346068	1.47	17.89	76	0.000002190649195377148	0xf1196bf726ed9227507f5a8b7c87ae177124db2b	0	0	0	0	0	0	0	0
478288	10	11	1	0.03503979	0.01446314	0	0.04954024	5107.61331154	4.965209696851481	1.46	17.74	38	0.000004089710337051855	0xfc9b2ff6f59721d3a04c7a7c32426ab280936975	0	0	0	0	0	0	0	0
348663	-4	-3	1	0.00185803	0.01242399	0	0.01428141	1473.59025956	4.995917954049483	1.45	17.68	99	0.00	0xb0bada5d45d939a03c6d211d24a61a4418d7cd13	true	-887272	887272	0	0	0	0	100
287378	-19	-18	1	0.00003564	0.00007634	0	0.00011191	11.55387244	0.005602519635468133	1.45	17.70	40	0.00	0xf0e6ab264de1b35979f71a9084ad4e23d42aa3c0	0	0	0	0	0	0	0	0
298517	-19	-18	1	0.00844883	0.10913603	0.11778732	0	12132.170685079998	5.841416463156657	1.44	17.57	100	0.00	0xb0bada5d45d939a03c6d211d24a61a4418d7cd13	true	-887272	887272	0	0	0	0	100
279820	-34	-29	5	0.05117637	0.03974086	0	0.09076186	9380.65795694	4.485236978379389	1.43	17.45	46	0.00	0x788b8b3e7063d17fb0c6dfdbf26d45b82f51c82c	0	0	0	0	0	0	0	0
345185	-3	-2	1	0.00023383	0.00039155	0.00062546	0	64.52545764	0.030719300599910796	1.43	17.38	48	0.00	0x5ce5c394a0f8a4be282c8659e405524a089a9843	0	0	0	0	0	0	0	0
625344	17	18	1	0.00320782	0.00999173	0	0.01320527	1361.9031699000002	0.6272789536117572	1.38	16.81	96	0.00	0xf3b8d66a259e3f2adfdf51913b553ae4d4215e06	0	0	0	0	0	0	0	0
495598	15	18	3	0.14698784	0.16070344	0.30743785	0	31746.970887839998	14.549145603772006	1.37	16.73	97	0.0000014020325567187797	0x3e97392738081abe67f7674b28204fccc0008d40	0	0	0	0	0	0	0	0
758635	18	33	15	0.00891447	0.01838012	0	0.02732185	2816.20120702	2.534917175632663	1.35	16.43	84	0.00	0xc1b9ecbb51fea7c1a0cd08d2df0734407c3f6ae0	0	0	0	0	0	0	0	0
702535	23	24	1	0.06983296	0.0926553	0.16227239	0	16765.213690279998	7.506805893195752	1.34	16.34	75	3.6224262478512514e-7	0x8cc48b79500a698409ff40ba6470d33962502b1b	0	0	0	0	0	0	0	0
643604	17	19	2	0.00004272	0.00050499	0	0.00054779	56.51162238	0.02513746478683797	1.33	16.24	92	0.00	0xa4dcd05cf67ec169709f3ab845755bb4e6bda752	0	0	0	0	0	0	0	0
285295	-22	-16	6	0.03023265	0.02919783	0	0.05937754	6131.91806544	5.394417967526338	1.32	16.06	97	0.0000026371323236240585	0x1fe4fd70272327264510e55bb2e79689a2f90b6c	0	0	0	0	0	0	0	0
580950	25	26	1	0.00096894	0.01239552	0	0.01336696	1378.91825388	0.5998950280138873	1.31	15.88	69	0.00	0x4f555e32e41c6f646ca72a93130fd24be10a8016	true	-887272	887272	0	0	0	0	100
743268	19	20	1	0.0997979	0.04907532	0	0.1490696	15360.44109316	6.576254224376907	1.28	15.63	100	7.404014068512765e-8	0x8cc48b79500a698409ff40ba6470d33962502b1b	0	0	0	0	0	0	0	0
359297	-4	-3	1	0.4192385	0.13106084	0	0.55015763	56778.78530252	143.97136096481324	1.27	15.43	90	0.000013659048370140425	0x1265156d15eccf173f39c41bbe028c95cc420388	0	0	0	0	0	0	0	0
302500	-15	-14	1	0.02711675	0.09077174	0	0.11785023	12163.49862122	5.144929105996071	1.27	15.44	100	1.3754086758410722e-8	0xb0bada5d45d939a03c6d211d24a61a4418d7cd13	true	-887272	887272	0	0	0	0	100
271130	-21	-13	8	0.04396863	0.0333351	0.04996002	0.02735415	7976.044253940001	3.359728477006798	1.26	15.37	100	0.40652341021690797	0xd1c921829db71034b077e585fa4f28850f2b5267	0	0	0	0	0	0	0	0
704143	17	21	4	0.01133757	0.02297431	0	0.03433495	3540.23115464	1.4708656988969522	1.25	15.16	100	3.744415888462527e-9	0xb0bada5d45d939a03c6d211d24a61a4418d7cd13	0	0	0	0	0	0	0	0
602049	25	26	1	0.0000755	0.00005859	0.00013393	0	13.83513802	0.005749745120318587	1.25	15.17	77	0.00	0xa4dcd05cf67ec169709f3ab845755bb4e6bda752	0	0	0	0	0	0	0	0
368583	-4	-3	1	0.37952594	0.11811604	0.25751808	0.24007947	51345.704212439996	85.06558097241307	1.24	15.12	100	0.00	0x8f25818ff64be1abee91abca70c306b33b602062	0	0	0	0	0	0	0	0
539311	15	16	1	0.09005469	0.03784	0.1278374	0	13195.918324819999	5.449136814666302	1.24	15.07	99	0.00	0xb0bada5d45d939a03c6d211d24a61a4418d7cd13	true	-887272	887272	0	0	0	0	100
539313	15	16	1	0.02284893	0.00960087	0.03243526	0	3348.1054644	1.3823490964789629	1.24	15.07	99	0.00	0xb0bada5d45d939a03c6d211d24a61a4418d7cd13	true	-887272	887272	0	0	0	0	100
360466	-4	-3	1	0.03711313	0.01230779	0	0.04940839	5099.15168376	12.496885024493952	1.23	14.91	90	0.000014213752796976564	0xfc9b2ff6f59721d3a04c7a7c32426ab280936975	0	0	0	0	0	0	0	0
760762	24	27	3	0.00073363	0.00052257	0	0.00125809	129.6122036	0.10569598145541452	1.22	14.88	86	0.00	0x14cb4962477759059c08ac2b0ddea8f257dee610	0	0	0	0	0	0	0	0
469453	15	16	1	0.04848364	0.03012359	0	0.07868335	8110.53677694	3.2827722556661323	1.21	14.77	100	1.0850459419842196e-7	0xb0bada5d45d939a03c6d211d24a61a4418d7cd13	true	-887272	887272	0	0	0	0	100
715657	17	22	5	0.005309	0.00233587	0	0.00765562	788.7823968600001	1.5957380007754955	1.21	14.77	97	0.0000019152121999432836	0x3e796a8eed2d57b334796f8356d882827770d7fd	0	0	0	0	0	0	0	0
469462	15	16	1	0.02007968	0.01247538	0	0.03258658	3358.96598068	1.3568699675966616	1.21	14.74	100	1.0850459419842196e-7	0xb0bada5d45d939a03c6d211d24a61a4418d7cd13	true	-887272	887272	0	0	0	0	100
715810	17	22	5	0.0039917	0.00107173	0	0.0050714	522.43458054	1.0540965708341707	1.21	14.73	96	0.000002459334036419847	0x5ee7e07ee221ee0ad5e58be5541851927d14f6d7	0	0	0	0	0	0	0	0
356110	-4	-3	1	0.00769273	0.00277938	0	0.01046951	1080.49136558	3.0246794487066424	1.20	14.60	88	0.000011739336336358264	0x1d7adb15d97547487d5adaaeb68b638cc6984d9e	true	-887272	887272	0	0	0	0	100
436561	12	13	1	0.02469122	0.00797163	0.03265319	0	3370.0875373	1.3471770246051298	1.20	14.59	100	7.682890434956846e-7	0xb0bada5d45d939a03c6d211d24a61a4418d7cd13	true	-887272	887272	0	0	0	0	100
612655	17	18	1	0.00018475	0.00020918	0	0.00039424	40.64490954	0.0321622919731959	1.19	14.44	88	1.526745729840684e-7	0xa4dcd05cf67ec169709f3ab845755bb4e6bda752	0	0	0	0	0	0	0	0
317697	-14	-13	1	0.00166287	0.00180257	0	0.00346323	357.55716832	0.28016419046999447	1.18	14.30	93	0.00	0xf0e6ab264de1b35979f71a9084ad4e23d42aa3c0	0	0	0	0	0	0	0	0
593199	27	28	1	0.0002621	0.00091513	0.00117472	0	121.46423693999999	0.04783225837732698	1.18	14.37	100	0.00	0x38569e5f28921537499da81ed14d32b5b4ce95ae	0	0	0	0	0	0	0	0
333073	-3	-2	1	0.00038537	0.00083954	0.00122511	0	126.38376398	0.14775996596209362	1.17	14.22	62	0.0000016812059411286384	0x24a032bef15e7d79d7b9c8cc4b3a816ec7f1df3d	0	0	0	0	0	0	0	0
694087	29	30	1	0.00049589	0.0006812	0.00117508	0	121.44979201999999	0.04718997239362094	1.17	14.18	87	0.00	0x38569e5f28921537499da81ed14d32b5b4ce95ae	0	0	0	0	0	0	0	0
724176	22	23	1	0.00231618	0.00136888	0	0.00369031	380.21712068	0.29331064329413087	1.16	14.08	86	0.00	0xeabf34423df8b4fa2ab877ba5f181206be18eae2	0	0	0	0	0	0	0	0
288531	-20	-19	1	0.01432986	0.01229581	0	0.02659805	2747.18337926	1.0517981426322518	1.15	13.97	47	3.0427882435901665e-10	0xfcbe02c757d572c7bdea24a9c4443f74563e9d73	0	0	0	0	0	0	0	0
663732	23	28	5	0.0059692	0.00780947	0	0.01379474	1421.6556132599999	0.5430868192713423	1.15	13.94	100	0.00	0xf3b8d66a259e3f2adfdf51913b553ae4d4215e06	0	0	0	0	0	0	0	0
501898	15	16	1	0.0018397	0.00236827	0.00420435	0	434.16992866	0.33348291516510725	1.15	14.02	51	0.00	0x40677369e4caf95b971cd3d6b97a29dbc46be30f	0	0	0	0	0	0	0	0
724119	22	23	1	0.09199781	0.07474444	0	0.16695052	17204.1318705	12.903126001252582	1.13	13.69	95	1.9335715251145302e-7	0x8cc48b79500a698409ff40ba6470d33962502b1b	0	0	0	0	0	0	0	0
458320	19	20	1	0.11114687	0.1893278	0.30010933	0	31002.375501259998	11.696741941954794	1.13	13.77	100	0.000008207269208693191	0x8a86690902182d4f742ba81a988ec27feab16269	0	0	0	0	0	0	0	0
458344	19	20	1	0.02522315	0.04549625	0.07063157	0	7296.6862532	2.7416006539117967	1.13	13.71	100	0.0000020807507716824603	0x83ce0c26203e5f10ea0e140ef5af8a328f1766a7	0	0	0	0	0	0	0	0
666407	28	31	3	0.17351997	0.09524353	0.2684915	0	27730.480403	10.38750617186762	1.12	13.67	89	0.000006256227991219276	0x8cc48b79500a698409ff40ba6470d33962502b1b	0	0	0	0	0	0	0	0
381095	-4	-3	1	0.01813926	0.00661013	0	0.02474328	2553.59256142	2.856889817493071	1.12	13.61	100	0.00	0x4e20c3a169a1e2eca93b9def8ceb48b5679b97db	true	-887272	887272	0	0	0	0	100
675196	26	27	1	0.00043703	0.01351907	0	0.01395728	1439.9624858	0.5399545532614113	1.12	13.69	100	4.480225967995466e-7	0xf3b8d66a259e3f2adfdf51913b553ae4d4215e06	0	0	0	0	0	0	0	0
706808	17	18	1	0.04746675	0.1047146	0.1519999	0	15701.767330300001	5.6785433406117125	1.08	13.20	90	0.000005605733699454163	0x8cc48b79500a698409ff40ba6470d33962502b1b	0	0	0	0	0	0	0	0
412350	0	1	1	0.00626067	0.01846779	0	0.024729	2551.43304588	0.9203865667621632	1.08	13.17	100	0.00	0xb0bada5d45d939a03c6d211d24a61a4418d7cd13	true	-887272	887272	0	0	0	0	100
412353	0	1	1	0.00361351	0.01065917	0	0.01427299	1472.62657704	0.5301313658644929	1.08	13.14	100	0.00	0xb0bada5d45d939a03c6d211d24a61a4418d7cd13	true	-887272	887272	0	0	0	0	100
284478	-20	-15	5	0.00030873	0.00016292	0.00033991	0.00013178	48.6639037	0.0175682368294133	1.08	13.18	100	2.549049860078867e-8	0xd211dbe903af354658238731b75354f522f11bee	0	0	0	0	0	0	0	0
458485	19	20	1	0.03620258	0.04228169	0.07840287	0	8097.8500100599995	2.8647524435651515	1.06	12.91	100	0.0000013950949173668903	0xb0bada5d45d939a03c6d211d24a61a4418d7cd13	true	-887272	887272	0	0	0	0	100
458487	19	20	1	0.01503492	0.01755958	0.03256069	0	3363.0353210000003	1.1890135461828288	1.06	12.90	100	0.0000013950949173668903	0xb0bada5d45d939a03c6d211d24a61a4418d7cd13	true	-887272	887272	0	0	0	0	100
272302	-22	-14	8	0.00119083	0.00127769	0.00247106	0	254.69695656	0.08991698104757297	1.06	12.89	54	0.000014290029681784944	0xdb09194d9ca57ae286ecdb0b423e832306b8fbe4	0	0	0	0	0	0	0	0
458500	19	20	1	0.0011004	0.00128517	0.00238308	0	246.13834146000002	0.08678769320818018	1.06	12.87	78	0.000008512154625606172	0x3656ff4c11c4c8b4b77402faab8b3387e36f2e77	0	0	0	0	0	0	0	0
700892	22	23	1	0.00078895	0.00037251	0.0000605	0.0011026	119.83711987999999	0.08445646731544919	1.06	12.86	84	0.00	0x38569e5f28921537499da81ed14d32b5b4ce95ae	0	0	0	0	0	0	0	0
644473	17	18	1	0.0001171	0.00106866	0	0.00118596	122.34434527999998	0.043320388470663586	1.06	12.92	100	2.220446049250313e-14	0x38569e5f28921537499da81ed14d32b5b4ce95ae	0	0	0	0	0	0	0	0
586876	25	26	1	0.01387522	0.01840231	0	0.03231334	3330.3309903400004	1.1493695941565987	1.04	12.60	100	0.00	0xb0bada5d45d939a03c6d211d24a61a4418d7cd13	true	-887272	887272	0	0	0	0	100
644094	17	19	2	0.00734663	0.01202076	0	0.01938107	1998.28856542	0.6951702515081344	1.04	12.70	65	1.408756444831738e-7	0xbadc11224efb66aeb88c5a446082840eaf0eddde	0	0	0	0	0	0	0	0
586866	25	26	1	0.11315938	0.15966309	0	0.27311438	28149.276809660005	9.699395338909813	1.03	12.58	100	0.00	0x8cc48b79500a698409ff40ba6470d33962502b1b	0	0	0	0	0	0	0	0
415842	6	7	1	0.0067318	0.02611925	0	0.03285568	3389.5056369	1.1662351134190165	1.03	12.56	100	0.00	0xb0bada5d45d939a03c6d211d24a61a4418d7cd13	true	-887272	887272	0	0	0	0	100
415843	6	7	1	0.00506562	0.0196545	0	0.02472361	2550.57254136	0.8746206504246041	1.03	12.52	100	0.00	0xb0bada5d45d939a03c6d211d24a61a4418d7cd13	true	-887272	887272	0	0	0	0	100
611191	17	20	3	0.20454218	0.10351905	0.24550982	0.06247839	31785.141588939998	10.682846194110597	1.01	12.27	86	8.693608166687739e-7	0x3e97392738081abe67f7674b28204fccc0008d40	0	0	0	0	0	0	0	0
600745	25	27	2	0.05416769	0.05992311	0.11393804	0	11771.6605624	3.9628162383987537	1.01	12.29	99	0.0000016026179716632782	0xb0bada5d45d939a03c6d211d24a61a4418d7cd13	true	-887272	887272	0	0	1	0	100
412372	0	1	1	0.00299235	0.00736132	0	0.01035391	1068.27096326	0.35964952874123823	1.01	12.29	88	0.00000474627854796239	0x42a1ef5ffdaf134eb958814e443db9c244375c8f	0	0	0	0	0	0	0	0
304722	-15	-13	2	0.00149776	0.00198433	0.00084022	0.00264096	359.27508202	0.24079209020587522	1.01	12.23	100	1.4377010693067405e-8	0xf0e6ab264de1b35979f71a9084ad4e23d42aa3c0	0	0	0	0	0	1	0	0
376588	-4	-3	1	0.00072917	0.00017706	0.00060855	0.00029761	93.50299894	0.09473956843712524	1.01	12.33	100	2.4981461343998035e-9	0x41a6ac7f4e4dbffeb934f95f1db58b68c76dc4df	0	0	0	0	0	0	0	0
692628	30	31	1	0.0866215	0.01726727	0.1038369	0	10719.03551106	3.5893171147383187	1.00	12.22	100	9.520830013265424e-7	0x8cc48b79500a698409ff40ba6470d33962502b1b	0	0	0	0	0	0	0	0
654949	19	24	5	0.16863851	0.1002007	0	0.26921787	27738.29200938	9.192857759907655	0.99	12.10	100	0.00	0x8cc48b79500a698409ff40ba6470d33962502b1b	0	0	0	0	0	0	0	0
711646	12	20	8	0.00082036	0.00091863	0	0.00174045	179.42551022	0.17497040661699198	0.98	11.86	100	0.00	0xf1903b940a19349fd3bada1c00a5bf668e912a79	0	0	0	0	0	0	0	0
347709	-4	-3	1	1.13040782	1.74792178	0	2.87795728	296980.2914688	669.47605422382	0.97	11.75	96	0.00	0x664d8f8f2417f52cbbf5bd82ba82eefc58a87f07	0	0	0	0	0	0	0	0
621841	17	18	1	0.08703487	0.17333781	0	0.26052787	26864.732377040003	17.321555102694283	0.97	11.77	100	0.0000011718029657714624	0x8cc48b79500a698409ff40ba6470d33962502b1b	0	0	0	0	0	0	0	0
471372	16	17	1	0.19924496	0.09261013	0.29170554	0	30113.02447602	9.731496975772721	0.97	11.80	84	0.0000015634235461803314	0x8a86690902182d4f742ba81a988ec27feab16269	0	0	0	0	0	0	0	0
471392	16	17	1	0.04835795	0.03029276	0.07860169	0	8115.022956379999	2.610649365240188	0.97	11.74	98	0.0000011786553955062118	0xb0bada5d45d939a03c6d211d24a61a4418d7cd13	true	-887272	887272	0	0	0	0	100
653412	25	26	1	0.00049248	0.00003358	0.00052596	0	54.277818679999996	0.017558819366795164	0.97	11.81	35	0.00	0xa4dcd05cf67ec169709f3ab845755bb4e6bda752	0	0	0	0	0	0	0	0
471401	16	17	1	0.02001284	0.01253338	0.03252593	0	3358.05388716	1.0794912618026204	0.96	11.73	98	0.0000011786553955062118	0xb0bada5d45d939a03c6d211d24a61a4418d7cd13	true	-887272	887272	0	0	0	0	100
315350	-14	-13	1	0.00495054	0.00553882	0	0.0104828	1082.27118608	1.0373929905219932	0.96	11.66	40	0.00	0x1d7adb15d97547487d5adaaeb68b638cc6984d9e	0	0	0	0	0	0	0	0
287734	-19	-18	1	0.00530483	0.00166219	0.00697015	0	718.8431895599999	0.22894783060853247	0.96	11.63	55	7.905048171608087e-7	0xfcbe02c757d572c7bdea24a9c4443f74563e9d73	0	0	0	0	0	0	0	0
621955	17	18	1	0.00035985	0.00082202	0	0.0011825	121.94298286	0.07802849534204592	0.96	11.68	84	0.00	0x38569e5f28921537499da81ed14d32b5b4ce95ae	0	0	0	0	0	0	0	0
711697	15	16	1	0.00056581	0.00060543	0	0.00117212	120.84620072000001	0.038864297468124344	0.96	11.74	20	0.00	0x38569e5f28921537499da81ed14d32b5b4ce95ae	0	0	0	0	0	0	0	0
672573	24	27	3	0.21024173	0.05513032	0	0.26591537	27380.5573749	17.314290228151286	0.95	11.54	100	0.00	0x8cc48b79500a698409ff40ba6470d33962502b1b	0	0	0	0	0	0	0	0
708126	17	18	1	0.01575591	0.22003184	0	0.23581607	24328.1084695	7.703904784344309	0.95	11.56	89	8.251963334870993e-7	0x8cc48b79500a698409ff40ba6470d33962502b1b	0	0	0	0	0	0	0	0
663172	25	30	5	0.00380984	0.00160467	0	0.00542528	558.6583127800001	1.2385663856752542	0.95	11.56	71	0.000003304493600975178	0x5ee7e07ee221ee0ad5e58be5541851927d14f6d7	0	0	0	0	0	0	0	0
689571	30	31	1	0.0457996	0.22398496	0.26910437	0	27835.83133168	8.757685260713503	0.94	11.48	100	0.0000010985695575449483	0x8cc48b79500a698409ff40ba6470d33962502b1b	0	0	0	0	0	0	0	0
661904	24	27	3	0.08081326	0.18921785	0	0.27024351	27861.26986758	8.735521853928615	0.94	11.44	89	0.0000015387788820930837	0x8cc48b79500a698409ff40ba6470d33962502b1b	0	0	0	0	0	0	0	0
385206	-4	-3	1	0.02286723	0.01001391	0	0.03287348	3392.61026292	3.1929772493476194	0.94	11.45	88	0.0000027471403152290463	0x66a0f5491c5ace4e491fb8a90da3af1c2b9ac233	0	0	0	0	0	0	0	0
698738	24	26	2	0.00108323	0.01503744	0.01608321	0	1663.29848926	0.5224783780045928	0.94	11.47	49	0.00	0xbadc11224efb66aeb88c5a446082840eaf0eddde	0	0	0	0	0	0	0	0
659735	20	25	5	0.00419076	0.00496986	0	0.00917062	945.17445036	0.29729330439627594	0.94	11.48	51	0.00	0x2a57701cc3338ded47fe44695db146342cab2428	true	-887272	887272	0	0	2	2	100
421184	7	8	1	0.00516987	0.02767514	0	0.03284909	3388.88244178	1.0487785446065268	0.93	11.30	100	0.000011226841378775276	0xb0bada5d45d939a03c6d211d24a61a4418d7cd13	true	-887272	887272	0	0	0	0	100
678576	28	29	1	0.00074059	0.00043831	0	0.00118102	121.6365442	0.11340744267442983	0.93	11.34	67	1.134236038424774e-8	0x38569e5f28921537499da81ed14d32b5b4ce95ae	0	0	0	0	0	0	0	0
492676	15	18	3	0.00099856	0.00000391	0.00100246	0	103.43284965999999	0.09647474948045787	0.93	11.35	58	0.00	0x7c0db1be671517f97974664f7ac4f0b6ca8c36dc	0	0	0	0	0	0	0	0
696939	24	25	1	0.12596972	0.07864156	0	0.20492268	21111.38264784	6.506812030696618	0.92	11.25	92	1.0306225872724895e-7	0x8cc48b79500a698409ff40ba6470d33962502b1b	0	0	0	0	0	0	0	0
679419	28	29	1	0.01472703	0.02904354	0	0.04381306	4516.15987146	2.767523467230011	0.92	11.18	81	0.00	0x7b067c80de1eb6efc176e14409bc8e118060e429	0	0	0	0	0	0	0	0
682568	31	32	1	0.00254464	0.04123301	0	0.04378579	4516.890371699999	2.7652987254783272	0.92	11.17	79	0.0000075744557848089755	0x7b067c80de1eb6efc176e14409bc8e118060e429	0	0	0	0	0	0	0	0
421186	7	8	1	0.00389027	0.02082524	0	0.02471858	2550.0968907799997	0.7850788005187705	0.92	11.24	100	0.000011226841378775276	0xb0bada5d45d939a03c6d211d24a61a4418d7cd13	true	-887272	887272	0	0	0	0	100
471616	16	17	1	0.00099828	0.00059813	0.00159543	0	164.71439098000002	0.05071463212381546	0.92	11.24	98	0.0000013052877112507133	0x3656ff4c11c4c8b4b77402faab8b3387e36f2e77	0	0	0	0	0	0	0	0
760502	22	27	5	0.00259432	0.0041462	0	0.00674725	695.47337256	0.4213762626804311	0.91	11.06	70	0.00001399388066536389	0x7c0db1be671517f97974664f7ac4f0b6ca8c36dc	0	0	0	0	0	0	0	0
286747	-20	-15	5	0.00149811	0.00082195	0	0.00231755	239.37915068	0.14559187257257952	0.91	11.10	90	0.0000021452575049707434	0x2ffdb5725edc475082add02e6b7532a180eda4fa	0	0	0	0	0	0	0	0
524781	15	16	1	0.19999995	0.01009282	0.21007761	0	21676.951823060004	13.066984480372053	0.90	11.00	64	0.00	0x1265156d15eccf173f39c41bbe028c95cc420388	0	0	0	0	0	0	0	0
694348	29	30	1	0.10383692	0.01336042	0.11715856	0	12092.18714652	3.6208830207986935	0.90	10.93	48	0.00	0x8cc48b79500a698409ff40ba6470d33962502b1b	0	0	0	0	0	0	0	0
610466	17	19	2	0.04330424	0.07069351	0.08898514	0.02493104	11762.059849500001	3.5321707965242477	0.90	10.96	100	0.00	0xb0bada5d45d939a03c6d211d24a61a4418d7cd13	true	-887272	887272	0	0	1	0	100
607501	17	19	2	0.00122334	0.01721001	0.01840251	0	1901.9161863000002	1.1413794437383467	0.90	10.95	71	0.00	0xbadc11224efb66aeb88c5a446082840eaf0eddde	0	0	0	0	0	0	0	0
347104	-4	-2	2	0.0338541	0.17999998	0.15686819	0.05702144	22065.03626624	39.2710596375966	0.89	10.83	100	0.00	0x939c802836eb9018e4a9aeb89c638dfd89b4c462	0	0	0	0	0	0	0	0
391373	-4	-3	1	0.31975717	0.18041563	0	0.50006633	51606.829158399996	30.79142395222142	0.89	10.89	100	0.00	0x5f4ce0a3f3099545cb97d43d2c0e10fcc575f6a8	0	0	0	0	0	0	0	0
340998	-3	-2	1	0.06174256	0.09354149	0.04638308	0.10889735	16021.8977109	4.754130275456446	0.89	10.83	100	0.00	0x862ece63f0613a349a748fcb2da4631c7b8e0019	true	-887272	887272	0	0	0	0	100
356997	-4	-3	1	0.00235377	0.0010428	0	0.00339576	350.45129946	0.6254104627298359	0.89	10.86	93	0.00	0x24a032bef15e7d79d7b9c8cc4b3a816ec7f1df3d	0	0	0	0	0	0	0	0
587723	25	26	1	0.0007144	0.00045825	0	0.00117448	120.9916817	0.035964140710164315	0.89	10.85	92	0.00	0x38569e5f28921537499da81ed14d32b5b4ce95ae	0	0	0	0	0	0	0	0
412348	0	1	1	0.03402469	0.10307985	0	0.13710746	14146.172228120002	4.166634503564388	0.88	10.75	89	0.00	0x83ce0c26203e5f10ea0e140ef5af8a328f1766a7	0	0	0	0	0	0	0	0
701409	22	26	4	0.01641726	0.01792966	0.03430564	0	3543.84651176	1.0349762383051269	0.88	10.66	100	0.00	0xb0bada5d45d939a03c6d211d24a61a4418d7cd13	0	0	0	0	0	0	0	0
709089	20	21	1	0.04302992	0.18581598	0.22846686	0	23611.8622702	6.832361869904193	0.87	10.56	70	0.000005126903679375516	0x8cc48b79500a698409ff40ba6470d33962502b1b	0	0	0	0	0	0	0	0
571098	27	28	1	0.12264973	0.00467364	0	0.12766132	13136.97066986	3.8144480162924506	0.87	10.60	100	1.2922583003671662e-7	0xb0bada5d45d939a03c6d211d24a61a4418d7cd13	true	-887272	887272	0	0	0	0	100
277266	-28	-26	2	0.0898136	0.00932329	0.09916272	0	10228.74603642	2.9800438100258564	0.87	10.63	100	0.00	0x788b8b3e7063d17fb0c6dfdbf26d45b82f51c82c	0	0	0	0	0	0	0	0
452916	14	15	1	0.02414351	0.05435519	0	0.07853447	8099.3388686	2.3525046401967162	0.87	10.60	93	0.00	0x862ece63f0613a349a748fcb2da4631c7b8e0019	true	-887272	887272	0	0	0	0	100
571099	27	28	1	0.03111276	0.00118557	0	0.03238406	3332.47709274	0.9670278236422454	0.87	10.59	100	1.2922583003671662e-7	0xb0bada5d45d939a03c6d211d24a61a4418d7cd13	true	-887272	887272	0	0	0	0	100
672485	23	27	4	0.00175644	0.00157065	0.00014598	0.00318526	343.28249202	0.1986558510982137	0.87	10.56	100	0.00	0xbde54732aa9a1b861d1624a42b322f23737926d2	0	0	0	0	0	0	0	0
279896	-37	-29	8	0.00176067	0.00224826	0	0.00400352	413.63337954	0.11852461264274494	0.86	10.46	23	0.00001700883903721362	0xdb09194d9ca57ae286ecdb0b423e832306b8fbe4	0	0	0	0	0	0	0	0
690272	30	31	1	0.00015168	0.00102488	0.00117344	0	121.39510768	0.06989870323231889	0.86	10.51	97	0.00	0x38569e5f28921537499da81ed14d32b5b4ce95ae	0	0	0	0	0	0	0	0
614627	17	18	1	0.00062862	0.00036844	0	0.00099816	102.87465667999999	0.08773663252199804	0.85	10.38	66	0.00	0x9bf6b8ba7ca95be5a5b6373cf61df3ba347bc522	0	0	0	0	0	0	0	0
677764	27	28	1	0.00046484	0.00071537	0	0.0011815	121.77170738000001	0.034473183771201274	0.85	10.33	100	7.165635862449449e-8	0x38569e5f28921537499da81ed14d32b5b4ce95ae	0	0	0	0	0	0	0	0
673137	24	25	1	0.01817822	0.00505432	0	0.02327731	2397.0870121199996	0.6735111730388786	0.84	10.26	39	2.989977154754797e-8	0x60583f22ada7b1352bb2faf694b3eaaf942696dd	0	0	0	0	0	0	0	0
571187	27	28	1	0.11634146	0.15705839	0	0.27372322	28208.8497233	7.8278499785444335	0.83	10.13	99	6.919642636660228e-8	0x8cc48b79500a698409ff40ba6470d33962502b1b	0	0	0	0	0	0	0	0
687499	33	37	4	0.01704251	0.01752783	0	0.03463182	3566.89854052	0.9907561692405494	0.83	10.14	100	5.532372449046363e-7	0xb0bada5d45d939a03c6d211d24a61a4418d7cd13	0	0	0	0	0	0	0	0
324083	-14	-13	1	0.0084363	0.00499655	0	0.01342162	1385.9745973	0.3843031238830388	0.83	10.12	30	0.00	0x4f555e32e41c6f646ca72a93130fd24be10a8016	true	-887272	887272	0	0	0	0	100
571202	27	28	1	0.00038139	0.00077946	0.00115871	0	119.77418130000001	0.03310998763822034	0.83	10.09	67	0.00	0x38569e5f28921537499da81ed14d32b5b4ce95ae	0	0	0	0	0	0	0	0
730170	26	27	1	0.02991918	0.12168992	0.15128826	0	15642.7237198	4.274081620831936	0.82	9.97	52	0.000005537392566701271	0x8cc48b79500a698409ff40ba6470d33962502b1b	0	0	0	0	0	0	0	0
283084	-20	-17	3	0.00486	0.00703373	0	0.01188517	1227.17127394	0.3341546984921881	0.82	9.94	100	0	0x51e06e1d1c6710d603b2638f49c506a0b44129a3	0	0	0	0	0	0	0	0
277318	-28	-23	5	0.0025389	0.00145436	0.0039972	0	412.01658028	0.1126482815048637	0.82	9.98	87	0.000005513889234087799	0xdb09194d9ca57ae286ecdb0b423e832306b8fbe4	0	0	0	0	0	0	0	0
493306	15	16	1	0.02916331	0.04955607	0	0.07876552	8122.10818964	2.1998662099178903	0.81	9.89	100	0.00	0xb0bada5d45d939a03c6d211d24a61a4418d7cd13	true	-887272	887272	0	0	0	0	100
516247	13	14	1	0.00245113	0.02995126	0	0.03240581	3343.21379542	0.8950325548558059	0.80	9.77	100	1.738944543916432e-8	0xb0bada5d45d939a03c6d211d24a61a4418d7cd13	true	-887272	887272	0	0	0	0	100
376655	-4	-3	1	0.00282552	0.00075058	0	0.00357513	368.9748458	0.49162808297938493	0.80	9.73	76	0.00	0xbf0e2de41e3b7f0c7c72e11f04760b787f082460	0	0	0	0	0	0	0	0
698563	25	29	4	0.01270168	0.02173961	0.03438427	0	3553.58341962	0.9313752234598981	0.79	9.57	100	0.00	0xb0bada5d45d939a03c6d211d24a61a4418d7cd13	0	0	0	0	0	0	0	0
491742	15	16	1	0.03207751	0.0003614	0.03243836	0	3346.9818559799996	0.8787769414864891	0.79	9.58	100	6.803692387258309e-7	0xb0bada5d45d939a03c6d211d24a61a4418d7cd13	true	-887272	887272	0	0	0	0	100
388639	-4	-3	1	0.23823241	0.11971695	0	0.35786997	36932.49906608	28.64320416753069	0.78	9.44	93	7.738482410424297e-7	0x19f29007707989212d19d7687fb29ead1338f006	0	0	0	0	0	0	0	0
493345	15	16	1	0.01873655	0.01369365	0	0.03245965	3346.0831756000002	0.8646654398850413	0.78	9.43	100	1.2166104790267696e-7	0xb0bada5d45d939a03c6d211d24a61a4418d7cd13	true	-887272	887272	0	0	0	0	100
679632	28	29	1	0.01157403	0.02293375	0	0.03454119	3560.44372484	1.8312018627753295	0.77	9.39	91	0.00	0xf3b8d66a259e3f2adfdf51913b553ae4d4215e06	0	0	0	0	0	0	0	0
577309	25	26	1	0.01370708	0.01861038	0	0.03235284	3334.4508878799998	0.8564354431123421	0.77	9.37	100	3.7027878541096015e-7	0xb0bada5d45d939a03c6d211d24a61a4418d7cd13	true	-887272	887272	0	0	0	0	100
663746	25	26	1	0.00021069	0.00094371	0	0.00115493	119.1086832	0.030469721822365823	0.77	9.34	100	0.00	0x38569e5f28921537499da81ed14d32b5b4ce95ae	0	0	0	0	0	0	0	0
701197	17	18	1	0.00000269	0.00021323	0	0.00021591	22.278193759999997	0.005709389309494862	0.77	9.35	0	0.0000022002730970527296	0x056717a0bc1227412c4d708db1f1cab112073582	0	0	0	0	0	0	0	0
577307	25	26	1	0.05608721	0.21372316	0	0.26995555	27838.49435586	7.023473374608295	0.76	9.21	100	5.249484180680497e-8	0x8cc48b79500a698409ff40ba6470d33962502b1b	0	0	0	0	0	0	0	0
577347	25	26	1	0.01664359	0.11089517	0	0.12758197	13159.19417928	3.3162736482636097	0.76	9.20	100	1.3421175282246622e-8	0xb0bada5d45d939a03c6d211d24a61a4418d7cd13	true	-887272	887272	0	0	0	0	100
672787	23	25	2	0.006006	0.01303047	0	0.0190513	1964.14490166	0.49758402679810837	0.76	9.25	100	0.000008109601368211372	0xbadc11224efb66aeb88c5a446082840eaf0eddde	0	0	0	0	0	0	0	0
370501	-4	-3	1	0.00257544	0.00101197	0	0.00358653	370.14178898	0.4668901476948236	0.76	9.21	89	0.00	0x47a138f58f1e6c88e7de1fe1f4efdd637bb8a49e	0	0	0	0	0	0	0	0
666542	26	30	4	0.01203411	0.02257656	0	0.03464597	3571.05970926	5.359484701373606	0.75	9.13	84	0.00	0x120cc2c98fecb24f6a25b2c1b014d512619657a9	0	0	0	0	0	2	1	0
484654	11	12	1	0.0765853	0.00221047	0	0.07888398	8129.98995706	2.027244563742541	0.75	9.10	100	0.00	0xb0bada5d45d939a03c6d211d24a61a4418d7cd13	true	-887272	887272	0	0	0	0	100
484661	11	12	1	0.0315926	0.00089345	0	0.03252243	3351.8456668999997	0.8340253670177065	0.75	9.08	100	0.00	0xb0bada5d45d939a03c6d211d24a61a4418d7cd13	true	-887272	887272	0	0	0	0	100
675986	26	29	3	0.18688909	0.08264361	0	0.27005588	27809.8449206	20.584765565781804	0.74	9.01	83	7.525858713997025e-7	0x8cc48b79500a698409ff40ba6470d33962502b1b	0	0	0	0	0	0	0	0
678415	27	29	2	0.00879364	0.01053686	0.00217663	0.01717269	1994.482329	0.9853097448923986	0.74	9.02	100	5.288864901586976e-8	0xbadc11224efb66aeb88c5a446082840eaf0eddde	0	0	0	0	0	0	0	0
389455	-4	-3	1	0.26565202	0.19644234	0	0.46200701	47677.971876079995	34.71333881842619	0.73	8.86	100	0.00	0x42a1ef5ffdaf134eb958814e443db9c244375c8f	0	0	0	0	0	0	0	0
328605	4	5	1	0.06153448	0.0576175	0.11912754	0	12293.862992440001	2.9815282335298083	0.73	8.85	90	0.00	0xb0bada5d45d939a03c6d211d24a61a4418d7cd13	true	-887272	887272	0	0	0	0	100
682188	29	34	5	0.01770505	0.016753	0.0151078	0.01935846	3555.3126829000003	0.8624466697647554	0.73	8.85	100	8.345840130097315e-7	0xf3b8d66a259e3f2adfdf51913b553ae4d4215e06	0	0	0	0	0	0	0	0
289097	-21	-16	5	0.00029723	0.00015711	0	0.00045381	46.87789252	0.022733669589513478	0.73	8.85	78	0.000001801113080901473	0xf1196bf726ed9227507f5a8b7c87ae177124db2b	0	0	0	0	0	0	0	0
276267	-27	-24	3	0.03669909	0.06084546	0.09770332	0	10064.4515799	2.4143191694277806	0.72	8.76	80	0.00	0x788b8b3e7063d17fb0c6dfdbf26d45b82f51c82c	0	0	0	0	0	0	0	0
539926	14	16	2	0.0041485	0.00801642	0.00811989	0.00403906	1255.15211576	0.3009142697622313	0.72	8.75	100	9.670551248674997e-7	0x822bdc94b2944949b1f3078531d9bcde56b5e001	0	0	0	0	0	1	0	0
327279	5	6	1	0.07311753	0.04605919	0.11915278	0	12296.41561616	2.9081608158724874	0.71	8.63	95	6.591815315815097e-7	0xb0bada5d45d939a03c6d211d24a61a4418d7cd13	true	-887272	887272	0	0	0	0	100
586666	25	27	2	0.03724721	0.07698716	0	0.11433384	11786.47382786	2.801726234069876	0.71	8.68	100	6.966442978040277e-8	0xb0bada5d45d939a03c6d211d24a61a4418d7cd13	true	-887272	887272	0	0	1	0	100
675080	26	27	1	0.00399525	0.01926688	0	0.02327289	2400.14004914	1.6986610776989093	0.71	8.61	61	0.00	0x60583f22ada7b1352bb2faf694b3eaaf942696dd	0	0	0	0	0	0	0	0
296242	-19	-16	3	0.01647998	0.01115523	0.02765573	0	2851.3456973800003	0.6753953810703787	0.71	8.65	85	0.00	0x9a01ce1ecbb36e4f3892c94f6243a4e27e5ce3de	0	0	0	0	0	0	0	0
654893	20	22	2	0.00568632	0.00772859	0	0.01342717	1384.12358398	0.3294182798410116	0.71	8.69	70	0.00	0xf3b8d66a259e3f2adfdf51913b553ae4d4215e06	0	0	0	0	0	0	0	0
287306	-20	-17	3	0.01039043	0.01323845	0.01704449	0.00659683	2437.98058064	0.5690312524144129	0.70	8.52	100	0.00	0x32c0056425f6d994812ce0340c146e8b3d929b84	0	0	0	0	0	0	0	0
287762	-21	-17	4	0.00223653	0.002838	0	0.00507052	523.57985634	0.36483097060986996	0.70	8.48	54	0.0000011456383619545818	0xdb09194d9ca57ae286ecdb0b423e832306b8fbe4	0	0	0	0	0	0	0	0
272512	-19	-17	2	0.03307164	0.02468186	0.05779937	0	5958.890622999999	1.3798057136937432	0.69	8.45	76	0.00	0x788b8b3e7063d17fb0c6dfdbf26d45b82f51c82c	0	0	0	0	0	0	0	0
703928	20	24	4	0.01491218	0.01940195	0.03427317	0	3540.46330514	0.8158833195109513	0.69	8.41	100	0.00	0xb0bada5d45d939a03c6d211d24a61a4418d7cd13	0	0	0	0	0	0	0	0
662439	22	27	5	0.0066374	0.01165837	0	0.0183131	1887.7209570599998	0.4352225975116594	0.69	8.42	72	1.3891571226665178e-7	0xbadc11224efb66aeb88c5a446082840eaf0eddde	0	0	0	0	0	0	0	0
291739	-22	-17	5	0.05948072	0.03860285	0.01669158	0.08131102	10120.06658546	2.297631085111221	0.68	8.29	100	9.156009284083666e-11	0x7841708ee45e96464bbd5ec53f2f0b5671e720c2	0	0	0	0	0	0	0	0
680597	27	32	5	0.00861344	0.00469238	0	0.01333201	1372.86789596	0.9387092333659752	0.68	8.32	69	0.00	0x3e796a8eed2d57b334796f8356d882827770d7fd	0	0	0	0	0	0	0	0
680644	27	32	5	0.002393	0.00130188	0	0.00370215	381.23032864000004	0.26007175382358655	0.68	8.30	100	0.00	0xd427c1540623c7414adef428d06a6f32d9fe7d7c	0	0	0	0	0	0	0	0
578347	25	28	3	0.00159701	0.0006653	0.00226061	0	233.42062117999998	0.15808755390084955	0.68	8.24	98	0.000006200921909282897	0xa35c3fb06b17af73b1b385144d47cf7f4624ae6e	0	0	0	0	0	0	0	0
597027	27	28	1	0.11274366	0.15946896	0.27177797	0	28086.35370636	6.249548007928461	0.67	8.12	100	3.482230503948358e-7	0x8cc48b79500a698409ff40ba6470d33962502b1b	0	0	0	0	0	0	0	0
274634	-32	-14	18	0.00974845	0.00808104	0.01181505	0.00601956	1839.61111922	0.40980538553367696	0.67	8.13	100	0.00	0x9a01ce1ecbb36e4f3892c94f6243a4e27e5ce3de	0	0	0	0	0	0	0	0
616251	16	17	1	0.00028733	0.00088963	0	0.00117744	121.43637887999999	0.027139042179543754	0.67	8.16	100	0.00	0x38569e5f28921537499da81ed14d32b5b4ce95ae	0	0	0	0	0	0	0	0
594778	27	29	2	0.04445677	0.06971498	0.11397953	0	11780.0128215	2.610087648680018	0.66	8.09	100	0.0000012532722748481717	0xb0bada5d45d939a03c6d211d24a61a4418d7cd13	true	-887272	887272	0	0	1	0	100
644461	17	20	3	0.00936486	0.00398858	0	0.01337118	1377.78123232	0.3017356844992387	0.66	7.99	85	0.0000022702386193174107	0xf3b8d66a259e3f2adfdf51913b553ae4d4215e06	0	0	0	0	0	0	0	0
675508	24	28	4	0.00534241	0.01351094	0	0.01886802	1945.2509463	0.8463392647519323	0.65	7.94	100	1.6865048246827996e-7	0xbadc11224efb66aeb88c5a446082840eaf0eddde	0	0	0	0	0	0	0	0
688251	35	39	4	0.00878146	0.02581339	0.03450082	0	3569.4274333	0.7777237959207939	0.65	7.95	100	0.00002502046364538657	0xb0bada5d45d939a03c6d211d24a61a4418d7cd13	0	0	0	0	0	0	0	0
428195	13	14	1	0.02018872	0.01261636	0	0.03283273	3384.76254424	0.7330182393907236	0.65	7.90	100	0.00	0xb0bada5d45d939a03c6d211d24a61a4418d7cd13	true	-887272	887272	0	0	0	0	100
452302	13	16	3	0.01112794	0.01610768	0	0.02725275	2810.1168003599996	0.6055685095929355	0.65	7.87	86	3.453838104405804e-7	0x288a2395f027f65684d836754ba43afa20ca09e6	0	0	0	0	0	0	0	0
428197	13	14	1	0.01519173	0.00949363	0	0.02470616	2546.98607408	0.5479465668939417	0.65	7.85	100	0.00	0xb0bada5d45d939a03c6d211d24a61a4418d7cd13	true	-887272	887272	0	0	0	0	100
700431	21	25	4	0.01686357	0.01752308	0.0343481	0	3547.9457737000002	0.7520183629035311	0.64	7.74	100	0.00	0xb0bada5d45d939a03c6d211d24a61a4418d7cd13	0	0	0	0	0	0	0	0
705910	17	21	4	0.01395469	0.02033226	0.03425	0	3537.6589271000003	0.7509117648019129	0.64	7.75	100	0.000002831410539361201	0xb0bada5d45d939a03c6d211d24a61a4418d7cd13	0	0	0	0	0	0	0	0
626205	16	18	2	0.00189509	0.01704265	0	0.01894112	1953.95813772	0.41872762863689594	0.64	7.82	85	3.8320575601602513e-7	0xbadc11224efb66aeb88c5a446082840eaf0eddde	0	0	0	0	0	0	0	0
708484	17	18	1	0.0002335	0.00091668	0	0.00115059	118.67327204	0.02515962954079779	0.64	7.74	77	0.00	0x38569e5f28921537499da81ed14d32b5b4ce95ae	0	0	0	0	0	0	0	0
682915	31	32	1	0.07971146	0.19305644	0	0.27302219	28143.646386200002	5.950822441104279	0.63	7.72	100	6.832280963209314e-7	0x8cc48b79500a698409ff40ba6470d33962502b1b	0	0	0	0	0	0	0	0
272737	-20	-18	2	0.01781731	0.08437671	0.10235584	0	10544.17459556	2.197337633229141	0.63	7.61	87	0.00	0xd1c921829db71034b077e585fa4f28850f2b5267	0	0	0	0	0	0	0	0
298904	-19	-17	2	0.00196204	0.00153046	0.00349533	0	360.34916499999997	0.07529620499810441	0.63	7.63	99	0.00	0xf0e6ab264de1b35979f71a9084ad4e23d42aa3c0	0	0	0	0	0	1	0	0
588124	24	29	5	0.00031002	0.00009547	0.00040524	0	41.83764722	0.052553150693226386	0.63	7.64	35	0.000004929612595905297	0x056717a0bc1227412c4d708db1f1cab112073582	0	0	0	0	0	0	0	0
376646	-4	-3	1	0.00051754	0.00026899	0.0005282	0.00025832	81.15259234	0.05128928891404141	0.63	7.69	100	0.00	0x41a6ac7f4e4dbffeb934f95f1db58b68c76dc4df	0	0	0	0	0	0	0	0
293595	-18	-15	3	0.03640066	0.01491427	0.05134114	0	5294.571847540001	1.0958124427765576	0.62	7.55	99	0.00	0x655301eb3992fa35ff6fec91567240310a9756a6	0	0	0	0	0	0	0	0
662470	23	28	5	0.00141892	0.00117244	0	0.00259513	267.37134208	0.4941719953577146	0.62	7.50	61	0.000009514363841223172	0xf8dc6edddafb0ceb602ce5a85f6d7131fe9dbc8f	0	0	0	0	0	0	0	0
602091	25	27	2	0.01355974	0.00363793	0.0171885	0	1774.42119526	0.36567397991777073	0.62	7.52	100	0.0000046435912670617085	0xbadc11224efb66aeb88c5a446082840eaf0eddde	0	0	0	0	0	0	0	0
720981	20	25	5	0.00260558	0.00084674	0	0.00345834	356.20347296	0.2921892685756182	0.62	7.49	96	0.0000010289482377245918	0xd9b49a81ee72af3c026a2c144c9ffd678a78c8b1	0	0	0	0	0	0	0	0
327437	5	6	1	0.00102492	0.0024374	0.003461	0	357.23525296	0.07441977943132044	0.62	7.60	87	0.0000016878362596450813	0xf0e6ab264de1b35979f71a9084ad4e23d42aa3c0	0	0	0	0	0	0	0	0
604438	25	26	1	0.00007679	0.00016416	0.00024053	0	24.8607391	0.005149304520281181	0.62	7.56	29	0.000013202694548741789	0x9bf6b8ba7ca95be5a5b6373cf61df3ba347bc522	0	0	0	0	0	0	0	0
277897	-30	-24	6	0.00002048	0.00001866	0.00003918	0	4.03838692	0.0008409776082878179	0.62	7.60	59	0.00	0x4852813151fb7124d56cb7603387af60a4081bdd	0	0	0	0	0	0	0	0
329535	-4	-1	3	0.49774333	0.82675352	0	1.32441895	136658.93598930002	249.88917045859773	0.61	7.42	98	0.00	0xbb1151ab73c8076ee281f83e0e219f792ef65e5b	0	0	0	0	0	0	0	0
721049	20	21	1	0.04749326	0.16041781	0	0.20801035	21451.848380459996	8.695908563347585	0.61	7.40	94	0.00	0x8cc48b79500a698409ff40ba6470d33962502b1b	0	0	0	0	0	0	0	0
314662	-14	-13	1	0.0095543	0.00678365	0	0.01632525	1685.7170050999998	1.7075723603902462	0.61	7.39	26	0.000011984900838424295	0xa35c3fb06b17af73b1b385144d47cf7f4624ae6e	0	0	0	0	0	0	0	0
491827	15	16	1	0.07086491	0.00784677	0.07869987	0	8121.31371904	1.66157273161379	0.61	7.47	100	0.00	0xb0bada5d45d939a03c6d211d24a61a4418d7cd13	true	-887272	887272	0	0	0	0	100
454980	17	18	1	0.01253229	0.06594829	0	0.07850305	8097.469283240001	1.6563590940876314	0.61	7.47	100	1.0483836021535353e-10	0xb0bada5d45d939a03c6d211d24a61a4418d7cd13	true	-887272	887272	0	0	0	0	100
436262	12	13	1	0.02243999	0.01025711	0	0.03272551	3373.6213837999994	0.6869927521643685	0.61	7.43	100	0.00	0xb0bada5d45d939a03c6d211d24a61a4418d7cd13	true	-887272	887272	0	0	0	0	100
437153	11	12	1	0.00361474	0.02906697	0	0.03268602	3372.0334743800004	0.6866652056726306	0.61	7.43	100	0.00	0xb0bada5d45d939a03c6d211d24a61a4418d7cd13	true	-887272	887272	0	0	0	0	100
718668	17	18	1	0.15377769	0.05007704	0	0.20412595	21033.323331940002	4.1759385485180625	0.60	7.25	85	0.000001065488852702856	0x8cc48b79500a698409ff40ba6470d33962502b1b	0	0	0	0	0	0	0	0
704071	20	24	4	0.00341513	0.00154577	0.00495769	0	511.8557402	0.30924065124804595	0.60	7.35	15	0.000004708147349763436	0x9bf6b8ba7ca95be5a5b6373cf61df3ba347bc522	0	0	0	0	0	0	0	0
615113	17	18	1	0.199218	0.0710076	0.27010396	0	27881.3369568	5.4834042302689125	0.59	7.18	77	0.00	0x8cc48b79500a698409ff40ba6470d33962502b1b	0	0	0	0	0	0	0	0
464093	11	12	1	0.02353613	0.00902872	0	0.03259224	3359.9760933	0.6606686100541247	0.59	7.18	99	3.186609864869183e-8	0xb0bada5d45d939a03c6d211d24a61a4418d7cd13	true	-887272	887272	0	0	0	0	100
281219	-44	-17	27	0.00822195	0.00765434	0.00253633	0.01332511	1638.08384962	0.6437076519894135	0.59	7.17	100	0.00	0x9a01ce1ecbb36e4f3892c94f6243a4e27e5ce3de	0	0	0	0	0	0	0	0
558149	22	23	1	0.08777336	0.03999304	0.12767788	0	13182.6816192	2.5529575789703154	0.58	7.07	88	0.00	0xb0bada5d45d939a03c6d211d24a61a4418d7cd13	true	-887272	887272	0	0	0	0	100
283340	-39	-7	32	0.02833446	0.07114228	0.03468028	0.0648073	10263.811079719999	1.9924770988605323	0.58	7.09	100	0.00	0x788b8b3e7063d17fb0c6dfdbf26d45b82f51c82c	0	0	0	0	0	0	0	0
494714	16	17	1	0.04073321	0.03793591	0.07860755	0	8116.922463360001	1.5737958852829013	0.58	7.08	84	0.00	0xb0bada5d45d939a03c6d211d24a61a4418d7cd13	true	-887272	887272	0	0	0	0	100
494718	16	17	1	0.01678584	0.01563309	0.03239355	0	3344.92035954	0.645644478742929	0.58	7.05	84	0.00	0xb0bada5d45d939a03c6d211d24a61a4418d7cd13	true	-887272	887272	0	0	0	0	100
558156	22	23	1	0.02226902	0.01014665	0.0323932	0	3344.5839992600004	0.6454096741210915	0.58	7.04	88	0.00	0xb0bada5d45d939a03c6d211d24a61a4418d7cd13	true	-887272	887272	0	0	0	0	100
286397	-22	-15	7	0.00340333	0.00417628	0	0.00757396	782.04900058	0.4498341398658871	0.58	7.00	91	0.00	0x30949871f917150ad8fdd412ce79c44a017d41a9	0	0	0	0	0	0	0	0
675990	25	28	3	0.0027876	0.00433684	0	0.00713208	735.08547032	0.2844048238877231	0.58	7.06	100	0.00	0xbde54732aa9a1b861d1624a42b322f23737926d2	0	0	0	0	0	0	0	0
362360	-5	-3	2	0.00073181	0.00116451	0	0.00189606	195.65850495999996	0.22624489976111134	0.58	7.03	91	0.00	0x8623f010312c48139563809c0c7aad88b01bba75	0	0	0	0	0	0	0	0
398905	-4	-3	1	0.00335778	0.00233552	0	0.00569218	587.4233074	0.2255934976375992	0.58	7.01	79	0.000009651345056482796	0xc0c249ddc87aba28bea1d46e98835359846a1ef6	0	0	0	0	0	0	0	0
428713	14	19	5	0.00806225	0.0048542	0.0129092	0	1332.6934781	1.0154216446544644	0.57	6.95	48	0.00	0x405d0351b1c959318724190e3ca06d046cee9f39	0	0	0	0	0	0	0	0
272528	-21	-18	3	0.00202138	0.0399035	0.04200305	0	4325.72526864	0.8155661957313884	0.57	6.88	76	0.00	0x788b8b3e7063d17fb0c6dfdbf26d45b82f51c82c	0	0	0	0	0	0	0	0
455016	17	18	1	0.00228865	0.03034318	0	0.03263593	3366.8869557400003	0.6428168140284778	0.57	6.97	100	1.3726464409558048e-9	0xb0bada5d45d939a03c6d211d24a61a4418d7cd13	true	-887272	887272	0	0	0	0	100
421300	7	8	1	0.00062718	0.0050425	0	0.00567017	584.9862430400001	0.1117647264221593	0.57	6.97	93	0.00	0xc0c249ddc87aba28bea1d46e98835359846a1ef6	0	0	0	0	0	0	0	0
659907	22	23	1	0.00050493	0.00066293	0	0.001169	120.49745908000001	0.02273884015890203	0.57	6.89	94	0.00	0x38569e5f28921537499da81ed14d32b5b4ce95ae	0	0	0	0	0	0	0	0
708223	12	26	14	0.01530969	0.01114092	0	0.02648423	2729.12103858	6.6097119298745595	0.56	6.80	99	0.00	0xc1b9ecbb51fea7c1a0cd08d2df0734407c3f6ae0	0	0	0	0	0	0	0	0
485082	11	12	1	0.06390997	0.01607997	0	0.08006411	8253.202029319998	1.5417797387796566	0.56	6.82	54	0.00	0xa302cb3b3775952983b97ae6b3a32a1f59f2188a	0	0	0	0	0	0	0	0
464128	11	12	1	0.05681391	0.02179594	0	0.07867599	8110.807103300001	1.509921780048638	0.56	6.79	100	3.186609864869183e-8	0xb0bada5d45d939a03c6d211d24a61a4418d7cd13	true	-887272	887272	0	0	0	0	100
288557	-21	-16	5	0.00618944	0.00678241	0	0.01296106	1338.4095393	0.5033701397003383	0.56	6.86	86	0.0000035855272750850986	0x3e796a8eed2d57b334796f8356d882827770d7fd	0	0	0	0	0	0	0	0
662325	18	28	10	0.00081006	0.00229158	0	0.00310379	320.02101192000003	0.29692186187425	0.56	6.77	94	0.00	0xf4c811304f3360e348f0976711a09b1e3fe2d580	0	0	0	0	0	0	0	0
682794	31	32	1	0.0029804	0.00354487	0.00109026	0.00544098	673.26430806	0.12581892065269468	0.56	6.82	100	4.913621065583129e-7	0x8844b412c857c6e1dbbf9f8a59a7dc9e81cfbc98	0	0	0	0	0	0	0	0
464136	11	12	1	0.21666824	0.08314935	0	0.30006988	30934.57930102	5.712524866581674	0.55	6.74	76	5.12561937338063e-7	0x8a86690902182d4f742ba81a988ec27feab16269	0	0	0	0	0	0	0	0
567944	26	27	1	0.10709928	0.02029954	0	0.12768384	13144.755449960001	2.415462357437461	0.55	6.71	100	0.00	0xb0bada5d45d939a03c6d211d24a61a4418d7cd13	true	-887272	887272	0	0	0	0	100
412911	0	1	1	0.00671436	0.08993572	0	0.09665071	9972.16195424	1.8318961298644685	0.55	6.71	100	2.527866804769019e-8	0x788b8b3e7063d17fb0c6dfdbf26d45b82f51c82c	0	0	0	0	0	0	0	0
430352	15	16	1	0.00186475	0.01146167	0.01330874	0	1374.9933627599999	1.0093561163753364	0.55	6.70	25	0.0000021864843269270295	0x1d7adb15d97547487d5adaaeb68b638cc6984d9e	true	-887272	887272	0	0	0	0	100
473462	16	17	1	0.02573833	0.02265772	0.04835929	0	4993.4076469	0.9186809783527997	0.55	6.72	53	0.000005544530889967092	0xfc9b2ff6f59721d3a04c7a7c32426ab280936975	0	0	0	0	0	0	0	0
567945	26	27	1	0.027169	0.0051496	0	0.0323909	3334.5685108	0.6118499545456287	0.55	6.70	100	0.00	0xb0bada5d45d939a03c6d211d24a61a4418d7cd13	true	-887272	887272	0	0	0	0	100
700400	23	24	1	0.00029329	0.00088174	0.00117296	0	121.23724534	0.022247614962434426	0.55	6.70	88	0.00	0x38569e5f28921537499da81ed14d32b5b4ce95ae	0	0	0	0	0	0	0	0
606384	25	26	1	0.00495551	0.0185328	0	0.02350115	2423.4768491799996	2.60107849986716	0.54	6.53	12	3.566340778249355e-7	0x1fe4fd70272327264510e55bb2e79689a2f90b6c	0	0	0	0	0	0	0	0
560864	22	23	1	0.06647816	0.06112899	0	0.12775848	13166.2505227	2.38376844829445	0.54	6.61	100	5.054993090780613e-8	0xb0bada5d45d939a03c6d211d24a61a4418d7cd13	true	-887272	887272	0	0	0	0	100
329528	-3	-2	1	0.01334701	0.10653616	0.02985542	0.09003132	12369.305714260001	2.2218586234816815	0.54	6.56	100	0.00	0xb0bada5d45d939a03c6d211d24a61a4418d7cd13	true	-887272	887272	0	0	0	0	100
701207	17	21	4	0.01685798	0.01750107	0	0.03439281	3545.0980609	0.6428720330782133	0.54	6.62	75	0.0000011977847269584174	0xb0bada5d45d939a03c6d211d24a61a4418d7cd13	0	0	0	0	0	0	0	0
678712	27	29	2	0.00447616	0.03004099	0.00578529	0.02872805	3561.4105027	0.6400028833370834	0.54	6.56	100	0.00	0xf3b8d66a259e3f2adfdf51913b553ae4d4215e06	0	0	0	0	0	0	0	0
560865	22	23	1	0.01686485	0.01550782	0	0.03241105	3340.1473452600003	0.6034767762309505	0.54	6.59	100	5.054993090780613e-8	0xb0bada5d45d939a03c6d211d24a61a4418d7cd13	true	-887272	887272	0	0	0	0	100
412357	-1	1	2	0.0016245	0.01120826	0	0.01283289	1324.05851128	0.23781860849176908	0.54	6.56	100	0.00	0xb0bada5d45d939a03c6d211d24a61a4418d7cd13	true	-887272	887272	0	0	1	0	50
577557	25	28	3	0.00067254	0.00028027	0.000918	0.00003416	98.30903018000001	0.01764814825207674	0.54	6.55	100	0.00	0x47a138f58f1e6c88e7de1fe1f4efdd637bb8a49e	0	0	0	0	0	0	0	0
746844	20	21	1	0.00235622	0.22166646	0	0.22402763	23114.21207704	8.162423385596691	0.53	6.44	100	4.014179544320484e-7	0x8cc48b79500a698409ff40ba6470d33962502b1b	0	0	0	0	0	0	0	0
428033	13	18	5	0.03198285	0.02652008	0.05846547	0	6036.21531154	1.0650859078256412	0.53	6.44	88	0.00	0xb0bada5d45d939a03c6d211d24a61a4418d7cd13	true	-887272	887272	2	2	2	2	50
596047	27	29	2	0.00367632	0.00991088	0.01355975	0	1401.9001216000001	0.24558173498980773	0.53	6.39	69	0.0000032888809009534725	0xbadc11224efb66aeb88c5a446082840eaf0eddde	0	0	0	0	0	0	0	0
753583	22	23	1	0.04753425	0.21925692	0	0.26690019	27526.97933826	4.791840883980538	0.52	6.35	90	0.00	0x8cc48b79500a698409ff40ba6470d33962502b1b	0	0	0	0	0	0	0	0
734496	20	21	1	0.15128825	0.06026263	0.21142962	0	21827.396696640004	3.7629873953879875	0.52	6.29	100	2.325309944595233e-7	0x8cc48b79500a698409ff40ba6470d33962502b1b	0	0	0	0	0	0	0	0
516781	13	14	1	0.00983207	0.06920262	0	0.07904837	8154.641244820001	1.405215554649793	0.52	6.29	100	1.247713043994736e-8	0x862ece63f0613a349a748fcb2da4631c7b8e0019	true	-887272	887272	0	0	0	0	100
412137	-1	0	1	0.0189207	0.00581398	0	0.02473395	2552.0748130399998	0.44455171898224327	0.52	6.36	100	0.00	0xb0bada5d45d939a03c6d211d24a61a4418d7cd13	true	-887272	887272	0	0	0	0	100
412138	-1	0	1	0.01092064	0.00335571	0	0.01427593	1473.0052403	0.2559606402659204	0.52	6.34	100	0.00	0xb0bada5d45d939a03c6d211d24a61a4418d7cd13	true	-887272	887272	0	0	0	0	100
698875	25	26	1	0.00044976	0.00072148	0.00116941	0	120.84620072	0.020824865784360564	0.52	6.29	85	0.00	0x38569e5f28921537499da81ed14d32b5b4ce95ae	0	0	0	0	0	0	0	0
415850	6	7	1	0.0029234	0.01134273	0	0.01426814	1471.95076114	0.501308845958295	0.51	6.22	94	0.00	0xb0bada5d45d939a03c6d211d24a61a4418d7cd13	true	-887272	887272	0	0	0	0	100
656944	19	20	1	0.00037308	0.00080599	0	0.0011798	121.65408446	0.020688968858888844	0.51	6.21	18	0.00	0x38569e5f28921537499da81ed14d32b5b4ce95ae	0	0	0	0	0	0	0	0
665324	26	27	1	0.0004721	0.00068969	0	0.00116305	119.87116861999999	0.020383268327931883	0.51	6.21	100	0.00	0x38569e5f28921537499da81ed14d32b5b4ce95ae	0	0	0	0	0	0	0	0
494803	16	17	1	0.1474118	0.14472277	0.29189963	0	30141.86066346	5.061824452512223	0.50	6.13	39	9.109502041582118e-8	0x1265156d15eccf173f39c41bbe028c95cc420388	0	0	0	0	0	0	0	0
614389	16	19	3	0.01619088	0.01842999	0	0.03465051	3572.11212486	2.967324117527749	0.50	6.06	52	0.00	0x120cc2c98fecb24f6a25b2c1b014d512619657a9	0	0	0	0	0	0	0	0
701467	23	24	1	0.00032157	0.01002502	0.00026517	0.01008155	1067.54046302	0.17672081990348995	0.50	6.04	100	0.00	0xbadc11224efb66aeb88c5a446082840eaf0eddde	0	0	0	0	0	0	0	0
588620	24	29	5	0.00045898	0.00013073	0.00058938	0	60.845098379999996	0.020319047366717413	0.50	6.09	80	0.000010960592344844144	0x47a138f58f1e6c88e7de1fe1f4efdd637bb8a49e	0	0	0	0	0	0	0	0
696333	26	27	1	0.00073688	0.00043838	0	0.00117721	121.26097628	0.020102337983777065	0.50	6.05	100	1.4249735835747401e-7	0x38569e5f28921537499da81ed14d32b5b4ce95ae	0	0	0	0	0	0	0	0
485261	11	12	1	0.53772467	0.11595496	0	0.65430309	67445.35686413999	11.061283158888813	0.49	5.99	69	0.00	0x1265156d15eccf173f39c41bbe028c95cc420388	0	0	0	0	0	0	0	0
400092	-4	-3	1	0.20081106	0.09995337	0	0.30069749	31032.27235854	10.209852750746899	0.49	6.00	67	0.000014202104181570974	0x8a86690902182d4f742ba81a988ec27feab16269	0	0	0	0	0	0	0	0
684704	33	34	1	0.01459488	0.25802212	0	0.27266665	28128.076826	9.266836193924314	0.49	6.01	100	1.2972173335512593e-7	0x8cc48b79500a698409ff40ba6470d33962502b1b	0	0	0	0	0	0	0	0
569212	26	29	3	0.08653822	0.02883853	0.11530079	0	11904.3423115	5.8153618696711415	0.49	5.94	59	1.999950982600751e-7	0xd70ba146a9d3c504a543507d7d7ca8b5ebad8290	0	0	0	0	0	0	0	0
659706	21	26	5	0.00305316	0.00167101	0	0.00473161	487.43041226	0.5562502986548835	0.49	5.95	36	0.00	0xa6e6ff47cbf3b6c5909126c80edccd67bf42fdb9	0	0	0	0	0	0	0	0
607940	17	22	5	0.00144997	0.00088478	0	0.00233771	240.89483550000003	0.23742319737525316	0.49	6.00	65	0.000006581649591996808	0x7c0db1be671517f97974664f7ac4f0b6ca8c36dc	0	0	0	0	0	0	0	0
416701	6	9	3	0.00199796	0.0008006	0	0.00280014	288.74982368	0.04713879166517378	0.49	5.96	92	0.00	0x47a138f58f1e6c88e7de1fe1f4efdd637bb8a49e	0	0	0	0	0	0	0	0
479703	10	13	3	0.00062965	0.00018317	0	0.00081355	83.86514196	0.027314679064434084	0.49	5.94	58	0.00	0x47a138f58f1e6c88e7de1fe1f4efdd637bb8a49e	0	0	0	0	0	0	0	0
645487	17	18	1	0.2197296	0.03758689	0	0.25770293	26549.40080522	4.2645900060729875	0.48	5.86	100	0.00	0x8cc48b79500a698409ff40ba6470d33962502b1b	0	0	0	0	0	0	0	0
705952	18	19	1	0.0784383	0.10017791	0.17843325	0	18429.263315379998	2.9657505346649966	0.48	5.87	87	9.484797613978913e-7	0x8cc48b79500a698409ff40ba6470d33962502b1b	0	0	0	0	0	0	0	0
531856	14	15	1	0.00056112	0.12749924	0	0.12806119	13213.01182408	2.096596615405936	0.48	5.79	100	0.00	0xb0bada5d45d939a03c6d211d24a61a4418d7cd13	true	-887272	887272	0	0	0	0	100
531847	14	15	1	0.00014238	0.0323504	0	0.03249298	3352.5400548400003	0.5327869782689878	0.48	5.80	100	0.00	0xb0bada5d45d939a03c6d211d24a61a4418d7cd13	true	-887272	887272	0	0	0	0	100
283945	-18	-13	5	0.00172765	0.00041305	0	0.0021381	220.87314460000002	0.24717382167185842	0.48	5.84	50	0.00	0x81f0fabca380ebf6c78e291a89b2148e78b78b38	0	0	0	0	0	0	0	0
499429	15	18	3	0.00106	0.00027761	0.00133717	0	138.01192458	0.04397214882759202	0.48	5.81	69	0.000002043226954295818	0x47a138f58f1e6c88e7de1fe1f4efdd637bb8a49e	0	0	0	0	0	0	0	0
684753	33	34	1	0.00009007	0.00105977	0	0.00115013	118.63819152	0.038170188080574555	0.48	5.87	100	0.00	0x38569e5f28921537499da81ed14d32b5b4ce95ae	0	0	0	0	0	0	0	0
464534	11	12	1	0.09426336	0.40183315	0	0.49620878	51186.24570877999	8.065814979247703	0.47	5.75	58	0.000002621624661802713	0x664d8f8f2417f52cbbf5bd82ba82eefc58a87f07	0	0	0	0	0	0	0	0
516969	13	14	1	0.04381343	0.25938533	0	0.30325981	31283.44165928	4.881632880409828	0.47	5.70	90	9.596005101641936e-8	0x1265156d15eccf173f39c41bbe028c95cc420388	0	0	0	0	0	0	0	0
308226	-16	-11	5	0.02646977	0.03182434	0	0.058262	6014.66968158	1.9024593304153803	0.47	5.77	96	0.000003075842891497871	0xb0bada5d45d939a03c6d211d24a61a4418d7cd13	true	-887272	887272	0	0	2	2	100
510949	16	17	1	0.07716604	0.00178105	0.07894423	0	8145.602852020001	1.2646049015684881	0.47	5.67	88	0.000001830816553916037	0xb0bada5d45d939a03c6d211d24a61a4418d7cd13	true	-887272	887272	0	0	0	0	100
303672	-16	-11	5	0.00745283	0.00496	0	0.01240351	1280.73097374	0.6051698039620788	0.47	5.75	81	0.00	0x3e796a8eed2d57b334796f8356d882827770d7fd	0	0	0	0	0	0	0	0
510951	16	17	1	0.03165047	0.00072648	0.03237578	0	3340.5889471	0.5186457298298274	0.47	5.67	88	0.000001830816553916037	0xb0bada5d45d939a03c6d211d24a61a4418d7cd13	true	-887272	887272	0	0	0	0	100
276877	-27	-25	2	0.01456811	0.01729952	0.0142499	0.01761689	3288.03832814	0.5178928120197682	0.47	5.75	100	0.00	0x50a6b8218013edec354a1f62f04ac841c68d5a37	0	0	0	0	0	0	0	0
446027	11	12	1	0.00712571	0.00816313	0	0.01529722	1577.47193352	0.49554889484086045	0.47	5.73	44	0.00	0xa35c3fb06b17af73b1b385144d47cf7f4624ae6e	0	0	0	0	0	0	0	0
673194	23	28	5	0.00278996	0.00099003	0	0.00378726	390.01180822	0.24698819133789857	0.47	5.78	100	5.665169666713155e-7	0xd427c1540623c7414adef428d06a6f32d9fe7d7c	0	0	0	0	0	0	0	0
346983	-3	-2	1	0.00394772	0.00652564	0.0104751	0	1080.62033808	0.16828705799314064	0.47	5.68	15	2.2292369061815975e-7	0x1d7adb15d97547487d5adaaeb68b638cc6984d9e	true	-887272	887272	0	0	0	0	100
455100	17	18	1	0.00023189	0.00215376	0	0.00238606	246.14659569999998	0.038550612731375965	0.47	5.72	100	0.00	0x3656ff4c11c4c8b4b77402faab8b3387e36f2e77	0	0	0	0	0	0	0	0
683378	31	32	1	0.00022657	0.00093327	0	0.00116055	119.66997151999999	0.018844294676780095	0.47	5.75	97	1.589395282053374e-10	0x38569e5f28921537499da81ed14d32b5b4ce95ae	0	0	0	0	0	0	0	0
319627	-15	-13	2	0.0000003	0.00000074	0	0.00000102	0.10730512	0.000033414824710703004	0.47	5.68	54	0.00	0xd4458ce4d5a438ac37b7534b2e576b9c0fcf14e3	0	0	0	0	0	0	0	0
513356	13	16	3	0.17985684	0.1269986	0	0.30712757	31660.73058832	14.410798720044754	0.46	5.54	85	0.00	0x3e97392738081abe67f7674b28204fccc0008d40	0	0	0	0	0	0	0	0
618785	14	15	1	0.17238244	0.09813493	0.27037829	0	27911.441201859998	4.248451694285215	0.46	5.56	82	1.8940755630580952e-7	0x8cc48b79500a698409ff40ba6470d33962502b1b	0	0	0	0	0	0	0	0
385739	-5	-3	2	0.00436919	0.00847335	0	0.01284106	1325.06759212	0.6093794676238732	0.46	5.60	100	0.00	0x5ce5c394a0f8a4be282c8659e405524a089a9843	true	-887272	887272	0	0	1	0	50
683405	31	32	1	0.00725046	0.02727051	0	0.03454411	3561.80464266	0.5410112702735409	0.46	5.54	80	7.052203265800472e-9	0xf3b8d66a259e3f2adfdf51913b553ae4d4215e06	0	0	0	0	0	0	0	0
687602	35	37	2	0.01938447	0.0150304	0.03436168	0	3550.8574568599997	0.5395770238091786	0.46	5.55	100	0.00	0xf3b8d66a259e3f2adfdf51913b553ae4d4215e06	0	0	0	0	0	0	0	0
493521	14	19	5	0.00504297	0.00200717	0	0.00705882	727.41934492	0.4438586648234545	0.46	5.57	88	0.000002444742397411659	0x663e0f33edfd5d6e844d61344a0947e32387d7a5	0	0	0	0	0	0	0	0
452920	14	16	2	0.00120745	0.00041891	0	0.0016282	167.80457208	0.025720313099347726	0.46	5.59	92	0.0000013799448028706252	0x3656ff4c11c4c8b4b77402faab8b3387e36f2e77	0	0	0	0	0	0	0	0
286425	-34	-14	20	0.02060724	0.0787807	0.01711649	0.08226521	10254.648873319999	1.5343436790833171	0.45	5.46	100	0.00	0x788b8b3e7063d17fb0c6dfdbf26d45b82f51c82c	0	0	0	0	0	0	0	0
441361	10	13	3	0.00082551	0.00106721	0	0.00189373	195.28706416	0.11742370802316769	0.45	5.49	44	0.00	0x8623f010312c48139563809c0c7aad88b01bba75	true	-887272	887272	0	0	1	1	50
666327	27	28	1	0.00069521	0.00048057	0	0.00117769	121.31462884000001	0.018039661506309784	0.45	5.43	100	0.00	0x38569e5f28921537499da81ed14d32b5b4ce95ae	0	0	0	0	0	0	0	0
380156	-4	-1	3	0.28919956	0.02404528	0.28082195	0.03241975	32319.976101520002	9.39450123438111	0.44	5.30	100	0.00	0x3e97392738081abe67f7674b28204fccc0008d40	0	0	0	0	0	0	0	0
608913	20	21	1	0.14375753	0.12739963	0.27089949	0	27977.45345448	4.137611570297465	0.44	5.40	100	5.451037954351534e-7	0x8cc48b79500a698409ff40ba6470d33962502b1b	0	0	0	0	0	0	0	0
567971	26	27	1	0.11598103	0.15594372	0	0.27223572	28056.6518555	4.132671436039635	0.44	5.38	100	1.0368786940162522e-7	0x8cc48b79500a698409ff40ba6470d33962502b1b	0	0	0	0	0	0	0	0
735593	20	21	1	0.00990813	0.00396631	0	0.0138949	1431.53697032	1.4653960373466905	0.44	5.34	31	0.00	0xdc0dc0585a7a4a15fffacff287cd7513501a7002	0	0	0	0	0	0	0	0
623620	15	19	4	0.02166283	0.04077326	0	0.06247577	6442.030894019999	0.9504119578768246	0.44	5.38	99	0.00	0x3e97392738081abe67f7674b28204fccc0008d40	0	0	0	0	0	0	0	0
302512	-20	-11	9	0.0030904	0.00551416	0.00200249	0.00660057	887.80129168	0.1304040840372966	0.44	5.36	100	1.6523011847624502e-7	0x9a01ce1ecbb36e4f3892c94f6243a4e27e5ce3de	0	0	0	0	0	0	0	0
323747	-14	-13	1	0.00008058	0.00005901	0	0.00013948	14.402617020000001	0.004258658864073568	0.44	5.40	33	0.00	0x24a032bef15e7d79d7b9c8cc4b3a816ec7f1df3d	0	0	0	0	0	0	0	0
401286	-4	-3	1	0.21945662	0.09392887	0	0.31331197	32334.48808722	9.18793552553098	0.43	5.19	66	0.00	0x3e97392738081abe67f7674b28204fccc0008d40	0	0	0	0	0	0	0	0
666631	27	32	5	0.00720601	0.00290952	0.01010746	0	1043.70015434	2.560898156428347	0.43	5.27	45	0.00003399917040125544	0x7387ef07f2cb053fa871952201ae78cac51f78fc	0	0	0	0	0	0	0	0
666639	27	32	5	0.00299121	0.00120774	0.0041956	0	433.23926309999996	1.062659025775571	0.43	5.27	45	0.00003399917040125544	0x7387ef07f2cb053fa871952201ae78cac51f78fc	0	0	0	0	0	0	0	0
415841	4	9	5	0.02578606	0.03275123	0	0.05855764	6039.76050762	0.8620431439543066	0.43	5.21	100	0.00	0xb0bada5d45d939a03c6d211d24a61a4418d7cd13	true	-887272	887272	2	2	2	2	50
524463	15	16	1	0.03229675	0.00018926	0.03248571	0	3351.84153978	0.4752158666171508	0.43	5.17	100	6.951815567646236e-7	0xb0bada5d45d939a03c6d211d24a61a4418d7cd13	true	-887272	887272	0	0	0	0	100
688285	38	39	1	0.18943069	0.07737528	0.26651138	0	27528.506372660002	3.846253106528641	0.42	5.10	84	0.00	0x8cc48b79500a698409ff40ba6470d33962502b1b	0	0	0	0	0	0	0	0
282671	-45	12	57	0.0308335	0.02742535	0.03067027	0.02758827	6011.0316253	1.7025277409639417	0.42	5.17	100	0.00	0x66c0d9152209b51977047b9dc3b0b5bf2339b67c	0	0	0	0	0	0	0	0
685032	33	34	1	0.00367538	0.0308556	0	0.03454346	3562.83745444	1.0081661301038034	0.42	5.16	100	0.00	0xf3b8d66a259e3f2adfdf51913b553ae4d4215e06	0	0	0	0	0	0	0	0
351309	-5	-2	3	0.00753938	0.00527716	0.00717732	0.00563906	1322.38496412	0.7413617746352116	0.42	5.12	100	0.00	0x5ce5c394a0f8a4be282c8659e405524a089a9843	0	0	0	0	0	1	1	0
568046	25	30	5	0.00857664	0.00270922	0.01127892	0	1164.45246308	0.6568223959018634	0.42	5.15	76	0.000010403422823213049	0x3e796a8eed2d57b334796f8356d882827770d7fd	0	0	0	0	0	0	0	0
616649	16	21	5	0.00847688	0.00225444	0	0.01074744	1107.2361349599998	0.6131694474612593	0.42	5.05	75	0.00	0x3e796a8eed2d57b334796f8356d882827770d7fd	0	0	0	0	0	0	0	0
416387	6	7	1	0.10740734	0.79339265	0	0.90087455	92942.74136822	12.670806358584572	0.41	4.98	100	1.4495443734219293e-7	0x664d8f8f2417f52cbbf5bd82ba82eefc58a87f07	0	0	0	0	0	0	0	0
716949	17	18	1	0.04284116	0.14483864	0.1874282	0	19364.4264044	2.662083692758905	0.41	5.02	78	0.00	0x8cc48b79500a698409ff40ba6470d33962502b1b	0	0	0	0	0	0	0	0
673077	23	28	5	0.00862054	0.00485324	0	0.01349632	1390.19767284	0.7573655746699158	0.41	4.97	100	0.00	0x3e796a8eed2d57b334796f8356d882827770d7fd	0	0	0	0	0	0	0	0
686402	32	37	5	0.00845151	0.00499729	0	0.01347879	1387.6202864000002	0.3759633460137509	0.41	4.94	90	6.835946364525114e-7	0x3e796a8eed2d57b334796f8356d882827770d7fd	0	0	0	0	0	0	0	0
569074	25	30	5	0.00355316	0.00191514	0.00546334	0	564.2082574000001	0.3102625161439462	0.41	5.02	72	0.000029688036851105437	0x5ee7e07ee221ee0ad5e58be5541851927d14f6d7	0	0	0	0	0	0	0	0
637173	16	21	5	0.00349345	0.00176658	0	0.00526679	542.71937534	0.22334132309409355	0.41	5.01	66	0.00	0x5ee7e07ee221ee0ad5e58be5541851927d14f6d7	0	0	0	0	0	0	0	0
330950	-4	1	5	0.00781014	0.00440351	0	0.01221318	1260.1799797	1.5208187639092885	0.40	4.89	90	0.00	0x3e796a8eed2d57b334796f8356d882827770d7fd	0	0	0	0	0	0	0	0
283036	-47	10	57	0.01437474	0.01462846	0.01437371	0.01462947	2992.4921696	0.39998374444061974	0.40	4.88	100	2.4404155363200175e-7	0xb46a0d319f0f1736c829971d9e88a8ddcf974273	0	0	0	0	0	0	0	0
332512	-4	1	5	0.00158541	0.00076502	0	0.00235029	242.51266654	0.29075975722695974	0.40	4.86	98	0.000009810126866405255	0x2ffdb5725edc475082add02e6b7532a180eda4fa	0	0	0	0	0	0	0	0
639907	21	22	1	0.00517437	0.00818147	0.01333842	0	1378.02885952	0.1828054086833904	0.40	4.84	68	0.000004171422196552754	0xf3b8d66a259e3f2adfdf51913b553ae4d4215e06	0	0	0	0	0	0	0	0
516260	12	15	3	0.0040542	0.00783134	0.00173132	0.01015748	1226.32624612	0.16426443643382363	0.40	4.89	100	2.747754801468716e-7	0x822bdc94b2944949b1f3078531d9bcde56b5e001	0	0	0	0	0	0	0	0
656165	20	21	1	0.00017868	0.00099888	0.00117552	0	121.49828568	0.016200366442538118	0.40	4.87	100	0.00	0x38569e5f28921537499da81ed14d32b5b4ce95ae	0	0	0	0	0	0	0	0
699712	24	25	1	0.00066379	0.00051295	0.00117549	0	121.41367972	0.015996150183769167	0.40	4.81	100	1.10773945571907e-8	0x38569e5f28921537499da81ed14d32b5b4ce95ae	0	0	0	0	0	0	0	0
665890	22	31	9	0.00328721	0.00657253	0	0	1017.30825372	4.246177106056685	0.39	4.76	52	0.00	0x675b40753fcb890115270cb4d5329e46108dcf9b	0	0	0	0	0	0	0	0
639835	21	22	1	0.13857228	0.13263137	0.27092174	0	27982.2501997	3.641555933518916	0.39	4.75	61	0.0000014297312445066268	0x8cc48b79500a698409ff40ba6470d33962502b1b	0	0	0	0	0	0	0	0
713492	15	16	1	0.04991893	0.04454337	0	0.0945409	9746.4311894	1.2787658599043559	0.39	4.79	100	0.00	0x8cc48b79500a698409ff40ba6470d33962502b1b	0	0	0	0	0	0	0	0
476252	15	16	1	0.05352351	0.02513781	0.07862322	0	8116.11767496	1.043451819502914	0.39	4.69	100	0.00	0xb0bada5d45d939a03c6d211d24a61a4418d7cd13	true	-887272	887272	0	0	0	0	100
347084	-3	-2	1	0.02003062	0.03723042	0.05727099	0	5908.07958512	0.7611642342564207	0.39	4.70	100	9.482328255927541e-7	0x9293548e4b270450ce46a3168c9e5985d7b806d2	0	0	0	0	0	0	0	0
436733	10	14	4	0.0122449	0.01548824	0	0.02774918	2861.4499189199996	0.7426654572751671	0.39	4.74	100	0.00	0x288a2395f027f65684d836754ba43afa20ca09e6	0	0	0	0	0	0	0	0
455720	17	21	4	0.01560244	0.00979425	0.02537929	0	2620.37968082	0.6755772217156892	0.39	4.71	39	0.00000940721990305704	0x288a2395f027f65684d836754ba43afa20ca09e6	0	0	0	0	0	0	0	0
659818	20	24	4	0.00586252	0.01228215	0	0.01815837	1872.13076126	0.24580742627140656	0.39	4.79	93	0.00	0xbadc11224efb66aeb88c5a446082840eaf0eddde	0	0	0	0	0	0	0	0
662034	24	25	1	0.00041144	0.00075257	0	0.00116502	120.10022378	0.015428418513330844	0.39	4.69	66	0.00	0x38569e5f28921537499da81ed14d32b5b4ce95ae	0	0	0	0	0	0	0	0
520921	14	15	1	0.43714944	0	0	0.43778373	45104.20492032	17.288391584882937	0.38	4.66	69	0.00	0x8f25818ff64be1abee91abca70c306b33b602062	0	0	0	0	0	0	0	0
421400	7	8	1	0.04253004	0.63995759	0	0.68252152	70417.70868814	8.87323327167106	0.38	4.60	76	0.000003990905517170518	0x1265156d15eccf173f39c41bbe028c95cc420388	0	0	0	0	0	0	0	0
396484	-4	-3	1	0.37052571	0.23164567	0.35392754	0.24823783	62130.838645640004	7.862701676044088	0.38	4.62	100	1.259325976832315e-9	0x0f1ff2019f5a0fbd27ca9a4b8dc5ca195d45a0d9	0	0	0	0	0	0	0	0
329529	-5	0	5	0.02478949	0.0336956	0	0.05848242	6034.37461602	6.824194594322231	0.38	4.59	100	0.00	0xb0bada5d45d939a03c6d211d24a61a4418d7cd13	true	-887272	887272	0	0	2	2	100
524593	15	16	1	0.07550267	0.00339705	0.07889461	0	8140.71531016	1.040969620936809	0.38	4.67	100	6.945055308626991e-7	0xb0bada5d45d939a03c6d211d24a61a4418d7cd13	true	-887272	887272	0	0	0	0	100
726500	18	23	5	0.00079773	0.0067946	0	0.00759412	783.36142474	0.6899221682623279	0.38	4.59	83	0.00	0x3e796a8eed2d57b334796f8356d882827770d7fd	0	0	0	0	0	0	0	0
476259	15	16	1	0.02213484	0.01039603	0.03251511	0	3356.47010486	0.42718316302864406	0.38	4.65	100	0.00	0xb0bada5d45d939a03c6d211d24a61a4418d7cd13	true	-887272	887272	0	0	0	0	100
662805	26	28	2	0.00965892	0.00405253	0.01370079	0	1414.7199881000001	0.17768830578908149	0.38	4.58	72	0.0000014055128283452234	0xf3b8d66a259e3f2adfdf51913b553ae4d4215e06	0	0	0	0	0	0	0	0
416722	6	7	1	0.02050262	0.12374974	0	0.14426656	14883.670000080001	1.8427553323817616	0.37	4.52	100	0.00	0x83ce0c26203e5f10ea0e140ef5af8a328f1766a7	0	0	0	0	0	0	0	0
275301	-24	-22	2	0.03472684	0.06322969	0.09810435	0	10106.958852340002	1.2353361561060057	0.37	4.46	100	0.00	0x788b8b3e7063d17fb0c6dfdbf26d45b82f51c82c	0	0	0	0	0	0	0	0
685268	33	34	1	0.00590663	0.03789342	0	0.0438201	4519.2015589	1.1186502560352864	0.37	4.52	80	0.00	0x7b067c80de1eb6efc176e14409bc8e118060e429	0	0	0	0	0	0	0	0
288801	-21	-16	5	0.00915962	0.0042912	0	0.01343461	1387.8287059600002	0.6846445756903421	0.37	4.50	39	0.00	0x4f555e32e41c6f646ca72a93130fd24be10a8016	0	0	0	0	0	0	0	0
533560	14	15	1	0.00532055	0.00685333	0	0.01218174	1256.0765906400002	0.1566644728117414	0.37	4.55	100	0.00	0x822bdc94b2944949b1f3078531d9bcde56b5e001	0	0	0	0	0	0	0	0
421417	7	8	1	0.00023793	0.00360038	0	0.00383849	396.02914918	0.04949098983577726	0.37	4.56	94	0.0000030412585116934565	0x24a032bef15e7d79d7b9c8cc4b3a816ec7f1df3d	0	0	0	0	0	0	0	0
437446	11	12	1	2.2586374	0	0	2.26123619	233041.6896572	56.66158082772036	0.36	4.44	81	0.0000019716371757461104	0x664d8f8f2417f52cbbf5bd82ba82eefc58a87f07	0	0	0	0	0	0	0	0
437471	11	12	1	0.03119172	0.00143563	0	0.0326633	3366.4247183	0.817807924536634	0.36	4.43	98	1.2645484659401518e-7	0xb0bada5d45d939a03c6d211d24a61a4418d7cd13	true	-887272	887272	0	0	0	0	100
607468	18	19	1	0.00566323	0.0369994	0	0.04267334	4401.84483814	0.5343740157305269	0.36	4.43	70	0.00	0x8cc48b79500a698409ff40ba6470d33962502b1b	0	0	0	0	0	0	0	0
588731	24	26	2	0.00742361	0.0116174	0	0.01906003	1964.6133297799997	0.23256373442462008	0.36	4.32	68	0.00	0xbadc11224efb66aeb88c5a446082840eaf0eddde	0	0	0	0	0	0	0	0
610496	18	19	1	0.00088666	0.00026442	0.00115059	0	118.76613224	0.0141598217695497	0.36	4.35	34	0.00	0x38569e5f28921537499da81ed14d32b5b4ce95ae	0	0	0	0	0	0	0	0
458436	18	21	3	0.00007815	0.00008482	0.0001628	0	16.814918660000004	0.002040582254476457	0.36	4.43	90	0.00	0xca6af51687c7c14659aa9223066decce027e8ff3	0	0	0	0	0	1	1	0
739336	20	21	1	0.12327285	0.11372187	0.23676478	0	24452.641220160003	2.8887767084904508	0.35	4.31	70	0.00	0x8cc48b79500a698409ff40ba6470d33962502b1b	0	0	0	0	0	0	0	0
644868	17	21	4	0.06573129	0.0208829	0.05845075	0.02817664	8936.67889582	1.0539727648792974	0.35	4.30	100	0.00	0xa302cb3b3775952983b97ae6b3a32a1f59f2188a	0	0	0	0	0	0	0	0
495619	12	21	9	0.02521083	0.026	0.03027563	0.02092701	5283.83101774	0.621284825874389	0.35	4.29	100	1.0346816736728215e-7	0x6fdb230daba18114c3e9c952188a99cbefa487c0	0	0	0	0	0	0	0	0
698420	23	27	4	0.01202406	0.022424	0	0.03447972	3554.2819346799997	0.41943826420120567	0.35	4.31	100	1.711248254210318e-7	0xb0bada5d45d939a03c6d211d24a61a4418d7cd13	0	0	0	0	0	0	0	0
328046	4	7	3	0.00939491	0.01143788	0.02082726	0	2149.48560662	0.2524868660182506	0.35	4.29	99	0.00	0x9293548e4b270450ce46a3168c9e5985d7b806d2	0	0	0	0	0	0	0	0
416509	6	7	1	0.00045743	0.00339195	0	0.00384969	397.17132964	0.04685078300355433	0.35	4.31	100	0.00	0x24a032bef15e7d79d7b9c8cc4b3a816ec7f1df3d	0	0	0	0	0	0	0	0
695971	27	28	1	0.00048349	0.00068675	0	0.00117158	120.74302272	0.014005541107886819	0.35	4.23	62	0.00	0x38569e5f28921537499da81ed14d32b5b4ce95ae	0	0	0	0	0	0	0	0
278642	-30	-26	4	0.00024956	0.00059164	0	0.00084052	86.79333360000001	0.010138822447753887	0.35	4.26	15	0.00	0x81f0fabca380ebf6c78e291a89b2148e78b78b38	0	0	0	0	0	0	0	0
673674	22	29	7	0.0646939	0.06321365	0	0.12808356	13197.245193899998	7.444266895240061	0.34	4.12	83	0.000003290074412909405	0xba9b8e4355bd706e88be4cfd856f8088aa6ddc72	0	0	0	0	0	0	0	0
292265	-22	-21	1	0.04359018	0.07384625	0	0.11734417	12116.85597454	1.355183521769467	0.34	4.08	100	0.00	0x862ece63f0613a349a748fcb2da4631c7b8e0019	true	-887272	887272	0	0	0	0	100
652595	25	26	1	0.09804137	0.00526104	0.10328924	0	10658.53605898	1.2022371707463617	0.34	4.12	100	0.00	0x8cc48b79500a698409ff40ba6470d33962502b1b	0	0	0	0	0	0	0	0
742138	16	21	5	0.00060652	0.00197204	0	0.00257977	266.05066368	0.09122998637291596	0.34	4.17	82	6.8298033895075605e-9	0xc6610bf0c48d11334f0c82cc41f8c3b58deedbd1	0	0	0	0	0	0	0	0
412395	0	3	3	0.00571187	0.00170963	0	0.00742254	765.735527	0.08794109018070129	0.34	4.19	100	0.000002042180702321872	0x5aa36d5d30ea23a3e13880e0f13ce3a0309ea8f4	0	0	0	0	0	0	0	0
438043	11	12	1	0.0016633	0.00010638	0	0.00177159	182.59204304	0.04171958622221628	0.34	4.17	76	0.00	0x47a138f58f1e6c88e7de1fe1f4efdd637bb8a49e	0	0	0	0	0	0	0	0
770550	64	67	3	0.00210174	0.00006013	0.00210173	0.00006012	223.05742286	0.02533253050111582	0.34	4.15	0	0.00	0x4a6a65252d387cbccbddb1665f632bac1f2d989d	0	0	0	0	0	0	0	0
602953	24	27	3	0.12405655	0.18180937	0.30541396	0	31558.63389376	3.462585472024932	0.33	4.00	60	0.00	0x3e97392738081abe67f7674b28204fccc0008d40	0	0	0	0	0	0	0	0
712805	14	23	9	0.00320237	0.00363219	0	0.00684117	705.17623168	0.9351494615374345	0.33	4.03	89	0.0000034870527021446662	0x7c0db1be671517f97974664f7ac4f0b6ca8c36dc	0	0	0	0	0	0	0	0
307547	-15	-10	5	0.01201403	0.00570981	0	0.01770979	1828.71036352	0.5996322866639586	0.33	3.99	72	0.00	0x4e7ed9b5cfe6fff19cfcaf08b6b1bbf9bb1627c5	0	0	0	0	0	0	0	0
688761	35	38	3	0.00338705	0.03108141	0	0.03448122	3556.38676588	0.39412280984031867	0.33	4.04	100	0.00	0xf3b8d66a259e3f2adfdf51913b553ae4d4215e06	0	0	0	0	0	0	0	0
706627	14	18	4	0.01065209	0.02363253	0.00267357	0.03162478	3537.4185223599998	0.3901759257377765	0.33	4.03	100	0.00	0xb0bada5d45d939a03c6d211d24a61a4418d7cd13	0	0	0	0	0	0	0	0
684966	32	37	5	0.00337157	0.00203876	0	0.00542228	558.22702874	0.1853265895614756	0.33	4.04	88	0.000002518952568753008	0x5ee7e07ee221ee0ad5e58be5541851927d14f6d7	0	0	0	0	0	0	0	0
272481	-19	-14	5	0.00154037	0.00056143	0.00210282	0	216.8595204	0.02360530243470254	0.33	3.97	36	0.00	0x1cafbdd4cedfac589fc6f7265357f917dbc923cd	0	0	0	0	0	0	0	0
429514	14	17	3	0.00070695	0.00118715	0.00189232	0	195.4294498	0.02153992964493496	0.33	4.02	60	0.000005054809781857017	0x8623f010312c48139563809c0c7aad88b01bba75	true	-887272	887272	0	0	1	1	50
663188	26	27	1	0.00060611	0.00057174	0.00117634	0	121.5282073	0.0135526395489738	0.33	4.07	59	0.00	0x38569e5f28921537499da81ed14d32b5b4ce95ae	0	0	0	0	0	0	0	0
696276	27	28	1	0.00053796	0.00063852	0.00117473	0	121.38685344	0.013330875740968735	0.33	4.01	100	0.00	0x38569e5f28921537499da81ed14d32b5b4ce95ae	0	0	0	0	0	0	0	0
673858	25	26	1	0.00068448	0.00048452	0	0.00117075	120.615082	0.01313470029687085	0.33	3.97	100	1.0799200422795252e-7	0x38569e5f28921537499da81ed14d32b5b4ce95ae	0	0	0	0	0	0	0	0
367061	-4	-3	1	0.01805477	0.00593635	0	0.02398501	2475.3557793600003	4.801367227375875	0.32	3.93	23	0.00	0x3756c2a65e70d7c556bb716fbf7bd52278a2887e	0	0	0	0	0	0	0	0
304219	-18	-11	7	0.0430421	0.05544995	0	0.09843815	10162.2127349	3.227849576526589	0.32	3.86	82	0.00001153237887407954	0x788b8b3e7063d17fb0c6dfdbf26d45b82f51c82c	0	0	0	0	0	0	0	0
607496	18	19	1	0.02737895	0.20038021	0	0.22781102	23499.73461048	2.5388134627106345	0.32	3.94	72	0.00	0x8cc48b79500a698409ff40ba6470d33962502b1b	0	0	0	0	0	0	0	0
559589	20	21	1	0.10949761	0.01815962	0.12762081	0	13171.41767694	1.385633807321203	0.32	3.84	75	0.00	0xb0bada5d45d939a03c6d211d24a61a4418d7cd13	true	-887272	887272	0	0	0	0	100
689552	28	32	4	0.0102327	0.02427459	0	0.03453946	3560.39316762	0.3838083525906162	0.32	3.93	100	4.828838440218419e-8	0xb0bada5d45d939a03c6d211d24a61a4418d7cd13	0	0	0	0	0	0	0	0
673467	23	28	5	0.00119305	0.00048004	0.00167195	0	172.62608002	0.37291007323184866	0.32	3.94	32	0.00	0xd9b49a81ee72af3c026a2c144c9ffd678a78c8b1	0	0	0	0	0	0	0	0
672408	22	26	4	0.00254615	0.00661098	0	0.0091636	944.81435914	0.30280746851744583	0.32	3.90	69	0.00	0x2a57701cc3338ded47fe44695db146342cab2428	true	-887272	887272	0	0	2	1	100
578767	24	29	5	0.00243343	0.00141944	0.00384932	0	397.53142085999997	0.17174625628689466	0.32	3.94	66	0.000019035759935004393	0xd427c1540623c7414adef428d06a6f32d9fe7d7c	0	0	0	0	0	0	0	0
400252	-4	-3	1	0.00113674	0.00055593	0	0.00169228	174.64630526000002	0.056524372277831594	0.32	3.94	44	0.00	0x41a6ac7f4e4dbffeb934f95f1db58b68c76dc4df	0	0	0	0	0	0	0	0
639360	20	21	1	0.00017614	0.00021464	0	0.00039114	40.31989884	0.004256134350237778	0.32	3.85	100	0.00	0xa4dcd05cf67ec169709f3ab845755bb4e6bda752	0	0	0	0	0	0	0	0
609315	20	21	1	0.00005391	0.00008517	0.0001389	0	14.34999624	0.00154613951969805	0.32	3.93	40	0.00	0xa4dcd05cf67ec169709f3ab845755bb4e6bda752	0	0	0	0	0	0	0	0
576201	28	29	1	0.11423786	0.01307393	0.12727515	0	13135.77586862	1.3740409407078158	0.31	3.82	61	2.3889797917675537e-7	0xb0bada5d45d939a03c6d211d24a61a4418d7cd13	true	-887272	887272	0	0	0	0	100
301544	-20	-19	1	0.10782909	0.01012984	0	0.11774933	12170.76647954	1.2630802141044697	0.31	3.79	100	0.00	0xb0bada5d45d939a03c6d211d24a61a4418d7cd13	true	-887272	887272	0	0	0	0	100
607280	17	19	2	0.04540425	0.06864725	0	0.11413603	11767.605667	1.2021740860613133	0.31	3.73	95	4.926512753300472e-7	0xb0bada5d45d939a03c6d211d24a61a4418d7cd13	true	-887272	887272	0	0	1	0	100
301547	-20	-19	1	0.09999995	0.00939434	0	0.10919991	11287.08405362	1.1661919749038792	0.31	3.77	22	0.00	0x1265156d15eccf173f39c41bbe028c95cc420388	0	0	0	0	0	0	0	0
492749	14	15	1	0.02460642	0.05416442	0	0.07880738	8127.417729520001	0.832899240209581	0.31	3.74	100	0.00	0xb0bada5d45d939a03c6d211d24a61a4418d7cd13	true	-887272	887272	0	0	0	0	100
640300	21	22	1	0.02483379	0.04007085	0.06481934	0	6696.7309459200005	0.7014302145716725	0.31	3.82	49	0.00	0x9674fc77a3f5773002877cae189a51ea89cc4316	0	0	0	0	0	0	0	0
464161	5	18	13	0.00496083	0.00464018	0	0.00960827	990.6130097800001	0.6076197175823973	0.31	3.73	83	0.000033249692088510585	0xd6b598c0d187c5d190f12f1034fba11c300e06fa	0	0	0	0	0	6	6	0
692435	30	34	4	0.01655997	0.01792284	0.03442726	0	3557.86737018	0.37026802494212596	0.31	3.80	100	0.00	0xb0bada5d45d939a03c6d211d24a61a4418d7cd13	0	0	0	0	0	0	0	0
696921	21	25	4	0.011501	0.02295998	0	0.03448899	3555.6149944400004	0.3673504670115765	0.31	3.77	100	7.32878424614114e-8	0xb0bada5d45d939a03c6d211d24a61a4418d7cd13	0	0	0	0	0	0	0	0
559590	20	21	1	0.02777987	0.00460715	0.03237778	0	3341.62794956	0.3506386269099984	0.31	3.83	75	0.00	0xb0bada5d45d939a03c6d211d24a61a4418d7cd13	true	-887272	887272	0	0	0	0	100
576205	28	29	1	0.02897797	0.00331638	0.03228505	0	3332.0664443	0.34795669971872506	0.31	3.81	64	0.000001683605788116438	0xb0bada5d45d939a03c6d211d24a61a4418d7cd13	true	-887272	887272	0	0	0	0	100
680783	27	29	2	0.00348979	0.02157824	0	0.02507811	2586.46919934	0.26874917073618454	0.31	3.79	84	0.00	0xbadc11224efb66aeb88c5a446082840eaf0eddde	0	0	0	0	0	0	0	0
675052	25	27	2	0.00254701	0.0158016	0.0011389	0.01721346	1893.1728825799999	0.19816817385196767	0.31	3.82	100	7.6068706889032e-9	0xbadc11224efb66aeb88c5a446082840eaf0eddde	0	0	0	0	0	0	0	0
691805	29	34	5	0.00296355	0.00117099	0.00413105	0	426.59356812	0.08715143397116284	0.31	3.73	75	0.0000010188018095824702	0x3e796a8eed2d57b334796f8356d882827770d7fd	0	0	0	0	0	0	0	0
294698	-20	-15	5	0.04858682	0.05094059	0	0.09944866	10269.03910898	2.0762921721439693	0.30	3.69	100	0.0000017602667434779562	0x788b8b3e7063d17fb0c6dfdbf26d45b82f51c82c	0	0	0	0	0	0	0	0
704908	8	31	23	0.00561036	0.00552463	0	0	1148.88599822	2.0613351779025155	0.30	3.64	95	0.000022743145999815084	0xd6b598c0d187c5d190f12f1034fba11c300e06fa	0	0	0	0	0	0	0	0
551993	14	15	1	0.01633282	0.11164351	0	0.12800074	13204.34177674	1.3121283000726873	0.30	3.63	100	0.00	0xb0bada5d45d939a03c6d211d24a61a4418d7cd13	true	-887272	887272	0	0	0	0	100
492753	14	15	1	0.01014107	0.02232284	0	0.03247897	3349.56130598	0.3396097600652502	0.30	3.70	100	0.00	0xb0bada5d45d939a03c6d211d24a61a4418d7cd13	true	-887272	887272	0	0	0	0	100
551997	14	15	1	0.0041439	0.02832573	0	0.03247581	3350.15148414	0.33274653168592055	0.30	3.63	100	0.00	0xb0bada5d45d939a03c6d211d24a61a4418d7cd13	true	-887272	887272	0	0	0	0	100
466144	11	12	1	0.00173779	0.00065046	0	0.00239026	246.41485849999998	0.024835527316652582	0.30	3.68	61	0.0000011582989567493485	0x3656ff4c11c4c8b4b77402faab8b3387e36f2e77	0	0	0	0	0	0	0	0
470826	15	16	1	0.00088421	0.00048677	0	0.00137236	141.45497444	0.014280508024434351	0.30	3.68	100	1.6409699155062185e-7	0x47a138f58f1e6c88e7de1fe1f4efdd637bb8a49e	0	0	0	0	0	0	0	0
594962	28	29	1	0.11964651	0.14350232	0.26274366	0	27151.16998174	2.6089154936555303	0.29	3.51	59	2.990321323892431e-8	0x8cc48b79500a698409ff40ba6470d33962502b1b	0	0	0	0	0	0	0	0
594759	25	29	4	0.01121334	0.04239243	0.05349323	0	5530.93613706	1.6014461155408273	0.29	3.52	47	0.000019958072372538993	0x6fdb230daba18114c3e9c952188a99cbefa487c0	0	0	0	0	0	0	0	0
698723	25	28	3	0.05635593	0.02506114	0.08135333	0	8400.45044846	0.8205822120063737	0.29	3.57	27	0.00	0xbadc11224efb66aeb88c5a446082840eaf0eddde	0	0	0	0	0	0	0	0
327280	3	8	5	0.03043453	0.02777399	0.05819687	0	6005.83867656	0.5853396208057783	0.29	3.56	92	0.0000016853605844247	0xb0bada5d45d939a03c6d211d24a61a4418d7cd13	true	-887272	887272	0	0	2	2	100
278054	-30	-22	8	0.0161234	0.00883457	0	0.02491838	2575.11342866	0.24918423061951983	0.29	3.53	16	0.00	0xc1b9ecbb51fea7c1a0cd08d2df0734407c3f6ae0	0	0	0	0	0	0	0	0
429016	15	17	2	0.00720534	0.00561112	0.01280779	0	1322.37670988	0.12725175895828394	0.29	3.51	64	0.000002106707808202657	0x5ce5c394a0f8a4be282c8659e405524a089a9843	true	-887272	887272	0	0	1	0	50
620961	12	13	1	0.00037136	0.00079914	0	0.00117097	120.769849	0.011663172721657504	0.29	3.52	100	0.00	0x38569e5f28921537499da81ed14d32b5b4ce95ae	0	0	0	0	0	0	0	0
633504	16	19	3	0.02600293	0.02753639	0	0.05358686	5524.079958960001	2.5351506197336224	0.28	3.35	25	0.00	0x6fdb230daba18114c3e9c952188a99cbefa487c0	0	0	0	0	0	0	0	0
623860	16	19	3	0.05503706	0.06031999	0	0.11545773	11902.309704899999	2.2358206245621233	0.28	3.43	82	4.638310180382632e-7	0xd70ba146a9d3c504a543507d7d7ca8b5ebad8290	0	0	0	0	0	0	0	0
274407	-73	27	100	0.00171717	0.00174658	0	0	357.38279750000004	2.072609730560092	0.28	3.36	84	0.00	0x1b6c39286b79f24d0d4aec93964b55365b3866ff	0	0	0	0	0	0	0	0
571662	12	37	25	0.0037599	0.00629999	0.00129484	0.00877261	1037.95933042	1.4518874490805513	0.28	3.40	100	0.0000020010391121871862	0xd6b598c0d187c5d190f12f1034fba11c300e06fa	0	0	0	0	0	0	0	0
675400	25	30	5	0.00216663	0.00233769	0.00449812	0	464.74672896	0.7257181388116204	0.28	3.35	36	0.00	0x7c0db1be671517f97974664f7ac4f0b6ca8c36dc	0	0	0	0	0	0	0	0
500709	13	15	2	0	0.01013955	0	0.01013954	1046.1784899000002	0.3898910826042111	0.28	3.40	73	0.000015642573525376235	0xd7123df9b92f7dc8542fb8231d29ee052a8807d9	0	0	0	0	0	0	0	0
677629	24	29	5	0.00281551	0.00628917	0	0.00911263	939.4026730400001	0.26409351015251037	0.28	3.42	85	4.4172624447114117e-7	0x2a57701cc3338ded47fe44695db146342cab2428	true	-887272	887272	0	0	2	2	100
459407	19	20	1	0.00055772	0.00090196	0.00145793	0	150.60686304	0.041753781084320485	0.28	3.37	9	0.0000016491344734248514	0x41a6ac7f4e4dbffeb934f95f1db58b68c76dc4df	0	0	0	0	0	0	0	0
721334	16	23	7	0.05617849	0.11734237	0	0.1736438	17903.53529308	14.372732767366784	0.27	3.26	80	0.00	0x8ff9bbccd72163a12153a728118563bdacf6bdae	0	0	0	0	0	0	0	0
617779	13	23	10	0.04523702	0.03309843	0	0.0784265	8082.4950601	3.5811572482614475	0.27	3.23	64	0.000013025383627240927	0xb0cc2225cfd8c84c624fcf23777486403a061d89	0	0	0	0	0	0	0	0
552417	14	15	1	0.1	0.14821955	0	0.24836763	25610.7967299	2.330210021748444	0.27	3.32	100	1.6068457675544323e-8	0x1265156d15eccf173f39c41bbe028c95cc420388	0	0	0	0	0	0	0	0
429845	15	17	2	0.06526891	0.05010644	0.11529807	0	11904.1978623	1.0636653471900979	0.27	3.26	96	0.00	0xd70ba146a9d3c504a543507d7d7ca8b5ebad8290	0	0	0	0	0	0	0	0
687145	34	35	1	0.0001223	0.03441353	0	0.03453622	3563.3378677399996	0.3168723011493103	0.27	3.25	100	0.00	0xf3b8d66a259e3f2adfdf51913b553ae4d4215e06	0	0	0	0	0	0	0	0
474479	14	18	4	0.00564914	0.0071681	0.01280639	0	1322.45718872	0.1196007734437764	0.27	3.30	25	0.00	0x5ce5c394a0f8a4be282c8659e405524a089a9843	true	-887272	887272	0	0	2	1	50
381898	-4	-1	3	0.00239046	0.00023337	0	0.00262325	270.72153174	0.09891902229381991	0.27	3.33	84	0.000013986758995443438	0x81f0fabca380ebf6c78e291a89b2148e78b78b38	0	0	0	0	0	0	0	0
318438	-15	-13	2	0.00016853	0.0004392	0	0.0006075	62.704365939999995	0.022438728056830927	0.27	3.27	28	0.00	0x14cb4962477759059c08ac2b0ddea8f257dee610	0	0	0	0	0	0	0	0
609501	20	21	1	0.0005035	0.00066896	0.0011711	0	120.97207788	0.011020928387326977	0.27	3.33	87	0.000002610117155743552	0x38569e5f28921537499da81ed14d32b5b4ce95ae	0	0	0	0	0	0	0	0
650613	18	19	1	0.00081569	0.00033761	0	0.00115481	118.9951874	0.010625959164028463	0.27	3.26	29	3.185740560240902e-8	0x38569e5f28921537499da81ed14d32b5b4ce95ae	0	0	0	0	0	0	0	0
684159	31	32	1	0.00001	0.0000531	0	0.00006312	6.510531800000001	0.0005912929178013011	0.27	3.31	98	0.00	0x8844b412c857c6e1dbbf9f8a59a7dc9e81cfbc98	0	0	0	0	0	0	0	0
700430	23	24	1	0.22174086	0.00831378	0.23003551	0	23736.577645920002	2.0216492427761965	0.26	3.11	98	0.00	0x8cc48b79500a698409ff40ba6470d33962502b1b	0	0	0	0	0	0	0	0
650607	18	19	1	0.14454518	0.06010813	0	0.20492307	21115.71921918	1.8514220734497913	0.26	3.20	100	0.00	0x8cc48b79500a698409ff40ba6470d33962502b1b	0	0	0	0	0	0	0	0
766387	26	27	1	0.08815302	0.1029184	0	0.19130769	19714.36697276	1.7149664035416943	0.26	3.18	44	0.000005951473680543273	0x8cc48b79500a698409ff40ba6470d33962502b1b	0	0	0	0	0	0	0	0
608866	19	21	2	0.0371856	0.07685922	0.11389376	0	11766.91643796	1.0031919017090667	0.26	3.11	100	6.106876559996977e-7	0xb0bada5d45d939a03c6d211d24a61a4418d7cd13	true	-887272	887272	0	0	1	0	100
662097	24	26	2	0.01048352	0.00320267	0	0.01371265	1412.11371182	0.12388854692153896	0.26	3.20	100	1.2800960291770025e-8	0xf3b8d66a259e3f2adfdf51913b553ae4d4215e06	0	0	0	0	0	0	0	0
412139	-2	0	2	0.00490957	0.00792631	0	0.01283568	1324.3804266400002	0.11476030925621872	0.26	3.16	100	0.00	0xb0bada5d45d939a03c6d211d24a61a4418d7cd13	true	-887272	887272	0	0	1	0	50
759662	27	32	5	0.00504012	0.00129316	0.00632972	0	653.4551638400001	0.05565398445678309	0.26	3.11	11	0.000003186934971477484	0x3e796a8eed2d57b334796f8356d882827770d7fd	0	0	0	0	0	0	0	0
684692	32	34	2	0.00903621	0.29573954	0	0.30480649	31446.152333500002	5.326342532349932	0.25	3.09	93	1.695769746845599e-7	0x04261f3a4f4e244b80ed7e3d8b7ff28abd6c4dc9	0	0	0	0	0	0	0	0
683240	30	32	2	0.02836058	0.28168852	0	0.31013972	31990.2460398	2.693889600079201	0.25	3.07	100	1.1680745259923242e-8	0x04261f3a4f4e244b80ed7e3d8b7ff28abd6c4dc9	0	0	0	0	0	0	0	0
446718	11	12	1	0.15317767	0.14917362	0	0.3025313	31196.00139962	2.6499917012502636	0.25	3.10	43	0.00	0x8a86690902182d4f742ba81a988ec27feab16269	0	0	0	0	0	0	0	0
593171	27	28	1	0.06561361	0.2062536	0	0.27205037	28050.71499338	2.3367996396296067	0.25	3.04	100	4.294764543999463e-8	0x8cc48b79500a698409ff40ba6470d33962502b1b	0	0	0	0	0	0	0	0
592927	26	28	2	0.0171864	0.09708586	0	0.11432018	11790.38324228	0.9733940680753618	0.25	3.01	100	0.00	0xb0bada5d45d939a03c6d211d24a61a4418d7cd13	true	-887272	887272	0	0	1	0	100
287414	-24	-13	11	0.0496215	0.05292347	0.06152207	0.04104542	10580.38491466	0.8660669828379778	0.25	2.99	100	0.00	0x19f29007707989212d19d7687fb29ead1338f006	0	0	0	0	0	0	0	0
688042	34	36	2	0.00182868	0.03231808	0	0.03415331	3523.1944032799997	0.29489181119211016	0.25	3.06	15	0.00	0xf3b8d66a259e3f2adfdf51913b553ae4d4215e06	0	0	0	0	0	0	0	0
415854	5	7	2	0.0013144	0.01151468	0	0.01282998	1323.67881624	0.22467661339786266	0.25	3.10	94	0.00	0xb0bada5d45d939a03c6d211d24a61a4418d7cd13	true	-887272	887272	0	0	1	0	50
476564	15	16	1	0.0015954	0.00036711	0.00196195	0	202.48785678	0.017062812471256867	0.25	3.08	0	0.00	0x3656ff4c11c4c8b4b77402faab8b3387e36f2e77	0	0	0	0	0	0	0	0
513181	14	15	1	0.2998	0.23276322	0.53223252	0	54948.807913159995	4.3788879416396265	0.24	2.91	74	0.00	0x664d8f8f2417f52cbbf5bd82ba82eefc58a87f07	0	0	0	0	0	0	0	0
610580	18	19	1	0.23589944	0.03635247	0.27218629	0	28090.407569979998	2.2849769144232495	0.24	2.97	19	0.00	0x8cc48b79500a698409ff40ba6470d33962502b1b	0	0	0	0	0	0	0	0
524615	14	19	5	0.00487645	0.00129832	0.00571619	0.00045733	637.10041906	0.34974358862685667	0.24	2.86	41	0.00	0xfde34a676aa8d44b66d5ced822831a5b1454f8b0	0	0	0	0	0	0	0	0
619880	13	15	2	0.00631577	0.01301763	0	0.01934266	1994.7815452	0.16015877436734408	0.24	2.93	12	0.000006722075640563929	0xbadc11224efb66aeb88c5a446082840eaf0eddde	0	0	0	0	0	0	0	0
617083	17	18	1	0.01190711	0.00130031	0.01320519	0	1362.71518076	0.10883059796336327	0.24	2.92	59	0.00	0xf3b8d66a259e3f2adfdf51913b553ae4d4215e06	0	0	0	0	0	0	0	0
416433	5	8	3	0.00070594	0.00118926	0	0.00189571	195.5429456	0.03094065684780161	0.24	2.89	90	0.00	0x8623f010312c48139563809c0c7aad88b01bba75	true	-887272	887272	0	0	1	1	50
581108	25	26	1	0.00008718	0.00109762	0	0.00118502	122.24529440000002	0.009976939663402146	0.24	2.98	100	3.930966663290292e-9	0x38569e5f28921537499da81ed14d32b5b4ce95ae	0	0	0	0	0	0	0	0
430763	16	17	1	0	1.96915121	1.96590495	0	203173.08354537998	15.669761430124803	0.23	2.82	74	0.00	0x664d8f8f2417f52cbbf5bd82ba82eefc58a87f07	0	0	0	0	0	0	0	0
418149	6	7	1	0.03106339	0.62887263	0	0.65995768	68090.87867156	5.255355996690495	0.23	2.82	100	1.2119344416916533e-7	0x1265156d15eccf173f39c41bbe028c95cc420388	0	0	0	0	0	0	0	0
569017	14	29	15	0.01346248	0.0760347	0.06573132	0.0236489	9234.140038040001	4.189856167746777	0.23	2.76	100	0.000014790731561742376	0xa302cb3b3775952983b97ae6b3a32a1f59f2188a	0	0	0	0	0	0	0	0
699928	24	25	1	0.034419	0.11465992	0.14879967	0	15381.66480776	1.203954341526736	0.23	2.86	97	0.0000014556118088648873	0x8cc48b79500a698409ff40ba6470d33962502b1b	0	0	0	0	0	0	0	0
292703	-17	-16	1	0.1153306	0.00218311	0.11751741	0	12124.829570380001	0.9290198787026644	0.23	2.80	93	0.00	0xb0bada5d45d939a03c6d211d24a61a4418d7cd13	true	-887272	887272	0	0	0	0	100
706625	16	17	1	0.0245423	0.08013082	0	0.10471458	10799.96317536	0.8293278306462809	0.23	2.80	100	0.00	0x8cc48b79500a698409ff40ba6470d33962502b1b	0	0	0	0	0	0	0	0
513207	14	15	1	0.0444395	0.0345026	0.07889307	0	8145.0879938	0.6316049062900602	0.23	2.83	100	0.00	0xb0bada5d45d939a03c6d211d24a61a4418d7cd13	true	-887272	887272	0	0	0	0	100
584993	27	28	1	0.01300451	0.01929268	0.03224459	0	3332.35946982	0.25964574839531485	0.23	2.84	92	2.264647025462807e-7	0xb0bada5d45d939a03c6d211d24a61a4418d7cd13	true	-887272	887272	0	0	0	0	100
592593	26	27	1	0.0273746	0.00486101	0	0.03230844	3326.0057685799998	0.25908436679858904	0.23	2.84	100	3.977288498546727e-8	0xb0bada5d45d939a03c6d211d24a61a4418d7cd13	true	-887272	887272	0	0	0	0	100
513211	14	15	1	0.01823302	0.01415602	0.03236892	0	3341.83636912	0.258735324700093	0.23	2.83	100	0.00	0xb0bada5d45d939a03c6d211d24a61a4418d7cd13	true	-887272	887272	0	0	0	0	100
430837	16	17	1	0.00154905	0.03121651	0.03271416	0	3380.6849496799996	0.25669402326797064	0.23	2.77	93	0.00	0xb0bada5d45d939a03c6d211d24a61a4418d7cd13	true	-887272	887272	0	0	0	0	100
770513	4	104	100	0.00325447	0.00342044	0.00264742	0.00403111	688.70386398	0.05380188034923762	0.23	2.85	100	0.00	0x7c0db1be671517f97974664f7ac4f0b6ca8c36dc	0	0	0	0	0	0	0	0
607749	18	21	3	0.00170191	0.00072214	0.00242271	0	250.10863090000004	0.038786994651678494	0.23	2.83	18	0.000030523207439348	0xa35c3fb06b17af73b1b385144d47cf7f4624ae6e	0	0	0	0	0	0	0	0
740293	20	21	1	0.00086558	0.00171011	0.00257219	0	265.75454282	0.02030124418541287	0.23	2.79	100	0.00	0xc6610bf0c48d11334f0c82cc41f8c3b58deedbd1	0	0	0	0	0	0	0	0
472999	15	20	5	0.00088396	0.00037597	0.00125933	0	129.99705754000001	0.009994429854980658	0.23	2.81	62	0.00	0x47a138f58f1e6c88e7de1fe1f4efdd637bb8a49e	0	0	0	0	0	0	0	0
569569	26	27	1	0.00013891	0.00104661	0	0.00118589	122.31958256	0.009354395528336664	0.23	2.79	100	4.4272963073410665e-8	0x38569e5f28921537499da81ed14d32b5b4ce95ae	0	0	0	0	0	0	0	0
671969	25	26	1	0.00068992	0.00046369	0.00115243	0	119.02717258	0.009273658032977397	0.23	2.84	0	0.00	0x38569e5f28921537499da81ed14d32b5b4ce95ae	0	0	0	0	0	0	0	0
585047	27	28	1	0.04607685	0.22724191	0.27269663	0	28200.48301928	2.030744370033802	0.22	2.63	81	0.0000016660546275915067	0x8cc48b79500a698409ff40ba6470d33962502b1b	0	0	0	0	0	0	0	0
508168	14	18	4	0.03028049	0.02184704	0	0.05217854	5378.414290340001	1.9711534072719086	0.22	2.68	46	0.000018874388385548002	0x6fdb230daba18114c3e9c952188a99cbefa487c0	0	0	0	0	0	0	0	0
707761	15	16	1	0.04991954	0.13936332	0	0.18936212	19529.82692908	1.4520914935354379	0.22	2.71	100	0.00	0x8cc48b79500a698409ff40ba6470d33962502b1b	0	0	0	0	0	0	0	0
685582	23	45	22	0.00608899	0.00588	0.01195231	0	1234.93645022	0.7200194785724954	0.22	2.66	87	0.000025691521765569547	0xd6b598c0d187c5d190f12f1034fba11c300e06fa	0	0	0	0	0	0	0	0
699450	21	25	4	0.01100706	0.02342929	0	0.03446318	3553.0737203	0.2596028173155332	0.22	2.67	100	0.00	0xb0bada5d45d939a03c6d211d24a61a4418d7cd13	0	0	0	0	0	0	0	0
699826	23	27	4	0.01562381	0.01879448	0.03437306	0	3551.21032562	0.25545752344094647	0.22	2.63	100	0.00	0xb0bada5d45d939a03c6d211d24a61a4418d7cd13	0	0	0	0	0	0	0	0
436439	14	15	1	0.00036319	0.03234339	0.03265973	0	3374.59951124	0.24945988241927622	0.22	2.70	0	0.00	0xb0bada5d45d939a03c6d211d24a61a4418d7cd13	true	-887272	887272	0	0	0	0	100
422330	7	8	1	0.13987949	1.90168108	0	2.04167203	210644.13649146	14.930774822020048	0.21	2.59	90	2.324714420964824e-7	0x664d8f8f2417f52cbbf5bd82ba82eefc58a87f07	0	0	0	0	0	0	0	0
431220	16	17	1	0.01320982	0.63886702	0.65102427	0	67279.98419751998	4.735187065441639	0.21	2.57	68	0.000004280217535956865	0x1265156d15eccf173f39c41bbe028c95cc420388	0	0	0	0	0	0	0	0
513521	14	15	1	0.24999999	0.07715336	0.3270445	0	33755.0283463	2.335762999701002	0.21	2.53	72	1.4539103254662678e-8	0x1265156d15eccf173f39c41bbe028c95cc420388	0	0	0	0	0	0	0	0
484225	9	13	4	0.18404846	0.12421995	0	0.30848579	31806.518006979997	2.2501626680436906	0.21	2.58	61	0.000003796633751829148	0x3e97392738081abe67f7674b28204fccc0008d40	0	0	0	0	0	0	0	0
684852	23	40	17	0.00958103	0.01732353	0.02685531	0	2775.95869168	2.1092855916096753	0.21	2.52	70	0.00004608129922090143	0xc1b9ecbb51fea7c1a0cd08d2df0734407c3f6ae0	0	0	0	0	0	0	0	0
373189	-4	-3	1	0.00982383	0.00250744	0	0.01232792	1272.3157760600002	1.9583610788385575	0.21	2.55	16	0.00009938814564680598	0xd9b49a81ee72af3c026a2c144c9ffd678a78c8b1	0	0	0	0	0	0	0	0
765112	23	24	1	0.02268283	0.08018138	0	0.1029184	10613.32345938	0.7406632315669937	0.21	2.55	53	1.0490011081998318e-7	0x8cc48b79500a698409ff40ba6470d33962502b1b	0	0	0	0	0	0	0	0
279564	-39	-36	3	0.08480201	0.01299017	0	0.09747646	10090.00154804	0.69757593769012	0.21	2.52	100	0.000004954302934567778	0x788b8b3e7063d17fb0c6dfdbf26d45b82f51c82c	0	0	0	0	0	0	0	0
769411	35	36	1	0.04392816	0.04646107	0	0.09054657	9326.17997294	0.6544274973598789	0.21	2.56	94	0.000005018898641129255	0x8cc48b79500a698409ff40ba6470d33962502b1b	0	0	0	0	0	0	0	0
521119	14	15	1	0.01220161	0.06681255	0	0.07903237	8152.52300048	0.5814766360287255	0.21	2.60	100	8.042366772542664e-9	0xb0bada5d45d939a03c6d211d24a61a4418d7cd13	true	-887272	887272	0	0	0	0	100
694816	24	28	4	0.01512881	0.01934305	0	0.03451293	3556.7375710799997	0.24367525807680235	0.21	2.50	100	3.5742500070767846e-7	0xb0bada5d45d939a03c6d211d24a61a4418d7cd13	0	0	0	0	0	0	0	0
521120	14	15	1	0.00500202	0.02738964	0	0.03239912	3342.10669548	0.23817404392749494	0.21	2.60	100	1.7267853813507372e-8	0xb0bada5d45d939a03c6d211d24a61a4418d7cd13	true	-887272	887272	0	0	0	0	100
451192	13	14	1	0.01159292	0.02104716	0	0.0326561	3367.73817424	0.23723149976573454	0.21	2.57	100	1.7312484779097304e-8	0xb0bada5d45d939a03c6d211d24a61a4418d7cd13	true	-887272	887272	0	0	0	0	100
428042	15	16	1	0.0241161	0.00869286	0.0327958	0	3385.1628748800003	0.23265810115798868	0.21	2.51	100	0.00	0xb0bada5d45d939a03c6d211d24a61a4418d7cd13	true	-887272	887272	0	0	0	0	100
675949	26	27	1	0.01181659	0.01048812	0	0.02233633	2301.35536838	0.15757284618956446	0.21	2.50	100	0.00	0xf3b8d66a259e3f2adfdf51913b553ae4d4215e06	0	0	0	0	0	0	0	0
429355	15	18	3	0.0114261	0.00471403	0.01613285	0	1665.3063331399999	0.11639832665797568	0.21	2.55	97	0.000001546959238485357	0x288a2395f027f65684d836754ba43afa20ca09e6	0	0	0	0	0	0	0	0
520058	12	17	5	0.00088343	0.00048776	0	0.00137254	141.47664182	0.030095254644470198	0.21	2.59	95	0.00	0x47a138f58f1e6c88e7de1fe1f4efdd637bb8a49e	0	0	0	0	0	0	0	0
429347	15	18	3	0.00224511	0.00091973	0.00316342	0	326.54186152	0.022853408621038785	0.21	2.55	80	0.000002849172109353759	0x47a138f58f1e6c88e7de1fe1f4efdd637bb8a49e	0	0	0	0	0	0	0	0
687160	34	35	1	0.00919088	0.26366658	0	0.27288966	28152.88700788	1.8783699093120862	0.20	2.44	98	0.0000013102449791801973	0x8cc48b79500a698409ff40ba6470d33962502b1b	0	0	0	0	0	0	0	0
758009	28	29	1	0.01060219	0.25746958	0.26733956	0	27659.109085059998	1.8722894741985152	0.20	2.47	58	0.00	0x8cc48b79500a698409ff40ba6470d33962502b1b	0	0	0	0	0	0	0	0
707486	13	14	1	0.22169981	0.01939273	0	0.2413929	24875.44609212	1.6530944667376368	0.20	2.43	80	0.00	0x8cc48b79500a698409ff40ba6470d33962502b1b	0	0	0	0	0	0	0	0
699062	25	26	1	0.05984033	0.12503947	0.18456338	0	19075.528004400003	1.2722422068375914	0.20	2.43	99	0.00	0x8cc48b79500a698409ff40ba6470d33962502b1b	0	0	0	0	0	0	0	0
684687	31	35	4	0.00883791	0.02576838	0	0.03463681	3570.60778962	0.46806114848789826	0.20	2.39	100	0.00	0xb0bada5d45d939a03c6d211d24a61a4418d7cd13	0	0	0	0	0	0	0	0
529205	15	16	1	0.03105004	0.00142204	0.03246994	0	3350.40427024	0.22102019815001958	0.20	2.41	82	5.843757366896796e-7	0xb0bada5d45d939a03c6d211d24a61a4418d7cd13	true	-887272	887272	0	0	0	0	100
583672	26	27	1	0.02880062	0.00346897	0	0.03234615	3329.5117570199995	0.21926561832789643	0.20	2.40	100	0.00	0xb0bada5d45d939a03c6d211d24a61a4418d7cd13	true	-887272	887272	0	0	0	0	100
428044	15	16	1	0.0181471	0.00654128	0.02467848	0	2547.29767164	0.17074788043681494	0.20	2.45	100	0.00	0xb0bada5d45d939a03c6d211d24a61a4418d7cd13	true	-887272	887272	0	0	0	0	100
457686	17	19	2	0.00397373	0.00885738	0.01281544	0	1323.88826758	0.09025262947997312	0.20	2.49	64	0.00	0x5ce5c394a0f8a4be282c8659e405524a089a9843	true	-887272	887272	0	0	1	0	50
453770	14	15	1	0.00016523	0.00568616	0	0.00585163	603.73471742	0.040830409446953216	0.20	2.47	38	0.00	0xfde34a676aa8d44b66d5ced822831a5b1454f8b0	0	0	0	0	0	0	0	0
416485	5	7	2	0.00033541	0.00535585	0	0.00569149	587.21282428	0.038531677109557544	0.20	2.40	100	0.00	0xc0c249ddc87aba28bea1d46e98835359846a1ef6	0	0	0	0	0	0	0	0
292364	-23	-18	5	0.0006709	0.00030402	0	0.00097359	100.59029575999999	0.013739862341784181	0.20	2.49	79	0.00	0xd211dbe903af354658238731b75354f522f11bee	0	0	0	0	0	0	0	0
585163	27	28	1	0.00014208	0.00100142	0.00114075	0	117.984043	0.008042028910915908	0.20	2.49	54	0.00	0x38569e5f28921537499da81ed14d32b5b4ce95ae	0	0	0	0	0	0	0	0
483028	10	11	1	0.23181236	0.06907683	0	0.30113536	31045.14484582	1.9936151783177911	0.19	2.34	100	0.00	0x8f25818ff64be1abee91abca70c306b33b602062	0	0	0	0	0	0	0	0
602405	24	27	3	0.05883067	0.05092449	0.10962955	0	11324.31789848	1.4310189713943064	0.19	2.31	29	0.000007504537369307229	0xd70ba146a9d3c504a543507d7d7ca8b5ebad8290	0	0	0	0	0	0	0	0
529251	15	16	1	0.07540793	0.00345355	0.07885629	0	8136.76978344	0.52298725254011	0.19	2.35	83	5.843757366896796e-7	0xb0bada5d45d939a03c6d211d24a61a4418d7cd13	true	-887272	887272	0	0	0	0	100
447941	11	12	1	0.02645092	0.0236035	0	0.05008547	5164.51494676	0.32173257001967676	0.19	2.27	45	0.00	0xfc9b2ff6f59721d3a04c7a7c32426ab280936975	0	0	0	0	0	0	0	0
508735	14	19	5	0.0069728	0.00343507	0	0.01041994	1073.86321086	0.27364745236632676	0.19	2.33	71	0.00	0x3e796a8eed2d57b334796f8356d882827770d7fd	0	0	0	0	0	0	0	0
284441	-51	7	58	0.00466177	0.00602548	0.00467044	0.00601681	1102.6890804999998	0.06851674466644898	0.19	2.27	100	0.0000022844429792279186	0x1249f6126192d448a38b5edd4c4b5bf5af43d0d8	0	0	0	0	0	0	0	0
675750	27	30	3	0.00711833	0.0002712	0.00738879	0	762.43692634	0.04745532140625413	0.19	2.27	81	9.429212188827307e-7	0x8cc48b79500a698409ff40ba6470d33962502b1b	0	0	0	0	0	0	0	0
572429	26	31	5	0.00088239	0.00046393	0.00134507	0	138.91060496	0.008852895276775831	0.19	2.33	98	4.197666103600284e-7	0x47a138f58f1e6c88e7de1fe1f4efdd637bb8a49e	0	0	0	0	0	0	0	0
559748	19	24	5	0.0008831	0.0002458	0	0.00113084	116.47764420000001	0.007525739542652874	0.19	2.36	65	0.0000036012708370947166	0x47a138f58f1e6c88e7de1fe1f4efdd637bb8a49e	0	0	0	0	0	0	0	0
315256	-15	-10	5	0.00025576	0.00011245	0	0.0003679	37.99117138	0.007341737230901274	0.19	2.35	55	0.00	0x81009f3114303ba0ca99aff6257c032d1cbd1e0a	0	0	0	0	0	0	0	0
418714	6	7	1	0.00817798	0.29569718	0	0.30388087	31353.231258480002	1.9211475562167202	0.18	2.24	81	0.000005832873295474883	0x8a86690902182d4f742ba81a988ec27feab16269	0	0	0	0	0	0	0	0
701038	22	23	1	0.1718982	0.05001085	0	0.22229816	22896.1319609	1.3719819974617473	0.18	2.19	90	0.00	0x8cc48b79500a698409ff40ba6470d33962502b1b	0	0	0	0	0	0	0	0
712604	17	18	1	0.13514176	0.02052672	0	0.15590606	16061.56242944	0.9898717954383719	0.18	2.25	100	1.832620721842204e-8	0x8cc48b79500a698409ff40ba6470d33962502b1b	0	0	0	0	0	0	0	0
363200	-5	0	5	0.01231947	0.00400911	0	0.01632625	1684.7502272400002	0.8230935486703861	0.18	2.23	68	0.000021776110770144186	0xa35c3fb06b17af73b1b385144d47cf7f4624ae6e	0	0	0	0	0	0	0	0
559192	21	22	1	0.0435877	0.08423431	0.12764254	0	13188.419347780002	0.8029107032388937	0.18	2.22	100	0.00	0xb0bada5d45d939a03c6d211d24a61a4418d7cd13	true	-887272	887272	0	0	0	0	100
694085	27	31	4	0.01214428	0.02234347	0.03442461	0	3558.3770695000003	0.2130962228931396	0.18	2.19	100	0.00	0xb0bada5d45d939a03c6d211d24a61a4418d7cd13	0	0	0	0	0	0	0	0
559196	21	22	1	0.01105839	0.0213706	0.03238345	0	3345.95833022	0.2025467853555012	0.18	2.21	100	0.00	0xb0bada5d45d939a03c6d211d24a61a4418d7cd13	true	-887272	887272	0	0	0	0	100
620476	13	18	5	0.00273423	0.00105643	0	0.00379508	391.11271747999996	0.09220773903319551	0.18	2.15	57	0.000012290614281873502	0xd427c1540623c7414adef428d06a6f32d9fe7d7c	0	0	0	0	0	0	0	0
477379	13	14	1	0.00353521	0.00853181	0	0.01207191	1245.05098956	0.072715283527024	0.18	2.13	9	0.00	0x1d7adb15d97547487d5adaaeb68b638cc6984d9e	true	-887272	887272	0	0	0	0	100
454823	13	18	5	0.00088449	0.00057671	0	0.00146265	150.7636936	0.009211726349525651	0.18	2.23	56	0.0000024747027538296607	0x47a138f58f1e6c88e7de1fe1f4efdd637bb8a49e	0	0	0	0	0	0	0	0
457988	18	19	1	0.00010644	0.00005653	0	0.00016315	16.81491866	0.000997592343141376	0.18	2.17	100	0.00	0xca6af51687c7c14659aa9223066decce027e8ff3	0	0	0	0	0	0	0	0
298509	-21	-16	5	0.02437182	0.03393942	0	0.0582697	6016.43712072	0.6906916093675558	0.17	2.10	45	0.00	0x66c0d9152209b51977047b9dc3b0b5bf2339b67c	0	0	0	0	0	2	2	0
437383	12	13	1	0.02007126	0.01258428	0.03264019	0	3369.33330612	0.19487134406940837	0.17	2.11	0	0.00	0xb0bada5d45d939a03c6d211d24a61a4418d7cd13	true	-887272	887272	0	0	0	0	100
675926	25	27	2	0.00277847	0.00943722	0	0.01222313	1260.39046282	0.07210666809650687	0.17	2.09	100	3.7190983626089746e-8	0xf3b8d66a259e3f2adfdf51913b553ae4d4215e06	0	0	0	0	0	0	0	0
279598	-40	-35	5	0.00407273	0.00576684	0	0.00982491	1015.22715346	0.0569232657580228	0.17	2.05	100	0.0000027170861782721545	0x318b01ab7b0fafbc4dad578488674643206fe192	0	0	0	0	0	0	0	0
297984	-18	-17	1	0.00180058	0.00006366	0.00186435	0	192.34855472	0.010900934961299971	0.17	2.07	49	0.00	0x104b33a673d2ba66d687807f1407fc5b223bc827	0	0	0	0	0	0	0	0
705797	20	21	1	0.03501549	0.1269163	0.16167325	0	16707.798228620002	0.8914234095649319	0.16	1.95	76	1.537673322005162e-7	0x8cc48b79500a698409ff40ba6470d33962502b1b	0	0	0	0	0	0	0	0
712069	19	20	1	0.12115988	0.01400852	0.13514173	0	13946.405175200001	0.7649562348583976	0.16	2.00	98	2.391790765443602e-7	0x8cc48b79500a698409ff40ba6470d33962502b1b	0	0	0	0	0	0	0	0
560855	19	23	4	0.00562487	0.00991394	0	0.01555135	1603.2633381800001	0.08518042298253174	0.16	1.94	100	8.617588531656395e-7	0x822bdc94b2944949b1f3078531d9bcde56b5e001	0	0	0	0	0	2	1	0
620898	11	16	5	0.00376411	0.00157459	0	0.00534405	550.8363886000001	0.029247339823732316	0.16	1.94	4	0.000002913805652315915	0x5ee7e07ee221ee0ad5e58be5541851927d14f6d7	0	0	0	0	0	0	0	0
520562	12	17	5	0.00080499	0.00044115	0	0.00124737	128.57423292	0.027617402106220615	0.16	1.96	53	0.000018733804219017713	0x07c87bc9ccee8810c10abea1f933a41361749dd4	0	0	0	0	0	0	0	0
273011	-20	-16	4	0.00262111	0.00129694	0.00273105	0.0011872	404.25656289999995	0.02147002697645219	0.16	1.94	100	5.923238788341223e-7	0xb11766a8c7329bdcbae6bf833b578559d385d37b	0	0	0	0	0	0	0	0
428236	11	16	5	0.00105639	0.00096421	0	0.00202214	208.4814668	0.010830550414471285	0.16	1.90	100	0.00	0x0e12bbf43aa03506f2b133ae38fcfe6083236e7f	0	0	0	0	0	0	0	0
639815	21	22	1	0.00137821	0.00042888	0.00069198	0.00111656	186.45193202	0.00973402001409266	0.16	1.91	100	6.7490130151171e-7	0x8cc48b79500a698409ff40ba6470d33962502b1b	0	0	0	0	0	0	0	0
712650	17	18	1	0.00080476	0.00036499	0.00116912	0	120.6924655	0.0065331635551444875	0.16	1.98	71	8.135378148921291e-7	0x38569e5f28921537499da81ed14d32b5b4ce95ae	0	0	0	0	0	0	0	0
461134	19	22	3	0.00088406	0.00014397	0.00102774	0	106.07007933999999	0.005539440324647522	0.16	1.91	33	0.0000021128169214179593	0x47a138f58f1e6c88e7de1fe1f4efdd637bb8a49e	0	0	0	0	0	0	0	0
689591	29	34	5	0.00000501	0.000003	0.00000799	0	0.8264557800000001	0.000222149253706434	0.16	1.96	42	0.000010830368357694908	0x07f2bdd209d8d7d80c047bc7b7a78593be37195f	0	0	0	0	0	0	0	0
453827	14	15	1	0.0290583	0.99999974	0	1.02910161	106176.15045112	5.143564917449666	0.15	1.77	28	0.00	0x664d8f8f2417f52cbbf5bd82ba82eefc58a87f07	0	0	0	0	0	0	0	0
700844	22	23	1	0.17986268	0.04180619	0.17172534	0.04996056	22871.350668860003	1.1241667225929413	0.15	1.79	100	0.00	0x8cc48b79500a698409ff40ba6470d33962502b1b	0	0	0	0	0	0	0	0
716757	18	19	1	0.11683712	0.01002338	0.12684242	0	13089.212669	0.6338368915053375	0.15	1.77	91	5.922719759077211e-7	0x8cc48b79500a698409ff40ba6470d33962502b1b	0	0	0	0	0	0	0	0
441606	11	14	3	0.00820379	0.00242823	0	0.01064255	1096.99055956	0.42679297272860894	0.15	1.78	43	0.00	0xc09252451831d0c436e11debff4558c66437ab7f	0	0	0	0	0	0	0	0
494516	17	18	1	0.07735437	0.00126968	0.07862189	0	8112.272230900001	0.4153550384780826	0.15	1.87	100	6.697302046276832e-7	0xb0bada5d45d939a03c6d211d24a61a4418d7cd13	true	-887272	887272	0	0	0	0	100
477133	14	15	1	0.00405656	0.07465353	0.07860211	0	8121.149666019999	0.3961034160874288	0.15	1.78	0	0.00	0xb0bada5d45d939a03c6d211d24a61a4418d7cd13	true	-887272	887272	0	0	0	0	100
493149	16	17	1	0.03234944	0.00007311	0.03242242	0	3345.2938639	0.16659147957753437	0.15	1.82	100	8.135958684540867e-7	0xb0bada5d45d939a03c6d211d24a61a4418d7cd13	true	-887272	887272	0	0	0	0	100
494520	17	18	1	0.03187746	0.00052323	0.0323998	0	3343.0383928200004	0.16535736683397043	0.15	1.81	100	6.697302046276832e-7	0xb0bada5d45d939a03c6d211d24a61a4418d7cd13	true	-887272	887272	0	0	0	0	100
657271	18	20	2	0.00389338	0.01438108	0	0.01828216	1885.52223388	0.0927964951749211	0.15	1.80	22	0.00	0xbadc11224efb66aeb88c5a446082840eaf0eddde	0	0	0	0	0	0	0	0
649465	19	20	1	0.00035926	0.00080101	0.00115871	0	119.71433806000002	0.0059991807630335485	0.15	1.83	61	0.0000017233245830361454	0x38569e5f28921537499da81ed14d32b5b4ce95ae	0	0	0	0	0	0	0	0
560867	21	23	2	0.39912646	1.13401812	0	1.53405314	158186.79147524	14.248611588708258	0.14	1.64	57	0.00000359823091322653	0xbb1151ab73c8076ee281f83e0e219f792ef65e5b	0	0	0	0	0	0	0	0
276167	-28	-18	10	0.02412787	0.06030257	0	0.08437913	8711.363938319999	4.907354077586345	0.14	1.71	21	0.00004565269474676725	0xba9b8e4355bd706e88be4cfd856f8088aa6ddc72	0	0	0	0	0	0	0	0
273601	-19	-18	1	0.0804387	0.02060957	0.10108723	0	10425.95840206	0.48728337369701463	0.14	1.71	48	0.000002012236433035497	0x655301eb3992fa35ff6fec91567240310a9756a6	0	0	0	0	0	0	0	0
289648	-25	-16	9	0.00514903	0.00837939	0	0.0135193	1395.83531876	0.403608116643511	0.14	1.76	30	0.00	0xb6d3e41eb7715e1460aabbb492f7fd1285fe78b3	0	0	0	0	0	0	0	0
464097	11	12	1	0.05220154	0.02002507	0.01351813	0.05875315	7452.197166579999	0.35423499915123663	0.14	1.74	100	3.4429492590248856e-8	0x83ce0c26203e5f10ea0e140ef5af8a328f1766a7	0	0	0	0	0	0	0	0
427035	6	11	5	0.00610109	0.00405906	0	0.01016594	1048.3039567	0.2504902115008233	0.14	1.74	52	0.00	0x3e796a8eed2d57b334796f8356d882827770d7fd	0	0	0	0	0	0	0	0
435885	15	16	1	0	0.04940838	0.04933186	0	5097.85783164	0.23096560762599774	0.14	1.65	33	0.00	0xfc9b2ff6f59721d3a04c7a7c32426ab280936975	0	0	0	0	0	0	0	0
477134	14	15	1	0.00167759	0.03087289	0.03250582	0	3358.4934254399996	0.16052483038239473	0.14	1.74	0	0.00	0xb0bada5d45d939a03c6d211d24a61a4418d7cd13	true	-887272	887272	0	0	0	0	100
436094	14	15	1	0.01397362	0.01875715	0	0.03275144	3377.09538706	0.1566019563861625	0.14	1.69	100	2.454125791473416e-8	0xb0bada5d45d939a03c6d211d24a61a4418d7cd13	true	-887272	887272	0	0	0	0	100
490450	10	15	5	0.00419487	0.00133869	0	0.00553905	570.94165368	0.1368196819116908	0.14	1.75	74	0.00	0x5ee7e07ee221ee0ad5e58be5541851927d14f6d7	0	0	0	0	0	0	0	0
346431	-3	0	3	0.00169544	0.00044287	0.00213842	0	220.62654917999998	0.021015145378601968	0.14	1.74	8	0.0000015390264729298053	0x81f0fabca380ebf6c78e291a89b2148e78b78b38	0	0	0	0	0	0	0	0
301634	-21	-19	2	0.00159685	0.00189368	0	0.00348742	360.14590434	0.016901714798477057	0.14	1.71	37	0.00	0xf0e6ab264de1b35979f71a9084ad4e23d42aa3c0	0	0	0	0	0	1	0	0
641643	21	22	1	0.00039674	0.00078147	0.00117654	0	121.56535138000001	0.005781570213809791	0.14	1.74	100	0.00	0x38569e5f28921537499da81ed14d32b5b4ce95ae	0	0	0	0	0	0	0	0
512194	16	17	1	0.20189962	0.14971138	0.35136848	0	36278.519758	1.5496873168724126	0.13	1.56	71	0.000002258193843029943	0x1265156d15eccf173f39c41bbe028c95cc420388	0	0	0	0	0	0	0	0
583654	26	27	1	0.11111922	0.01614505	0.0505331	0.07689109	13130.872850060001	0.5747921743073553	0.13	1.60	100	0.00	0xb0bada5d45d939a03c6d211d24a61a4418d7cd13	true	-887272	887272	0	0	0	0	100
584936	27	29	2	0.04912712	0.06511047	0.11405833	0	11786.806061020001	0.5070303118094157	0.13	1.57	89	0.00	0xb0bada5d45d939a03c6d211d24a61a4418d7cd13	true	-887272	887272	0	0	1	0	100
529585	13	16	3	0.00523573	0.01188942	0	0.01713328	1766.9387267	0.4453268006121968	0.13	1.53	28	0.0000036704700057121897	0x3f7c10cbbb1ea1046a80b738b9eaf3217410c7f6	0	0	0	0	0	0	0	0
682825	29	33	4	0.01264813	0.02195082	0	0.03463982	3569.8504631	0.3068237776955206	0.13	1.57	100	0.00	0xb0bada5d45d939a03c6d211d24a61a4418d7cd13	0	0	0	0	0	0	0	0
440931	10	12	2	0.00189463	0.0109294	0	0.01282627	1323.15776734	0.11698486269187786	0.13	1.61	60	0.00	0x5ce5c394a0f8a4be282c8659e405524a089a9843	true	-887272	887272	0	0	1	0	50
431025	16	17	1	0.0011521	0.0234553	0.01367135	0.01091535	2538.9423172	0.1138090118888751	0.13	1.64	78	0.000009224170938182397	0xb0bada5d45d939a03c6d211d24a61a4418d7cd13	true	-887272	887272	0	0	0	0	100
535306	14	15	1	0.00255925	0.00164707	0	0.00421007	433.99968495999997	0.09099306644496388	0.13	1.53	27	0.000015130353969716737	0x40677369e4caf95b971cd3d6b97a29dbc46be30f	0	0	0	0	0	0	0	0
490958	10	15	5	0.0054903	0.00256097	0	0.00805857	830.7139360600002	0.07297363764849124	0.13	1.60	91	0.000002128931075873197	0x3e796a8eed2d57b334796f8356d882827770d7fd	0	0	0	0	0	0	0	0
516674	11	17	6	0.00051377	0.00047059	0	0.00098514	101.56429607999999	0.02134876826784586	0.13	1.53	50	0.00	0xc50816c6b35c5c089ee7d0211c7f7a069e9ea1ac	0	0	0	0	0	0	0	0
537576	13	18	5	0.000937	0.00035138	0	0.00128989	132.93247164	0.016689695893273068	0.13	1.53	38	0.00	0x7c0db1be671517f97974664f7ac4f0b6ca8c36dc	0	0	0	0	0	0	0	0
641447	21	22	1	0.0001811	0.00035201	0.00053234	0	55.00522357999999	0.002331585039406231	0.13	1.55	79	9.908655007606626e-7	0xa4dcd05cf67ec169709f3ab845755bb4e6bda752	0	0	0	0	0	0	0	0
417259	-12	25	37	0.01336269	0.01393954	0	0.02732354	2816.9894869400005	2.680726761261438	0.12	1.45	67	0.00	0xc1b9ecbb51fea7c1a0cd08d2df0734407c3f6ae0	0	0	0	0	0	0	0	0
366818	-8	-3	5	0.00789688	0.04501787	0	0.05291207	5459.6380755	2.144145772816621	0.12	1.43	42	0.00003840557992740301	0x242f53e4818c86d5c231d5c1f191a2b973c8eef4	0	0	0	0	0	0	0	0
681314	26	29	3	0.03315747	0.27743155	0	0.31068477	32045.953905560003	1.3210958860905782	0.12	1.50	86	0.00	0x04261f3a4f4e244b80ed7e3d8b7ff28abd6c4dc9	0	0	0	0	0	0	0	0
545176	14	19	5	0.05391259	0.0226291	0	0.07663469	7897.41849082	0.6062586394103368	0.12	1.40	47	0.000010369028125012392	0xa302cb3b3775952983b97ae6b3a32a1f59f2188a	0	0	0	0	0	0	0	0
285934	-37	0	37	0.00446887	0.005224	0.00098136	0.00870787	1000.09094086	0.27501262130726084	0.12	1.43	97	0.000025711597972932765	0x13f82e5e34b9c78aab82705dbb194871e123168f	0	0	0	0	0	0	0	0
586670	26	27	1	0.02105903	0.01120688	0.03223661	0	3329.13206198	0.13018099029851243	0.12	1.43	0	8.762465641964923e-7	0xb0bada5d45d939a03c6d211d24a61a4418d7cd13	true	-887272	887272	0	0	0	0	100
652059	17	20	3	0.00524809	0.00452386	0	0.00978202	1008.2502571	0.07936341327370106	0.12	1.44	18	0.00	0x675b40753fcb890115270cb4d5329e46108dcf9b	0	0	0	0	0	0	0	0
673892	24	26	2	0.00157723	0.01425122	0	0.01583253	1633.1478141	0.06573807258404464	0.12	1.47	100	5.048788054295983e-8	0xbadc11224efb66aeb88c5a446082840eaf0eddde	0	0	0	0	0	0	0	0
616315	15	20	5	0.00886827	0.00332158	0.00710002	0.00509276	1257.7243432999999	0.051140456270562414	0.12	1.48	100	0.00	0xf3b8d66a259e3f2adfdf51913b553ae4d4215e06	0	0	0	0	0	0	0	0
278777	-29	-20	9	0.00170272	0.00041634	0	0.00211503	218.64037268	0.008899022397212493	0.12	1.49	24	0.000027202425656458473	0x1cafbdd4cedfac589fc6f7265357f917dbc923cd	0	0	0	0	0	0	0	0
271611	-18	-17	1	0.00036777	0.00014011	0.00050812	0	52.402042640000005	0.002124069753371292	0.12	1.48	100	0.00	0x50a6b8218013edec354a1f62f04ac841c68d5a37	0	0	0	0	0	0	0	0
428040	15	16	1	0.00032953	0.00011878	0.00032952	0.00011877	46.25572918	0.001775777698055695	0.12	1.40	100	0.00	0x78bb6f28c87f79e3e25ac11359e905a1dc17c699	0	0	0	0	0	0	0	0
557888	16	17	1	0.2	0.13200949	0	0.33234372	34256.07515922	1.2074661874700419	0.11	1.29	5	0.0000056344161447619	0x1265156d15eccf173f39c41bbe028c95cc420388	0	0	0	0	0	0	0	0
653564	22	23	1	0.00460557	0.16966185	0.17388634	0	17980.563860759998	0.6466431162045206	0.11	1.31	0	0.0000017718476352790447	0x8cc48b79500a698409ff40ba6470d33962502b1b	0	0	0	0	0	0	0	0
559066	21	24	3	0.00981241	0.00593257	0.01573219	0	1624.53554644	0.061190176397852666	0.11	1.37	100	0.00	0x822bdc94b2944949b1f3078531d9bcde56b5e001	0	0	0	0	0	1	1	0
713491	15	16	1	0.00061549	0.00054921	0	0	120.1714166	0.060314818937571464	0.11	1.31	2	0.00	0x38569e5f28921537499da81ed14d32b5b4ce95ae	0	0	0	0	0	0	0	0
674813	25	27	2	0.00088513	0.01483248	0.00283488	0.0128775	1621.71156458	0.06009699291576856	0.11	1.35	100	6.899034454832531e-7	0xbadc11224efb66aeb88c5a446082840eaf0eddde	0	0	0	0	0	0	0	0
421396	6	11	5	0.00124399	0.00078775	0	0.00203291	209.63086972	0.05600382983826864	0.11	1.39	38	0.0000024165911827189746	0x745b76c7f491bf9d4b202959e4576548808a52e8	0	0	0	0	0	0	0	0
620921	10	16	6	0.00715316	0.0059175	0	0.01308091	1348.60455748	0.04873548217147932	0.11	1.32	17	0.0000010204314060402453	0xf3b8d66a259e3f2adfdf51913b553ae4d4215e06	0	0	0	0	0	0	0	0
419816	6	7	1	0.00029596	0.01304196	0	0.01333811	1376.17990976	0.04829325379162188	0.11	1.28	81	0.00	0x1d7adb15d97547487d5adaaeb68b638cc6984d9e	true	-887272	887272	0	0	0	0	100
584156	26	27	1	0.0008684	0.00028994	0	0.00116064	119.51520452	0.004284006681883983	0.11	1.31	100	2.2522728126972424e-8	0x38569e5f28921537499da81ed14d32b5b4ce95ae	0	0	0	0	0	0	0	0
428585	15	16	1	0.55528587	1.66298318	0	2.2191512	228876.56404089998	7.877765629657234	0.10	1.26	100	3.5128011610652266e-8	0x664d8f8f2417f52cbbf5bd82ba82eefc58a87f07	0	0	0	0	0	0	0	0
431706	16	17	1	0.01588811	0.28733414	0.30274931	0	31285.8653105	2.0236116255805374	0.10	1.18	30	0.00	0x8a86690902182d4f742ba81a988ec27feab16269	0	0	0	0	0	0	0	0
477356	13	14	1	0.12287743	0.16862383	0.29127728	0	30076.51700428	0.9939281885102671	0.10	1.21	58	0.0000012801735338463516	0x8a86690902182d4f742ba81a988ec27feab16269	0	0	0	0	0	0	0	0
699605	24	25	1	0.05580478	0.08739005	0	0.14333341	14774.55616974	0.48578835882764454	0.10	1.20	100	2.9051172578675732e-8	0x8cc48b79500a698409ff40ba6470d33962502b1b	0	0	0	0	0	0	0	0
754962	19	24	5	0.01201666	0.02830514	0	0	4160.3226804000005	0.41829343502977534	0.10	1.22	24	0.000013239506591045114	0xba9b8e4355bd706e88be4cfd856f8088aa6ddc72	0	0	0	0	0	0	0	0
477370	13	14	1	0.01544023	0.06323037	0.07858591	0	8117.075166799999	0.2628036115169579	0.10	1.18	100	0.00	0xb0bada5d45d939a03c6d211d24a61a4418d7cd13	true	-887272	887272	0	0	0	0	100
468152	11	12	1	0.02708303	0.02110799	0	0.04822276	4972.253061560001	0.15867873982580855	0.10	1.16	11	9.618740359762512e-7	0xa302cb3b3775952983b97ae6b3a32a1f59f2188a	0	0	0	0	0	0	0	0
682623	28	33	5	0.00267019	0.00630642	0.00526437	0.00370423	926.18866658	0.15195959817127966	0.10	1.20	78	0.00	0x2a57701cc3338ded47fe44695db146342cab2428	0	0	0	0	0	0	0	0
428590	15	16	1	0.00816088	0.02460175	0	0.03277559	3380.38263814	0.11604506546270771	0.10	1.25	100	8.925928884906398e-8	0xb0bada5d45d939a03c6d211d24a61a4418d7cd13	true	-887272	887272	0	0	0	0	100
477372	13	14	1	0.0063852	0.02614847	0.03249864	0	3356.7590032599996	0.10780032511100185	0.10	1.17	100	0.00	0xb0bada5d45d939a03c6d211d24a61a4418d7cd13	true	-887272	887272	0	0	0	0	100
428596	15	16	1	0.00606201	0.01854294	0	0.02461457	2538.6895311	0.08705555257858688	0.10	1.25	100	1.705737662227591e-7	0xb0bada5d45d939a03c6d211d24a61a4418d7cd13	true	-887272	887272	0	0	0	0	100
556264	14	15	1	0.00039871	0.00078807	0	0.00118736	122.44958684	0.004008220248832017	0.10	1.19	13	0.00001730335409400041	0x38569e5f28921537499da81ed14d32b5b4ce95ae	0	0	0	0	0	0	0	0
372641	-4	-3	1	0.00000028	0.00000007	0	0.00000034	0.03611230000000001	0.000055619104331347005	0.10	1.17	8	0.00	0x1d84a7e2eb9fcea5cc824e072ee447e881fcfd84	0	0	0	0	0	0	0	0
584154	26	27	1	0.14579635	0.12757628	0	0.27376263	28206.041218139995	0.8397805810679225	0.09	1.09	100	2.445774360815278e-7	0x8cc48b79500a698409ff40ba6470d33962502b1b	0	0	0	0	0	0	0	0
729992	25	26	1	0.03311356	0.21817373	0	0.25137327	25927.32000762	0.81156684112482	0.09	1.14	100	2.0507739950659243e-8	0x8cc48b79500a698409ff40ba6470d33962502b1b	0	0	0	0	0	0	0	0
530324	15	16	1	0.08893407	0.03907518	0.12795007	0	13207.7383965	0.40540241695360085	0.09	1.12	76	7.200777751847909e-7	0x120cc2c98fecb24f6a25b2c1b014d512619657a9	0	0	0	0	0	0	0	0
475704	16	17	1	0.02709844	0.01622276	0.04329496	0	4469.794773600001	0.1296217708263703	0.09	1.06	0	0.00	0xa302cb3b3775952983b97ae6b3a32a1f59f2188a	0	0	0	0	0	0	0	0
703902	18	22	4	0.01060984	0.02372055	0	0.03435309	3542.14097942	0.11168003297974118	0.09	1.15	100	1.9826726926908123e-7	0xb0bada5d45d939a03c6d211d24a61a4418d7cd13	0	0	0	0	0	0	0	0
641236	20	22	2	0.00366126	0.01494112	0.01857133	0	1919.35636364	0.05926937518541324	0.09	1.13	54	0.00	0xbadc11224efb66aeb88c5a446082840eaf0eddde	0	0	0	0	0	0	0	0
530557	15	16	1	0.00889721	0.00520395	0.01409325	0	1454.92948648	0.045664342217865195	0.09	1.15	15	0.00	0x154b4661a08eaffc746bdf7451a17ee50ee904cf	0	0	0	0	0	0	0	0
602614	24	28	4	0.00290421	0.00167021	0.00457029	0	471.97950676000005	0.04287643280722587	0.09	1.11	18	0.000006975593058733409	0x40677369e4caf95b971cd3d6b97a29dbc46be30f	0	0	0	0	0	0	0	0
428970	15	16	1	0.00182602	0.01242466	0	0.01425358	1470.35666104	0.0423363882530827	0.09	1.05	100	1.2924705750094745e-7	0x4f555e32e41c6f646ca72a93130fd24be10a8016	true	-887272	887272	0	0	0	0	100
696080	29	30	1	0.00110654	0.00006215	0.0011685	0	120.58309682000001	0.003607772600418458	0.09	1.09	45	0.00	0x38569e5f28921537499da81ed14d32b5b4ce95ae	0	0	0	0	0	0	0	0
707362	17	18	1	0.00083629	0.00030356	0.00113932	0	117.60744329999999	0.003499636077324779	0.09	1.09	28	0.00	0x38569e5f28921537499da81ed14d32b5b4ce95ae	0	0	0	0	0	0	0	0
413975	0	1	1	0.11613905	2.43936525	0	2.55551564	263671.8226654	6.825665019738853	0.08	0.94	97	0.000004342281123559388	0x664d8f8f2417f52cbbf5bd82ba82eefc58a87f07	0	0	0	0	0	0	0	0
413963	0	1	1	0.05563722	0.35786992	0	0.41351232	42664.83969092	1.1265366911491	0.08	0.96	71	0.000004404902953503154	0x19f29007707989212d19d7687fb29ead1338f006	0	0	0	0	0	0	0	0
522896	14	15	1	0.01178773	0.38806739	0	0.39987278	41256.25157136	1.1134058979599932	0.08	0.99	100	0.00	0x9293548e4b270450ce46a3168c9e5985d7b806d2	0	0	0	0	0	0	0	0
437442	8	13	5	0.02396264	0.03452793	0	0.05851928	6034.94003146	0.30859938820618327	0.08	0.93	87	3.5060639946848937e-7	0xb0bada5d45d939a03c6d211d24a61a4418d7cd13	true	-887272	887272	2	2	2	2	50
527836	14	15	1	0.00612658	0.07285662	0	0.07899236	8149.328609599999	0.230313080824134	0.08	1.03	100	0.00	0xb0bada5d45d939a03c6d211d24a61a4418d7cd13	true	-887272	887272	0	0	0	0	100
689490	25	29	4	0.01429757	0.02020651	0	0.0345444	3560.06196624	0.0964352922939563	0.08	0.99	100	0.00	0xb0bada5d45d939a03c6d211d24a61a4418d7cd13	0	0	0	0	0	0	0	0
527840	14	15	1	0.00252264	0.02999891	0	0.03252531	3355.5084859	0.0945904891939178	0.08	1.03	100	0.00	0xb0bada5d45d939a03c6d211d24a61a4418d7cd13	true	-887272	887272	0	0	0	0	100
689140	37	39	2	0.01185669	0.02249732	0.03426944	0	3544.5780437800004	0.09222451792177518	0.08	0.95	90	0.00	0xf3b8d66a259e3f2adfdf51913b553ae4d4215e06	0	0	0	0	0	0	0	0
277473	-27	-22	5	0.02006253	0.00554763	0.02562485	0	2642.40508848	0.06903750767987892	0.08	0.95	0	0.0000015472803593929996	0xc1b9ecbb51fea7c1a0cd08d2df0734407c3f6ae0	0	0	0	0	0	0	0	0
294320	-23	-13	10	0.00618238	0.00772511	0.00663782	0.00727045	1434.9470032200002	0.03674861417401385	0.08	0.93	100	7.016639047563444e-7	0x9a01ce1ecbb36e4f3892c94f6243a4e27e5ce3de	0	0	0	0	0	0	0	0
431813	15	17	2	0.00028552	0.01047565	0.00475084	0.00600294	1110.31599826	0.031053313903274406	0.08	1.02	100	0.00	0xc0c249ddc87aba28bea1d46e98835359846a1ef6	0	0	0	0	0	0	0	0
423023	6	9	3	0.00269122	0.0049273	0	0.00762079	786.06365656	0.021923702412072133	0.08	1.02	96	0.00	0x288a2395f027f65684d836754ba43afa20ca09e6	0	0	0	0	0	0	0	0
441824	10	13	3	0.00092192	0.0011771	0	0.00210015	216.57268556	0.011780315508512211	0.08	0.99	56	0.00	0x0e12bbf43aa03506f2b133ae38fcfe6083236e7f	0	0	0	0	0	0	0	0
429053	15	16	1	0.00047891	0.00335871	0	0.00383837	395.95795636	0.010688660751341027	0.08	0.99	100	0.00	0x24a032bef15e7d79d7b9c8cc4b3a816ec7f1df3d	0	0	0	0	0	0	0	0
687212	34	35	1	0.00021967	0.00096309	0.00117945	0	122.03481128	0.006818631569657444	0.08	1.02	30	0.000004540566411748159	0x38569e5f28921537499da81ed14d32b5b4ce95ae	0	0	0	0	0	0	0	0
425612	7	8	1	0.0051008	1.32296965	0	1.32807452	137027.6528901	3.2513797373946196	0.07	0.87	34	0.000009146244850377627	0xbb1151ab73c8076ee281f83e0e219f792ef65e5b	0	0	0	0	0	0	0	0
472597	-34	66	100	0.00579844	0.00757602	0	0	1379.9500338799999	1.4333450915609809	0.07	0.84	100	0.00	0x34a4392c184a7bb5f62675adbc8e93bd193991ac	0	0	0	0	0	0	0	0
682234	29	31	2	0	0.31068862	0	0.31068861	32056.230434360004	0.7851397821065147	0.07	0.89	100	0.00	0x04261f3a4f4e244b80ed7e3d8b7ff28abd6c4dc9	0	0	0	0	0	0	0	0
718339	20	21	1	0.06655559	0.19035706	0.25652529	0	26507.733401699996	0.6019253498230338	0.07	0.83	87	0.00	0x8cc48b79500a698409ff40ba6470d33962502b1b	0	0	0	0	0	0	0	0
275638	-23	-21	2	0.07108719	0.0090786	0	0.08001037	8271.34588062	0.36357407655277485	0.07	0.80	3	0.00	0x655301eb3992fa35ff6fec91567240310a9756a6	0	0	0	0	0	0	0	0
560399	16	17	1	0.00966731	0.11809728	0	0.12778099	13182.49486702	0.2983249472209623	0.07	0.83	100	0.00	0xb0bada5d45d939a03c6d211d24a61a4418d7cd13	true	-887272	887272	0	0	0	0	100
689395	21	25	4	0.01091935	0.02361846	0.03448504	0	3563.54216018	0.08824933375630102	0.07	0.90	0	0.00	0xb0bada5d45d939a03c6d211d24a61a4418d7cd13	0	0	0	0	0	0	0	0
436145	15	16	1	0.01139615	0.02133418	0.03269765	0	3377.04998874	0.08140907587544732	0.07	0.88	100	0.00	0xb0bada5d45d939a03c6d211d24a61a4418d7cd13	true	-887272	887272	0	0	0	0	100
560402	16	17	1	0.00245253	0.02996039	0	0.03241707	3344.3002597600002	0.07535134495130096	0.07	0.82	100	0.00	0xb0bada5d45d939a03c6d211d24a61a4418d7cd13	true	-887272	887272	0	0	0	0	100
687371	32	38	6	0.00094047	0.0008959	0.00183337	0	189.47298386	0.057529584125219815	0.07	0.85	7	0.00	0x10463680770fd848a7a34e6cf06020bf0851ce55	0	0	0	0	0	0	0	0
428365	12	15	3	0.00917348	0.00675991	0	0.01594635	1643.97531342	0.03882810865943431	0.07	0.86	100	0.00	0x288a2395f027f65684d836754ba43afa20ca09e6	0	0	0	0	0	0	0	0
467758	10	12	2	0.00392781	0.00889595	0	0.01282834	1323.12990928	0.029886815592069543	0.07	0.82	25	8.857185651578448e-7	0x5ce5c394a0f8a4be282c8659e405524a089a9843	true	-887272	887272	0	0	1	0	50
683420	29	32	3	0.01004311	0.1315672	0.14121105	0	14611.06856518	7.0992212477753736	0.06	0.74	12	0.00001688132043042856	0xba9b8e4355bd706e88be4cfd856f8088aa6ddc72	0	0	0	0	0	0	0	0
286187	-50	0	50	0.01001478	0.01787327	0	0.02787907	2877.4332229	0.7491455506448922	0.06	0.68	97	0.00	0xc1b9ecbb51fea7c1a0cd08d2df0734407c3f6ae0	0	0	0	0	0	0	0	0
286783	-29	-14	15	0.01193883	0.02101207	0	0.03293092	3399.8079602	0.737996338395458	0.06	0.72	42	0.000021674751615741172	0xba9b8e4355bd706e88be4cfd856f8088aa6ddc72	0	0	0	0	0	0	0	0
490589	11	12	1	0.11133417	0.14783302	0	0.25929846	26740.35232982	0.5501154720648046	0.06	0.75	17	0.0000029067934725901523	0x8f25818ff64be1abee91abca70c306b33b602062	0	0	0	0	0	0	0	0
689426	18	19	1	0.04798288	0.21591132	0	0.26398498	27228.0757676	0.512893496658713	0.06	0.69	60	0.000011842082969781842	0x8cc48b79500a698409ff40ba6470d33962502b1b	0	0	0	0	0	0	0	0
708038	16	17	1	0.00795385	0.26206429	0	0.27003165	27859.931648919995	0.5121603088218233	0.06	0.67	100	0.00	0x8cc48b79500a698409ff40ba6470d33962502b1b	0	0	0	0	0	0	0	0
729798	24	25	1	0.0183612	0.22021642	0	0.23862349	24615.96167636	0.46361429620909717	0.06	0.69	100	0.000002144229993561453	0x8cc48b79500a698409ff40ba6470d33962502b1b	0	0	0	0	0	0	0	0
308116	-45	18	63	0.00474544	0.00493836	0	0.00968498	999.1551164	0.28719480336387476	0.06	0.70	98	0.00	0xd6b598c0d187c5d190f12f1034fba11c300e06fa	0	0	0	0	0	0	0	0
557808	16	17	1	0.07701378	0.05083276	0	0.12797523	13190.95030412	0.25558869525115097	0.06	0.71	0	0.000001699091289886212	0xb0bada5d45d939a03c6d211d24a61a4418d7cd13	true	-887272	887272	0	0	0	0	100
720097	22	23	1	0.09748662	0.01370813	0.11116454	0	11472.8519155	0.2310235599319566	0.06	0.73	0	0.00	0x8cc48b79500a698409ff40ba6470d33962502b1b	0	0	0	0	0	0	0	0
363005	-54	46	100	0.00121543	0.00122586	0.00054181	0.00190014	251.88741962	0.19208246212399438	0.06	0.77	100	0.00	0xb721262e075ad4073ebe4560161a88fef8c82dcd	0	0	0	0	0	0	0	0
557811	16	17	1	0.01953919	0.0128968	0	0.03246863	3346.68057622	0.06372235723368996	0.06	0.69	0	0.000001699091289886212	0xb0bada5d45d939a03c6d211d24a61a4418d7cd13	true	-887272	887272	0	0	0	0	100
428494	12	14	2	0.00508553	0.00567019	0	0.01076259	1109.7536781600002	0.020788401764180772	0.06	0.68	0	7.359596265743562e-8	0xc0c249ddc87aba28bea1d46e98835359846a1ef6	0	0	0	0	0	0	0	0
393278	-5	0	5	0.00030176	0.00053726	0	0.00083897	86.56840556	0.005354898859522023	0.06	0.75	77	0.00	0x04acd24fd2b2d0d19d9864ce81ec4f3f55cb1ffe	0	0	0	0	0	0	0	0
600693	25	26	1	0.0002083	0.00095612	0	0.00116495	120.14252676	0.002218761011789951	0.06	0.67	100	6.02039529340459e-9	0x38569e5f28921537499da81ed14d32b5b4ce95ae	0	0	0	0	0	0	0	0
559214	21	24	3	0.00088335	0.00022106	0.00110393	0	113.95081497999999	0.0022044128127987287	0.06	0.71	100	0.00	0x47a138f58f1e6c88e7de1fe1f4efdd637bb8a49e	0	0	0	0	0	0	0	0
413766	-1	1	2	0.08431997	1.23627804	0	1.32060589	136256.66147578	2.344996258367737	0.05	0.63	22	0.00	0xbb1151ab73c8076ee281f83e0e219f792ef65e5b	0	0	0	0	0	0	0	0
692140	29	30	1	0.10215569	0.16046085	0	0.26292123	27096.249364119998	0.4925952146457162	0.05	0.66	100	0.00	0x8cc48b79500a698409ff40ba6470d33962502b1b	0	0	0	0	0	0	0	0
566976	22	23	1	0.21154113	0.06065827	0	0.27267822	28084.9896932	0.46676966165102696	0.05	0.61	100	1.0483779400161097e-7	0x8cc48b79500a698409ff40ba6470d33962502b1b	0	0	0	0	0	0	0	0
621496	12	13	1	0.23799546	0.03255592	0	0.27085046	27914.95028564	0.4533698322074986	0.05	0.59	0	0.00	0x8cc48b79500a698409ff40ba6470d33962502b1b	0	0	0	0	0	0	0	0
718060	15	16	1	0.14006568	0.02325394	0	0.16353787	16850.99175236	0.2791277568407825	0.05	0.60	44	0.0000015278729281753556	0x8cc48b79500a698409ff40ba6470d33962502b1b	0	0	0	0	0	0	0	0
423694	7	8	1	0.00622331	0.13768621	0.00110892	0.14280466	14848.29645456	0.2567218855201853	0.05	0.63	100	0.00	0x83ce0c26203e5f10ea0e140ef5af8a328f1766a7	0	0	0	0	0	0	0	0
680527	27	30	3	0.00937959	0.01386317	0	0.02327035	2398.14149128	0.20965890605958312	0.05	0.64	19	0.00	0x60583f22ada7b1352bb2faf694b3eaaf942696dd	0	0	0	0	0	1	1	0
692482	31	32	1	0.05939637	0.02731012	0.08662152	0	8946.20222522	0.15785256476800136	0.05	0.64	100	0.00	0x8cc48b79500a698409ff40ba6470d33962502b1b	0	0	0	0	0	0	0	0
464024	15	16	1	0.03642221	0.04203808	0.07839615	0	8095.375801619999	0.14593384070501106	0.05	0.66	0	0.000002017590727820817	0xb0bada5d45d939a03c6d211d24a61a4418d7cd13	true	-887272	887272	0	0	0	0	100
553646	10	18	8	0.03474422	0.04927829	0	0.08407933	8669.27453678	0.1384888978432624	0.05	0.58	37	0.0000037938326369335584	0xe5988e0a077491660baddb23d2444c5519195596	0	0	0	0	0	0	0	0
569874	11	16	5	0	0.01064284	0	0.01064283	1098.10694552	0.13614129151160975	0.05	0.65	3	0.00	0xc09252451831d0c436e11debff4558c66437ab7f	0	0	0	0	0	0	0	0
531845	14	15	1	0.00034581	0.07857546	0.0087723	0.07013636	8142.938796060001	0.13300032567809428	0.05	0.60	100	0.00	0xb0bada5d45d939a03c6d211d24a61a4418d7cd13	true	-887272	887272	0	0	0	0	100
689413	16	20	4	0.01195401	0.02256956	0	0.03454666	3562.0729054599997	0.06230356922274638	0.05	0.64	79	0.000005428990290656799	0xb0bada5d45d939a03c6d211d24a61a4418d7cd13	0	0	0	0	0	0	0	0
464025	15	16	1	0.01512614	0.01745841	0.03255791	0	3362.0086999	0.057633151596450376	0.05	0.63	0	0.000002017590727820817	0xb0bada5d45d939a03c6d211d24a61a4418d7cd13	true	-887272	887272	0	0	0	0	100
419267	5	10	5	0.00374103	0.00244682	0	0.00619102	638.4499873	0.05284697383922528	0.05	0.60	22	0.00	0x5ee7e07ee221ee0ad5e58be5541851927d14f6d7	0	0	0	0	0	0	0	0
405913	-4	-1	3	0.00884363	0.00180105	0	0.01064269	1098.29679304	0.052259401458358945	0.05	0.58	19	0.000021198300692581995	0xc09252451831d0c436e11debff4558c66437ab7f	0	0	0	0	0	0	0	0
566071	22	23	1	0.00988069	0.00349788	0	0.01340094	1380.37409546	0.04773723786624808	0.05	0.63	12	0.00	0x4f555e32e41c6f646ca72a93130fd24be10a8016	true	-887272	887272	0	0	0	0	100
706496	18	19	1	0.00367655	0.00275899	0.00643051	0	664.0061461199999	0.010303020187596207	0.05	0.57	100	8.730415279600834e-8	0x510e9965c96f89b1b903caf0d252ea626a2c478e	0	0	0	0	0	0	0	0
755885	22	23	1	0.00176687	0.00083608	0	0.00260694	268.5671751	0.008964935705504865	0.05	0.61	23	0.00	0xc6610bf0c48d11334f0c82cc41f8c3b58deedbd1	0	0	0	0	0	0	0	0
428070	14	17	3	0.00117663	0.00080285	0.0019783	0	204.23878744	0.003161022239451693	0.05	0.56	100	0.00	0x0e12bbf43aa03506f2b133ae38fcfe6083236e7f	0	0	0	0	0	0	0	0
369040	-54	46	100	0.00005985	0.00006043	0.00003773	0.00008255	12.410249839999999	0.0024953833900622693	0.05	0.61	100	0.00	0x745b76c7f491bf9d4b202959e4576548808a52e8	0	0	0	0	0	0	0	0
305857	-24	-5	19	0.00001804	0.0000223	0	0.0000403	4.16220052	0.00020292612633040398	0.05	0.59	85	0.00023833578473020367	0x4852813151fb7124d56cb7603387af60a4081bdd	0	0	0	0	0	0	0	0
271038	-527	472	999	0.50540295	0.52996646	0.51812548	0.51727472	106827.34498498001	1.5527333605343967	0.04	0.53	100	0.00	0xea869669210a69b035b382e0f2a498b87dc6a45c	0	0	0	0	0	0	0	0
562660	21	24	3	0.1652536	0.14267347	0	0.30831078	31771.29922846	1.2062256292462505	0.04	0.46	14	1.2821480543934172e-7	0x3e97392738081abe67f7674b28204fccc0008d40	0	0	0	0	0	0	0	0
350622	-5	0	5	0.00888412	0.00300485	0	0.0118873	1226.68014666	0.8319093128678208	0.04	0.48	12	0.00006043101313801813	0x41117551e82bc1eeb196150c4f476158f7757aee	0	0	0	0	0	0	0	0
436958	12	15	3	0.46299906	0.01171324	0.4746982	0	48979.8656894	0.7138051233521818	0.04	0.53	0	0.00	0xac85892b05edbf81a0b71cab2058d3accd20bb63	0	0	0	0	0	0	0	0
484272	10	11	1	0.01603503	0.49257821	0	0.50863086	52477.69687672	0.7067250446865133	0.04	0.49	52	8.87417916928257e-9	0x664d8f8f2417f52cbbf5bd82ba82eefc58a87f07	0	0	0	0	0	0	0	0
490602	12	13	1	0.17830606	0	0	0.17852907	18397.26265868	0.2644637842203433	0.04	0.52	0	0.0000029067934725901523	0x8f25818ff64be1abee91abca70c306b33b602062	0	0	0	0	0	0	0	0
710964	13	14	1	0.07034997	0.08010312	0	0.15054999	15523.44892002	0.23215073829417376	0.04	0.55	52	5.3037196856564606e-8	0x8cc48b79500a698409ff40ba6470d33962502b1b	0	0	0	0	0	0	0	0
600674	24	26	2	0.00958715	0.10464088	0	0.1142529	11785.819679340002	0.14275831483847096	0.04	0.44	100	0.00	0xb0bada5d45d939a03c6d211d24a61a4418d7cd13	true	-887272	887272	0	0	1	0	100
584404	25	27	2	0.02528982	0.08903947	0	0.11439709	11796.267483619999	0.13925498787552792	0.04	0.43	100	0.00	0x120cc2c98fecb24f6a25b2c1b014d512619657a9	true	-887272	887272	0	0	1	0	100
493189	16	17	1	0.07849476	0.0001774	0.07867187	0	8117.2361244799995	0.12099116809126832	0.04	0.54	100	8.135958684540867e-7	0xb0bada5d45d939a03c6d211d24a61a4418d7cd13	true	-887272	887272	0	0	0	0	100
689416	16	20	4	0.01141349	0.02270496	0	0.0341405	3520.2734341	0.05124838306136826	0.04	0.53	70	0.00000500314215612363	0xf3b8d66a259e3f2adfdf51913b553ae4d4215e06	0	0	0	0	0	0	0	0
436241	13	14	1	0.02429973	0.00840244	0.03269114	0	3374.14449626	0.04735522405827945	0.04	0.51	0	0.00	0xb0bada5d45d939a03c6d211d24a61a4418d7cd13	true	-887272	887272	0	0	0	0	100
436404	15	16	1	0.03236522	0.00030861	0.03267335	0	3371.2204317399996	0.043994377456542895	0.04	0.48	0	0.00	0xb0bada5d45d939a03c6d211d24a61a4418d7cd13	true	-887272	887272	0	0	0	0	100
411964	-2	-1	1	0.00687492	0.01786421	0	0.02473834	2552.5339551399998	0.030923716133328758	0.04	0.44	100	0.00	0xb0bada5d45d939a03c6d211d24a61a4418d7cd13	true	-887272	887272	0	0	0	0	100
681962	28	29	1	0.00455404	0.01568154	0	0.02024875	2087.86667324	0.026981161324853054	0.04	0.47	27	1.8761250331067458e-7	0xbadc11224efb66aeb88c5a446082840eaf0eddde	0	0	0	0	0	0	0	0
302270	-21	-19	2	0.00828404	0.0115388	0	0.01980676	2045.2809855199998	0.02624573722030458	0.04	0.47	46	0.000003754213173667864	0x655301eb3992fa35ff6fec91567240310a9756a6	0	0	0	0	0	0	0	0
689526	26	28	2	0.0093198	0.00757246	0	0.01691786	1742.90960228	0.0252894423794762	0.04	0.53	0	3.0628942715438257e-7	0xf3b8d66a259e3f2adfdf51913b553ae4d4215e06	0	0	0	0	0	0	0	0
411965	-2	-1	1	0.0039681	0.01031095	0	0.01427859	1473.2838209	0.017661581750667375	0.04	0.44	100	0.00	0xb0bada5d45d939a03c6d211d24a61a4418d7cd13	true	-887272	887272	0	0	0	0	100
429830	15	16	1	0.0012394	0.00952125	0	0.01076261	1110.2623457	0.016049276403563913	0.04	0.53	100	0.00	0xc0c249ddc87aba28bea1d46e98835359846a1ef6	0	0	0	0	0	0	0	0
477282	14	15	1	0.00032042	0.00202727	0.00234475	0	242.22995881999998	0.003269793226876044	0.04	0.49	0	0.00	0x3656ff4c11c4c8b4b77402faab8b3387e36f2e77	0	0	0	0	0	0	0	0
621132	14	15	1	0.00097553	0.0002078	0	0.00118475	122.09362274	0.001640425959921879	0.04	0.49	0	0.00	0x38569e5f28921537499da81ed14d32b5b4ce95ae	0	0	0	0	0	0	0	0
743062	18	19	1	0.23676454	0.0067498	0	0.24395306	25125.32257252	0.28907372131559417	0.03	0.42	100	0.00	0x8cc48b79500a698409ff40ba6470d33962502b1b	0	0	0	0	0	0	0	0
688030	34	36	2	0.00399333	0.29922222	0.09760449	0.20527661	31285.1740179	0.2880571208299318	0.03	0.34	100	0.00	0x04261f3a4f4e244b80ed7e3d8b7ff28abd6c4dc9	0	0	0	0	0	0	0	0
682101	28	30	2	0	0.31068483	0	0.31068482	32055.839389740002	0.276724718867872	0.03	0.32	100	1.2313585706635877e-7	0x04261f3a4f4e244b80ed7e3d8b7ff28abd6c4dc9	0	0	0	0	0	0	0	0
768560	34	35	1	0.03613407	0.19130766	0	0.22756811	23466.982817939996	0.21645736165485965	0.03	0.34	60	0.00013222705139703805	0x8cc48b79500a698409ff40ba6470d33962502b1b	0	0	0	0	0	0	0	0
491662	13	14	1	0.03277733	0.04601763	0	0.07884018	8129.906382879999	0.07641333220753957	0.03	0.34	100	2.7136515257097926e-7	0xb0bada5d45d939a03c6d211d24a61a4418d7cd13	true	-887272	887272	0	0	0	0	100
516216	13	14	1	0.00597427	0.07300176	0	0.07898437	8148.58882334	0.0758867412424318	0.03	0.34	100	1.7115864281436188e-9	0xb0bada5d45d939a03c6d211d24a61a4418d7cd13	true	-887272	887272	0	0	0	0	100
390707	-5	0	5	0.00171	0.00062595	0	0.00233562	241.0186491	0.04178880341665731	0.03	0.37	14	0.00	0x8faf7c5568365c0f9b70c49f1a3233fdf2a2090c	0	0	0	0	0	0	0	0
702128	17	21	4	0.01576799	0.01856977	0	0.03436944	3542.90140128	0.03852486798001915	0.03	0.40	0	0.0000030848633647551083	0xb0bada5d45d939a03c6d211d24a61a4418d7cd13	0	0	0	0	0	0	0	0
491478	12	13	1	0.01284687	0.01964718	0	0.0325105	3352.6710909	0.03721231983735792	0.03	0.41	0	0	0xb0bada5d45d939a03c6d211d24a61a4418d7cd13	true	-887272	887272	0	0	0	0	100
437443	10	11	1	0.00162241	0.03104425	0	0.03266843	3370.48064548	0.030816410192797832	0.03	0.33	100	2.2719603975929203e-10	0xb0bada5d45d939a03c6d211d24a61a4418d7cd13	true	-887272	887272	0	0	0	0	100
491669	13	14	1	0.01350985	0.01896711	0	0.0324956	3350.90777888	0.0279775526454973	0.03	0.30	100	7.22458759483402e-9	0xb0bada5d45d939a03c6d211d24a61a4418d7cd13	true	-887272	887272	0	0	0	0	100
556273	13	16	3	0.00701254	0.008745	0	0.01576828	1625.8314621199997	0.01763980611369686	0.03	0.40	61	0.0000032711703790155866	0x822bdc94b2944949b1f3078531d9bcde56b5e001	0	0	0	0	0	1	1	0
423091	3	10	7	0.00105799	0.00254561	0	0.00360453	371.8122408	0.0043347447747093025	0.03	0.43	44	0.000008548784802275833	0xbf0e2de41e3b7f0c7c72e11f04760b787f082460	0	0	0	0	0	0	0	0
712649	0	17	17	0	0.00052896	0	0.00052895	54.57703488	0.004127343551944845	0.03	0.35	15	0.0000013423896438879979	0xf46ccc8c1055b5ebc65d7d3d5c3c95f61131030a	0	0	0	0	0	0	0	0
423924	5	9	4	0.00021863	0.00061989	0	0.00083869	86.51681656	0.001513449224811215	0.03	0.32	29	0.000001204220123618427	0x04acd24fd2b2d0d19d9864ce81ec4f3f55cb1ffe	0	0	0	0	0	2	1	0
271603	-18	-17	1	0.00005576	0.00002124	0.00005575	0.00002123	7.944706	0.00007798133925222401	0.03	0.36	100	0.00	0x84d0f74d21a89f86b67e9a38d8559d0b4e10f12d	0	0	0	0	0	0	0	0
332505	-23	6	29	0.00000031	0.00000078	0.0000003	0.00000076	0.11246402000000001	0.000001186723379795	0.03	0.39	100	0.00	0xd4458ce4d5a438ac37b7534b2e576b9c0fcf14e3	0	0	0	0	0	0	0	0
388173	-8	-2	6	0.03190476	0.08052715	0	0.1124228	11600.49960998	1.554855603049715	0.02	0.23	11	0.00010905562523033652	0xba9b8e4355bd706e88be4cfd856f8088aa6ddc72	0	0	0	0	0	0	0	0
639488	20	21	1	0.01329134	0.25862084	0	0.27193991	28055.35490804	0.1960276968279186	0.02	0.26	100	1.1934209176445165e-8	0x8cc48b79500a698409ff40ba6470d33962502b1b	0	0	0	0	0	0	0	0
428531	13	15	2	0.27008841	0.01271825	0	0.28318623	29179.42556548	0.15483009868386216	0.02	0.19	100	8.767119363817244e-7	0xac85892b05edbf81a0b71cab2058d3accd20bb63	0	0	0	0	0	0	0	0
494439	15	16	1	0.00233544	0.19999954	0	0.20233871	20876.518566439998	0.12953409442016356	0.02	0.23	100	1.4537175907491928e-7	0x1265156d15eccf173f39c41bbe028c95cc420388	0	0	0	0	0	0	0	0
737775	18	19	1	0.0479123	0.10018877	0	0.1481914	15280.77220046	0.12420310750491886	0.02	0.30	44	0.000006445299771673518	0x8cc48b79500a698409ff40ba6470d33962502b1b	0	0	0	0	0	0	0	0
711974	14	15	1	0	0.15054999	0	0.15054998	15533.446868219999	0.12240182937534223	0.02	0.29	0	0.00	0x8cc48b79500a698409ff40ba6470d33962502b1b	0	0	0	0	0	0	0	0
716735	17	18	1	0.00058662	0.15427402	0	0.15486169	15978.21111392	0.1095751937832303	0.02	0.25	100	0.00	0x8cc48b79500a698409ff40ba6470d33962502b1b	0	0	0	0	0	0	0	0
560839	21	22	1	0.05736181	0.07028267	0	0.12776951	13170.10215744	0.08631152360621146	0.02	0.24	100	0	0xb0bada5d45d939a03c6d211d24a61a4418d7cd13	true	-887272	887272	0	0	0	0	100
531598	15	16	1	0.11537982	0.01254372	0.12790467	0	13198.895010119999	0.08214612874002421	0.02	0.23	0	0.00	0xb0bada5d45d939a03c6d211d24a61a4418d7cd13	true	-887272	887272	0	0	0	0	100
567883	24	25	1	0.02065882	0.10700707	0	0.12771742	13172.31119842	0.07256052555876283	0.02	0.20	0	0	0xb0bada5d45d939a03c6d211d24a61a4418d7cd13	true	-887272	887272	0	0	0	0	100
454942	15	16	1	0.05008583	0.02835463	0	0.07851904	8093.32978188	0.06357740757951155	0.02	0.29	0	4.5551328264892277e-7	0xb0bada5d45d939a03c6d211d24a61a4418d7cd13	true	-887272	887272	0	0	0	0	100
493267	14	15	1	0.00216817	0.07660519	0	0.07877661	8127.67773808	0.06219957651007016	0.02	0.28	100	2.3252288983144354e-8	0xb0bada5d45d939a03c6d211d24a61a4418d7cd13	true	-887272	887272	0	0	0	0	100
389627	-5	-1	4	0.00099802	0.00055563	0	0.00155341	160.3024997	0.029479198842661064	0.02	0.24	8	0.00018493319829948618	0x10463680770fd848a7a34e6cf06020bf0851ce55	0	0	0	0	0	0	0	0
454943	15	16	1	0.02082293	0.0117883	0	0.03264389	3364.76148894	0.024159572213865728	0.02	0.26	0	6.604230828877178e-7	0xb0bada5d45d939a03c6d211d24a61a4418d7cd13	true	-887272	887272	0	0	0	0	100
560841	21	22	1	0.01455226	0.01783018	0	0.03241415	3341.15539432	0.020697626361424932	0.02	0.23	100	0	0xb0bada5d45d939a03c6d211d24a61a4418d7cd13	true	-887272	887272	0	0	0	0	100
531602	15	16	1	0.02927444	0.00318263	0.03245227	0	3348.8555684599996	0.020440161023021774	0.02	0.22	0	0.00	0xb0bada5d45d939a03c6d211d24a61a4418d7cd13	true	-887272	887272	0	0	0	0	100
584939	28	29	1	0.02778104	0.00448031	0.03224878	0	3328.6615702999998	0.019915834795446667	0.02	0.22	0	0.00	0xb0bada5d45d939a03c6d211d24a61a4418d7cd13	true	-887272	887272	0	0	0	0	100
687782	32	35	3	0.00068253	0.03387131	0	0.0345562	3565.19610352	0.019375289176378617	0.02	0.20	100	0.00	0xf3b8d66a259e3f2adfdf51913b553ae4d4215e06	0	0	0	0	0	0	0	0
415371	0	1	1	0.00031104	0.03255165	0	0.03286272	3390.7066288200003	0.018263800420437674	0.02	0.20	100	0.0000017976519828266646	0xb0bada5d45d939a03c6d211d24a61a4418d7cd13	true	-887272	887272	0	0	0	0	100
684754	33	34	1	0.00195854	0.02261808	0.00306893	0.02150391	2535.76649836	0.01788889273630984	0.02	0.26	100	0.00	0xbadc11224efb66aeb88c5a446082840eaf0eddde	0	0	0	0	0	0	0	0
567887	24	25	1	0.0052409	0.02714644	0	0.03240041	3341.66096652	0.017507036284903753	0.02	0.19	0	0	0xb0bada5d45d939a03c6d211d24a61a4418d7cd13	true	-887272	887272	0	0	0	0	100
667793	27	30	3	0.01154573	0.01171607	0.01072858	0.01253555	2400.1060004	0.014081961991126307	0.02	0.21	100	1.7763568394002505e-13	0x60583f22ada7b1352bb2faf694b3eaaf942696dd	0	0	0	0	0	0	0	0
463612	18	21	3	0.00470541	0.0049005	0.00959672	0	991.11858198	0.008081860922805616	0.02	0.30	100	0.00	0xd6b598c0d187c5d190f12f1034fba11c300e06fa	0	0	0	0	0	0	0	0
411968	-3	-1	2	0.00178397	0.0110546	0	0.01283836	1324.65797546	0.007842048635399572	0.02	0.22	100	0.00	0xb0bada5d45d939a03c6d211d24a61a4418d7cd13	true	-887272	887272	0	0	1	0	50
430756	15	17	2	0.00155193	0.00571064	0.00019032	0.00707452	749.33744746	0.005346523166799265	0.02	0.26	100	4.322215474417135e-7	0xc0c249ddc87aba28bea1d46e98835359846a1ef6	0	0	0	0	0	0	0	0
475826	16	19	3	0.0058505	0.00067065	0.00652005	0	672.8392147	0.004966786708710345	0.02	0.27	0	0.000003481284038819865	0xa302cb3b3775952983b97ae6b3a32a1f59f2188a	0	0	0	0	0	0	0	0
428092	15	16	1	0.0017648	0.00041654	0.00176479	0.00041653	225.06629851999998	0.0018227389054319648	0.02	0.30	100	0.00	0x30368dff16b5d0f8d50be6da9e30009abef1e7f6	0	0	0	0	0	0	0	0
288422	-19	-16	3	0.00239208	0.00001397	0.00240607	0	248.2514269	0.001684989654808958	0.02	0.25	0	0.00	0x3e796a8eed2d57b334796f8356d882827770d7fd	0	0	0	0	0	0	0	0
452869	13	18	5	0.00119484	0.00071994	0.00120745	0.0007073	197.56317084	0.0010144160399633841	0.02	0.19	100	0.00	0x3656ff4c11c4c8b4b77402faab8b3387e36f2e77	0	0	0	0	0	0	0	0
654806	22	23	1	0.00052274	0.00000076	0.00052348	0	54.01368300000001	0.00031973857478549	0.02	0.22	0	0.00002636867563188261	0xa4dcd05cf67ec169709f3ab845755bb4e6bda752	0	0	0	0	0	0	0	0
533615	-36	64	100	0.30178585	0.30865495	0.25959829	0.35092594	62984.0608624	0.8177658050601249	0.01	0.12	100	0.00	0x7818e2d40cc8195c0bfa7d2af44548e2038091ac	0	0	0	0	0	0	0	0
401152	-4	-1	3	0.03138829	0.00361531	0	0.03499623	3611.6014408	0.3636386251991187	0.01	0.14	4	0.00016679104934969047	0x4f4b9492392b88a1d21611575b732428a1bedea6	0	0	0	0	0	0	0	0
401120	-5	0	5	0.0258968	0.00919654	0	0.03508856	3620.86063452	0.35033345631292834	0.01	0.13	5	0.00	0x4f4b9492392b88a1d21611575b732428a1bedea6	0	0	0	0	0	0	0	0
430416	15	16	1	0.06624005	0.5136745	0	0.58002023	59834.4234399	0.24203384973340408	0.01	0.15	100	4.589645663521935e-7	0x1265156d15eccf173f39c41bbe028c95cc420388	0	0	0	0	0	0	0	0
402779	-4	-3	1	0.4996997	0.58036455	0.50428466	0.57578116	111438.8691865	0.2318058929534129	0.01	0.08	100	0.00	0x664d8f8f2417f52cbbf5bd82ba82eefc58a87f07	0	0	0	0	0	0	0	0
560304	20	21	1	0.0785484	0.22126125	0.23216875	0.06732594	30933.7600677	0.12791868231120082	0.01	0.15	0	0.00	0x0f1ff2019f5a0fbd27ca9a4b8dc5ca195d45a0d9	0	0	0	0	0	0	0	0
412136	-4	1	5	0.14849053	0.27214723	0.14849052	0.27214722	43400.56280128	0.10548646548912212	0.01	0.09	100	0.00	0x5f4ce0a3f3099545cb97d43d2c0e10fcc575f6a8	0	0	0	0	0	0	0	0
649604	19	20	1	0.01027239	0.24320043	0.25299949	0	26152.81862196	0.08453226182761744	0.01	0.12	0	0.0000018084823194541855	0x8cc48b79500a698409ff40ba6470d33962502b1b	0	0	0	0	0	0	0	0
430498	15	16	1	0.02598069	0.27406021	0	0.30008237	30957.619980200005	0.07897907333663326	0.01	0.09	100	0.00	0x8a86690902182d4f742ba81a988ec27feab16269	0	0	0	0	0	0	0	0
600832	26	27	1	0.26177702	0.00352358	0.26529143	0	27373.185306800002	0.07833481462437049	0.01	0.10	0	0.00	0x8cc48b79500a698409ff40ba6470d33962502b1b	0	0	0	0	0	0	0	0
687916	33	35	2	0.00509786	0.29980082	0	0.30491654	31458.83600504	0.05859269041207917	0.01	0.07	100	1.0232665825782306e-7	0x04261f3a4f4e244b80ed7e3d8b7ff28abd6c4dc9	0	0	0	0	0	0	0	0
757861	27	28	1	0.01575417	0.2416715	0	0.25746979	26560.66577926	0.051463472349084695	0.01	0.07	100	6.466239765856585e-8	0x8cc48b79500a698409ff40ba6470d33962502b1b	0	0	0	0	0	0	0	0
704124	21	22	1	0.05845757	0.10969166	0.16791556	0	17349.30125294	0.05006085561367771	0.01	0.11	0	0.000001408976868511047	0x8cc48b79500a698409ff40ba6470d33962502b1b	0	0	0	0	0	0	0	0
737676	19	20	1	0.07468269	0.0598705	0.13443821	0	13882.92903782	0.04936778759500756	0.01	0.13	100	7.509348698420126e-8	0x8cc48b79500a698409ff40ba6470d33962502b1b	0	0	0	0	0	0	0	0
699864	25	26	1	0.12875857	0.02867349	0.1573602	0	16243.52508668	0.04319846984885579	0.01	0.10	0	0.00	0x8cc48b79500a698409ff40ba6470d33962502b1b	0	0	0	0	0	0	0	0
327267	-7	-6	1	0.07542252	0.04317056	0	0.11854544	12236.196808240002	0.0413717067582912	0.01	0.12	0	0.00002512294126066905	0xb0bada5d45d939a03c6d211d24a61a4418d7cd13	true	-887272	887272	0	0	0	0	100
491561	12	13	1	0.03116544	0.04766243	0	0.07886778	8133.30197086	0.037102117838477396	0.01	0.17	0	0	0xb0bada5d45d939a03c6d211d24a61a4418d7cd13	true	-887272	887272	0	0	0	0	100
531445	14	15	1	0.00090027	0.12721138	0	0.12811299	13218.303823700002	0.033238141878365816	0.01	0.09	100	0.00	0xb0bada5d45d939a03c6d211d24a61a4418d7cd13	true	-887272	887272	0	0	0	0	100
531745	15	16	1	0.07323018	0.00559942	0.07882118	0	8133.4804688	0.021667564554635643	0.01	0.10	0	5.750719234143276e-7	0x862ece63f0613a349a748fcb2da4631c7b8e0019	true	-887272	887272	0	0	0	0	100
531449	14	15	1	0.00055482	0.07839792	0	0.07895356	8146.18580772	0.019897769465022235	0.01	0.09	100	0.00	0xb0bada5d45d939a03c6d211d24a61a4418d7cd13	true	-887272	887272	0	0	0	0	100
327263	-9	-4	5	0.03072228	0.02753792	0	0.05824386	6011.1709156	0.018479276971198635	0.01	0.11	0	0.00	0xb0bada5d45d939a03c6d211d24a61a4418d7cd13	true	-887272	887272	0	0	2	2	100
493276	14	15	1	0.00089354	0.03157002	0	0.03246489	3349.52519368	0.012584511855742846	0.01	0.14	100	2.85509449415855e-7	0xb0bada5d45d939a03c6d211d24a61a4418d7cd13	true	-887272	887272	0	0	0	0	100
329667	-3	1	4	0.02142578	0.00471506	0.02138789	0.00475293	2697.15958952	0.01222994336365433	0.01	0.17	100	0.00	0x9293548e4b270450ce46a3168c9e5985d7b806d2	0	0	0	0	0	0	0	0
577294	24	25	1	0.01711883	0.01520015	0	0.03236136	3334.60771844	0.011731516972991782	0.01	0.13	100	0	0xb0bada5d45d939a03c6d211d24a61a4418d7cd13	true	-887272	887272	0	0	0	0	100
531453	14	15	1	0.00022843	0.03227729	0	0.03250605	3353.87517816	0.008058430368467418	0.01	0.09	100	0.00	0xb0bada5d45d939a03c6d211d24a61a4418d7cd13	true	-887272	887272	0	0	0	0	100
620575	14	17	3	0.01166984	0.00148829	0.013156	0	1357.6295371400001	0.006018464959441443	0.01	0.16	100	0.00	0xf3b8d66a259e3f2adfdf51913b553ae4d4215e06	0	0	0	0	0	0	0	0
560622	15	18	3	0.00662653	0.00891503	0	0.01555307	1603.5470776799998	0.005932225058512098	0.01	0.14	0	0.000002651652808438598	0x822bdc94b2944949b1f3078531d9bcde56b5e001	0	0	0	0	0	1	1	0
596766	28	30	2	0.01271842	0.00051976	0.01323671	0	1365.88893604	0.005099872164527983	0.01	0.14	0	0.00	0x4f555e32e41c6f646ca72a93130fd24be10a8016	true	-887272	887272	0	0	1	0	100
671887	28	31	3	0.00568725	0.00813712	0.01380088	0	1426.37084786	0.0032997035513516798	0.01	0.08	0	0.00	0xf3b8d66a259e3f2adfdf51913b553ae4d4215e06	0	0	0	0	0	0	0	0
557726	14	15	1	0.00644846	0.00748098	0	0.01393896	1437.21176032	0.0024656231564514674	0.01	0.06	6	0.00000402945501409846	0x4f555e32e41c6f646ca72a93130fd24be10a8016	true	-887272	887272	0	0	0	0	100
415500	0	1	1	0.00005375	0.00563822	0	0.00569197	587.28608066	0.002095493155337142	0.01	0.13	70	0.00	0xc0c249ddc87aba28bea1d46e98835359846a1ef6	0	0	0	0	0	0	0	0
415486	0	1	1	0.00003211	0.00336336	0	0.00339547	350.33780366	0.001323001138004927	0.01	0.14	59	5.771468192250495e-7	0x24a032bef15e7d79d7b9c8cc4b3a816ec7f1df3d	0	0	0	0	0	0	0	0
270371	-15	-12	3	0.002	0.00383995	0.00584569	0	602.5543611	0.001142168821853721	0.01	0.07	0	0.00	0xa464afbe33932d1c98d03e5e6a44f9e89c9c8b47	0	0	0	0	0	0	0	0
341616	-5	-1	4	0.00049757	0.00092297	0.00049756	0.00092296	146.56847612	0.000386443735978746	0.01	0.10	100	0.00	0x4cdfb34272b4f0ecd53b78869da757aed447d74b	0	0	0	0	0	0	0	0
708095	16	17	1	0.00002353	0.00115688	0	0.00118044	121.79234298000002	0.00036521186004720397	0.01	0.11	100	2.46354736610499e-7	0x38569e5f28921537499da81ed14d32b5b4ce95ae	0	0	0	0	0	0	0	0
284160	-19	-14	5	0.00005288	0.00003399	0.000055	0.00003186	8.96307286	0.000040161091747642	0.01	0.16	100	0.00	0xb46a0d319f0f1736c829971d9e88a8ddcf974273	0	0	0	0	0	0	0	0
292981	-18	-17	1	0.00848825	0.10881303	0.01466705	0.10264477	12102.91146784	0.019132743741738456	0.00	0.06	100	0.00	0xb0bada5d45d939a03c6d211d24a61a4418d7cd13	true	-887272	887272	0	0	0	0	100
511808	15	16	1	0	0.43782752	0.43714944	0	45174.16785856	0.016954667018880633	0.00	0.01	27	0.000002133868992615362	0x8f25818ff64be1abee91abca70c306b33b602062	0	0	0	0	0	0	0	0
428575	13	14	1	0.09985826	0.03914212	0	0.13913667	14341.78120764	0.014937970576655949	0.00	0.04	0	0	0x664d8f8f2417f52cbbf5bd82ba82eefc58a87f07	0	0	0	0	0	0	0	0
560387	17	18	1	0.11963589	0.00797811	0.12760042	0	13166.957292	0.007323977311922864	0.00	0.02	0	0.00	0xb0bada5d45d939a03c6d211d24a61a4418d7cd13	true	-887272	887272	0	0	0	0	100
557486	13	16	3	0.00896449	0.01191839	0	0.02089664	2154.6537926399997	0.006943748072695836	0.00	0.06	7	0.000021182940257435945	0x6b73f63cf407beb818d011b0f1ea144ffa56fb7b	0	0	0	0	0	0	0	0
326841	-15	-10	5	0.00411618	0.00190881	0	0.00602017	621.64641822	0.006803623061252057	0.00	0.02	0	0.00	0xd8c233b8af7e608fac6a05562f61d644dc81b4c6	0	0	0	0	0	0	0	0
516283	14	15	1	0.07878333	0.00000411	0.07878742	0	8129.13048432	0.003485404205475781	0.00	0.02	0	0.00	0xb0bada5d45d939a03c6d211d24a61a4418d7cd13	true	-887272	887272	0	0	0	0	100
696915	27	28	1	0.11715851	0.00883502	0.12596967	0	12999.76043834	0.002923137080679745	0.00	0.01	0	0.00	0x8cc48b79500a698409ff40ba6470d33962502b1b	0	0	0	0	0	0	0	0
735493	19	22	3	0.00820254	0.00611281	0.00821643	0.00609888	1477.0291822999998	0.002304194431752676	0.00	0.06	100	0.00	0xdc0dc0585a7a4a15fffacff287cd7513501a7002	0	0	0	0	0	0	0	0
396455	-5	0	5	0.25006614	0.09411044	0.2493648	0.0948115	35511.45117124	0.001627599989411801	0.00	0.00	100	0	0x0f1ff2019f5a0fbd27ca9a4b8dc5ca195d45a0d9	0	0	0	0	0	0	0	0
560389	17	18	1	0.03035168	0.00202405	0.03237228	0	3340.46306994	0.0012610616421961749	0.00	0.01	0	0.00	0xb0bada5d45d939a03c6d211d24a61a4418d7cd13	true	-887272	887272	0	0	0	0	100
770537	-1	99	100	0.0020685	0.00211277	0.00206849	0.00211276	431.41507606000005	0.000620353331639664	0.00	0.05	100	0.00	0x4a6a65252d387cbccbddb1665f632bac1f2d989d	0	0	0	0	0	0	0	0
302482	-21	-18	3	0.00339885	0.00214922	0	0.00554164	572.43876646	0.00031489797102459	0.00	0.02	0	1.542470040583055e-7	0x9a01ce1ecbb36e4f3892c94f6243a4e27e5ce3de	0	0	0	0	0	0	0	0
327262	-9	-8	1	0.04356127	0.07506991	0	0.11859554	12240.12789004	0.000292923347023034	0.00	0.00	100	0	0xb0bada5d45d939a03c6d211d24a61a4418d7cd13	true	-887272	887272	0	0	0	0	100
700425	16	20	4	0.01703459	0.0173663	0	0.03443329	3549.41502842	0.000135687559851529	0.00	0.00	0	2.1246449044554083e-9	0xb0bada5d45d939a03c6d211d24a61a4418d7cd13	0	0	0	0	0	0	0	0
701200	15	19	4	0.00869365	0.02569721	0	0.03440694	3548.3801530800006	0.000127936459670913	0.00	0.00	100	5.916356182744664e-7	0xb0bada5d45d939a03c6d211d24a61a4418d7cd13	0	0	0	0	0	0	0	0
452832	11	18	7	0.00115561	0.00105172	0	0	227.74789474	0.000100487316255539	0.00	0.00	27	0.000041589929677954274	0xb5dff4b6c180705c12d8243d726f327d574431b8	0	0	0	0	0	0	0	0
768608	33	37	4	0.00631106	0.00618179	0.00631348	0.00617935	1288.9872773000002	0.000074348659992974	0.00	0.00	100	0.00	0xe2027af77e2fb99e30cd062cad6c055f020e76a4	0	0	0	0	0	0	0	0
430379	15	16	1	0.00005366	0.00032983	0.00004421	0.00033927	39.56773122	0.000062034099674682	0.00	0.06	100	5.42312750262397e-7	0x78bb6f28c87f79e3e25ac11359e905a1dc17c699	0	0	0	0	0	0	0	0
390669	-5	0	5	0.00000672	0.00000246	0.00000671	0.00000245	0.9471740399999999	3.25535236826e-7	0.00	0.01	100	0.00	0x8faf7c5568365c0f9b70c49f1a3233fdf2a2090c	0	0	0	0	0	0	0	0
260064	-25	25	50	0.00023335	0.0001	0.00033022	0.00000338	34.3943863	9e-8	0.00	0.00	22	0.00	0xcafc58de1e6a071790efbb6b83b35397023e1544	0	0	0	0	0	0	0	0
260128	-887272	887272	1774544	0.00001001	0.00001	0	0	2.06459178	0	0.00	0.00	98	0.00	0xcafc58de1e6a071790efbb6b83b35397023e1544	0	0	0	0	0	0	0	0
328847	4	5	1	0.00186369	0.0015248	0	0	349.61762122	0	0.00	0.00	0	0.00009710781884164632	0xf0e6ab264de1b35979f71a9084ad4e23d42aa3c0	0	0	0	0	0	0	0	0
391314	-6	-2	4	0.04874292	0.06999999	0	0	12251.65596798	0	0.00	0.00	4	0.00	0xad78fc54cfb6502880c8d654d11a54acad9aeb44	0	0	0	0	0	0	0	0
401822	-5	0	5	0.00036475	0.00017783	0	0	55.982319239999995	0	0.00	0.00	3	0.00	0x8a4f08b46438851d9a1ea0c6ebff41a07f07b61d	0	0	0	0	0	0	0	0
418544	5	6	1	0	0.04940839	0	0.04940838	5097.8588634200005	0	0.00	0.00	29	0.000010041208264865986	0xfc9b2ff6f59721d3a04c7a7c32426ab280936975	0	0	0	0	0	0	0	0
420663	-887272	887272	1774544	0.00000056	0.00000057	0	0	0.11659114000000001	0	0.00	0.00	100	0.00	0x76ad57497ed1b891c7c32ef817bbb94be9c748a9	0	0	0	0	0	0	0	0
456575	17	18	1	0	0.05045706	0.05036884	0	5206.05853668	0	0.00	0.00	13	0.00	0xfc9b2ff6f59721d3a04c7a7c32426ab280936975	0	0	0	0	0	0	0	0
483042	9	10	1	0	0.13669768	0	0.13669767	14104.19322704	0	0.00	0.00	42	1.5475407622034254e-7	0x8f25818ff64be1abee91abca70c306b33b602062	0	0	0	0	0	0	0	0
485256	10	11	1	0	0.43783303	0	0.43783302	45174.736369340004	0	0.00	0.00	100	0.00	0x8f25818ff64be1abee91abca70c306b33b602062	0	0	0	0	0	0	0	0
498467	10	17	7	0.01049653	0.04191206	0	0	5407.41349902	0	0.00	0.00	20	0.00	0x242f53e4818c86d5c231d5c1f191a2b973c8eef4	0	0	0	0	0	0	0	0
502414	14	15	1	0	0.43782753	0	0.43782752	45174.16889034	0	0.00	0.00	99	0.00	0x8f25818ff64be1abee91abca70c306b33b602062	0	0	0	0	0	0	0	0
564697	13	22	9	0	0.08407933	0	0.08407932	8675.13711074	0	0.00	0.00	13	0.000004116470619930368	0xe5988e0a077491660baddb23d2444c5519195596	0	0	0	0	0	0	0	0
567918	24	25	1	0	0.25898639	0	0.25898638	26721.69774742	0	0.00	0.00	0	0.00	0x1265156d15eccf173f39c41bbe028c95cc420388	0	0	0	0	0	0	0	0
596756	27	28	1	0	0.01327649	0	0.01327648	1369.84168522	0	0.00	0.00	100	0.00	0x4f555e32e41c6f646ca72a93130fd24be10a8016	true	-887272	887272	0	0	0	0	100
605738	-13	63	76	0.00000525	0.00000546	0	0	1.10503638	0	0.00	0.00	99	0.00	0x9b8c4f3c22f4fd1b2bfca6a8b7004ab89f5f9efb	0	0	0	0	0	0	0	0
654871	22	23	1	0.00671287	0	0.00671286	0	692.62050086	0	0.00	0.00	0	0.00	0xf3b8d66a259e3f2adfdf51913b553ae4d4215e06	0	0	0	0	0	0	0	0
661890	25	28	3	0.0039311	0	0.00393109	0	405.6030358	0	0.00	0.00	100	0.00	0x8cc48b79500a698409ff40ba6470d33962502b1b	0	0	0	0	0	0	0	0
666431	-25	78	103	0.00109717	0.00118343	0	0	235.30774680000002	0	0.00	0.00	99	0.000002417540745369706	0x5dd1e946643f5d7318f5e5163ecc49e4a8905068	0	0	0	0	0	0	0	0
717619	12	27	15	0.00091669	0.00066082	0	0	162.76432677999998	0	0.00	0.00	89	0.00	0x10463680770fd848a7a34e6cf06020bf0851ce55	0	0	0	0	0	0	0	0
729835	22	26	4	0.01148908	0.03191416	0	0	4478.25949672	0	0.00	0.00	38	0.00000779090861824372	0x7b067c80de1eb6efc176e14409bc8e118060e429	0	0	0	0	0	0	0	0
750769	-30	70	100	0.0057788	0.00588673	0	0	1203.6260543399999	0	0.00	0.00	99	0.000019114013471988045	0x41117551e82bc1eeb196150c4f476158f7757aee	0	0	0	0	0	0	0	0
764270	19	29	10	0.00002886	0.00001964	0	0	5.0041329999999995	0	0.00	0.00	35	0.00	0xca99330589daa7912d9f058259fc7057b866ddd2	0	0	0	0	0	0	0	0
765077	22	26	4	0.00082306	0.0017018	0	0.00252694	260.51000508000004	0	0.00	0.00	32	0.00	0xc6610bf0c48d11334f0c82cc41f8c3b58deedbd1	0	0	0	0	0	0	0	0
768064	-13	87	100	0.00146182	0.0014955	0	0	305.13036296	0	0.00	0.00	99	0.00	0x0c9880aeceda007fd7967d1672d8c91b85e5c087	0	0	0	0	0	0	0	0
768605	22	48	26	0.02418102	0.02417562	0	0	4989.34140192	0	0.00	0.00	88	0.00	0x0c9880aeceda007fd7967d1672d8c91b85e5c087	0	0	0	0	0	0	0	0
769734	19	40	21	0.00537387	0.02192593	0	0	2816.7387644	0	0.00	0.00	80	0.0000011674109456905057	0xc1b9ecbb51fea7c1a0cd08d2df0734407c3f6ae0	0	0	0	0	0	0	0	0
770524	4	104	100	0.00008735	0.00013299	0	0	22.73424052	0	0.00	0.00	100	0.00	0xaf79312eb821871208ac76a80c8e282f8796964e	0	0	0	0	0	0	0	0
770960	32	34	2	0.00160307	0.00259671	0	0	433.32490084	0	0.00	0.00	100	0.00	0xdb09194d9ca57ae286ecdb0b423e832306b8fbe4	0	0	0	0	0	0	0	0
771081	32	33	1	0.02990159	0.00643804	0	0	3749.45034414	0	0.00	0.00	100	0.00	0x8cc48b79500a698409ff40ba6470d33962502b1b	0	0	0	0	0	0	0	0
771376	32	33	1	0.00187811	0.01200899	0	0	1432.8432038	0	0.00	0.00	100	0.00	0xb0bada5d45d939a03c6d211d24a61a4418d7cd13	0	0	0	0	0	0	0	0