wallet	ticks	apr	total_profit_usd	mid_deposited_usd	rebalances	in_range	rebalances_gap_hours	mid_duration_hours	impermanent_loss_avg	auto_rebalance	vfat_cutoff_tick_low_avg	vfat_cutoff_tick_high_avg	vfat_buffer_ticks_below_avg	vfat_buffer_ticks_above_avg
0x0b5dba032bce476ac1e7af9f1f66c6e7823c5ea4	1	75.02	2.53	1229.19	1	88.00	0	12	6.294820220631436e-9	0	0	0	0	0
0x78266b7341161ad0cbfac66c7fb234f4017bd18b	2	72.73	2.84	747.78	2	98.50	0	12	7.652238509514575e-7	0	0	0	0	0
0x5db447eb1b37232f1a8020f911b1ca626513de44	1	71.86	0.17	85.28	1	93.00	0	18	0	0	0	0	0	0
0x470fc8505a95b2312bb58aa47a8542eae8d5fe20	1	71.73	0.85	433.68	1	81.00	0	14	6.056598778059197e-7	0	0	0	0	0
0x05970c883c8d2db8287edb0c264961001cf2280a	1	67.06	28.94	7280.67	2	83.50	16	4	9.407455925369845e-8	0	0	0	0	0
0x6eacd4ef40efb3663a42916149ee038b3308cdf5	1	66.60	0.42	57.52	1	100.00	0	95	0	0	0	0	0	0
0xdec18efb10ab7c17155662cbb6e4ad0223863a3a	1	65.18	0.89	498.92	1	100.00	0	23	0	0	0	0	0	0
0xa6861734e12e45e3b3a1dfc3d06d1bc5d3c34589	1	64.14	2.84	1616.26	1	100.00	0	2	7.992982498095103e-7	0	0	0	0	0
0x60a5b234647bbc643e8fd196f7b813de773b321c	1	57.64	93.98	11903.11	1	96.00	0	108	0	0	0	0	0	0
0xf38d868aa43d4f662c0c1b18950a999828a562ef	1	57.06	03.05	390.13	1	96.00	0	107	0	0	0	0	0	0
0x8e07b24159224a2c7f406f28da520b7a063ec9f0	1	55.52	94.87	62366.58	1	53.00	0	11	1.6769640120983809e-7	0	0	0	0	0
0xa2d8f64ca3c14a5801cdf2a8fee51a82d0a3741d	1	54.79	1.59	211.29	1	95.00	0	105	0	0	0	0	0	0
0x43de6c46b54f4dd51f4ecdaaeeed11ac4d11301e	1	53.67	1.38	478.58	2	96.00	0	6	0	0	0	0	0	0
0xaef41f0ed3d13516adc878a9a9c183580c230457	1	52.24	10.85	1515.91	1	90.00	0	106	0.00000431101525588673	0	0	0	0	0
0xa8cc3f0f9630864b4482ff3e1dbda71a0aaec577	2	52.20	7.70	5384.58	1	100.00	0	15	0	0	0	0	0	0
0x3756c2a65e70d7c556bb716fbf7bd52278a2887e	1	52.16	4.27	497.65	1	84.00	0	132	0.000005796195456930775	0	0	0	0	0
0xc50965e638cf07fb735d48d40c53c8e64c2add7c	1	51.75	10025.92	160932.75	13	85.54	3	84	0	0	0	0	0	0
0x75fffb5b8afed497b2146a0fe7be6ef4f9a1cc2d	1	49.70	0.03	19.81	1	98.00	0	16	9.000349354693071e-7	0	0	0	0	0
0xb9c44251e341d45b07aff34f376ba3e092c1c174	1	47.28	235.50	25974.76	1	80.00	0	146	0	0	0	0	0	0
0xe4267916a97d242bc2cca784c2811484f58ab323	1	46.39	79.36	14911.95	2	54.50	37	53	0	0	0	0	0	0
0x7824f6bf5638f5fd2f110e7c84eaca04f2cdeb32	4	45.89	73.56	58514.09	1	100.00	0	21	4.28916124839418e-8	0	0	0	0	0
0xa764fbda4ff2812d1021df393138d44319eac877	1	45.65	5.82	776.01	1	74.00	0	144	5.696311200509285e-8	0	0	0	0	0
0xc125fa384407c574522a18c17440d437d6767bba	1	44.66	95.84	11190.91	1	68.00	0	165	3.283817662236288e-8	0	0	0	0	0
0x186b12ceaf08fde22e32647fcc800e45876f5bd0	1	44.45	1.71	701.88	1	98.00	0	40	0	0	0	0	0	0
0x487ea6e821f5ad0ee25f25b53e1ba2ae879a8446	2	42.00	0.06	13.12	1	88.00	0	84	0	0	0	0	0	0
0xa056c95d109e69667f23b0bd4c5b94a58cbb412a	1	41.82	38.45	2798.17	5	56.00	3	34	0	0	0	0	0	0
0xaaf66ffeb4006b20f38422221093559645554f20	2	40.09	282.33	66476.56	3	100.00	0	13	0	0	0	0	0	0
0x8d8e77cc22362189ad881c27d22332330fd42f68	1	38.70	1.86	195.42	1	64.00	0	207	0.000006825617782091342	0	0	0	0	0
0xf7f719b92274969c088f027c4e187508f9da2220	1	38.62	0.49	58.45	1	70.00	0	175	3.3895743989376115e-7	0	0	0	0	0
0xab03d72b3d135bfa0b48bd544bc981dc2d66b9dd	1	38.53	221.21	34773.91	3	62.00	0	24	0	0	0	0	0	0
0x2a316590dd0f9df1a54a2a20b5480127f8e540be	3	38.26	7.54	7188.96	1	85.00	0	23	0	0	0	0	0	0
0xa056c95d109e69667f23b0bd4c5b94a58cbb412a	2	38.21	3.22	3076.49	1	100.00	0	12	0	0	0	0	0	0
0x4d9bf58c49365846f0fce115e0069a65a3c35ec9	1	38.13	5.83	5583.24	1	89.00	0	23	0	0	0	0	0	0
0xa8aecb79085c0a94a97da3424dc2b1b1c6c425ba	1	35.99	10.62	6062.96	3	67.33	97	16	3.787473668026564e-8	0	0	0	0	0
0x597bead1c77e8774b86d1f2ebc9bc9abc94d214b	1	35.88	0.02	15.36	1	72.00	0	12	6.445415090539086e-7	0	0	0	0	0
0x0665eecff6d58534e9fc207541a205d79d3dfb33	1	35.53	46.02	23641.20	1	71.00	0	47	0	0	0	0	0	0
0x090d869dbb9215bdb18d61ebb1cbda8434e6f4cd	1	35.28	59.35	20190.17	3	100.00	0	18	0	0	0	0	0	0
0xb7b6654268d045b8e0393ec754de2bb6e4ff339b	1	34.91	1.61	192.35	3	79.67	0	48	0	0	0	0	0	0
0xaccccebfc56a22d59fa394897ba929bdb789b4bb	1	33.91	9.25	9958.49	1	63.00	0	24	0.000001163597718178977	0	0	0	0	0
0x504a16725207bddf5a4fbf5e603e2f639d3ad466	1	32.52	1.28	1431.47	1	27.00	0	8	1.4320726826611008e-7	0	0	0	0	0
0x81e5cd02af0b76b6a3b5c1cc2ba7657eb8183850	2	32.12	4.42	5022.87	1	100.00	0	11	0	0	0	0	0	0
0x2a0b988f31b632d066e7a878cc3194699e8023f1	1	31.94	23.51	4747.94	3	61.33	0	38	0	0	0	0	0	0
0xf76e0176494608dc2fd1592917dab33b6d2e3ed9	3	31.55	16.45	19037.54	1	100.00	0	20	0	0	0	0	0	0
0x62ab628f093305c60dc696d2bf0255c367e420df	1	31.12	8.51	9980.82	1	63.00	0	22	0	0	0	0	0	0
0x0c6590dcda9d5fdcb9cffd453c9952f0515a8ef6	1	31.06	04.09	4802.56	1	100.00	0	13	0	0	0	0	0	0
0xae613b5915485f9f814d1cf1e2f090975f84d3bc	2	30.62	37.81	45068.87	1	73.00	0	23	5.73700686956613e-7	0	0	0	0	0
0x8e29d0e2ca8e92a9f27192616e2e9f170fd2a035	2	30.62	8.53	2032.72	1	86.00	0	118	0	0	0	0	0	0
0x156e4293477d4371ce37eed4ba084b609e841bcc	2	30.60	23.12	7646.76	4	76.00	36	10	0	0	0	0	0	0
0x47f4e5ca3d84348004a531be3986c850b6e76e08	1	30.30	41.32	49769.79	1	21.00	0	10	0	0	0	0	0	0
0x05970c883c8d2db8287edb0c264961001cf2280a	2	29.72	10.80	4421.03	1	100.00	0	60	2.4117485786234738e-8	0	0	0	0	0
0x5e8e79f1d05dff8bfb9ab83fb9ea0c66150e75f5	3	29.26	6.10	2028.84	4	89.25	60	32	0	0	0	0	0	0
0xe41277b8045ab83ca8a0233f4013808e7cebff42	2	29.15	2.89	724.13	1	94.00	0	112	0	0	0	0	0	0
0xe000b8ed0e86cdf9b136b92fe47fe6d3d6d5e1be	1	28.19	309.67	59536.09	2	99.50	0	51	0	0	0	0	0	0
0xce29ecb0d2d8c8f0126ed923c50a35cfb0b613a8	2	28.12	43.36	11258.48	1	97.00	0	104	0.000004965831879033544	0	0	0	0	0
0xc5882ec66e0c500d8cb8b5a03f766aaf8db0d324	1	28.10	35.93	46666.03	1	47.00	0	17	0	0	0	0	0	0
0xc2543a0bee513427ba7490a72ca4af8cd9829d13	2	27.96	0.81	1059.43	1	84.00	0	19	0.0000011489047158086407	0	0	0	0	0
0x062d3f72d933fd04596ff9723f3ed425354b9330	5	27.90	0.11	142.67	1	100.00	0	17	3.368486600763276e-8	0	0	0	0	0
0x0d40013211c19a676db67b74b2473e3a3e72a24b	2	27.88	0.70	921.94	1	72.00	0	14	0	0	0	0	0	0
0x78266b7341161ad0cbfac66c7fb234f4017bd18b	4	27.72	0.59	772.21	1	100.00	0	13	0	0	0	0	0	0
0x81db2dfd33b24419f0f715e331f678411eb1ec30	5	27.34	46.34	30571.79	2	93.00	131	13	7.006528690567393e-7	0	0	0	0	0
0xd93ec7e214c50fe64050d0a88002942f0e242659	1	27.15	12.02	5382.70	3	54.33	0	8	0	0	0	0	0	0
0xa8cc3f0f9630864b4482ff3e1dbda71a0aaec577	1	26.90	04.07	5515.98	1	41.00	0	2	0	0	0	0	0	0
0x8ce17ff2c7376e9adfe9c63c47a801097fa6c525	1	26.86	7.30	9925.47	1	50.00	0	24	0	0	0	0	0	0
0xedd51694e3b93841ddc68611c5b633735f596747	1	26.29	2.64	305.67	1	55.00	0	273	0	0	0	0	0	0
0xfef45b3e915f953ce386dc1db9a18b7680a9ee72	2	26.15	140.45	24586.06	4	85.50	0	38	0.000002719679936813435	0	0	0	0	0
0x1bac4e80874037ba2687f4e029b37b57cc7a5b19	1	25.90	1.41	992.69	1	72.00	0	35	0	0	0	0	0	0
0x786d5d8b18dfe3097cea1d44c8f61b522ecc1f27	1	25.67	0.01	12.70	1	81.00	0	15	0	0	0	0	0	0
0x3f01fa6e75f9d0477108f994400280b71915bf56	5	25.25	1.29	934.78	1	80.00	0	25	8.112763905110398e-7	0	0	0	0	0
0xa3577db3c174b7cdd1947cccaada6e1a4d63b8a5	1	24.99	19.51	14251.16	1	58.00	0	43	0	0	0	0	0	0
0xa2d30b5c2c84f8c0e47a0dfebb3eda04a6a2ca28	2	24.89	40.00	8380.91	1	78.00	0	156	0	0	0	0	0	0
0x374d5221a4367fe746cc6c92d333c6ce15386fcd	1	24.68	0.02	28.73	1	89.00	0	18	0	0	0	0	0	0
0x1cda6af915399fd20d6b253b8cfdbd9feda73baf	2	24.60	5.45	8080.81	1	70.00	0	13	0	0	0	0	0	0
0xbba2379f5cc9a2f248c5cf18ad72379ae2478f42	3	24.00	6.97	5302.73	1	59.00	0	36	2.2929528276094402e-7	0	0	0	0	0
0x8ac2d9b6cdcec11f60f983610cf0b9ac80f0da6f	1	23.73	3.60	5535.50	1	64.00	0	24	0.0000010555326945826948	0	0	0	0	0
0x2feb12b34a09cac2a518e51e4044a46800ee8ca7	1	23.55	0.16	251.12	1	63.00	0	24	3.486705590916017e-7	0	0	0	0	0
0x06092040f47059c8b78b2da82dfb5f8f34d731f2	3	23.23	291.55	76337.89	1	92.00	0	128	0	0	0	0	0	0
0x9ddc19759ff10b381e0e1fe2df88f5c07a69138a	1	22.96	1.26	1998.11	1	98.00	0	15	5.213826148597889e-7	1	-887272	887272	0	0
0xcf42612fb0984e1aa4ea66fd81ed6a73886f6aad	1	22.91	0.52	489.03	2	60.50	0	12	4.5498300127455593e-7	0	0	0	0	0
0xc125fa384407c574522a18c17440d437d6767bba	2	22.54	3.20	739.42	1	69.00	0	166	0	0	0	0	0	0
0x5957145fab56dfe5af988a4f55eda4b205922c1d	1	22.53	141.06	19728.18	11	63.00	0	26	0	0	0	0	0	0
0x5882aa5d97391af0889dd4d16c3194e96a7abe00	1	22.28	06.09	9970.29	1	40.00	0	15	2.5806832226749066e-7	0	0	0	0	0
0xe9ccb5875bb0b6639eb8de0c0149a36111276928	1	22.26	0.54	891.24	1	87.00	0	11	9.06081765172928e-8	0	0	0	0	0
0xa734288da3ace7f9a5e5caa6df929126f2e67d52	2	21.99	22.64	37580.51	1	73.00	0	15	0	0	0	0	0	0
0xcbcc3d5389906c1f03535f539a93267e30cf9823	1	21.92	7.21	3811.11	2	100.00	0	6	0	0	0	0	0	0
0xfb735452629b6bb1238f3f2d6a009631d462b67a	2	21.78	10.40	17429.68	1	79.00	0	3	1.3569400048041302e-7	0	0	0	0	0
0xf88ba64863460966f463f79da642e9529db9242b	2	21.71	2.23	3755.72	1	44.00	0	20	0	0	0	0	0	0
0x99646f73b54afaf5bc0c40e8ff1580a2adf15e20	1	21.69	0.16	263.85	1	87.00	0	10	0	0	0	0	0	0
0x1d098a8d7fa63a39e0884b720f86f9ba8cbbeef1	1	21.24	504.26	69694.48	14	57.57	1	20	6.27096753096674e-7	0	0	0	0	0
0x10fab6713bfbb7a186858ede16c44e4921871bb6	7	20.78	0.30	178.31	1	100.00	0	59	0	0	0	0	0	0
0x7d57b8b8a731cc1fc1e661842790e1864d5cf4e8	2	20.41	11.73	20972.69	1	46.00	0	22	0	0	0	0	0	0
0x3352cfe4b92b354c9e56382a6fc6d7462fea9ba2	1	20.28	257.09	15979.72	17	84.12	0	17	1.483978593603046e-7	0	0	0	0	0
0x1b4e9062d9395ecf9726e0808e7559f860ade6fa	1	20.15	0.01	4.75	5	63.40	1	11	6.270665986463086e-8	0	0	0	0	0
0x23777a214af90185fa59fe692daff609dd02ab90	1	20.15	90.88	4988.15	8	99.88	0	10	8.490345926315257e-9	0	0	0	0	0
0x72ae66b1be08878f0469421a58c9f871af49afcf	1	20.11	4.62	8385.89	1	96.00	0	20	0.0000016986042905564602	0	0	0	0	0
0xedeed75328937a17749c1a59772e2ec79eb51314	2	19.90	16.86	31045.05	2	100.00	133	5	4.10610434542491e-10	0	0	0	0	0
0x8129b399b9eb9ab34753fc92df406ecfe1677f85	1	19.78	20.55	18914.69	2	56.00	0	18	0	0	0	0	0	0
0xe41277b8045ab83ca8a0233f4013808e7cebff42	1	19.77	01.09	2015.84	1	99.00	0	6	0	0	0	0	0	0
0xdb0e979228649de327d698b02c47e065c0a0af50	2	19.76	123.23	227652.90	1	81.00	0	10	9.424807601021712e-8	0	0	0	0	0
0xd573805f73e46cd096f6bfaaa385874c2f474dfe	1	19.67	3.90	7229.40	1	96.00	0	23	0	0	0	0	0	0
0x5e8e79f1d05dff8bfb9ab83fb9ea0c66150e75f5	5	19.63	3.80	888.05	2	100.00	0	84	1.5153097110420788e-7	0	0	0	0	0
0xca2cebc209bcde7e178cbcddf7f3bbbe1a26fbc7	1	19.34	662.41	167017.10	2	40.00	0	55	0.0000014649828017354594	0	0	0	0	0
0x3a81cce57848c2b84d575805b75dbc7dc1f99ab1	2	19.34	25.93	25175.34	2	100.00	0	10	3.809817739064414e-7	0	0	0	0	0
0xc827c2562898a8599c631f694da34b626099dc54	1	19.27	26.39	49985.58	1	40.00	0	20	0.0000010040994924409574	0	0	0	0	0
0x8144fa70ea19ff4e62e3cabced0898e87e496014	1	18.87	10.11	9787.74	2	87.00	0	11	0	0	0	0	0	0
0xedfa73bbfa04473981a2f62446166e870e2fb9fc	1	18.82	135.82	17319.23	2	100.00	0	45	2.6501885130869596e-7	0	0	0	0	0
0xc97e039f5cc4cfd2d02037824aa78e075d23cf18	5	18.76	0.04	83.06	1	61.00	0	3	0.0000019517927829504345	0	0	0	0	0
0x10e6bdbef34d5279e729142a19b0bce07813b6a8	3	18.67	13.49	26361.42	1	88.00	0	20	0	0	0	0	0	0
0x6ac54906d7eae6bec5c7fbd26988de4bebd621a7	3	18.62	0.23	445.94	1	90.00	0	20	0	0	0	0	0	0
0x44980020cba5524dc8528c0e53a01186c97f6615	1	18.60	9.53	18692.08	1	54.00	0	2	0	0	0	0	0	0
0xad4d57d5a50d640837ab4709807ade23fca5d1a9	1	18.59	1.15	2259.76	1	81.00	0	12	8.559949415953838e-8	0	0	0	0	0
0xc7b1db6546576261e88e2e2f1b2387d4e853d925	2	18.57	0.56	605.27	2	86.00	0	17	9.376587783993529e-7	0	0	0	0	0
0x6b73f63cf407beb818d011b0f1ea144ffa56fb7b	1	18.38	4.60	4337.69	2	76.00	186	7	4.7036835537639377e-7	0	0	0	0	0
0x23e8b0c4d5df81cd8ffc46dd064974c859eea188	1	18.29	10.03	9995.86	2	40.00	0	24	0	0	0	0	0	0
0x7f2e54d53258dc45b8581f11f924075146608d19	1	18.26	82.36	164654.71	1	100.00	0	20	0.000003140317794692038	0	0	0	0	0
0x3c948a11c4d5462ace49a505ece7112531b16725	1	18.23	518.72	43821.98	23	79.17	13	7	5.648473186765742e-8	0	0	0	0	0
0xf5fcaae203bd5dd81ef969c3fecc872f38aeccab	5	18.22	1.83	3665.60	1	100.00	0	20	0.0000019308630694325757	0	0	0	0	0
0x9ddc19759ff10b381e0e1fe2df88f5c07a69138a	6	18.19	0.99	1986.68	1	100.00	0	8	3.710958207392423e-7	1	-887272	887272	0	0
0xd73c5d65f32f2a90c3a137bd57e294b53d3a2074	1	18.15	1.90	955.90	1	55.00	0	78	0	0	0	0	0	0
0xf615e09c562527fac928f21007cf7b38c3f32a97	10	18.14	1.55	3108.78	1	29.00	0	17	0.000008390191374996192	0	0	0	0	0
0x0bd7e0f100bf5bc1b635fe2f67435a3f35868b9d	1	17.92	5.33	10858.95	1	54.00	0	22	0.0000054305476893112825	0	0	0	0	0
0x3f8f352217687d755c6d7b879eaed1e9141eb66a	5	17.72	0.11	235.41	1	81.00	0	22	0	0	0	0	0	0
0xdbf7b6c8c65254c7af6b877f6b6261e922be91ec	1	17.70	30.39	24411.50	2	67.00	156	4	0	0	0	0	0	0
0x2a316590dd0f9df1a54a2a20b5480127f8e540be	5	16.99	27.25	13389.64	4	89.25	0	17	0	0	0	0	0	0
0xe3c59dd3d5841809ce2952fd4eed6c76fe56188d	1	16.92	83.35	60690.56	2	47.50	0	70	0.0000027442982497571933	0	0	0	0	0
0x4533e03d983fae04741131c5f7cb35f1b32a1acd	5	16.76	0.25	270.80	1	100.00	0	42	0	0	0	0	0	0
0xb4f5818ab4a92d2d740ee47afcf1f5b448b4a1d7	1	16.74	0.06	5.97	1	34.00	0	480	0	0	0	0	0	0
0x55ea3a3e91457591878ea48c87e12c9ff91e69de	1	16.65	0.06	122.51	1	100.00	0	19	0	0	0	0	0	0
0x37932819b5c6310771ab77bfe01efc064654308f	2	16.52	0.14	308.24	1	98.00	0	15	0	0	0	0	0	0
0xad7ba5411cb44384a3db45c2e6b88f8119eb793d	1	16.48	3.55	2188.36	2	72.00	0	60	9.275794632390699e-7	0	0	0	0	0
0xd532023ecb73229f5fd47206929b364311f282c1	1	16.27	0.14	307.83	1	100.00	0	17	0	0	0	0	0	0
0x35621ac5925e4f52e5ecbb10ce7202fbfacd98b1	2	16.25	4.68	10502.39	1	77.00	0	22	0	0	0	0	0	0
0xe76804dc0241b2c2793abb5cb2bba70a2a56a1cf	1	16.14	14.28	1658.05	2	28.50	0	244	7.976175220303361e-7	0	0	0	0	0
0xefa7abb07b8c53fa221f8327e383734e3b983d09	1	16.12	56.49	63966.11	1	47.00	0	36	0	0	0	0	0	0
0x81db2dfd33b24419f0f715e331f678411eb1ec30	4	15.89	93.35	30932.41	2	90.00	3	76	0	0	0	0	0	0
0x4fc19eea0e0b5ea7607a4527c1e7dd1b1fdbe3aa	5	15.88	1.33	765.35	1	100.00	0	87	0	0	0	0	0	0
0xc5659b1ddcf5f5c0d9e006ffa6d57f58e9ba51cb	1	15.86	0.63	1447.22	1	46.00	0	24	0.0000017018353504205663	0	0	0	0	0
0x5ac37964ebcbc68efb51497031ccc355a137dcc5	1	15.85	4135.34	220123.28	44	74.02	3	6	1.3701971628017744e-8	0	0	0	0	0
0x4d2f4186fc6f6ef8814d0e2d07eb1af5d0bef0f4	1	15.80	29.04	67087.13	1	100.00	0	11	8.315288013704958e-7	0	0	0	0	0
0x3a81cce57848c2b84d575805b75dbc7dc1f99ab1	1	15.73	58.12	32931.27	3	98.00	0	6	2.3629127913575113e-7	0	0	0	0	0
0x6190e0bfca8fa57e6799181116de48cbb346d12b	1	15.67	0.15	166.68	3	66.67	0	9	0	0	0	0	0	0
0x1c26bdd014652d02844e4f578aafb5d06b1494ad	1	15.63	0.82	1907.94	1	100.00	0	19	0	0	0	0	0	0
0x2b733c743ede4bc575ffe2073067bc3ec7c06d06	3	15.62	1.65	3850.74	1	87.00	0	20	0	0	0	0	0	0
0x6582b7c80df319553a988f62436b8a1be6b2b24c	2	15.44	0.79	1860.95	1	68.00	0	13	0	0	0	0	0	0
0xa1eca898ad4a4909c527c78b559ffdad005e761d	2	15.43	1.70	1365.56	2	100.00	699	53	0	0.5	-443636	443636	0	0
0x45bb9425b3da78276d4c96cb328a50f4b02413f9	1	15.39	15.88	18834.71	1	59.00	0	44	0	0	0	0	0	0
0xcb475578cded466231d888877767f4f4e5f87e62	1	15.36	0.26	286.12	2	67.50	0	10	0	0	0	0	0	0
0x429d821e190fd37fb8572322922efee78bfb9a01	1	15.32	20.49	18030.46	2	63.00	49	26	0	0	0	0	0	0
0x615d54d75193c93f28166adcf7b615d5d47b4dbe	1	15.25	66.83	159981.93	1	61.00	0	13	0.0000059579468913995015	0	0	0	0	0
0x929fa0cc356ad34b2ab62c1519815d30e8c193fa	2	15.23	162.33	388972.51	1	61.00	0	23	0	0	0	0	0	0
0x11c4820c6869d43f3b49b7eb49dc6c09eed12cab	1	15.17	0.33	392.03	1	64.00	0	25	0.000007518087941082996	0	0	0	0	0
0xa49a835c5995d5e7dcab453ea096a66dcce700e3	1	15.16	0.08	100.71	2	50.00	0	2	0.0000018300185811170877	0	0	0	0	0
0x777f066fef288208128dd99e9f06ae26c2a3312e	1	15.11	0.33	789.41	1	100.00	0	6	1.313604780506239e-9	0	0	0	0	0
0x5b38ffc7eb456f09122869ea83958baae3433c50	2	15.05	0.90	1096.15	1	61.00	0	46	0	0	0	0	0	0
0xe744006b9f99db10aeea2e1516222c74baf51387	1	15.01	1.88	4582.88	1	100.00	0	4	0	0	0	0	0	0
0x703f9a9b08527ebdf4f44533c72b66f01d062665	1	14.82	16.15	19907.16	2	70.50	0	23	0	0	0	0	0	0
0x9fd368b5ee4da4061c00b8cd21ed037d8727b8bf	1	14.71	0.36	440.20	2	96.50	0	11	0	0	0	0	0	0
0xa71475e2141395767d64a7a7cdf38c15906250fb	1	14.68	03.05	1878.03	4	77.50	2	9	0	0	0	0	0	0
0xee23f4bc1671d048a8e592aabd0b2be497bcb5c2	1	14.60	2.20	5498.16	1	100.00	0	6	8.696665831919859e-7	0	0	0	0	0
0xca6ff42933c0c76e9ae059b495476fad3e366494	4	14.55	1.67	4186.59	1	84.00	0	12	6.72657063383042e-7	0	0	0	0	0
0xc2543a0bee513427ba7490a72ca4af8cd9829d13	3	14.47	4.37	1734.98	3	91.67	0	42	8.443386138405155e-7	0	0	0	0	0
0xc4dbc7d5957dcef7ed2b0778c597c16ce2769e7d	1	14.46	69.00	87108.97	1	56.00	0	34	0	0	0	0	0	0
0xefb564f5623978f68ff3546b0769ed564a9058ec	5	14.42	2.00	1267.69	1	83.00	0	96	0	0	0	0	0	0
0xa2d30b5c2c84f8c0e47a0dfebb3eda04a6a2ca28	5	14.41	113.19	40954.84	1	82.00	0	157	0	0	0	0	0	0
0x6610c460cf1a42b33c60b916b3f96bdfc3bf3eb8	3	14.38	13.69	20698.00	2	99.50	79	31	0	0	0	0	0	0
0x67dc99bd55752dece1a2782f73cb549f0e6d6a6d	1	14.36	0.39	496.03	2	96.50	0	4	4.2638712005604873e-7	0	0	0	0	0
0x26e8317e286d72180d93914cf04dcb0c5206ef0b	4	14.35	3.61	9190.23	1	100.00	0	19	0	0	0	0	0	0
0x642c76d07a8a4d0a23deb09a24e9aed5f02d0f11	1	14.27	14.68	7487.10	4	56.25	44	8	0	0	0	0	0	0
0xdda42f12b8b2ccc6717c053a2b772bad24b08cbd	1	14.21	3.19	2513.81	2	55.50	4	20	7.341100394242517e-7	0	0	0	0	0
0xae613b5915485f9f814d1cf1e2f090975f84d3bc	5	14.21	56.60	48455.64	1	100.00	0	56	0	0	0	0	0	0
0x1f9b37062a13383830f860b71e5ee7e7ed4a9e8d	2	14.17	1.23	3161.16	1	12.00	0	9	0	0	0	0	0	0
0x508e762c238dd8a456d8f0561ac4eb51c02a9289	5	14.16	1.60	4133.11	1	61.00	0	23	0	0	0	0	0	0
0x63284c54a82ca1785a0a03fa8402efd735edb333	2	14.14	0.14	349.59	1	68.00	0	19	0	0	0	0	0	0
0x99b6a44fa3d3e0d3f33464ffac5710f31c3db580	1	14.12	16.02	4885.78	6	61.50	5	12	3.58747004325366e-7	0	0	0	0	0
0xf12889f126af1105d8d349be8d6216a3e340f8f1	5	14.11	0.32	819.55	1	100.00	0	3	0.0000017535858987116626	0	0	0	0	0
0x420e61eb4626464efc4387b3d6bdf8036c3a5bc8	3	14.04	0.01	15.51	1	80.00	0	14	0	0	0	0	0	0
0x1980316479f2b01203b2cbf7e5eac1adc8f82bbe	2	13.95	4.92	12881.60	1	100.00	0	5	1.199590093925451e-7	0	0	0	0	0
0x7a4ccb5e285ff802f450a8cb599539edf33b40b1	1	13.93	30.53	39993.88	1	97.00	0	31	9.171190806789298e-7	1	-887272	887272	0	0
0xbb1afb2660caa80facdc8447fbbfcff8e0cd15a5	2	13.92	1.14	998.82	1	71.00	0	52	0	0	0	0	0	0
0x17df0465692806b52f3b56e8c96f0514c3759c94	1	13.91	1.90	4975.35	1	97.00	0	10	8.579675636610773e-7	0	0	0	0	0
0xc4dbc7d5957dcef7ed2b0778c597c16ce2769e7d	4	13.88	69.37	182446.94	1	100.00	0	18	0	0	0	0	0	0
0x36754f8047ea398af8e5ddfcdca157c4e6b4378d	1	13.86	0.96	2535.78	1	67.00	0	15	0	0	0	0	0	0
0x9a6940e51f181850a4aecaeb077e7e21251029cf	1	13.83	1.45	280.92	6	55.83	0	21	1.4714364911701713e-7	0	0	0	0	0
0xd961f88582541e66c9aac22fbcf78c36dc7054c6	1	13.78	0.66	1740.09	1	85.00	0	17	0	0	0	0	0	0
0x0ddb6cde2d835526318541336c9d60b89d6069c6	1	13.77	3.61	3091.34	2	42.50	0	24	4.2223369245419917e-7	0	0	0	0	0
0xe791c14b4f875bc5ffcd7254291855295c001a02	1	13.77	6.14	16270.70	1	56.00	0	4	0.000002052326930623849	0	0	0	0	0
0xed420f5f00186fa868aff815f9f5725be1cadc6d	2	13.74	21.31	6960.19	2	46.50	0	53	0.0000018881585017727076	0	0	0	0	0
0x1c17ccd275ef9656720a23b1603a38807205cc3e	1	13.60	0.83	247.53	1	43.00	0	202	0	0	0	0	0	0
0xd8c78c808662f90560f634c6724310b40da1dbac	1	13.59	0.27	716.91	1	71.00	0	18	8.572138887608105e-7	0	0	0	0	0
0x09cc15dda77789d42c0133c909e88fb6e3af793a	1	13.58	93.33	125454.58	1	97.00	0	31	9.925884447703481e-7	0	0	0	0	0
0xbc3bc8f1c056b5f64910f6e32e419f515ba9cb6d	1	13.53	14.61	19704.46	1	34.00	0	35	0.000002802827236969563	0	0	0	0	0
0xa14010166d72ff3cc101c29e95d12adb06146475	1	13.47	14.37	38952.74	1	100.00	0	3	0	0	0	0	0	0
0xaa63ed455c421b4350f2a3e811ba7817bc18829a	1	13.46	0.15	146.04	2	53.00	358	24	0	0	0	0	0	0
0xdad7e159db2353a37f39fa58c439264d6e399233	1	13.46	0.34	311.55	1	41.00	0	71	0	0	0	0	0	0
0x5df7dc527d806193f53f6853bc4f05d4e37e3291	1	13.45	0.05	130.63	1	75.00	0	8	8.349222424541836e-8	0	0	0	0	0
0x7abae7a6d10c8a91a2c37b43fd5d019d920a8d05	1	13.42	32.28	43887.46	1	72.00	0	33	0.000003914680346550625	0	0	0	0	0
0x23c043a293b302e146aa9fcf9a9ca937b895dd56	2	13.40	6.16	16788.73	1	62.00	0	19	0	0	0	0	0	0
0x9ffae218b2259ae13303c0aed4f7da4ff8231fe0	1	13.37	0.04	60.63	2	100.00	0	5	4.952247500966678e-8	0	0	0	0	0
0x6468335d85ad1587d0f73c23efb0dcf2f45698f5	2	13.34	0.71	387.67	5	85.60	4	9	0	0	0	0	0	0
0x3756c2a65e70d7c556bb716fbf7bd52278a2887e	2	13.26	0.18	503.83	1	100.00	0	10	2.5332058672944413e-8	0	0	0	0	0
0x8ad7b990951e55130968f23d4ab5e219ad10dbcd	1	13.21	1296.07	242331.42	17	94.29	12	15	0	0	0	0	0	0
0x7d1aa791676df4151248f1fdae50f3a164c3585e	3	13.12	0.69	1906.86	1	100.00	0	16	0	0	0	0	0	0
0x1ce8ed87b7b4cb60f0cc3664bf1fe216163ff55a	2	13.10	67.62	26920.20	1	73.00	0	149	0.0000012046613928617944	0	0	0	0	0
0x4a4a2fa0cf9ee113b9d026e93edd835edae048eb	1	13.08	2.68	7475.93	1	80.00	0	16	8.487460734230012e-7	0	0	0	0	0
0xed420f5f00186fa868aff815f9f5725be1cadc6d	1	13.05	4.18	5603.36	2	25.00	0	12	0	0	0	0	0	0
0x2a316590dd0f9df1a54a2a20b5480127f8e540be	2	13.03	0.64	1800.98	1	27.00	0	7	0	0	0	0	0	0
0x6c3a28e5f32d0c370ccd0b756c13ce3e4c01aa1d	3	13.02	0.00	9.43	1	88.00	0	24	0.000006462408852492274	0	0	0	0	0
0x79d5d852feef0a57489c2204635d75421f85f646	1	13.01	2.16	2363.30	3	100.00	81	6	1.6717474441800087e-7	0	0	0	0	0
0x2371d57b23b7d6a56bb88b246b75dc653a4dede4	2	12.92	0.02	50.15	1	100.00	0	0	1.8344684660220878e-7	0	0	0	0	0
0x40e64e901284d3ea05d23925878abd0cd42a3ad2	8	12.90	0.04	102.06	1	100.00	0	4	0	0	0	0	0	0
0x7617452156f474836604c1a79c79c0627be5fe74	1	12.88	0.77	675.99	3	78.00	109	16	4.783559548471317e-7	0	0	0	0	0
0x2f375dc1e3e60ee0f62cfd34da1a7d86adc0a15d	1	12.87	0.03	81.89	1	21.00	0	24	0.000006188203038881568	0	0	0	0	0
0x0b10b1be61022552587f48882e963744ca9638f3	1	12.83	13.11	37285.32	1	62.00	0	11	0	0	0	0	0	0
0x7788ea4ce2b1eac4d6e25790bfe6d3d537cce53a	2	12.67	0.35	996.33	1	95.00	0	7	0.0000015499333150259531	0	0	0	0	0
0xdb09194d9ca57ae286ecdb0b423e832306b8fbe4	1	12.61	0.66	948.46	1	48.00	0	27	0	0	0	0	0	0
0xdbdda15663cdfe1438a19d0126674420f7047b32	1	12.61	0.35	998.66	1	92.00	0	10	8.663701978051108e-8	0	0	0	0	0
0x02b8231efa006258ecf20f570b919ab6b1d3ab12	1	12.52	1.41	2054.40	1	83.00	0	35	0	0	0	0	0	0
0x5388a7f24e86c9c9d855a98c2f5a339afa6a3acc	1	12.49	544.05	53846.55	10	83.60	13	18	1.3203378390613807e-8	0	0	0	0	0
0x342e4538518c62328c95dde170768bfa9367f4cd	5	12.47	0.14	409.14	1	100.00	0	16	0	0	0	0	0	0
0x37a9a5cc504c42d2ace5c8300f21602db57691d5	1	12.40	4000.07	473149.02	20	86.45	1	13	0	0	0	0	0	0
0x58c4f03a954e4cbb1b8e204a881a8e9a99d015dd	5	12.40	0.34	1009.08	1	100.00	0	6	9.245715304473379e-10	0	0	0	0	0
0x97b73b8eaa8662381383a67e0dbcab67f78337dd	1	12.33	25.19	18959.03	4	90.00	46	18	5.755954518571471e-7	0	0	0	0	0
0x4e7958d7939381097470f33f2ef5b598c6965887	2	12.33	67.23	198981.44	1	100.00	0	11	0	0	0	0	0	0
0x213bddf596932002b519864d35d5ac80b74f4262	1	12.29	6.23	3070.07	6	75.33	50	7	0	0	0	0	0	0
0xedeed75328937a17749c1a59772e2ec79eb51314	1	12.28	244.57	29366.27	29	91.90	24	5	1.80030308668418e-8	0	0	0	0	0
0x5df7dc527d806193f53f6853bc4f05d4e37e3291	2	12.28	0.01	14.20	1	55.00	0	60	1.5373661232942482e-7	0	0	0	0	0
0xf81f74f3bf7efb72aced1f56ca623efa54f89b9b	1	12.24	0.95	2821.24	1	63.00	0	16	0	0	0	0	0	0
0xc2543a0bee513427ba7490a72ca4af8cd9829d13	5	12.21	2.24	1671.14	1	100.00	0	73	0.0000011157155754837333	0	0	0	0	0
0xae025de76780d42525b4e0a86af9b51f9b671378	1	12.13	275.29	126554.70	6	65.17	1	9	5.491789412115367e-7	0	0	0	0	0
0x7e0cae3f5e00f62d370251b9f01cca8127020b50	2	12.04	0.53	1615.71	1	100.00	0	13	0	0	0	0	0	0
0xa248d0705ebfb82b4567f3ed236cec596ef387d6	2	12.02	40.43	122754.60	1	100.00	0	8	0	0	0	0	0	0
0x0a170cdb6eb5a46c15cffd727c8659f2f371f478	1	12.01	101.38	54329.80	2	41.00	0	85	6.869247060059536e-7	0	0	0	0	0
0x01ca0fae5480ba25b08c51496bf6c485c2289fbc	1	11.97	0.30	462.16	2	89.50	0	13	1.4592742014762905e-7	0	0	0	0	0
0xe35eb1d49422e501ce277137438b0170b61ab8f7	1	11.96	0.35	540.95	1	59.00	0	37	0	0	0	0	0	0
0xb577517fb7a0a174551d6933c7ff2f0eea3004b6	2	11.94	0.96	977.35	3	71.67	4	10	1.1626329158668607e-7	0	0	0	0	0
0x664d8f8f2417f52cbbf5bd82ba82eefc58a87f07	1	11.85	4191.70	375481.62	40	88.10	8	14	1.5817264997775027e-8	0	0	0	0	0
0x68761e8628cfd91c07a16e54753b25047a43c3a2	1	11.79	0.12	379.14	1	100.00	0	13	0	0	0	0	0	0
0xba90a1f732155e9c3e500acec0c7a478fc19750e	1	11.77	1.15	1787.58	2	35.50	0	3	0	0	0	0	0	0
0x97d7e0d3832b27588ceb9f821472c9ab75985126	4	11.73	0.73	2257.47	1	76.00	0	16	0	0	0	0	0	0
0xed2fe2a0fecb1c51c52145d759bead06e6e9aadb	1	11.69	37.15	11158.08	8	76.88	4	14	0	0	0	0	0	0
0x05de7185d0a89c40ef6a4b684296debfd2e7bd0d	1	11.69	01.02	1586.43	1	59.00	0	37	0	0	0	0	0	0
0x8fb20c72139b2a971ab814503d61111349f8cc78	2	11.61	03.07	4827.75	2	63.50	0	12	0	0	0	0	0	0
0x4fbf12f480f1dfef4919d7c54a15204605660e6d	1	11.55	0.21	197.89	2	49.00	0	35	0	0	0	0	0	0
0xe1364136ea74ed93e03fc0a374e04d89aa6fd4c1	1	11.54	0.01	6.65	1	37.00	0	99	0	0	0	0	0	0
0xa14010166d72ff3cc101c29e95d12adb06146475	2	11.53	12.08	38253.70	1	100.00	0	6	2.399702436761686e-7	0	0	0	0	0
0x2418f2876cef7d9c0ce7fb04bad88077a9e15edd	5	11.47	0.30	950.03	1	60.00	0	3	0	0	0	0	0	0
0x4deb56a42fc63650b2f0bfb9abe1850e3a091371	1	11.45	140.77	52733.86	9	85.89	33	8	0	0	0	0	0	0
0xe7423d835402c90c34583c6b0fa00de0926566f7	2	11.45	0.36	1162.79	1	51.00	0	12	0	0	0	0	0	0
0x1ad9d29509059fe8ff680aa39c107103915f188a	1	11.41	32.70	8383.26	9	78.89	18	24	5.069219365260046e-8	0	0	0	0	0
0x08eb34d292275ba25fc2001bf2c8108d97b46231	3	11.40	3.50	11200.45	1	100.00	0	15	0	0	0	0	0	0
0xd7e20a009c543eb011774762dc3dd084e17883ff	2	11.39	2.92	9363.68	1	100.00	0	10	0	0	0	0	0	0
0x77b70eb23449bd282aeebf12c7b657cb64af7740	1	11.37	07.01	1773.89	9	91.78	27	25	1.9806625475540487e-10	0	0	0	0	0
0x6900f3f047f75ed801843be4f17114f5f931f986	1	11.36	0.44	237.17	1	32.00	0	126	7.421625425330092e-7	0	0	0	0	0
0xf1d0611d4258b465b07021ce91e96516f80cf755	1	11.33	1.68	2700.20	1	59.00	0	37	0	0	0	0	0	0
0x028f16f5a67d7db27f19a40e0595f242719ea362	1	11.28	30.79	49848.60	2	42.50	0	10	0	0	0	0	0	0
0xf4e9f76c6d911b396bb67758ec0b913508ed173b	10	11.25	0.36	1170.61	1	100.00	0	8	0	0	0	0	0	0
0xdef3ac919c6a1f14dec832455fe71c273e9a20e8	1	11.24	0.09	283.10	1	100.00	0	9	0	0	0	0	0	0
0x5cf6e510e0c123e1e839376f8ea1900bb9b9a6c1	1	11.24	0.08	244.75	1	100.00	0	8	0	1	-887272	887272	0	0
0xca7adb37f8292a4adb196f1a0ccab648ff83ef56	1	11.23	0.86	139.92	1	25.00	0	472	8.337811552294738e-8	0	0	0	0	0
0x75445dc854998405be928ff5e43f89053d398864	1	11.20	1.52	4964.97	1	83.00	0	11	0	0	0	0	0	0
0x7a83abe43e822a316030cac9203d60a59b155b57	3	11.19	3.21	5177.46	2	86.50	0	22	0	0	0	0	0	0
0x9da98cc8e38cef116e3db6c62e495a524400ba3e	1	11.17	0.18	591.62	1	56.00	0	9	0.0000028763142645438222	0	0	0	0	0
0x77acb415b42ff899575c5fa24e76a1228fc33176	1	11.11	0.15	499.61	1	100.00	0	10	2.8394764317596355e-7	0	0	0	0	0
0x93c8ab69af974e55f601c188f23499b8e92f81a6	2	11.08	23.24	76575.75	1	75.00	0	19	0	0	0	0	0	0
0x10de107fb165b4795597f977e274f04bdd5e9756	5	11.07	0.48	265.72	1	91.00	0	122	0.000013720912583892186	0	0	0	0	0
0xf46ccc8c1055b5ebc65d7d3d5c3c95f61131030a	5	11.04	0.05	26.88	1	83.00	0	132	0	0	0	0	0	0
0x55580d0f3b6f3ae1587c5e5cbf83d94f5c6c9e9e	1	11.03	0.88	2904.00	1	58.00	0	10	5.477896469763266e-7	0	0	0	0	0
0xb52215bca54fda7b1f950c54b85c47a0af213791	1	10.95	0.15	501.69	1	52.00	0	23	0.000014069422837881262	0	0	0	0	0
0xefdd84767703455bafe5b1e17a3a84f516d51759	1	10.93	0.26	861.81	1	100.00	0	17	0	0	0	0	0	0
0x27f7d74427435a8eda6609c3e3d4e56028b7212c	1	10.87	0.35	1167.13	1	91.00	0	12	0.000003925044600450178	0	0	0	0	0
0x55efa779fe8021cc6531a90717a0e69772470db3	1	10.84	5.67	19075.53	1	35.00	0	17	0.000007339204000089694	0	0	0	0	0
0x7a25278ace3d3ea9331323d071508fa67db9d339	2	10.84	3.98	3346.15	1	72.00	0	91	0	0	0	0	0	0
0xd8a30e0d29109349bc5b61f665f44dc102b68d96	1	10.77	27.79	17021.13	5	81.60	3	6	1.425923334963386e-7	0	0	0	0	0
0x0612515d09067510daec21263af2317906e33192	1	10.72	0.03	96.95	1	77.00	0	5	8.965778675040781e-7	0	0	0	0	0
0x2dc1056c52c5f7d5e2455c78fe7a5b2e2fbc5613	1	10.70	2.18	2469.38	3	81.67	0	15	0	0	0	0	0	0
0x3a5c595f6822be87150b07baa97693ad39ed9067	1	10.66	7.64	6546.05	1	40.00	0	74	0	0	0	0	0	0
0xa05e21550eb86462388783047da318d2de20bbda	1	10.61	15264.65	986386.95	33	75.94	6	16	0	0	0	0	0	0
0x8e07b24159224a2c7f406f28da520b7a063ec9f0	2	10.61	36.24	62317.84	1	47.00	0	28	1.5874301872997876e-9	0	0	0	0	0
0x9ebbc7f5067287d90a039459a643c11195f8f158	2	10.61	6.11	10518.48	1	92.00	0	30	7.699593518317727e-7	0	0	0	0	0
0x98e065d90e591cdafc62d1a7eabe91e5a50eed5e	1	10.60	0.33	568.53	1	30.00	0	46	0.0000025624512955957357	0	0	0	0	0
0x8877ad0e9e276a5aceb8c3a2bdaf097fcdf3e8d1	1	10.54	20.62	71431.39	1	50.00	0	18	0	0	0	0	0	0
0x39d27f1157b6fd3a711263788431c036442d760b	1	10.52	13.50	3328.48	13	66.62	9	15	1.133700782824248e-7	0	0	0	0	0
0x0b776552c1aef1dc33005dd25acda22493b6615d	1	10.52	01.08	1610.09	2	68.50	0	22	0	0	0	0	0	0
0x50d398268762dd37b5b5acba486b9aedd8f6d8ce	2	10.52	3.67	578.46	1	37.00	0	507	0	0	0	0	0	0
0x5cb5e85d648cecab3abeb490992349730889af00	2	10.50	0.31	1093.68	1	100.00	0	18	4.4097359097605704e-7	0	0	0	0	0
0xc79c4d42ede2961f95a2157fbddd9d9221ce735e	5	10.50	0.04	128.67	1	68.00	0	22	0	0	0	0	0	0
0x628f9801b3edf1a1c4b7231185ac40b70d34ba29	1	10.44	0.32	376.20	2	73.00	0	19	0.0000019413656016098457	0	0	0	0	0
0xd4b2905ee116d13664840f67c9374b768d1297ed	10	10.44	0.03	14.98	1	92.00	0	142	0	0	0	0	0	0
0x17827d081f5f018ad6d65b5a799dbfa28a5aa018	1	10.36	12.62	44457.78	1	92.00	0	4	0.000001056750265071571	0	0	0	0	0
0xdeaf42d4a2cc1dc14505ce4e4f59629aec253d75	1	10.35	87.90	17429.67	7	52.71	96	70	9.545876628840639e-8	0	0	0	0	0
0x05dddb10cb08be7201981cb620291ea63e80489d	3	10.20	8.15	29148.85	1	100.00	0	16	0	0	0	0	0	0
0xed2fe2a0fecb1c51c52145d759bead06e6e9aadb	2	10.19	3.77	13518.97	1	70.00	0	20	0.0000031164191227617266	0	0	0	0	0
0x42f02ca758895f2eb68dcbc23550275170166729	1	10.16	3.51	3769.45	3	72.67	0	17	0	0	0	0	0	0
0x4130d96971a2ccd408f3ff75d5bc9daf147b314c	2	10.16	24.87	41735.96	2	100.00	0	12	0	0	0	0	0	0
0xf305b1a1cbdeb7f35c5fefdfab3bca069a2bf1d7	1	10.13	16.29	7328.79	6	77.83	37	18	0	0	0	0	0	0
0x994d39587e05e8033a65ca626ce41b2a96c7ae19	4	10.09	6.10	22080.15	1	100.00	0	20	0	0	0	0	0	0
0x356d01b5c7ca3509a023ba4f2f1beb887a85df24	2	10.06	0.87	865.15	4	92.00	25	11	2.0333026928831544e-8	0	0	0	0	0
0x597bead1c77e8774b86d1f2ebc9bc9abc94d214b	6	10.02	0.00	12.25	1	86.00	0	23	0.000007285164960180168	0	0	0	0	0
0xc95b2251eea54985aabff294780c4e8ff32c1b16	2	9.97	8.67	9469.10	2	75.50	0	15	0.000002185075936855796	0	0	0	0	0
0x86164c2beef132d98cf29a5f684a5d635b04a20a	2	9.96	0.41	1494.77	1	100.00	0	12	2.5254776048200256e-8	0	0	0	0	0
0x1297ad486549a430d59d9d5f99ed7c216b6e77dd	4	9.95	5.91	21674.85	1	85.00	0	12	0	0	0	0	0	0
0x1367b690b6dc370838e9630f9e8aad4ad1320dee	2	9.95	0.54	995.31	2	100.00	0	12	1.881411693105406e-9	0	0	0	0	0
0x1cb1b274d14df952458f0d6d3f761be3a5b2a2ec	1	9.93	815.81	225604.08	9	81.11	26	13	0	0	0	0	0	0
0x4107bc7d0d6d7a11ed0f32f7c2c36781ae243b02	5	9.92	0.01	36.16	1	100.00	0	0	0	0	0	0	0	0
0xc95dada8a2746cf41968bfec0b523b1521562f9d	5	9.87	26.15	5992.00	4	67.00	0	98	6.399295093828528e-7	0	0	0	0	0
0x8423c8bf1fab0b2dfdffd9e4f879b88a4a559f39	2	9.86	18.31	67751.40	1	82.00	0	15	0.000007707445315308092	0	0	0	0	0
0x156e4293477d4371ce37eed4ba084b609e841bcc	5	9.84	12.73	7909.90	2	77.50	49	46	0.000002614616856355667	0	0	0	0	0
0xe10c1c23d1ca5338810aeeee847f8f8ee9250100	1	9.83	181.66	33554.18	19	84.26	0	10	0	0	0	0	0	0
0xcb3b84b72587e4d47276feaca326ad813348d5e4	2	9.81	1.61	2997.95	1	86.00	0	31	7.735954321574923e-7	0	0	0	0	0
0x0b5dba032bce476ac1e7af9f1f66c6e7823c5ea4	5	9.80	1.96	1217.23	1	83.00	0	125	0	0	0	0	0	0
0xc96b3294b9f03af0fbc7d21198bf7b00ca077b52	1	9.80	0.07	133.65	1	47.00	0	47	0	0	0	0	0	0
0xff3ffe39ac9cd85b9d9ab97d34cd251972c1d78b	1	9.79	06.04	22503.98	1	100.00	0	11	0	0	0	0	0	0
0x48667208496cb4dfdd13a39d3bd77001b7fd3d2f	2	9.75	0.50	312.47	1	80.00	0	125	3.4063155629482367e-7	0	0	0	0	0
0x5fdce8fc1b7cb707e673f0f0a69759127932227f	1	9.73	0.61	1093.93	2	91.00	0	3	0	0	0	0	0	0
0xc82335bbdc978ce2e1f1c6c4f9e5bb2270bb2af1	1	9.71	234.10	35583.42	20	64.45	1	22	0	0	0	0	0	0
0x003ed8315408151292c11cf2a19ed213f7d12bb5	2	9.70	0.03	111.70	1	82.00	0	23	0	0	0	0	0	0
0x300a19ddc3a5371086943e0c06667ea30c23d98c	1	9.69	1355.86	520206.77	4	52.25	0	45	0.000004224444943856653	0	0	0	0	0
0xae025de76780d42525b4e0a86af9b51f9b671378	2	9.65	86.34	113411.20	3	76.33	15	6	8.338391680832539e-7	0	0	0	0	0
0xc4dbc7d5957dcef7ed2b0778c597c16ce2769e7d	2	9.65	79.40	150166.25	1	56.00	0	34	0	0	0	0	0	0
0xb0a9994b6fc39a6084dc88e56e638fc26cf04376	5	9.65	5.52	10439.77	1	55.00	0	33	0	0	0	0	0	0
0x03b4c1c02b8316a5989eeafba37e812d43dbc4b0	1	9.63	0.09	343.65	1	59.00	0	14	0	0	0	0	0	0
0x4a9a0b0ed1a4329b4fb94af9b72e1cc6767965de	1	9.56	0.00	8.13	1	100.00	0	5	5.744912212612974e-7	0	0	0	0	0
0x252fae755a9ae761731cb0d6bab463fc0240ed04	6	9.51	10.38	39820.74	1	86.00	0	23	0	0	0	0	0	0
0x55cb8ddc294d4090867e392ddda458f647e59e1c	1	9.48	15.47	3990.18	13	68.77	2	11	1.0107309433848854e-7	0	0	0	0	0
0x8364ab71eaabe46fd130a9b995082014138a3a36	5	9.48	3.66	1566.71	1	77.00	0	193	0	0	0	0	0	0
0x93ae6eef133a1097167a15f585eacf1ddf89151e	1	9.47	0.40	517.02	1	40.00	0	50	0.000009741799311679955	0	0	0	0	0
0x788b8b3e7063d17fb0c6dfdbf26d45b82f51c82c	2	9.42	20.43	16429.85	6	75.00	76	6	0	0	0	0	0	0
0x01f92621addbd8b688fe6539f6a69a0f892502ec	1	9.39	0.22	852.43	1	38.00	0	10	0	0	0	0	0	0
0xd2b22ecc83e83fe2ed82617979473ba2db5c1011	5	9.38	0.46	889.67	1	7.00	0	28	0.0000021750631074013427	0	0	0	0	0
0x7e730c8561cbc5f454b31fdc923fc36f8968552b	1	9.36	0.03	102.37	1	12.00	0	16	0.0000014019180483160198	0	0	0	0	0
0xc713842ad4501a37220b19656a6bc1b96b4c1ff2	1	9.33	0.01	30.10	1	100.00	0	12	1.2903539348130266e-7	0	0	0	0	0
0x1f9b37062a13383830f860b71e5ee7e7ed4a9e8d	4	9.31	1.17	4590.87	1	100.00	0	14	0	0	0	0	0	0
0x213bddf596932002b519864d35d5ac80b74f4262	2	9.30	12.33	4941.33	5	77.20	10	34	0	0	0	0	0	0
0x30b3d95e24ea00f5fb4b9bdf4f714159d9d793c2	1	9.28	454.48	80480.44	16	70.00	1	16	2.9733686138233573e-7	0	0	0	0	0
0xae24b4bdad4633f0961dc66a491473d6bc8e5ba0	7	9.27	0.16	639.57	1	100.00	0	21	0	0	0	0	0	0
0xb177da4ec6b12dd4ff75b60b5aae55394ed35245	1	9.26	0.83	780.44	3	88.00	0	32	0	0	0	0	0	0
0xec7e64b33ee52bed121a551901bd124986bc3b58	5	9.26	0.04	71.87	1	100.00	0	28	1.0998002508699756e-8	0	0	0	0	0
0xb21f69a8eba1475c96c09e8c62842dcc16f0d441	1	9.25	363.00	53086.98	22	74.64	0	14	0	0	0	0	0	0
0xfb5c8ad70670283021b942f29f9bc1e3bc1ae476	5	9.25	0.08	98.80	1	64.00	0	51	0	0	0	0	0	0
0x99bdce51a4ccffc80d2e7082fbddc18ede6a7d75	1	9.18	0.12	472.84	1	64.00	0	11	0	0	0	0	0	0
0x36664d1d6dedb2fb6fb1a48c344191804acad51f	5	9.17	0.04	56.58	1	49.00	0	70	0	0	0	0	0	0
0xb1acb719a25e624f859306bb6d957c6600d1b249	2	9.14	1.26	5031.40	1	94.00	0	9	0.00000460665550150452	0	0	0	0	0
0xb368d7e406a3bb8c04308522559d7de2a6cb41ab	1	9.13	01.07	4261.21	1	70.00	0	14	0	0	0	0	0	0
0xb022b80c795d1258694cb06623785f72abfdc6fa	1	9.13	0.71	2852.74	1	100.00	0	9	0	0	0	0	0	0
0x10720be2a75ee331be03a5b147dd50d118d810e5	5	9.11	0.08	336.02	1	78.00	0	22	0	0	0	0	0	0
0xdf0063e86c453322458e59b8e7e186f44b4fc5ea	1	9.10	12.70	50900.14	1	39.00	0	20	2.910218288576516e-7	0	0	0	0	0
0x86164c2beef132d98cf29a5f684a5d635b04a20a	1	09.09	0.38	1544.98	1	44.00	0	9	9.85638193284899e-7	0	0	0	0	0
0x10eb84abd429fa4df8dcabbc7c2803822a5b82d9	5	09.08	0.39	1578.20	1	86.00	0	15	0	0	0	0	0	0
0xdb0e979228649de327d698b02c47e065c0a0af50	1	09.06	2258.64	186637.31	21	65.95	9	10	0	0	0	0	0	0
0x26e8317e286d72180d93914cf04dcb0c5206ef0b	2	09.05	4.49	9068.26	1	51.00	0	35	0	0	0	0	0	0
0x9a58fb77e6c0e9774c61555cc7f4088139c614a3	1	9.00	0.02	21.57	1	61.00	0	49	0	0	0	0	0	0
0x628f9801b3edf1a1c4b7231185ac40b70d34ba29	2	8.99	0.27	549.96	1	72.00	0	37	0	0	0	0	0	0
0xd083fc5ab2a112930f15a300aad9dfa47f1903cc	1	8.98	0.03	69.36	1	26.00	0	47	0	0	0	0	0	0
0x154b4661a08eaffc746bdf7451a17ee50ee904cf	2	8.96	0.76	722.26	4	71.50	37	9	0	0.75	-665454	665454	0	0
0x156e4293477d4371ce37eed4ba084b609e841bcc	10	8.95	1.54	6284.36	1	100.00	0	21	0	0	0	0	0	0
0x356d01b5c7ca3509a023ba4f2f1beb887a85df24	4	8.95	0.38	1560.78	1	100.00	0	15	6.363740645554117e-8	0	0	0	0	0
0xb5b8457b2e81eef591776f16117e12b3477a59c9	1	8.94	1039.18	323528.68	15	86.93	10	10	0	0	0	0	0	0
0x2a0bdd6810204fc703499424020c449eab395ab3	2	8.94	1.83	7487.18	1	75.00	0	23	8.68669403075728e-7	0	0	0	0	0
0x84600f8ee9aadceebafa445472cdb10b0107257d	2	8.90	0.05	97.68	1	77.00	0	35	8.147251207013539e-7	0	0	0	0	0
0xb6ad3564bd6345bde177be74fae683a987650b63	2	8.88	0.02	82.30	2	86.00	6	12	4.781354256966353e-7	0	0	0	0	0
0x897a7f6af47881c62d7ca7e3dc5bd8a1341ad8ae	1	8.85	2710.09	183971.49	45	78.67	1	21	0	0	0	0	0	0
0x48bcf994302332fc9643e3d8550e0b13c71a8644	2	8.83	0.79	3275.95	1	100.00	0	8	0	0	0	0	0	0
0x234dfbd48838323c133a1b857f5ec2309e3845f6	3	8.82	9.90	40987.70	1	86.00	0	21	0	0	0	0	0	0
0x7f80e4f856f2fd93433de3c6aedc5d30f925a115	1	8.80	35.69	7561.12	14	80.93	8	22	0	0	0	0	0	0
0xf615e09c562527fac928f21007cf7b38c3f32a97	2	8.80	6.78	7038.18	1	72.00	0	84	0.0000016997034224530694	0	0	0	0	0
0x42748b496dffebc0a8c9483848e80e28767217fb	1	8.79	0.17	714.86	1	59.00	0	15	0	0	0	0	0	0
0x3be0dd30e3a6d3eb8982b22f0c51fd09ad36d222	1	8.77	5.11	4780.45	3	100.00	12	10	0	0	0	0	0	0
0xfe8427a949048d14bb26778fa1253d79aadab6ee	1	8.77	0.58	2426.11	1	53.00	0	19	0	0	0	0	0	0
0xeb3076445fd8f8ac208516879382114282cb30cd	1	8.75	103.19	14550.65	34	79.47	35	12	0	0	0	0	0	0
0x32536c98f7fd6b47637452275a2297abcc4ff6ee	1	8.75	77.45	177709.67	2	78.50	0	11	0	0	0	0	0	0
0xc9d46b11f3b1bbc85ebedfffca09707f8f28dca1	5	8.71	33.66	37335.51	2	84.50	0	39	0	0	0	0	0	0
0xd647164756c5b20489f39df7653d915a77d2dce9	2	8.71	120.64	252823.56	1	62.00	0	24	0.0000012027293827543417	0	0	0	0	0
0xcb04f9f5e1ac544dffb0d479b696e7aadb76dbfb	1	8.67	0.02	20.14	1	70.00	0	115	1.609240074529339e-7	0	0	0	0	0
0x74712aa1839fec8a524f562ed7c72780acca6b19	3	8.65	2.93	12371.44	1	100.00	0	10	0	0	0	0	0	0
0x3dd744b4a21082e0a66318dc1ab614b5af516339	2	8.61	0.25	346.90	1	72.00	0	49	0.000006755696313476278	0	0	0	0	0
0x6ffcbea30114d74570f678e4ac017d4cf0c0417a	2	8.60	0.21	876.50	1	100.00	0	9	0	0	0	0	0	0
0xd0d0316b541afd034deeed0ae5b4229e1231d0d0	1	8.59	86.94	13056.46	34	85.15	8	4	0	0	0	0	0	0
0xadaab66cd5a900ac140f1fef544bd235d8f31fd1	2	8.58	2.35	4992.44	1	100.00	0	27	6.755177639483634e-7	0	0	0	0	0
0xa143d7cd69931e5c96f1dc20800c9002684d90ba	1	8.54	1.81	2575.02	3	77.33	0	4	0	0	0	0	0	0
0xcf3fe53a837b780369e4ac191cbdc42d05b39bc8	1	8.54	1.67	2462.65	2	58.50	42	27	0	0	0	0	0	0
0xd11f68709c012bd5a89c903171d54af585d9f95e	1	8.48	1.39	905.17	6	86.17	3	14	0	0	0	0	0	0
0x7fe4b2632f5ae6d930677d662af26bc0a06672b3	1	8.47	1060.10	730072.85	5	41.60	26	34	0	0	0	0	0	0
0x5a40ab806a038afe9c4ef413d36b6356a5e4d2c5	2	8.42	69.15	149349.20	2	96.50	0	5	0	0	0	0	0	0
0xee5d89290c3502db0cedc181f62c46d433f8d2a3	4	8.35	0.01	20.47	1	66.00	0	48	0	0	0	0	0	0
0x205d2f50eac031acd0b02d14c8dfe9391eebed03	4	8.33	0.06	281.50	1	98.00	0	15	0.0000011008617240015894	0	0	0	0	0
0x47afa8560340dac326be802abacc72853f0503b5	1	8.30	03.08	13537.05	1	28.00	0	14	0	0	0	0	0	0
0xa1eca898ad4a4909c527c78b559ffdad005e761d	1	8.30	0.11	503.26	1	29.00	0	14	6.479563996464321e-7	0	0	0	0	0
0x0c23a7a78d702774cc659bde0e9f961c6c415304	1	8.27	01.09	4813.85	1	100.00	0	1	0	0	0	0	0	0
0x315178907fe88c7b8cc09d51f03ffb60a55e11e5	1	8.26	27.42	121211.75	1	36.00	0	20	0.0000016411877301614197	0	0	0	0	0
0x81a57be2cf8d386712f3838c3171f1b31d9bc5b4	1	8.24	0.78	745.62	3	83.67	9	25	0	0	0	0	0	0
0xc6685b08b58f23d3c8baff233dfaf264491f5846	5	8.17	0.00	7.54	1	96.00	0	21	0	0	0	0	0	0
0xa109398a8ab7af8b4b45a08797594247346c8d56	2	8.11	0.99	4449.94	1	100.00	0	7	0	0	0	0	0	0
0x538f8763282a1a6dfcfc4c9024631d5e79f869ad	5	8.10	0.12	532.15	1	95.00	0	21	0.000005283548853984854	0	0	0	0	0
0x758c4cca1a9c37f81704c981fa88027601952fa2	2	08.09	0.56	1264.44	1	88.00	0	30	0	0	0	0	0	0
0x02ad9a8eee316a143f46bb91064aa035fdf8c11a	1	08.08	128.79	79681.37	7	71.00	6	11	1.1361247498342664e-7	0	0	0	0	0
0x25ff32d7b4d5ac6d17b1ae32f040720b362cf187	2	08.06	0.98	1259.18	3	77.67	1	5	0	0	0	0	0	0
0xf8d9de13a0efecbee653a0a35c06b751cc03904c	1	08.06	0.03	150.61	1	82.00	0	10	0	0	0	0	0	0
0xbe7dd82facd47d3598803f44cb980078466aeba3	2	08.04	2.99	5263.06	4	52.00	247	23	0	0	0	0	0	0
0xdcf23cbeb9d23c487b2c862415444c46c9a4bf11	1	08.04	318.74	80397.03	15	60.60	3	9	2.499124418520182e-7	0	0	0	0	0
0x1f00db89777c0f5e6d8e74014df9970467da69d5	1	08.04	4.60	2166.93	4	39.75	13	23	0	0	0	0	0	0
0x454bd0d4a9ec0f91d6d28c37a92c1d3fb4e905e4	4	08.04	0.35	1584.98	1	100.00	0	16	0	0	0	0	0	0
0xed101f7b40cdf28566cc275f6d42e467d5edd0ef	1	7.93	27.19	5135.69	6	21.00	78	34	0	0	0	0	0	0
0xe0a86afb73c0922a50d4a985a25507ecda8a9b51	1	7.92	1.33	3056.83	2	85.50	0	3	0	1	-887272	887272	0	0
0xdba7bb7ee25d259e0a14880ef107a7c5106a716d	1	7.92	0.66	3032.49	1	36.00	0	19	0.000001669567117890125	0	0	0	0	0
0x1f0a1ca8847865c049a56db974b5a61c176654c4	1	7.88	0.35	646.80	2	77.50	0	21	0	0	0	0	0	0
0x8325aff2ccc014468cdf20f2538d8534db7a100f	10	7.87	0.77	1363.28	2	95.00	81	26	0	0	0	0	0	0
0xa83c6a80f54aaaa1163e53834e7ff47717eb12c8	2	7.83	1.94	1806.88	1	0.00	0	118	0	0	0	0	0	0
0x5a40ab806a038afe9c4ef413d36b6356a5e4d2c5	1	7.81	128.48	146900.15	4	100.00	0	2	7.530920331788593e-11	0	0	0	0	0
0xe958cb0bf9a7c0a2a1cc00a1eedfa52605190da0	1	7.80	66.20	32936.24	8	90.75	0	16	6.959853027233009e-7	0	0	0	0	0
0xe40602b6629ab2482043df1cf9efc093dd84d337	6	7.79	0.01	24.16	1	60.00	0	35	0	0	0	0	0	0
0x2aa7fe63f464a4fc96f781b1a0c6be441e8b2d1f	1	7.78	11.48	7659.76	5	76.00	0	38	0	0	0	0	0	0
0x8614132666282ba3ff99e825e436306bf1b46cf3	1	7.78	10.63	49877.39	1	25.00	0	12	0.000002652007657921729	0	0	0	0	0
0x64466121d49449f16877d6759016518d9535d9d1	1	7.75	0.02	77.09	1	100.00	0	0	0	0	0	0	0	0
0xdebb008168e8c91a71672dc720c22eb0a4daa587	1	7.73	1.26	5969.39	1	72.00	0	20	0	0	0	0	0	0
0xa05e21550eb86462388783047da318d2de20bbda	2	7.71	606.25	587061.76	6	99.00	49	5	4.3009597735140424e-8	0	0	0	0	0
0x11c4820c6869d43f3b49b7eb49dc6c09eed12cab	5	7.71	13.44	19484.46	2	56.50	170	22	8.497179737609883e-7	0	0	0	0	0
0x1ff09ada292a33a27d1958991dadb55a86f23ef1	1	7.71	7.15	16484.75	2	81.00	1	7	0	0	0	0	0	0
0x60763bf63663db4e79f5c707da1296bf7fdaf0a1	1	7.71	0.25	398.13	1	36.00	0	64	0	0	0	0	0	0
0x4d16b995717840f34933bdb2eed3ff808d601ac2	2	7.69	0.02	59.18	1	64.00	0	47	0	0	0	0	0	0
0x094a804ae6c3d90dba1119769753b5aa490b7b3b	5	7.67	01.01	4789.51	1	100.00	0	19	0	0	0	0	0	0
0x25ff32d7b4d5ac6d17b1ae32f040720b362cf187	1	7.64	0.64	2026.92	2	92.50	29	5	0	0	0	0	0	0
0x5908848d85c9265ef3bdb1e0e3302abb1eaa7c55	10	7.59	1.99	9587.52	1	100.00	0	23	0	0	0	0	0	0
0x79e41c2d158c5d6f2606459d04c4280cf20b8e13	2	7.58	0.01	48.23	1	39.00	0	13	0.0000014722291608038063	0	0	0	0	0
0xd64efe852b56497e50a028822799f51546ce40fa	1	7.56	0.00	6.80	2	32.50	0	10	8.564557063550637e-7	0	0	0	0	0
0x205d2f50eac031acd0b02d14c8dfe9391eebed03	5	7.56	0.00	3.53	1	100.00	0	15	0	0	0	0	0	0
0x32536c98f7fd6b47637452275a2297abcc4ff6ee	2	7.52	9.11	44210.86	1	100.00	0	16	0	0	0	0	0	0
0xc1151b50c93645ecbdd5886f66e46c4e553dc99f	2	7.52	4.00	9703.08	2	100.00	0	14	0	0	0	0	0	0
0xb1acb719a25e624f859306bb6d957c6600d1b249	1	7.50	1.68	8165.22	1	57.00	0	4	0.000001651934677937561	0	0	0	0	0
0x0e07672811d4eb22c7ef9f3ebb155cf17f9b2304	1	7.48	2.73	3326.90	1	31.00	0	87	0.000010023069141329444	0	0	0	0	0
0xefaae7dd6a6e2d9db963aa0ad6665dfbe7aa06ac	2	7.48	1.84	8970.32	1	100.00	0	22	0	0	0	0	0	0
0x3e756be298ea913947525b0b0babcd0b09e3e708	1	7.44	12.19	12564.20	2	86.50	109	23	0.0000011488379803026305	0	0	0	0	0
0x64d9bb34491659a5eb126588c523c50e5e5cfd48	1	7.43	3.55	2306.93	2	81.50	106	41	0	0	0	0	0	0
0xd050e74eab1acbe57b48e762e3506b5c51cd314d	1	7.43	0.16	800.24	1	100.00	0	2	0	0	0	0	0	0
0x01f92621addbd8b688fe6539f6a69a0f892502ec	2	7.39	0.23	1139.34	1	67.00	0	22	0	0	0	0	0	0
0xa58627a29bb59743ce1d781b1072c59bb1dda86d	3	7.38	57.87	71553.33	1	100.00	0	72	0	0	0	0	0	0
0x7b9ce794e37b20f61ca98b33740490f19204beec	2	7.37	0.01	70.85	1	100.00	0	8	2.841082924476268e-9	0	0	0	0	0
0x673a25b2871c1c1560e8aae8faf84b60b70e4940	2	7.36	29.77	49744.37	2	70.00	0	24	0	0	0	0	0	0
0x67cdcbea528b34530e5a4d871b284aaca50bed7a	1	7.36	0.01	29.14	1	100.00	0	2	4.952160903570757e-8	0	0	0	0	0
0x84d0f74d21a89f86b67e9a38d8559d0b4e10f12d	1	7.34	53.91	54313.58	5	76.20	19	10	1.557026063636613e-8	0	0	0	0	0
0x141d28bb466e7547ff03bc4bb85b9bf514410984	1	7.33	18.81	46818.96	1	82.00	0	38	0	0	0	0	0	0
0x6e05c6dd712d17bf56e62bd694c3710d8641d724	3	7.30	1.72	1294.24	3	67.00	88	45	0	0	0	0	0	0
0xb399254f4744d91058beec7ed6e1062aae71b126	1	7.28	0.10	495.68	1	55.00	0	11	0.0000030820103691375778	0	0	0	0	0
0x7617452156f474836604c1a79c79c0627be5fe74	2	7.27	0.38	749.19	4	82.50	42	17	0	0	0	0	0	0
0x7e8ce0bc69b8f32517b1581a518086c84d7f1215	2	7.23	2.18	11000.53	1	6.00	0	17	0.000005182354423372004	0	0	0	0	0
0x283a2549b640e56901a8ced2ec5277a32cfe6425	2	7.18	1.97	10029.05	1	40.00	0	15	0	0	0	0	0	0
0x256348328c7b187a6c08bc72bd578cbddc0881f3	1	7.18	0.76	3843.80	1	94.00	0	14	0.0000012606111265967002	0	0	0	0	0
0x93ae6eef133a1097167a15f585eacf1ddf89151e	2	7.17	2.72	1870.27	3	83.33	12	42	0	0	0	0	0	0
0xf4d0bfe3523766766b3e398b2cfbe1c3b74b3718	2	7.17	8.00	20371.21	2	82.00	0	22	8.733076983791221e-7	0	0	0	0	0
0xb5b8457b2e81eef591776f16117e12b3477a59c9	2	7.16	320.36	271023.24	3	86.67	0	39	0	0	0	0	0	0
0xe428002d7a21febf36b20b1bd45e63f755dc4d1b	3	7.16	6.75	34431.93	1	78.00	0	12	0.000004221026517203796	0	0	0	0	0
0x4fc19eea0e0b5ea7607a4527c1e7dd1b1fdbe3aa	1	7.13	0.28	448.41	2	73.50	0	4	0.0000011725249327021459	0	0	0	0	0
0x3b686ed5c35e0830ec754f5858dee82dded647c0	2	7.13	39.10	200165.75	1	88.00	0	11	0	0	0	0	0	0
0x9a6911eba30d4bac207bd95e87d6b78820631e8c	1	7.11	2.97	15232.18	1	66.00	0	3	0	0	0	0	0	0
0xdc3718a13859458c7c31588c542e3fe3a74d8ec5	2	7.11	0.43	2195.34	1	67.00	0	21	4.6623052085692507e-7	0	0	0	0	0
0xa2d021f60abdb50098071325c8b4ea3c40b7b132	2	7.11	0.10	499.57	1	70.00	0	20	0.000001895018320041686	0	0	0	0	0
0xd647164756c5b20489f39df7653d915a77d2dce9	3	7.10	49.16	252790.36	1	58.00	0	19	0.000001770217827878895	0	0	0	0	0
0x5c0c8d1cf51ac8e8d970051ac69dbdb1315b6036	2	07.09	0.82	4227.87	1	96.00	0	17	0	0	0	0	0	0
0xdad7e159db2353a37f39fa58c439264d6e399233	5	07.07	0.46	785.92	1	49.00	0	71	0	0	0	0	0	0
0xa2d8f64ca3c14a5801cdf2a8fee51a82d0a3741d	3	07.07	0.13	337.94	1	40.00	0	33	0.000003683063309889434	0	0	0	0	0
0x80e42cad02a7f4b30269fd4241d9c33f039a142e	2	07.06	2.56	1996.45	4	78.00	0	24	4.204540882124519e-8	0	0	0	0	0
0x454bd0d4a9ec0f91d6d28c37a92c1d3fb4e905e4	3	07.05	1.26	2716.14	3	91.33	15	7	6.86723093205425e-7	0	0	0	0	0
0x9f89c78713788d0ef760239d60b4233528e80637	2	07.05	8.55	22140.08	1	54.00	0	26	0	0	0	0	0	0
0x45bd9654236f5ec14dbf9a946a3dde1ea52cbf76	2	07.05	1.15	2977.91	1	46.00	0	37	0	0	0	0	0	0
0x87e76b96a367e1a92718c8fc7d39c120e2bdba68	2	07.04	33.62	24900.53	1	73.00	0	160	0	0	0	0	0	0
0x76ac2b7e0dce2a8d8d2f4a3e22e86a4f3268b79e	1	07.03	1.15	2988.19	2	92.50	0	2	0	0	0	0	0	0
0xe000b8ed0e86cdf9b136b92fe47fe6d3d6d5e1be	5	07.03	55.28	69690.91	3	90.33	5	7	0	0	0	0	0	0
0x9966956efc8576cf50dc7d21d712b258afd39b29	4	07.02	0.58	1502.79	1	64.00	0	27	0	0	0	0	0	0
0xd7ee5ec89e11f0a828768d40df3cdc07d3e53465	1	07.01	0.47	209.98	10	59.10	2	16	1.8795714984420897e-8	0	0	0	0	0
0xe404ff8078e869d525cdfed6d2ddb8095975bf7d	2	07.01	16.12	83868.42	1	100.00	0	3	1.2607193067282196e-7	0	0	0	0	0
0x24bfae3526e246cf75d0bdb494ca7860948d37ac	3	6.99	0.35	911.04	1	67.00	0	25	0	0	0	0	0	0
0xb421ed747b924454a1a6fa895aae2e958a83eca1	1	6.96	0.05	281.13	1	57.00	0	11	0.000001178821995573287	0	0	0	0	0
0x7e7571df6454d36a4b8d5aede30585a55861191d	1	6.95	7.46	19444.74	2	100.00	0	3	1.0693481655721371e-7	0	0	0	0	0
0x1ce8ed87b7b4cb60f0cc3664bf1fe216163ff55a	5	6.94	17.04	36637.63	2	54.00	120	87	0.0000067393895186729225	0	0	0	0	0
0xf4d0bfe3523766766b3e398b2cfbe1c3b74b3718	1	6.93	7.59	19981.19	1	100.00	0	28	0	0	0	0	0	0
0x47d06a6d5e3f4e738dea3e8df98a4525499f7619	1	6.90	156.13	61878.55	9	52.22	0	18	0	0	0	0	0	0
0xbc3bc8f1c056b5f64910f6e32e419f515ba9cb6d	2	6.89	9.21	24391.46	1	34.00	0	35	0	0	0	0	0	0
0xaef41f0ed3d13516adc878a9a9c183580c230457	4	6.89	0.22	1158.88	1	91.00	0	8	0.000003844522811213835	0	0	0	0	0
0x0ff664edd699bd85610c2782d9dbbbad704b6fc5	3	6.88	0.01	11.15	1	96.00	0	55	0	0	0	0	0	0
0x5b7ad20cc58d6b751922af75dd9cdaad8bdfd3f4	2	6.87	36.77	97733.21	1	73.00	0	45	0.000006824325926579888	0	0	0	0	0
0xafee338c1552bd1695f5e5096a9a7c0898a36c4f	3	6.84	1.49	7950.45	1	100.00	0	8	0	0	0	0	0	0
0xcb3b84b72587e4d47276feaca326ad813348d5e4	3	6.84	1.11	2956.00	1	82.00	0	27	0	0	0	0	0	0
0x791921f4a60e73246a5ceb55e2ae1307e326637a	2	6.83	0.01	21.02	1	39.00	0	72	2.456470471479122e-7	0	0	0	0	0
0xbeb5c459a1089a85718d9ed7639e639193ae36f8	2	6.82	0.09	101.21	1	58.00	0	102	0.0000017724052780998534	0	0	0	0	0
0x039fb282b7292cce26cb8e2940c511e31d23d962	2	6.80	17.59	47199.41	1	68.00	0	28	0.0000014602828501963927	0	0	0	0	0
0xc4fc92b0cf993b4fe0895aaabf4ba02ecbf45b50	5	6.79	12.62	20003.18	2	67.50	94	110	0.000001348307765436374	0	0	0	0	0
0x654c48854fabe49a60d5e79af4bd461196d6c71b	5	6.78	2.53	13621.07	1	90.00	0	19	0	0	0	0	0	0
0xdfb7725fb381a89c9040966afa410f860f1632e1	1	6.78	0.11	588.77	1	59.00	0	10	0	0	0	0	0	0
0x16f562fb6587a19e19761654adb195f8bc879b5d	5	6.77	34.55	32039.10	4	79.00	74	50	2.567406010012263e-8	0	0	0	0	0
0x1d555d7c44cc636c0175a9dfc80fb680d25bd5ea	4	6.77	2.29	12336.16	1	100.00	0	14	0	0	0	0	0	0
0xe2d2b185878fc176a244035b9188c3436a7b16b9	1	6.74	3.84	10391.53	1	42.00	0	31	0	0	0	0	0	0
0xf615e09c562527fac928f21007cf7b38c3f32a97	3	6.73	13.62	36919.24	1	80.00	0	27	0.000002477848470849864	0	0	0	0	0
0x49ceaeec7268289d70fcafc851d1157d37623aaf	2	6.72	3.61	3353.18	4	80.50	5	16	0	0	0	0	0	0
0xa7eadf046fd41b3ad72cce83262571de348b459e	1	6.72	0.00	19.54	1	100.00	0	23	1.6428645110977413e-7	0	0	0	0	0
0x9ebbc7f5067287d90a039459a643c11195f8f158	1	6.71	58.58	8878.33	28	62.86	2	11	0	0	0	0	0	0
0x27164e2a13158c1a796728f7e2460933e9e3a44f	3	6.71	0.11	609.40	1	100.00	0	8	9.193367178639278e-8	0	0	0	0	0
0x5cd4d14d5f586b8d9c944c8567b2c025f4729822	2	6.70	0.48	868.02	3	68.33	7	17	0	0	0	0	0	0
0xd21b2c4fd19561270ba4333b6a8ae77b31b01e48	2	6.69	2.21	6022.83	1	55.00	0	47	0	0	0	0	0	0
0x323d3f02cd32bfb3a6977a890e44c808156480e8	1	6.69	0.05	32.90	1	13.00	0	204	0	0	0	0	0	0
0x8499e0ddc16efbe4695489277a70e33ac83531b9	1	6.68	2.13	3983.07	2	100.00	0	1	0	0	0	0	0	0
0xc0051f40abf4b7f9aa1e81d38558d38d4d1ad130	1	6.67	8.92	9807.69	5	57.20	1	12	0	0	0	0	0	0
0x42db590e25f6660e10e7f46e706ec7c3306fb269	1	6.62	1.53	1577.29	2	94.50	112	40	1.2211945898954468e-7	0	0	0	0	0
0xe5c5a11d1ad75f8a67ca36f2ec6fc4c4a9a1cdac	3	6.60	9.98	18230.47	2	88.00	38	25	9.218509122721485e-7	0	0	0	0	0
0xc2cccb52be0b09a3943282ff74990b539df92309	3	6.60	0.03	156.62	1	81.00	0	14	0	0	0	0	0	0
0x58f7781c28e6c35a37e0a9577f94ebd797ba8d1c	1	6.56	3.76	8188.31	2	100.00	0	1	2.4513390761704557e-7	0	0	0	0	0
0x02451877cea0f7b0f5e5e85de3329565ad1b144b	1	6.54	13.21	7400.96	8	81.13	23	8	1.0606839018212355e-7	0	0	0	0	0
0x24bfae3526e246cf75d0bdb494ca7860948d37ac	1	6.54	0.16	906.15	1	79.00	0	3	1.809635885585692e-7	0	0	0	0	0
0xf6af31547b59022dd42aecd399817a7f5dbb86aa	2	6.54	0.02	63.09	1	77.00	0	43	0	0	0	0	0	0
0x0e304d98145f1974f741a89965ab75d66626723b	1	6.54	0.02	66.24	2	48.00	0	15	0	0	0	0	0	0
0xd8a30dbb3b8b204b6d8bb800d0f2865d07dc904c	3	6.48	0.64	3593.44	1	84.00	0	24	0	0	0	0	0	0
0x7fe4b2632f5ae6d930677d662af26bc0a06672b3	5	6.47	464.84	940459.83	2	88.00	0	11	5.890345433634536e-8	0	0	0	0	0
0x7e9c187b0369c5d3e9e1eca56999b45a7c7ac062	1	6.44	1006.47	61062.42	95	81.43	0	11	1.0616759401440695e-8	0	0	0	0	0
0x172ab243cbf5eb41a0d28ee581fc720f12055dd4	1	6.44	4.81	8827.18	2	38.50	0	28	0	0	0	0	0	0
0xf87e0a571bfc9fa98bc44442e0084fcbfdc7af39	1	6.42	257.72	9077.71	138	67.49	0	7	1.616911113856439e-9	0	0	0	0	0
0xca2f01257904fa21049b5dd74635921ca6474af1	1	6.42	11.98	15663.01	4	91.50	7	2	2.8937963136854705e-11	0	0	0	0	0
0x2b7dd66f1c31f7d3c785bd6414512b70bf923a73	2	6.40	0.65	707.68	3	84.33	0	26	0.000001956112076021791	0	0	0	0	0
0x7e52b698f130b980d68ac45cb043ebd79d38617b	2	6.38	10.01	7821.04	5	76.40	0	14	1.7482493230858154e-8	0	0	0	0	0
0x32ceb7ffc5e01be39dbd6439133b338d371ffb49	3	6.38	0.58	3503.22	2	45.50	25	11	0	0	0	0	0	0
0x9d0214c3db28875fe2b9eb9cd9d4f71e7817890a	3	6.38	0.78	4456.14	1	55.00	0	16	0	0	0	0	0	0
0x7a5ea5597e083228f57c94f3f2a24998a57c4252	1	6.37	01.04	1494.60	2	41.00	0	24	0	0	0	0	0	0
0x718f0ae66c2d7dde737550b4c271f6bc131f47f0	2	6.36	4.23	12150.05	1	52.00	0	45	0	0	0	0	0	0
0x681ebca6c20d413bbb8201d10efd1a288cb7bad7	1	6.36	0.01	59.96	1	61.00	0	20	0.000004282837606783829	0	0	0	0	0
0xd3c6ab0158c0ab1a13908a213b6ed7a9155efb7d	1	6.35	2.37	1212.72	4	50.75	40	71	3.584987307014842e-8	0	0	0	0	0
0xd786bdd3429aa5b23e3c3127763c839c76f7e178	3	6.33	0.40	770.23	1	97.00	0	68	0.0000019689158414770702	0	0	0	0	0
0x5ea049fc9be02f2978fcea7c7c1646a88575e484	2	6.31	0.02	112.78	1	71.00	0	11	0	0	0	0	0	0
0x00236feeac26ef92552e3981096350d136084c64	1	6.29	113.57	350045.62	2	61.50	0	15	0	0	0	0	0	0
0xbba3acd2bc8f3b835ab02437d114c8b882d3f92e	5	6.29	2.34	13573.10	1	96.00	0	17	0	0	0	0	0	0
0xb18b9492d77e793541adfa3eb9914d233a9ae7f5	1	6.26	0.07	203.17	2	87.50	372	9	0	0	0	0	0	0
0xefe5eb0977814945d35c99c66b954026341075a1	2	6.26	2.55	3708.57	1	51.00	0	84	0	0	0	0	0	0
0x1cda6af915399fd20d6b253b8cfdbd9feda73baf	1	6.25	268.41	45401.14	31	69.94	4	28	8.617715501775401e-9	0	0	0	0	0
0x9800511c5082c3aa6f4335a75dc78b1a87ea307a	1	6.25	1792.09	420168.07	18	86.61	24	13	0	0	0	0	0	0
0x4edd50d8f20480e8246fbf7f0c00df58c4e074e5	1	6.24	268.49	58512.87	19	56.89	2	23	1.8683587250422599e-7	0	0	0	0	0
0x2418f2876cef7d9c0ce7fb04bad88077a9e15edd	2	6.23	0.16	476.11	2	61.50	0	16	4.0867874084860034e-7	0	0	0	0	0
0x6b73f63cf407beb818d011b0f1ea144ffa56fb7b	4	6.23	1.26	3694.60	1	49.00	0	29	0	0	0	0	0	0
0x9f23001ec9a2d34ec22996d3c8508e73b0472d83	5	6.22	0.80	1168.93	2	22.00	0	46	0.000001097492013935053	0	0	0	0	0
0xdddcd66893097ba4fb6086aeea5c199245477c45	1	6.21	2.35	4351.01	3	76.67	0	7	0	0	0	0	0	0
0xd9e550ce45a1cfacc0c00f8d28181709df6abfa9	3	6.21	67.41	198040.89	1	53.00	0	36	0	0	0	0	0	0
0xdbd656c7772eec7f1e480a449a75d4175bcad54e	1	6.21	0.08	122.41	1	45.00	0	74	0	0	0	0	0	0
0x615d54d75193c93f28166adcf7b615d5d47b4dbe	5	6.20	103.68	203473.02	1	48.00	0	59	0	0	0	0	0	0
0xc21630862828c7f8febdaaafe8c887630c98d739	1	6.20	0.23	1367.61	1	86.00	0	14	0	0	0	0	0	0
0xe9106227816b59b3c0cf74670e02440740d4e23c	7	6.19	33.80	199338.24	1	84.00	0	21	0.00000440075722529798	0	0	0	0	0
0x733d6d5010a9e478c8110e3a22d3e2ccd45c1a8f	1	6.18	0.48	2852.86	1	36.00	0	20	3.379073687526102e-7	0	0	0	0	0
0xf4e9f76c6d911b396bb67758ec0b913508ed173b	1	6.15	0.53	818.03	3	41.00	2	12	0	0	0	0	0	0
0xc61cc3107ad698103ace17beb39b1ac139646209	2	6.15	03.01	8927.55	2	50.00	2	7	0	1	-887272	887272	0	0
0xb3573dffe6006483aab85dd7aff4aac0f9e44f25	2	6.14	2.57	5207.00	3	81.67	79	11	5.931567829501697e-7	0	0	0	0	0
0x7d4390e53b9f07d913dab03a9a3991365d9d3a1d	5	6.14	0.91	1894.07	2	96.50	0	32	0	0	0	0	0	0
0x80caa68f7ca84584999a3fabf5988be4934a0659	1	6.13	0.01	20.42	2	50.50	0	771	0	0	0	0	0	0
0xb3bfb32977cfd6200ab9537e3703e501d8381c9b	2	6.13	104.51	90040.62	3	67.00	0	21	0	0	0	0	0	0
0x2a0bdd6810204fc703499424020c449eab395ab3	3	6.13	08.02	9542.96	1	50.00	0	98	0	0	0	0	0	0
0xcd36a43e68385973aff5d92e921eac2d33549d60	1	06.07	25.93	40345.77	4	63.75	180	7	1.5014657017697886e-7	0	0	0	0	0
0x8703a1ac3a2474ee68a1154b7538172f9865192c	1	06.06	0.03	34.14	3	87.00	76	39	8.401225122985542e-7	0	0	0	0	0
0x02ad9a8eee316a143f46bb91064aa035fdf8c11a	2	06.06	61.20	65071.28	3	78.67	35	20	0.0000017257231236615194	0	0	0	0	0
0x6ab7ed185548e7b5fe00196bd69edb36ca6de7a9	1	06.06	82.91	56130.73	2	37.50	0	96	0	0	0	0	0	0
0x3b0718a2ae5c96c5e8bfaa5c977d618420e944de	1	06.06	1.51	9088.27	1	90.00	0	4	0	0	0	0	0	0
0x6f27486b6c9a7a7fef4a6186aa9c0ba746a5a0dd	1	06.05	1.30	1051.01	6	86.50	77	7	1.687168923088696e-11	0	0	0	0	0
0x2eebb45c6f1b3b1a12665f541ac7f6937bc8bfa1	2	06.05	0.53	3192.53	1	39.00	0	16	0.000006672883745562075	0	0	0	0	0
0xc679790cab79b3e3d9eb72381a024b07705c413d	1	06.04	41.18	40576.79	5	90.60	3	3	0	0	0	0	0	0
0x5a5bbbacb4cd325d2f44771abdfb3d7c3697ab16	1	06.04	1.88	7494.74	4	54.00	4	7	0	0	0	0	0	0
0xa248d0705ebfb82b4567f3ed236cec596ef387d6	1	06.04	18.96	114482.17	1	41.00	0	7	0.000004857164015437121	0	0	0	0	0
0x6f3a2a0975a2be0b53325b044ef9ad6dcaece680	1	06.04	0.20	590.12	1	55.00	0	25	0	0	0	0	0	0
0xa62ae6615246cbf96536e50115137bb2ebe8fbc1	1	06.02	0.28	1970.17	2	47.00	0	5	4.311380585875213e-7	0	0	0	0	0
0x323d3f02cd32bfb3a6977a890e44c808156480e8	5	06.02	2.45	945.99	2	60.00	0	119	0	0	0	0	0	0
0x70d22fa684c6cd24af1730c39f930196fd3e1979	1	6.00	32.97	50085.10	4	99.50	0	8	0	0	0	0	0	0
0xfcecc24729bccb72fb3ec5d9bcb25a8051e246fb	2	6.00	0.58	1727.69	2	87.50	28	5	2.1562140406494734e-7	0	0	0	0	0
0x4fbf12f480f1dfef4919d7c54a15204605660e6d	2	5.97	0.03	198.07	1	81.00	0	22	0	0	0	0	0	0
0x0db47873539c5120998144e5098faa436f986988	2	5.97	0.01	60.99	1	81.00	0	15	4.745726367438863e-7	0	0	0	0	0
0x446924c2c25ca1bcd5b5edb49abad9353f82ee61	5	5.93	0.07	408.12	1	100.00	0	8	5.2883031287365156e-8	0	0	0	0	0
0x60f0dd98ed1ad2a3a0365ed5fbcd231cde735027	10	5.92	0.31	1893.60	1	100.00	0	10	0	0	0	0	0	0
0x51ba05662a3b00731d451014540049b08a4e9ea5	1	5.91	1504.06	130166.44	42	69.98	3	22	2.431313351705523e-9	0	0	0	0	0
0x6147ed2f8402b0a0d7b487555c4fee4239181513	5	5.91	0.10	587.35	1	90.00	0	17	4.214450233241962e-7	0	0	0	0	0
0xe791c14b4f875bc5ffcd7254291855295c001a02	4	5.89	2.85	17652.27	1	83.00	0	16	0	0	0	0	0	0
0xc6198d248a41635a43fd36fea67c81f121cba8f0	3	5.87	17.14	7608.68	1	42.00	0	335	0	0	0	0	0	0
0xc827c2562898a8599c631f694da34b626099dc54	3	5.86	08.03	50028.58	1	39.00	0	23	3.9268429619099265e-7	0	0	0	0	0
0x32ceb7ffc5e01be39dbd6439133b338d371ffb49	2	5.86	0.35	1098.48	2	26.00	0	8	0.000002045398334038495	0	0	0	0	0
0x7ce7fa2d3447c952eb7b284fa833db2c79efe9a2	2	5.86	0.09	562.53	1	32.00	0	9	0	0	0	0	0	0
0x2371d57b23b7d6a56bb88b246b75dc653a4dede4	8	5.86	0.01	50.15	1	100.00	0	21	0.000002468389881382649	0	0	0	0	0
0x35dabbf0190cb68dee6d58b7ebfd28dd34959879	1	5.85	207.36	165387.76	5	57.40	58	19	0.000004747681259242853	0	0	0	0	0
0x4096d69dee9ebdbe23c939a241660f7861e0a223	2	5.84	0.30	931.21	2	78.50	0	2	7.04472763457531e-7	0	0	0	0	0
0x5e7a067e47310a7c3aba98ec7d57e3546e98db8c	2	5.83	0.00	10.19	3	70.33	0	20	0.000003006205780605361	0	0	0	0	0
0x73e9f22012883e19521aa8060b0603d708bf4390	1	5.83	12.45	38932.62	2	100.00	0	13	5.175532225010215e-9	0	0	0	0	0
0xa06c44151e84a85456a1370cc73a23848d1802ff	7	5.82	15.47	97074.79	1	100.00	0	13	0	0	0	0	0	0
0xc7b1db6546576261e88e2e2f1b2387d4e853d925	1	5.81	02.07	509.63	8	51.75	95	38	7.755821124222351e-8	0	0	0	0	0
0x0a170cdb6eb5a46c15cffd727c8659f2f371f478	5	5.80	31.94	100546.93	1	39.00	0	46	0.000005719559348360548	0	0	0	0	0
0xeb3076445fd8f8ac208516879382114282cb30cd	3	5.78	47.76	16516.61	16	70.81	59	12	0	0	0	0	0	0
0xe9d3f818869fe6b49b4af1cc20128e0390dfaff6	4	5.78	1.43	4768.78	2	68.00	62	37	0	0	0	0	0	0
0x3bd58ccee4325ffc37838c2c76b0381e47e0111f	2	5.78	0.16	985.91	1	67.00	0	18	0	0	0	0	0	0
0x99646f73b54afaf5bc0c40e8ff1580a2adf15e20	5	5.76	0.32	499.60	1	80.00	0	76	0	0	0	0	0	0
0x67aee39cfaf5915b12d319ba4a99f51a5d736fd3	1	5.74	12.73	6852.40	10	73.60	0	23	5.814948911275764e-7	0	0	0	0	0
0x95c7603944bfed303c4c93349cd61f6818931f91	2	5.73	6.38	4942.45	5	88.20	0	22	2.5210824539101395e-8	0	0	0	0	0
0x55580d0f3b6f3ae1587c5e5cbf83d94f5c6c9e9e	6	5.73	2.20	4321.55	2	86.00	155	31	0.0000033963539480819094	0	0	0	0	0
0xf2b55375ee626254638899f3b7e1671d5380482b	5	5.73	0.25	532.43	3	84.33	0	17	0	0	0	0	0	0
0x23fcd104a217f316dbfa66efcef38f0a084971ad	5	5.70	0.47	1016.77	2	52.50	0	24	7.138559188213378e-7	0	0	0	0	0
0x046d349a609f57482f8fa411ea5c7b9963bd996c	2	5.70	0.16	249.75	1	49.00	0	78	6.657630002848691e-9	0	0	0	0	0
0xdf98f0e1fe7f717c579d605aad7908f634578a5d	1	5.69	129.79	8082.50	54	70.37	0	18	2.504165496363408e-8	0	0	0	0	0
0xf38d868aa43d4f662c0c1b18950a999828a562ef	2	5.69	1.57	3330.43	2	26.50	122	59	0.000003977498030938165	0	0	0	0	0
0xcbe28f932fb44c2c078c73261e134872405331ec	1	5.69	0.01	88.88	1	21.00	0	24	0	0	0	0	0	0
0x95c7603944bfed303c4c93349cd61f6818931f91	3	5.67	6.23	12011.86	3	63.33	10	15	0	0	0	0	0	0
0xadaab66cd5a900ac140f1fef544bd235d8f31fd1	1	5.65	0.77	4989.16	1	56.00	0	9	0	0	0	0	0	0
0x5e199814f74b452245ef20657d8d5d8cbe820c0c	3	5.65	0.26	1683.48	1	68.00	0	9	0	0	0	0	0	0
0x148a499b66c5bc1db81d11ee7bc6785869e431eb	4	5.64	3.61	7795.29	1	58.00	0	53	0	0	0	0	0	0
0x4ba582b83200d0eb61ec502b6cfa5d48477a72a1	5	5.64	1.25	504.90	2	13.00	0	182	0	0	0	0	0	0
0xbb1afb2660caa80facdc8447fbbfcff8e0cd15a5	6	5.64	0.61	1972.11	1	71.00	0	30	0	0	0	0	0	0
0x429d821e190fd37fb8572322922efee78bfb9a01	2	5.60	20.02	14962.68	5	76.20	29	14	0.0000010363256586209957	0	0	0	0	0
0x9aec9670dfcd9a86a54f41dc1a05f768858457f5	3	5.60	10.05	32754.05	1	96.00	0	27	0	0	0	0	0	0
0x7e8ce0bc69b8f32517b1581a518086c84d7f1215	1	5.59	18.75	13453.54	6	51.17	0	19	7.409444187829924e-7	0	0	0	0	0
0x174ce575c74b025a99173e26df4930c10e5c5555	1	5.59	01.09	1757.69	4	81.00	0	10	0.000001204409097455006	0	0	0	0	0
0x1bc8c6c06a43e3fbb2ebc613e0ebc0ecb95b5937	1	5.58	22.89	49952.16	1	21.00	0	56	0	0	0	0	0	0
0xa52dcfe42d60b80060140ad628383f85402f8b1d	1	5.57	0.20	1311.48	1	77.00	0	8	9.551535229412877e-7	0	0	0	0	0
0xbfa7349abbaa600bbedad185f7b08229d38e1f2d	5	5.57	0.00	2.15	1	80.00	0	88	0	0	0	0	0	0
0x8642afe3f25ec7bd8caf73418b23b0ef26c4d9c0	5	5.56	0.37	96.33	3	46.33	0	583	0	0	0	0	0	0
0x057b0bbaba37c60bb39c136098e1d2103f535b88	3	5.56	2.99	19641.27	1	100.00	0	4	0.0000016772873978609937	0	0	0	0	0
0x7e585b7de11fceeeb0dca46850d13026ea2678d9	1	5.55	1.87	1154.06	6	83.17	0	19	0	0	0	0	0	0
0x5ec5e036df8cb3782c248ded7bf0b9cba031bbbc	10	5.55	0.55	905.50	1	97.00	0	92	0.000016422228832357888	0	0	0	0	0
0xf18a1ff35822f45d67742989dd28542ec927caa2	2	5.54	19.35	15272.84	6	91.50	18	24	0	0	0	0	0	0
0x54c844fe577bb1e69ff10f4c5cdd765b22e743c8	1	5.53	0.18	397.82	1	62.00	0	52	0	0	0	0	0	0
0xdcff316bcda6674672e6c21a32496ac61d3b12a0	5	5.52	1.46	4817.24	2	54.00	0	10	0	0	0	0	0	0
0xca0073964efe7f9422ceb16901018b1db0cc4785	5	5.50	1.24	2739.12	1	97.00	0	71	0	0	0	0	0	0
0xe27eb33d63ec9b6073fb5e31e10b5be3439d96ed	10	5.50	0.90	500.00	1	60.00	0	276	4.627847993710077e-7	0	0	0	0	0
0x5cee680cb532b09df69df457a31f3e949aec8669	1	5.50	0.01	22.70	1	17.00	0	24	0.0000034411362204167517	0	0	0	0	0
0x9c056445c0cfc3b787fd677defbc91bb4fa9290b	1	5.49	0.01	85.52	1	26.00	0	19	0.0000032902155888692164	0	0	0	0	0
0xb2d9e0fb6a6ce8d579361626726bddd4f1309379	2	5.48	0.55	1819.27	1	90.00	0	24	0.000003776466173111004	0	0	0	0	0
0xc5310ae4d318b2ab1ec6296cfb5c523c0784bb27	5	5.48	0.43	2890.63	1	44.00	0	9	0	0	0	0	0	0
0xeb3076445fd8f8ac208516879382114282cb30cd	2	5.47	32.10	15552.10	13	85.38	19	7	0.0000016572595279002328	0	0	0	0	0
0x446924c2c25ca1bcd5b5edb49abad9353f82ee61	1	5.47	0.07	494.29	1	100.00	0	2	0	0	0	0	0	0
0x09269732fbf0aa03c061e99595639232794f9d8c	1	5.46	116.49	92107.35	4	28.50	7	34	9.483938995247243e-7	0	0	0	0	0
0x3b140237a113bb93fe80b24b2ca9abd71fa7f298	2	5.45	0.34	694.87	2	50.00	0	699	0.0000012771069812789193	0	0	0	0	0
0xebe6b0ccb0af76455d7d94bf0c54858f1651bb17	5	5.45	1.99	1906.16	1	86.00	0	166	0.0000036384892765362054	0	0	0	0	0
0xeff2985a365b9101fe221e5053bcb7c85f4c4a60	1	5.44	3.84	5791.07	3	85.33	1	5	0	0	0	0	0	0
0xe9ccb5875bb0b6639eb8de0c0149a36111276928	10	5.43	0.80	1080.82	1	100.00	0	108	0	0	0	0	0	0
0xca686974913389d42f3c5f61010503daccdb487a	5	5.41	68.87	464600.30	1	69.00	0	22	0.0000016817856995920977	0	0	0	0	0
0x6175e7a985caeac2db12fada99e626ebd6fe7bcc	2	5.41	49.47	166883.11	1	45.00	0	42	2.1837831543081165e-8	0	0	0	0	0
0x961043a95e4b592cf0c7c53669f425e19e5b403e	1	5.40	1.48	4992.29	2	23.50	0	1	1.2257210246779948e-7	0	0	0	0	0
0x274453b22137cad75d2eb677e327144e6259a928	2	5.40	0.60	4072.96	1	100.00	0	2	8.972158904718697e-7	0	0	0	0	0
0x4f9403ebd55ad02b922712f28fc263ed86cdb3ea	2	5.39	0.54	3635.79	1	61.00	0	15	6.578120159694834e-7	0	0	0	0	0
0xad379daa5d1229dd39ad6a3d2cd8fd1e63269dba	1	5.35	5.38	36710.56	1	100.00	0	3	1.219577216993173e-7	0	0	0	0	0
0x090d869dbb9215bdb18d61ebb1cbda8434e6f4cd	5	5.35	3.80	25915.09	1	100.00	0	4	0	0	0	0	0	0
0x8e0917f6ee8fe42d77bfefd26fa5948e26cb7aa4	1	5.35	0.66	752.36	1	21.00	0	138	0.000009117124322166603	0	0	0	0	0
0x8325aff2ccc014468cdf20f2538d8534db7a100f	5	5.34	0.96	1367.18	5	86.80	11	17	0	0	0	0	0	0
0x01ca0fae5480ba25b08c51496bf6c485c2289fbc	2	5.34	0.07	449.28	1	66.00	0	23	0.000004133675746142984	0	0	0	0	0
0xb421ed747b924454a1a6fa895aae2e958a83eca1	2	5.33	0.11	773.28	1	66.00	0	11	0	0	0	0	0	0
0x6ba7b6406e12a4c6dc6f96c4c7da06c9ddbf3022	2	5.32	0.03	98.57	1	57.00	0	25	0	0	0	0	0	0
0x788b8b3e7063d17fb0c6dfdbf26d45b82f51c82c	1	5.31	761.82	37445.03	69	77.71	4	11	0	0	0	0	0	0
0xd9cf2e3e07955af2f272030e35a948326cf733f7	1	5.31	1.30	1508.42	6	71.83	40	4	0	0.16666666666666666	-147878.66666666666	147878.66666666666	0	0
0xdd0cdf8d98d9ad3adfaa49aaecd444bfa01d9c9a	1	5.31	0.03	61.55	2	57.00	0	25	8.183325350685777e-7	0	0	0	0	0
0x933d7eb16c7d8a6172878678ca8b30f30bdfbd6f	1	5.30	0.07	70.68	2	51.00	0	59	0.000004163657568723167	0	0	0	0	0
0xbefe67542bab11de3ca315163a93afb116bfb119	1	5.29	1156.11	116617.90	29	69.34	1	20	0	0	0	0	0	0
0x7e585b7de11fceeeb0dca46850d13026ea2678d9	2	5.29	0.25	1742.82	1	92.00	0	17	7.059038242829274e-7	0	0	0	0	0
0x6859da14835424957a1e6b397d8026b1d9ff7e1e	5	5.28	150.41	511165.40	2	77.50	0	21	0	0	0	0	0	0
0x32ceb7ffc5e01be39dbd6439133b338d371ffb49	1	5.28	0.32	2227.05	1	58.00	0	3	6.87036760815829e-8	0	0	0	0	0
0xb0bada5d45d939a03c6d211d24a61a4418d7cd13	1	5.27	973.31	22111.35	240	73.43	18	9	0	1	-887272	887272	0	0
0x6465599be194371e842d7c35a1d72ea1318e4137	2	5.26	0.44	1516.95	1	86.00	0	25	0	0	0	0	0	0
0x5e7a067e47310a7c3aba98ec7d57e3546e98db8c	5	5.26	0.00	9.70	1	85.00	0	21	0	0	0	0	0	0
0xbb0c1e9297b0d851402475dc6689ae5ffcb9bbd9	5	5.25	0.72	1001.80	1	88.00	0	118	0.0000016081231346554148	0	0	0	0	0
0x2b733c743ede4bc575ffe2073067bc3ec7c06d06	2	5.22	0.40	2805.47	1	31.00	0	7	0.0000020389627986006076	0	0	0	0	0
0x5ec5e036df8cb3782c248ded7bf0b9cba031bbbc	5	5.21	0.24	241.87	1	93.00	0	145	0	0	0	0	0	0
0x05a2e50c5e4d724897b67b708db432a38c985f83	1	5.17	31.58	36588.10	5	71.00	101	9	2.985012681477883e-7	0	0	0	0	0
0x454bd0d4a9ec0f91d6d28c37a92c1d3fb4e905e4	1	5.17	0.67	2408.17	2	63.50	8	5	0	0	0	0	0	0
0x6203b019fa3e7772313ca5911eb03e675871e9c7	5	5.16	0.03	206.43	1	94.00	0	5	0	0	0	0	0	0
0x676aefdcb337ea75a41cddfafea639b35caa395f	1	5.15	0.18	636.96	1	23.00	0	34	0.00000317733350740923	0	0	0	0	0
0x211a42ce37b688b50dc1a7e91cf321970274a50f	1	5.14	54.48	128800.28	3	92.00	0	11	0	0	0	0	0	0
0xa95695c71256e41c5d128ed8bcca88a01dace919	2	5.13	0.41	1457.26	1	42.00	0	26	0	0	0	0	0	0
0x2d8bd6e540c4a6dfe70304ab77654a0ac2414613	6	5.12	0.03	89.75	1	100.00	0	42	0	0	0	0	0	0
0x8985d5c3465d07321e981f3289eae1789ee13c79	1	5.10	338.71	48544.09	30	67.27	0	24	9.970882638062524e-8	0	0	0	0	0
0xa58b0fef77943d2ae21e7d619df83fd910d92a2a	1	5.10	0.17	619.30	1	29.00	0	27	0	0	0	0	0	0
0xfc7af206e1a69f7886fb47ff8e1287fff4406d03	1	05.08	9.55	27162.80	2	70.50	0	21	0.000008935291728739969	0	0	0	0	0
0x0e5dcec05495e0ddfaf358b269602f44496cd6c4	1	05.07	9.42	1437.28	37	61.59	11	12	1.3737039733958018e-8	0	0	0	0	0
0x58876948edd799dbba00081d54bd6162a830b86f	4	05.07	0.68	4872.04	1	100.00	0	7	2.4695873124258583e-7	0	0	0	0	0
0x51dcd4d4632149f8fdf9fca8c79700595e8034cd	1	05.07	0.03	196.70	1	44.00	0	14	0	0	0	0	0	0
0x0612515d09067510daec21263af2317906e33192	5	05.06	0.01	69.65	1	100.00	0	11	6.1914251503480955e-9	0	0	0	0	0
0xe3ad38d0c2aacb7cb59ddf0f7b8aaa1b2121cdf3	5	05.05	1.48	5355.72	1	64.00	0	25	0	0	0	0	0	0
0x27b11bcb001d0e751271db594e96b91d1f4a03b9	1	05.04	0.53	332.59	2	46.50	143	97	0	0	0	0	0	0
0x6dd1e0028ef0a634b01e13b2291949255610b38f	1	05.03	10.22	16813.31	3	84.33	13	16	1.4787157424459943e-7	0	0	0	0	0
0x4e0e2610ae04e40217af18d0c3958ca88933abc0	3	05.03	2.75	10102.77	2	94.00	0	9	0.0000010016977025628648	0	0	0	0	0
0x4130d96971a2ccd408f3ff75d5bc9daf147b314c	4	5.00	21.90	78461.40	2	47.00	0	3	0	0	0	0	0	0
0x145f46aa54dd11cbd96c4f85c73b0db3ac9270c0	1	5.00	0.37	339.96	1	30.00	0	169	0.000022865408788597108	0	0	0	0	0
0x977762a5d4f5b334ffe4eb4f05b2c6847ff7348d	1	4.99	336.50	58113.70	33	71.06	2	14	0	0	0	0	0	0
0x260a03c6576556484141cb4d0bf6b464c2ac519a	2	4.98	0.12	885.39	1	100.00	0	2	0	0	0	0	0	0
0xbcdcf356f30ecc5f543dee5523e5b94a7685b7f8	2	4.97	3.65	13430.50	1	60.00	0	45	0.000028956427211568325	0	0	0	0	0
0x781e028a002dda7e5842fc8671fe006b51b4c7bd	3	4.96	0.07	256.05	2	60.00	0	8	0.0000012569644602944408	0	0	0	0	0
0x77f22d9a94bcc99ce9a3adfd6db27c907f35d1ae	5	4.96	1.34	4539.81	2	100.00	25	11	0	0	0	0	0	0
0x55d607ebcdae3d0a5da08d92f115638115972ce0	3	4.96	0.62	1143.17	1	62.00	0	87	0	0	0	0	0	0
0xa0d1d716aa96c1cdc065ab6233ac7d3a530f45ee	1	4.93	0.45	570.35	3	75.67	245	10	0	0	0	0	0	0
0x3efed426257b1493e4fad8f54361649642f5b43e	5	4.92	28.13	29829.81	1	40.00	0	167	0	0	0	0	0	0
0xbfd87846b7684fbaf22ff50430dec86ad3c033d3	5	4.92	0.22	1644.16	1	21.00	0	19	0	0	0	0	0	0
0xfa99b2e7e59f825317be8d88ce170523ead1acc7	1	4.91	0.05	94.57	2	33.50	0	39	0	0	0	0	0	0
0xd5b71fa1e496d827f040912e02f7f6f47b5f1e7e	6	4.91	819.76	152240.99	2	61.00	0	472	0	0	0	0	0	0
0x6610c460cf1a42b33c60b916b3f96bdfc3bf3eb8	2	4.91	5.45	40516.58	1	73.00	0	3	0.000002192099890496735	0	0	0	0	0
0x8709a1e4cf079f49e918e172974655bc124e0665	5	4.91	0.42	3110.11	1	84.00	0	15	0	0	0	0	0	0
0xbca4d68be543dcefb1a8bccb519503f9ba3f2026	1	4.90	7.74	57699.81	1	41.00	0	5	0	0	0	0	0	0
0xce6c0bd926a76d715c829be4965ad064447d754f	4	4.90	0.77	2861.57	1	52.00	0	27	0	0	0	0	0	0
0x6ebcddc1cf51969a0672210267c7dbb88f6ff54e	1	4.89	0.03	234.27	1	82.00	0	7	9.82447312392054e-7	0	0	0	0	0
0x5ac37964ebcbc68efb51497031ccc355a137dcc5	2	4.87	25.92	98350.34	2	100.00	0	0	0	0	0	0	0	0
0xb81eed2a65d32cf2886d3790e50ed6fdda0776b1	1	4.86	0.04	273.95	1	49.00	0	10	0	0	0	0	0	0
0xed101f7b40cdf28566cc275f6d42e467d5edd0ef	5	4.85	5.55	6196.77	4	80.50	82	32	0	0	0	0	0	0
0xe03a07aa1010549d74adf04a94b04d74e5a48aa0	1	4.85	0.43	3217.85	1	100.00	0	1	4.1703549502614123e-7	0	0	0	0	0
0x925bed4c96b17341fad0ce8ece0f9eb3d073062b	1	4.84	0.41	793.82	3	79.33	205	15	7.510985537232766e-8	0	0	0	0	0
0x43e3d95491ddecf81e5f27d30e100a58a8abd761	5	4.84	0.93	1003.97	1	12.00	0	154	4.663003316807135e-9	0	0	0	0	0
0x60201f7c0774cba96e1db1a915ae1748da3faf12	1	4.82	4078.76	1692957.15	16	81.75	3	6	0	0	0	0	0	0
0xf33ce2d9a8deada9a0d5017c2f11bd530048ae9c	1	4.81	0.06	432.73	1	100.00	0	2	0	0	0	0	0	0
0xfe8427a949048d14bb26778fa1253d79aadab6ee	2	4.80	0.15	1144.16	1	97.00	0	24	0	0	0	0	0	0
0x62c7993afd26013562ccb6c68d82299b60f79cc9	2	4.77	0.45	3449.99	1	100.00	0	6	5.327942531607732e-7	0	0	0	0	0
0xf9c4c481f0dd86642aa3563a027961260736aae5	5	4.74	0.14	273.64	1	100.00	0	73	0	0	0	0	0	0
0x14ebe391c51e64ca9ed842d61b680bea10ccd5ca	1	4.73	107.99	15462.23	42	79.95	7	13	3.2480452983292486e-8	0	0	0	0	0
0x71058dbd20f659cc40600fdce158e24620bf7493	3	4.73	0.03	263.51	1	86.00	0	10	0	0	0	0	0	0
0xf6af31547b59022dd42aecd399817a7f5dbb86aa	10	4.72	0.65	506.32	1	74.00	0	236	0	0	0	0	0	0
0x89168a6c5235d5838f19dfd45d4299d755e7068f	2	4.69	1.63	12689.30	1	45.00	0	22	0	0	0	0	0	0
0xfe0b729221f846b46b6be642425db8326a4761fb	5	4.69	0.12	896.33	1	100.00	0	7	0	0	0	0	0	0
0x5146b43ae9fd7c28ae40c79f321465a069ea4263	2	4.66	0.03	197.85	1	100.00	0	2	6.60602217372741e-7	0	0	0	0	0
0xd9e550ce45a1cfacc0c00f8d28181709df6abfa9	5	4.65	87.67	183981.68	2	100.00	77	18	1.6792023327383276e-8	0	0	0	0	0
0x9aec9670dfcd9a86a54f41dc1a05f768858457f5	5	4.65	0.95	7498.97	1	97.00	0	7	0.000003860101382979764	0	0	0	0	0
0xc3c4445f5eaef12674912768a5a73638b8f44f81	3	4.65	0.04	288.37	1	100.00	0	8	0	0	0	0	0	0
0x6e05c6dd712d17bf56e62bd694c3710d8641d724	4	4.64	0.93	1265.61	4	54.50	31	28	0.000003991396368974165	0	0	0	0	0
0xe6474ab7e1a3d07515cf1e93e904b0c0531791e0	1	4.64	15.84	9201.53	2	69.00	0	135	0	0	0	0	0	0
0x0c9c3ba64072eb566b0e9a4b6bb0d7b204d68469	1	4.63	0.71	2125.11	3	93.33	0	10	0	0	0	0	0	0
0xccba884dd6f7fd2884f8a0ad300d08139473f406	5	4.63	0.01	65.26	1	50.00	0	24	0.0000016220258358679018	0	0	0	0	0
0x39d27f1157b6fd3a711263788431c036442d760b	2	4.61	5.10	3776.34	3	83.67	0	34	1.5987589030430627e-7	0	0	0	0	0
0xd59fc3d098a8b2d402dd8e589c6406b82d6c2de1	10	4.61	2.94	11629.60	1	93.00	0	38	0	0	0	0	0	0
0xf1647d6053d94cdcb8ccd9943cea603352460c9b	10	4.61	0.05	178.37	1	90.00	0	47	0	0	0	0	0	0
0x5ec5e036df8cb3782c248ded7bf0b9cba031bbbc	7	4.61	0.03	83.66	1	78.00	0	69	0.000015613647785794882	0	0	0	0	0
0x6a414b51ceaf33ef465eb853b0b070512afdd717	2	4.60	13.91	23146.52	2	82.00	154	21	0.0000013641477780712563	0	0	0	0	0
0x01f92621addbd8b688fe6539f6a69a0f892502ec	4	4.60	0.22	1763.88	1	82.00	0	13	0.000008064831902299119	0	0	0	0	0
0xfb5c8ad70670283021b942f29f9bc1e3bc1ae476	2	4.60	0.08	103.24	1	39.00	0	135	0	0	0	0	0	0
0x4e7958d7939381097470f33f2ef5b598c6965887	1	4.59	104.60	117338.19	5	98.60	3	2	0	0	0	0	0	0
0x37ef98a3c46a921ce959e425cab5047f2a612f54	5	4.56	12.30	49221.95	1	89.00	0	27	0	0	0	0	0	0
0x1f00db89777c0f5e6d8e74014df9970467da69d5	2	4.55	0.63	2507.55	1	65.00	0	40	0	0	0	0	0	0
0xbc6565913a8c36d110a59927b3f3aed9a94a43f7	1	4.54	1017.40	95581.77	66	77.82	2	12	9.259793268856845e-9	0	0	0	0	0
0x6468335d85ad1587d0f73c23efb0dcf2f45698f5	5	4.54	0.24	396.91	4	73.00	7	20	4.199013553529696e-7	0	0	0	0	0
0xa8251d5446d4f8fb72fecff8bf2aac0f94ef1eab	1	4.54	0.03	112.84	2	39.50	0	9	0	0	0	0	0	0
0x9835ca13477414851ea1d728cd223a9b6a40a472	3	4.54	1.59	12750.37	1	9.00	0	22	0.0000018676726054600579	0	0	0	0	0
0xfec87a6980f6031691ead9d3a40cf687dee33b10	5	4.53	0.23	1858.19	1	100.00	0	10	0.0000010473369616015304	0	0	0	0	0
0x11b5caf3ad10d3f4384cdb8ea46f525802d52113	5	4.52	0.05	209.08	1	97.00	0	31	0	0	0	0	0	0
0xbe7dd82facd47d3598803f44cb980078466aeba3	1	4.49	7.32	6466.01	8	62.00	50	20	5.117845036650692e-9	0	0	0	0	0
0x8ad7b990951e55130968f23d4ab5e219ad10dbcd	2	4.49	36.46	296157.11	1	100.00	0	8	0	0	0	0	0	0
0x9a7709771eac603db75ab7f6af372c4b253bd6b1	5	4.48	18.12	147660.46	1	85.00	0	14	4.117380880686028e-7	0	0	0	0	0
0x940e904951fe56df9fb8ae2f2a124a0357bfcdc5	2	4.47	41.17	46365.27	6	95.00	5	10	1.513101643979553e-7	0	0	0	0	0
0xfc4dcf97f138919033e04ff1639414f8915eef4a	4	4.47	0.11	400.68	2	78.00	62	28	0	0	0	0	0	0
0x47f2d21dd1c77030a4f34f6a0447ae44f13e9073	1	4.47	2.39	1628.52	1	22.00	0	269	0	0	0	0	0	0
0xbafbd9637af2b66e23dcbda351f4977d6288cbf7	5	4.47	0.88	1024.84	1	10.00	0	147	0	0	0	0	0	0
0x03696eefcebc504149b5a3e13825c1a4d4af7f15	1	4.47	0.49	2017.76	1	31.00	0	26	1.978012753589553e-7	0	0	0	0	0
0x99646b7084051ec86c76f0d14b5d4d36ed5bd272	1	4.46	0.25	510.25	1	24.00	0	74	0.000004607215375873608	0	0	0	0	0
0x06a0967ac13cc51048c957d52fd5b0af94feee6e	1	4.44	0.65	682.15	5	40.60	0	10	0	0	0	0	0	0
0x6619b0d21cbbcc86207ffd0093646104720bada1	2	4.44	0.02	187.34	1	38.00	0	11	0	0	0	0	0	0
0x727cf5ad9540f1201df88a4196f147e7346a31fc	5	4.44	0.02	68.00	1	45.00	0	71	0.000022646078734478436	0	0	0	0	0
0x0737807303e1baa89cf1f9c8fc1926ea58bb52f6	2	4.43	3.42	7343.98	5	52.80	0	8	0	0	0	0	0	0
0x81835a4c2c5802f64fe817c2bbebe5377d9e15c0	5	4.43	0.74	946.40	2	82.50	0	58	0	0	0	0	0	0
0xc016c0fd46cceba27e1d02c073ffe835b8652d46	3	4.43	5.96	24573.24	1	97.00	0	34	0	0	0	0	0	0
0xaa04121d2b943bbb3704789f0cfe2c2699e2bf7b	5	4.42	0.45	3748.22	1	70.00	0	17	0.0000033664472764982634	0	0	0	0	0
0xb0bada5d45d939a03c6d211d24a61a4418d7cd13	3	4.41	19.96	14939.36	6	99.50	0	16	0	1	-887272	887272	0	0
0xf0e0cdbac1121fef529c3be35b674f6dc2203948	3	4.41	0.03	259.05	1	100.00	0	7	4.411586318475713e-7	0	0	0	0	0
0xfc4dcf97f138919033e04ff1639414f8915eef4a	2	4.40	0.03	242.98	1	92.00	0	10	0	0	0	0	0	0
0x6a414b51ceaf33ef465eb853b0b070512afdd717	1	4.38	34.39	31545.36	9	59.00	88	14	0	0	0	0	0	0
0x6f27486b6c9a7a7fef4a6186aa9c0ba746a5a0dd	2	4.38	0.19	1620.56	1	100.00	0	3	0	0	0	0	0	0
0x3f5affbf6b58450b7f52758579553ef865d91e65	10	4.38	0.08	646.23	1	100.00	0	20	0	0	0	0	0	0
0x8325aff2ccc014468cdf20f2538d8534db7a100f	2	4.37	0.94	1438.48	4	66.25	28	21	0	0	0	0	0	0
0x00ab97c782c661fb3d08c96dce06176938101211	2	4.37	3.10	7207.13	3	58.00	80	21	0.0000027618797027173514	0	0	0	0	0
0xccdeae307f699efd4f4d01c1fbff8fb4a5309508	1	4.37	0.30	1260.08	1	13.00	0	30	0	0	0	0	0	0
0x3c948a11c4d5462ace49a505ece7112531b16725	2	4.36	11.66	34868.50	5	100.00	37	0	0	0	0	0	0	0
0x59a0aa299db87aeca19206d267df6c927d597a68	10	4.36	0.01	21.07	2	71.00	205	113	0	0	0	0	0	0
0xcede95943ff490c3688bab61ec383abea711067c	1	4.35	0.25	299.37	1	22.00	0	166	0.00001984011073208336	0	0	0	0	0
0x6774e426e2a1619e5ea889c5420bb9ce21c18bdf	11	4.34	0.06	96.75	1	100.00	0	101	0	0	0	0	0	0
0x84a8dbf3d363449b88df7fced346b58d0ac96784	1	4.32	1.32	11128.46	1	29.00	0	4	0	0	0	0	0	0
0x36754f8047ea398af8e5ddfcdca157c4e6b4378d	7	4.31	0.58	2451.00	1	83.00	0	46	0	0	0	0	0	0
0x5ed407fc53cfdf8e743a5815e22fb864e83622d6	6	4.31	0.00	9.93	1	100.00	0	14	0	0	0	0	0	0
0xdcf23cbeb9d23c487b2c862415444c46c9a4bf11	2	4.28	28.39	85083.86	3	94.00	49	8	3.370527116667669e-7	0	0	0	0	0
0xe3964b997f1c7e6dee6ef028d7d2e6bbd3532acc	4	4.28	0.30	2532.30	1	66.00	0	15	0	0	0	0	0	0
0x20e10d173a7c8319c173c994a0b198b201312a24	5	4.27	1.12	736.94	1	54.00	0	311	0	0	0	0	0	0
0x0421fa1f9f228934332cc11de6f66497f43fb734	3	4.26	12.86	11101.01	4	89.00	31	39	1.2501313872981257e-8	0	0	0	0	0
0x6205f8323b261c225221d94310d720c9b81c466e	5	4.26	0.04	159.82	1	62.00	0	46	0	0	0	0	0	0
0x5fa125ee772e5fd6f5028422751a5e6751993459	4	4.25	0.54	1151.33	1	51.00	0	91	0	0	0	0	0	0
0x1fd6e15cd7548ec27443690ce5aa3320b1869c3d	1	4.24	0.46	5549.92	2	99.50	111	10	0.0000011687792567105504	1	-887272	887272	0	0
0xdda42f12b8b2ccc6717c053a2b772bad24b08cbd	5	4.24	0.71	2884.18	2	98.50	48	12	0	0	0	0	0	0
0xa02113a2ed51e82b05649709fbbd4232dc11244c	3	4.24	30.74	82806.27	2	57.00	11	26	0	0	0	0	0	0
0x654c48854fabe49a60d5e79af4bd461196d6c71b	2	4.24	3.11	13414.61	1	59.00	0	29	0	0	0	0	0	0
0xf8dd7715789de07dcbb07b7fa83a86f0358c624b	5	4.24	0.18	1531.84	1	91.00	0	15	0	0	0	0	0	0
0xc5745e19401b3ecf016a6b3bd6553852547c41af	5	4.23	36.51	38369.21	5	56.00	0	35	5.250957002544965e-7	0	0	0	0	0
0x49ceaeec7268289d70fcafc851d1157d37623aaf	1	4.23	1.99	5003.72	4	47.25	4	7	0	0	0	0	0	0
0xdb25a7884c810709d554985b2e721c16f74b694b	2	4.23	0.05	106.40	2	57.50	0	27	3.264310599604414e-7	0	0	0	0	0
0x9d8320c0d6f0130434fb945072d6fff879576697	6	4.23	24.15	104284.57	1	100.00	0	27	0	0	0	0	0	0
0x6b73f63cf407beb818d011b0f1ea144ffa56fb7b	2	4.23	0.47	4043.88	1	25.00	0	12	0.000005527947044559056	0	0	0	0	0
0x904e48884a43b6071308327b00717eb699f58944	1	4.23	0.25	715.54	1	7.00	0	58	0	0	0	0	0	0
0x14c1521be184b7d75abca947e8e22d990da36e31	1	4.23	0.10	842.32	1	100.00	0	2	0	0	0	0	0	0
0xdc436d45db75e862fe29e281e8b7a64c20c19871	1	4.23	0.01	56.35	1	10.00	0	19	0.0000042631907004597736	0	0	0	0	0
0x7f1d18e37e8fbde9534d5856f90d21a05b094539	1	4.21	0.23	501.36	2	25.00	0	32	0.000004978595569138378	0	0	0	0	0
0x7617452156f474836604c1a79c79c0627be5fe74	3	4.20	1.14	999.67	7	76.29	73	14	4.8821542047201253e-8	0	0	0	0	0
0x66c68b5a77d009609c2a1c0797cf991d0d0e9126	3	4.20	11.20	48615.62	1	86.00	0	37	0	0	0	0	0	0
0x37ef98a3c46a921ce959e425cab5047f2a612f54	7	4.20	5.68	49352.80	1	81.00	0	23	0.000008460156974976485	0	0	0	0	0
0xe9d3f818869fe6b49b4af1cc20128e0390dfaff6	5	4.20	0.45	3916.23	1	77.00	0	3	0.0000025703870920601446	0	0	0	0	0
0x5a5bbbacb4cd325d2f44771abdfb3d7c3697ab16	10	4.18	2.66	23182.31	1	52.00	0	8	0	0	0	0	0	0
0xf18a1ff35822f45d67742989dd28542ec927caa2	4	4.17	1.73	15167.94	1	13.00	0	22	0.0000020904562525458914	0	0	0	0	0
0x6a61f2c2e6feb1a4e8521e506392e254af366923	1	4.15	0.00	19.26	1	100.00	0	7	0	0	0	0	0	0
0xa62ae6615246cbf96536e50115137bb2ebe8fbc1	6	4.13	1.59	3513.13	1	98.00	0	74	9.185840976755344e-7	0	0	0	0	0
0x8c2ec87cff0c087d8d80995eda437b0307e37688	2	4.13	0.07	104.50	1	42.00	0	122	0	0	0	0	0	0
0x5da04eb0e28a06798797f54deb17cc014c525370	1	4.12	2.48	3669.42	1	53.00	0	136	0	0	0	0	0	0
0x2250a2c15a1ef5a7e9b5b68155b3dc2a819ff80c	1	4.12	0.04	330.15	1	30.00	0	17	0.000001451056685919383	0	0	0	0	0
0x508e762c238dd8a456d8f0561ac4eb51c02a9289	2	4.11	0.95	4206.60	1	72.00	0	33	0	0	0	0	0	0
0xc21630862828c7f8febdaaafe8c887630c98d739	2	4.10	0.92	8214.53	1	79.00	0	15	0.00000132151858345253	0	0	0	0	0
0x29789456149d642eeeff59a6fd7fa63e9b724e81	4	04.09	0.02	159.86	1	31.00	0	13	0	0	0	0	0	0
0x429d821e190fd37fb8572322922efee78bfb9a01	3	04.08	2.86	13275.23	2	93.00	46	15	0	0	0	0	0	0
0x046d349a609f57482f8fa411ea5c7b9963bd996c	3	04.07	0.06	138.39	1	50.00	0	79	1.4968759565192613e-8	0	0	0	0	0
0x0aac7b14848701daf57939fcd51b60d1029cd57f	1	04.07	0.06	534.88	1	0.00	0	0	0	0	0	0	0	0
0x02bb11ac6121de64fb931219712eb0073c182174	1	04.06	2302.72	292300.30	53	87.62	2	11	0	0	0	0	0	0
0x6f3f44440680cad37c8ef621f1800664febc44e8	1	04.06	10.83	45579.43	2	50.00	2	6	0	0	0	0	0	0
0x8484fbedae4e9b2e26df44b92cd5f81b71c8150e	3	04.06	56.67	169994.66	1	36.00	0	52	0	0	0	0	0	0
0xc81dd6c8424a398f48883ab798f4af06f1fefaec	4	04.06	0.51	4542.87	1	100.00	0	7	4.4086956307864966e-11	0	0	0	0	0
0x3021338c74f10cef1ece6404ac1498c2559f7a5c	5	04.06	0.14	631.64	1	68.00	0	25	0.000001659936577080856	0	0	0	0	0
0x6d0e966ad72ae3dc5728436f4f5a290e6a88fb78	5	04.06	0.02	179.15	1	88.00	0	24	0	0	0	0	0	0
0x597bead1c77e8774b86d1f2ebc9bc9abc94d214b	10	04.06	0.01	8.10	1	72.00	0	183	0.000007631242160410778	0	0	0	0	0
0x06373dc8c6485c94e79fabf0972be4825eb8deda	2	04.05	01.06	4391.35	2	40.50	0	7	0	0	0	0	0	0
0x5d56d69827a40dd10ee5d3914d76044227eaf75b	5	04.05	0.29	1284.42	1	37.00	0	46	0	0	0	0	0	0
0x315178907fe88c7b8cc09d51f03ffb60a55e11e5	5	04.04	13.41	121038.83	1	97.00	0	11	0	0	0	0	0	0
0x788b8b3e7063d17fb0c6dfdbf26d45b82f51c82c	8	04.03	4.32	39152.50	1	100.00	0	14	0.0000023475587807020304	0	0	0	0	0
0x3bd8e0bb7e81c4b4abcffdff0b880d74a3ac9d2e	2	04.03	0.22	2010.61	1	100.00	0	2	0	0	0	0	0	0
0x156e4293477d4371ce37eed4ba084b609e841bcc	3	04.02	0.84	7582.72	1	100.00	0	4	7.971401316808624e-12	0	0	0	0	0
0x0e07672811d4eb22c7ef9f3ebb155cf17f9b2304	5	04.02	0.73	3327.17	1	99.00	0	30	0	0	0	0	0	0
0x8440a2e6e763ee99b29dcf663a72896817d6a6fd	5	04.02	0.10	469.67	1	47.00	0	47	0.0000014578379836649447	0	0	0	0	0
0x6c02b69434620378e0d40a03ba9bd976200ee27c	5	04.01	0.06	268.27	2	80.50	0	11	0	0	0	0	0	0
0xdf0063e86c453322458e59b8e7e186f44b4fc5ea	5	04.01	5.60	50925.57	1	97.00	0	11	0	0	0	0	0	0
0x5e8e79f1d05dff8bfb9ab83fb9ea0c66150e75f5	7	04.01	2.42	11017.40	1	76.00	0	36	0	0	0	0	0	0
0x046d349a609f57482f8fa411ea5c7b9963bd996c	1	04.01	0.05	216.40	2	47.00	0	13	0.0000018780134003471005	0	0	0	0	0
0x1dbfbe4f9796375d36613a3bf36c77265c0cc7aa	1	4.00	379.93	185661.65	11	86.55	24	27	0	0	0	0	0	0
0x0aeb014499161cc9cdeea102836b3268f027d467	1	4.00	0.58	1755.42	2	66.50	0	9	1.1322024984217194e-7	0	0	0	0	0
0xefa7abb07b8c53fa221f8327e383734e3b983d09	2	4.00	77.19	69318.69	6	68.67	7	25	0	0	0	0	0	0
0x642c76d07a8a4d0a23deb09a24e9aed5f02d0f11	2	4.00	6.58	10004.32	1	88.00	0	121	0.00000738250066634194	0	0	0	0	0
0x46362cc0b966e7836ba78a1165306b39aadfe12b	5	4.00	0.35	788.63	2	72.00	0	30	0.000003936645742719236	0	0	0	0	0
0x2ef5fb9f2ed2adf3a85f0c187ac22dbcfc7bb5d7	5	3.99	3.50	1601.68	1	60.00	0	467	4.010913934315852e-7	0	0	0	0	0
0x1ad9d29509059fe8ff680aa39c107103915f188a	5	3.99	1.94	5926.60	1	100.00	0	52	0.0000016506781386205205	0	0	0	0	0
0xd9e550ce45a1cfacc0c00f8d28181709df6abfa9	2	3.98	48.55	148537.07	1	19.00	0	58	0	0	0	0	0	0
0x9f23001ec9a2d34ec22996d3c8508e73b0472d83	1	3.98	0.26	2405.91	1	100.00	0	5	0	0	0	0	0	0
0x06a0967ac13cc51048c957d52fd5b0af94feee6e	5	3.98	0.18	828.47	1	74.00	0	34	0	0	0	0	0	0
0xd7e20a009c543eb011774762dc3dd084e17883ff	1	3.97	140.73	18286.49	66	81.24	1	13	5.2377474411541114e-8	0	0	0	0	0
0x2d29c09ef733f48fe10074a2dd7c38b50a9d4d89	3	3.97	45.02	82824.58	1	42.00	0	113	0.00003065684104353039	0	0	0	0	0
0x3a5c595f6822be87150b07baa97693ad39ed9067	5	3.97	0.39	1813.89	1	53.00	0	26	0	0	0	0	0	0
0x79e41c2d158c5d6f2606459d04c4280cf20b8e13	4	3.97	0.23	1046.92	1	37.00	0	47	0	0	0	0	0	0
0x16f562fb6587a19e19761654adb195f8bc879b5d	10	3.96	14.79	45474.64	1	100.00	0	60	0	0	0	0	0	0
0x0aeb014499161cc9cdeea102836b3268f027d467	2	3.96	0.58	2670.13	1	65.00	0	35	0.000014582706242549648	0	0	0	0	0
0xa2d30b5c2c84f8c0e47a0dfebb3eda04a6a2ca28	7	3.95	3.77	17429.92	1	96.00	0	28	0	0	0	0	0	0
0x126ff8fabec84ef8a96f25dd0c2668fb9b7e7088	4	3.94	0.62	5764.93	1	100.00	0	2	0	0	0	0	0	0
0x469397e0e5e800ad4fb3f0f2011973ba808b0f0f	8	3.94	0.22	678.54	1	70.00	0	50	0	0	0	0	0	0
0x4b6e2ba0ecce7d5825a6678afbc01316b5a7beee	10	3.93	5.69	26381.11	1	81.00	0	35	0	0	0	0	0	0
0xe9a71041a30aa685d19164561d699a8f33fa0730	11	3.92	03.02	9365.64	1	100.00	0	61	0	0	0	0	0	0
0x8310260aa4bb285c75962cac8156170119c79eda	1	3.92	2.15	9998.21	1	35.00	0	26	0	0	0	0	0	0
0x994d39587e05e8033a65ca626ce41b2a96c7ae19	2	3.91	2.82	26275.07	1	77.00	0	1	0	0	0	0	0	0
0xc4e1bb2e750998d221e708d62bee10fa144bc6ee	1	3.91	01.04	4858.65	1	32.00	0	43	0	0	0	0	0	0
0x25b7f342beb590d371e6098a1ace495a7c26e580	10	3.90	0.20	670.46	3	99.00	26	19	0	0	0	0	0	0
0xadc654de46873897acf2a8a478c419aa148047aa	2	3.90	0.02	216.80	1	22.00	0	23	0	0	0	0	0	0
0xa2374048325dc0a8874ba1e672be589124e517e0	5	3.89	0.46	1399.46	2	75.50	0	43	0	0	0	0	0	0
0x3cce5cc83fe04593ebcafce532b984759e8e069d	10	3.86	0.06	191.02	1	100.00	0	58	0	0	0	0	0	0
0x8985d5c3465d07321e981f3289eae1789ee13c79	5	3.85	4.74	22427.22	1	92.00	0	26	0.0000014411339344100327	0	0	0	0	0
0x855986efe38b8d29ce8f23fae3e0526efb74ca03	4	3.85	0.21	1974.52	1	42.00	0	5	0.0000026183998635964656	0	0	0	0	0
0xd59fc3d098a8b2d402dd8e589c6406b82d6c2de1	5	3.84	2.42	11504.80	1	53.00	0	32	0	0	0	0	0	0
0x63bc2ab3a68f3679285eb8b66f49a9ff33fb24ff	5	3.84	0.68	721.67	1	66.00	0	208	0.00001506903681836036	0	0	0	0	0
0x5ec5e036df8cb3782c248ded7bf0b9cba031bbbc	8	3.83	0.70	731.38	2	86.00	0	107	0.000008887597491291643	0	0	0	0	0
0x5701edf602b612be4a85a6782fe2bb92f54d064d	1	3.83	0.05	510.02	1	100.00	0	1	0	0	0	0	0	0
0xa907580d4d8ea38195bf11202ee5d78918fac17c	5	3.82	0.71	1686.44	1	100.00	0	88	1.8840631277328157e-7	0	0	0	0	0
0xa9bbf5ca8c160f8dbb3cd0b03c09ca233a75fa38	5	3.82	0.23	318.75	1	52.00	0	167	0	0	0	0	0	0
0x9b843f8098d0c17270f474cc24368594ae09070b	10	3.82	0.04	112.52	1	87.00	0	59	0.000010737507172287053	0	0	0	0	0
0xcb71eb21f53a2f4de0f26dc90518df10be13d1ec	3	3.81	0.00	16.82	2	68.50	0	6	2.688243072590524e-7	0	0	0	0	0
0x9416dbacc0ac3d9d384f00a574fa03b145f5da58	1	3.80	0.98	4699.05	1	75.00	0	32	0	0	0	0	0	0
0x55580d0f3b6f3ae1587c5e5cbf83d94f5c6c9e9e	10	3.79	1.53	4919.21	1	89.00	0	52	0	0	0	0	0	0
0xa2d8f64ca3c14a5801cdf2a8fee51a82d0a3741d	12	3.79	0.24	329.41	1	84.00	0	152	0	0	0	0	0	0
0x4152e20ec836d7a1e3316de99cf245366e470e56	2	3.78	01.04	10051.44	1	67.00	0	6	0	0	0	0	0	0
0x6ba7b6406e12a4c6dc6f96c4c7da06c9ddbf3022	5	3.76	0.32	132.28	17	85.06	0	26	2.0881290161031195e-9	0	0	0	0	0
0xc4fc92b0cf993b4fe0895aaabf4ba02ecbf45b50	3	3.73	8.18	20004.70	1	52.00	0	94	0	0	0	0	0	0
0xd226be73b1f48024f0c113d0d976fd5da58b8e0c	1	3.73	0.01	99.19	1	41.00	0	2	0.0000012838786478397424	0	0	0	0	0
0x9e0ef1bc1a3411001a30ea016faeab76d28bf8e3	1	3.72	504.01	56603.46	88	83.43	6	13	5.817758396243666e-9	0	0	0	0	0
0xc287afb662e5b145763026f728e050c06468003b	4	3.72	0.40	1972.75	1	85.00	0	25	6.268001673248591e-7	0	0	0	0	0
0x2eebb45c6f1b3b1a12665f541ac7f6937bc8bfa1	5	3.71	0.86	3256.05	2	59.50	0	19	0	0	0	0	0	0
0xee76be91f4ca39317fcfb040c384094ef239c899	5	3.71	0.90	3216.13	3	63.00	0	11	0.000004111112413459257	0	0	0	0	0
0x982d9a2e8d487c698b29e72701068a5ac207e139	5	3.70	31.92	104899.02	1	82.00	0	50	0	0	0	0	0	0
0x0ee38cff8e3dce4549316d4c6d9cfe3092dec3bf	6	3.70	0.56	928.04	1	72.00	0	144	0.000023952027095042183	0	0	0	0	0
0xa1532229f54ec335e577c22bd7ea0d87de59ce50	9	3.70	0.48	1589.12	1	98.00	0	58	0	0	0	0	0	0
0xe428002d7a21febf36b20b1bd45e63f755dc4d1b	1	3.68	3.17	31494.60	1	5.00	0	19	0.0000010871279210178386	0	0	0	0	0
0x8709a1e4cf079f49e918e172974655bc124e0665	10	3.68	0.94	4676.56	1	86.00	0	24	0	0	0	0	0	0
0x2fc4a9f3429880b744550d2d0b8389e344fbef20	5	3.68	0.24	2425.63	1	100.00	0	19	0	0	0	0	0	0
0x1980316479f2b01203b2cbf7e5eac1adc8f82bbe	1	3.67	11.67	45466.33	2	98.00	0	5	1.1051708992404485e-7	0	0	0	0	0
0x395ef2d7a5d499b62ac479064b7eaa51ae823a22	1	3.67	01.04	10314.98	1	20.00	0	15	0.0000010343333523010756	0	0	0	0	0
0x0e79281da5bff4af0654ed3a8e285be418bdcd1e	10	3.66	3.64	18150.31	1	100.00	0	45	0.0000016520309675804867	0	0	0	0	0
0x9a6911eba30d4bac207bd95e87d6b78820631e8c	5	3.66	02.04	10200.53	1	55.00	0	38	0.0000015160605437714025	0	0	0	0	0
0xf84eb813483163a85a4109723d3947c60684adeb	2	3.66	0.09	470.68	1	87.00	0	25	0	0	0	0	0	0
0x213bddf596932002b519864d35d5ac80b74f4262	5	3.65	3.22	3651.17	7	79.57	31	25	0	0	0	0	0	0
0x45bd9654236f5ec14dbf9a946a3dde1ea52cbf76	1	3.65	0.90	2997.59	1	21.00	0	53	0	0	0	0	0	0
0xdb265f71411b9a7a6b38253f24de5db42c627238	5	3.65	0.02	51.22	1	64.00	0	82	0	0	0	0	0	0
0x139c9e0b76a6d4f520e86ce232353f500af02827	1	3.65	0.02	158.57	1	75.00	0	5	0	0	0	0	0	0
0x2186b4c9cdfccde1a745c9567fbd64654daa78e2	2	3.64	0.06	609.20	1	37.00	0	19	0	0	0	0	0	0
0xf76e0176494608dc2fd1592917dab33b6d2e3ed9	1	3.63	6.17	86307.40	4	88.25	186	18	0	0	0	0	0	0
0x940e904951fe56df9fb8ae2f2a124a0357bfcdc5	3	3.62	5.43	54660.64	1	81.00	0	10	0	0	0	0	0	0
0x8484fbedae4e9b2e26df44b92cd5f81b71c8150e	2	3.61	09.02	91042.02	1	100.00	0	1	2.3232785695270763e-7	0	0	0	0	0
0xc679790cab79b3e3d9eb72381a024b07705c413d	5	3.61	4.78	48399.25	1	100.00	0	8	0	0	0	0	0	0
0x6ff00fb7b4eec164fa511e29e8ca1338aa5941c7	1	3.60	10.61	107530.89	1	8.00	0	13	9.487766572391365e-7	0	0	0	0	0
0x9828c2028705969f7dede5fe61b187f930726b2c	10	3.60	0.39	3958.85	1	93.00	0	20	0	0	0	0	0	0
0x8db5575b3c73a083394c142c8993d9caab534e8b	5	3.60	0.03	259.23	1	100.00	0	5	0.0000013652235675287727	0	0	0	0	0
0x8cc48b79500a698409ff40ba6470d33962502b1b	1	3.59	47.92	61654.58	6	50.00	4	1	1.0397702513801714e-7	0	0	0	0	0
0x46eae82e1e0abed279231ad857b357aa3347ddbd	2	3.58	12.74	79234.90	3	49.33	0	17	0	0	0	0	0	0
0x154b4661a08eaffc746bdf7451a17ee50ee904cf	1	3.58	0.12	671.35	2	77.50	105	7	0	0.5	-443636	443636	0	0
0x8089021005818d228d944fab4cc1d37875de2f67	5	3.58	0.01	71.27	1	100.00	0	24	0	0	0	0	0	0
0xe0ef1bb24eb839bc63082e77dde6ba5f01c23220	5	3.57	3.57	6388.25	3	55.33	0	34	0.0000032691988190632535	0	0	0	0	0
0x86164c2beef132d98cf29a5f684a5d635b04a20a	10	3.57	0.51	1723.41	1	100.00	0	63	0	0	0	0	0	0
0x1342855c89d770712bd103026ae48538578183ff	2	3.54	0.10	500.02	2	100.00	0	5	0	0	0	0	0	0
0x3b686ed5c35e0830ec754f5858dee82dded647c0	1	3.54	19.40	199984.42	1	49.00	0	2	0	0	0	0	0	0
0x5ac37964ebcbc68efb51497031ccc355a137dcc5	3	3.54	11.80	121531.07	1	100.00	0	0	0	0	0	0	0	0
0xe9d3f818869fe6b49b4af1cc20128e0390dfaff6	6	3.54	1.16	3996.10	1	71.00	0	59	0	0	0	0	0	0
0xfc4dcf97f138919033e04ff1639414f8915eef4a	6	3.53	0.12	409.79	1	71.00	0	60	0	0	0	0	0	0
0xd6b8eb7256e24d27712f12a6fbf2b4c34df0cad2	2	3.53	0.02	20.09	1	18.00	0	187	0	0	0	0	0	0
0xa06c44151e84a85456a1370cc73a23848d1802ff	2	3.52	9.59	99478.66	1	96.00	0	4	0.0000023697153572754814	0	0	0	0	0
0xda1cce6a09cfaa2a09938a867c1773de16e75ca4	5	3.51	0.06	200.36	2	89.00	0	19	0	0	0	0	0	0
0x951e54b652781ea5d2a913b656ade636ff0f88eb	7	3.51	4.84	50310.27	1	100.00	0	16	7.565742254911356e-7	0	0	0	0	0
0xfef45b3e915f953ce386dc1db9a18b7680a9ee72	5	3.51	1.17	12169.76	1	27.00	0	11	0	0	0	0	0	0
0xd81c7fd4994a452fb4c836a688e80d4ec19fe065	5	3.50	0.04	138.16	1	61.00	0	51	0	0	0	0	0	0
0x95e3619fc7097b537fbd7062fc4ea05e13953c0e	1	3.50	0.01	40.76	1	13.00	0	45	0	0	0	0	0	0
0x01a0f8f364c2fec07cfcdebd2980da3f950d0410	2	3.48	13.71	40989.72	2	92.00	486	23	0	0	0	0	0	0
0x8ac2d9b6cdcec11f60f983610cf0b9ac80f0da6f	5	3.48	0.98	5135.94	1	62.00	0	41	0	0	0	0	0	0
0x598f8e407ff0c1cd51a8851a2b2561413ec7dd1b	5	3.47	147.36	400011.23	2	81.00	0	16	0.0000012489870027110328	0	0	0	0	0
0xd7ee5ec89e11f0a828768d40df3cdc07d3e53465	2	3.46	0.04	166.19	2	37.50	13	17	8.653050942442064e-7	0	0	0	0	0
0x10e6bdbef34d5279e729142a19b0bce07813b6a8	4	3.46	2.50	26404.49	1	95.00	0	3	0.000003349086541426516	0	0	0	0	0
0x64002c21e6ab93b7c43ed958dfd6e1ac1a4845fe	5	3.45	0.43	1145.67	2	68.00	0	38	0.000014033496409382451	0	0	0	0	0
0xf12cfdf9ab56bc4ac4b761f9ff24173c0c521eef	5	3.44	1.62	17186.13	1	46.00	0	15	0	0	0	0	0	0
0x12a2416e756c6b356e5de05c4e1b879cc6c7fdb6	10	3.44	0.57	2017.92	1	100.00	0	69	0	0	0	0	0	0
0xfd1d1152a49bbad1b94d4dea9056b12fd0a36efb	5	3.44	0.40	535.90	1	49.00	0	186	0	0	0	0	0	0
0x3e79160c7392d6a268f718b353dec6b3ca4b8a39	4	3.43	18.79	199832.79	1	100.00	0	3	0	0	0	0	0	0
0x2f8ec6866a50a64ac2d0ce211519c6f4172b770b	1	3.43	0.04	461.80	1	100.00	0	2	5.5836446577473e-9	0	0	0	0	0
0x1886f361995bbf107f403ac881c66ee5757601e5	1	3.42	0.35	1877.79	1	96.00	0	25	0	0	0	0	0	0
0x9995ce967c6bddc640ce59ecadd026b6320f73b4	6	3.41	2.53	9016.83	1	53.00	0	69	0	0	0	0	0	0
0xcecd10b41d0085b609cad91b86890f493f403e0f	5	3.41	0.09	970.10	1	100.00	0	10	4.357820881928376e-7	0	0	0	0	0
0x316c42af89b913429dbe4a86f30373172340a821	5	3.40	0.27	362.91	1	50.00	0	178	0	0	0	0	0	0
0x567fec485be2b7fab03ccb17b3b8b735adc93318	3	3.40	0.11	397.58	1	67.00	0	52	0	0	0	0	0	0
0xde9c31ef16851db0f02d33f3c82db8ea74fb6726	3	3.39	0.19	2023.56	1	38.00	0	21	0.000007859975859059176	0	0	0	0	0
0x3fd3ad13b9c8fa92ef79072e74bdce92ff8b92a3	10	3.39	0.10	515.18	1	100.00	0	40	0	0	0	0	0	0
0x5de0d282a5ba9d2e0bb8d4d9647804287e0a6484	7	3.39	0.08	821.05	1	100.00	0	9	0	0	0	0	0	0
0x76eb3a5af37f553c0d8a978ae8aa17111d61c754	5	3.38	0.70	947.39	1	25.00	0	169	1.8289407766047816e-7	0	0	0	0	0
0xa50a4d929ba32c346caadc410b83f0d655d1d1f8	6	3.38	0.65	7045.80	1	100.00	0	9	0	0	0	0	0	0
0xaf96ce1e1952b2308eb36515867e041f32490ef4	5	3.38	0.21	1108.29	1	43.00	0	46	0	0	0	0	0	0
0x29789456149d642eeeff59a6fd7fa63e9b724e81	10	3.38	0.06	600.27	1	100.00	0	23	0.000003733217435186731	0	0	0	0	0
0x363978e2b46223bb1413ee49e844ee5c9d44b321	4	3.38	0.03	72.73	1	37.00	0	102	0.000021328797661368526	0	0	0	0	0
0xc43205ccedccb1e432783d9f0fb26b0d19053af7	2	3.37	0.81	1094.56	1	31.00	0	174	0.00001276206035294436	0	0	0	0	0
0xeb3076445fd8f8ac208516879382114282cb30cd	4	3.37	0.38	4125.01	1	0.00	0	0	0	0	0	0	0	0
0xc4f06a2738ded32aa0dac4febfa762aebbbc52f4	1	3.37	0.02	170.05	1	100.00	0	2	5.066122410468665e-7	0	0	0	0	0
0x05cb24bdf186425a5feb33e4fdec9af41876c6c8	10	3.36	3.40	18475.34	1	100.00	0	24	0	0	0	0	0	0
0x429d821e190fd37fb8572322922efee78bfb9a01	7	3.36	0.96	10396.95	1	100.00	0	13	0	0	0	0	0	0
0xe9106227816b59b3c0cf74670e02440740d4e23c	11	3.35	4.59	50061.69	1	100.00	0	19	0.0000017750136138694472	0	0	0	0	0
0xcf47dfe46126a87ae4ee5536daad8ed552c1a617	10	3.35	0.02	199.46	1	98.00	0	16	0	0	0	0	0	0
0x77b5c24f94afe2e12f67368ae0330dbe1033c78c	7	3.33	3.51	9600.44	1	70.00	0	73	0.000022749604444705085	0	0	0	0	0
0x7172a43701581589cfc69a9347302a5bad505b1a	5	3.33	0.51	5550.82	1	42.00	0	19	0	0	0	0	0	0
0xcbc69338c98887ddf680da64bf2495855e3a7218	5	3.31	0.00	2.25	1	19.00	0	21	0	0	0	0	0	0
0x510750029c91a64c7e36ac20047b91c5862aedfd	5	3.29	0.23	1263.61	1	71.00	0	29	0	0	0	0	0	0
0x07d742e17b10d41f250941830f011e5fd038d2b9	5	3.29	0.03	316.30	1	82.00	0	10	0	0	0	0	0	0
0xc4c6e082ca66a992fdd610c72e86b15aa985ab73	5	3.28	0.38	705.85	1	82.00	0	121	0	0	0	0	0	0
0xc13e5cf6418edb17b1780e1e8324e65544e79b17	1	3.28	0.29	3204.68	1	27.00	0	11	0	0	0	0	0	0
0x381dbcc8888642ef87da499aeee039b074768c1e	5	3.28	0.16	879.41	1	52.00	0	32	0	0	0	0	0	0
0xc8ea962b1cc6525d103e9c8f99a2999b6cd3fa88	10	3.28	0.04	431.38	1	100.00	0	17	0	0	0	0	0	0
0x1e34b42f23871aaf6a8bff113d7241ad6b936ee7	3	3.28	0.02	205.04	1	65.00	0	9	0	0	0	0	0	0
0x99646b7084051ec86c76f0d14b5d4d36ed5bd272	2	3.27	0.02	248.84	1	35.00	0	23	0	0	0	0	0	0
0xf46ccc8c1055b5ebc65d7d3d5c3c95f61131030a	8	3.26	0.07	52.31	2	54.50	33	79	0.0000025699565198156193	0	0	0	0	0
0xbd1e8189d6368e329c5a12c084cb3bfc71d58a54	2	3.26	3.46	19384.48	1	46.00	0	39	0.0000010475153078282062	0	0	0	0	0
0x343bd5536f8dfd0b08cf1a7a68fa033bebcc1abb	5	3.26	0.46	2545.52	2	100.00	0	22	7.827176684571668e-8	0	0	0	0	0
0x7ba3d1f7c93af8fb7fe8b89c8ac22ff2b46a2c5b	5	3.24	05.05	4375.88	1	59.00	0	290	0	0	0	0	0	0
0x951e54b652781ea5d2a913b656ade636ff0f88eb	1	3.24	4.47	50408.39	1	57.00	0	7	0.000002618476524496316	0	0	0	0	0
0x4a93c3c014da94070df96352d3e6795e0b682022	5	3.24	0.08	190.41	1	55.00	0	117	0.000006818611586467682	0	0	0	0	0
0x0bafed0fe7fb5effb8e751d6ad93786f4d95024b	5	3.24	0.00	11.69	1	84.00	0	39	0	0	0	0	0	0
0x4d8222965d7ab82c5c4eed9ae7d55448c22c15d9	5	3.23	0.36	686.63	4	83.00	140	14	0	0	0	0	0	0
0x01f109ac6e947715b3c3c506ee60d324d45edcd3	5	3.23	0.09	523.69	1	66.00	0	35	0	0	0	0	0	0
0x83fe9748fac353106c5c988b93ce229f895e0b02	1	3.22	135.00	50978.62	9	92.22	83	18	0	0	0	0	0	0
0x23fcd104a217f316dbfa66efcef38f0a084971ad	10	3.21	0.18	2028.05	1	100.00	0	8	0	0	0	0	0	0
0xc45d7bf2ab69e5942647c9d8b7558f314e940ca1	2	3.17	0.19	655.29	2	23.00	0	37	5.355547283425466e-7	0	0	0	0	0
0x8a3a8fb21eae2400b83e683433e93aa3ab763b41	1	3.17	02.09	24040.62	1	100.00	0	3	1.8399948231717644e-9	0	0	0	0	0
0xd4b9163f5f0ffc81e6698604234d9efb52fb95ae	1	3.17	0.41	4768.39	1	41.00	0	5	0	0	0	0	0	0
0x524ffd450cd312e24dea1f3bc4f885e6e6420874	1	3.17	0.18	416.80	1	32.00	0	97	0	0	0	0	0	0
0xc125fa384407c574522a18c17440d437d6767bba	5	3.16	61.18	214789.53	4	64.25	122	19	0.0000014890889743490732	0	0	0	0	0
0x37932819b5c6310771ab77bfe01efc064654308f	5	3.16	0.09	420.59	2	87.50	169	11	0	0	0	0	0	0
0xdc25021b6990edfabefc03623351888628a14ae0	3	3.16	0.85	9769.00	1	100.00	0	0	2.467073101364292e-7	0	0	0	0	0
0x0f1ff2019f5a0fbd27ca9a4b8dc5ca195d45a0d9	1	3.14	23.72	77582.09	5	80.00	53	3	2.9808329138347744e-8	0	0	0	0	0
0xf3f078229e24cf8ee37bb7e9ec047017d9ff5ad5	10	3.14	12.35	71792.10	1	100.00	0	37	0	0	0	0	0	0
0xc21630862828c7f8febdaaafe8c887630c98d739	5	3.14	0.50	5779.36	1	100.00	0	15	0	0	0	0	0	0
0x2f2f665974261c4129b1dc6c359bd259cd66f78a	4	3.13	5.45	27873.84	2	94.50	15	10	0	0	0	0	0	0
0x55580d0f3b6f3ae1587c5e5cbf83d94f5c6c9e9e	5	3.13	2.73	4422.34	4	76.75	14	27	0	0	0	0	0	0
0xacd37800e67ce9a35bf6cef176be1303d73f8f29	5	3.13	9.38	54743.91	1	41.00	0	31	0.000002186414382876478	0	0	0	0	0
0xd8a30e0d29109349bc5b61f665f44dc102b68d96	2	3.13	1.75	20357.64	1	9.00	0	11	0	0	0	0	0	0
0xe3d69bcab5daaea39787eeaf4c0369de366d71bd	2	3.13	1.56	18189.70	1	24.00	0	12	0	0	0	0	0	0
0xc0b7acd5860a2c095232626f20ee4d787491dfc9	2	3.13	0.03	62.49	1	28.00	0	97	0	0	0	0	0	0
0x9b843f8098d0c17270f474cc24368594ae09070b	8	3.13	0.02	113.37	1	98.00	0	47	0.000005584207807274311	0	0	0	0	0
0x154b4661a08eaffc746bdf7451a17ee50ee904cf	3	3.12	0.19	756.16	3	57.67	18	11	4.828313156698035e-7	1	-887272	887272	0	0
0xc79c4d42ede2961f95a2157fbddd9d9221ce735e	7	3.12	0.14	152.63	2	73.00	0	115	0	0	0	0	0	0
0xacd37800e67ce9a35bf6cef176be1303d73f8f29	9	3.12	14.50	35853.00	3	100.00	4	26	0	0	0	0	0	0
0x0421fa1f9f228934332cc11de6f66497f43fb734	4	3.12	3.78	11069.58	1	24.00	0	79	0.000001352291334466571	0	0	0	0	0
0x2702a9118cffeb33d926069a91aabd4815db2259	5	3.12	2.62	15297.28	1	44.00	0	29	0.000004218263982558312	0	0	0	0	0
0x01a0f8f364c2fec07cfcdebd2980da3f950d0410	1	3.11	132.63	31990.87	23	63.26	13	21	4.282166167551114e-8	0	0	0	0	0
0xa609388ec932e26500036e4a80ff3fa13507f408	1	3.11	1.85	5977.78	4	73.00	9	4	0	0	0	0	0	0
0xb421ed747b924454a1a6fa895aae2e958a83eca1	5	3.11	0.26	886.80	2	100.00	0	17	0	0	0	0	0	0
0x1b5abe83cd6ff9a0fbb3b8b0eebd9d96a764b937	2	3.11	0.00	18.39	1	51.00	0	14	0	0	0	0	0	0
0x9f5cead4a2f556a1985423e1b475650c347ef8ed	1	3.10	0.00	11.69	2	100.00	0	1	0	0	0	0	0	0
0xa64b19542dce3459778b5a94f0c1a3c496bb15cd	1	03.09	2.68	8533.18	4	93.75	6	4	0	0	0	0	0	0
0xd6b8eb7256e24d27712f12a6fbf2b4c34df0cad2	10	03.09	0.01	20.32	1	98.00	0	87	0.000008049406852173036	0	0	0	0	0
0xa609388ec932e26500036e4a80ff3fa13507f408	2	03.08	1.42	8429.65	2	76.00	4	5	3.3938468702032765e-8	0	0	0	0	0
0x37f3e839e80b7d0bfa7c1b0f8ec0f7b7f111ece3	5	03.08	0.05	120.87	1	13.00	0	117	0.000003945600279831041	0	0	0	0	0
0x0aeb014499161cc9cdeea102836b3268f027d467	5	03.07	1.10	731.59	5	100.00	53	3	0	0	0	0	0	0
0x8e07ab8fc9e5f2613b17a5e5069673d522d0207a	1	03.07	39.65	53603.51	7	71.43	0	5	7.226966644172503e-8	0	0	0	0	0
0x020c4b5bf3a4b9194bf7e8fdf9c5d709dc26eb18	1	03.06	61.04	133585.87	5	80.00	0	5	4.7680586146015e-8	0	0	0	0	0
0xf503ccc4f4a7efc25b00cb92dd74c9470bbba586	2	03.06	0.37	890.46	1	40.00	0	100	0.00003208472657556527	0	0	0	0	0
0xc4dbc7d5957dcef7ed2b0778c597c16ce2769e7d	5	03.05	24.57	146932.60	1	52.00	0	31	0	0	0	0	0	0
0xce3bcc903b570a51e0097c5a877904dacae38aef	1	03.04	1.75	7014.65	1	28.00	0	54	0.000020392907096322688	0	0	0	0	0
0x6b73f63cf407beb818d011b0f1ea144ffa56fb7b	10	03.04	0.47	2795.82	1	100.00	0	27	0	0	0	0	0	0
0xc33f2507893133b881ba8562e6def8162626f1e2	2	03.04	0.05	619.90	1	30.00	0	20	0	0	0	0	0	0
0xbd965b59b7eb8b5f703e47ec5b8dcac3b5ccc098	5	03.03	0.47	988.24	3	61.00	26	26	0	0	0	0	0	0
0x10720be2a75ee331be03a5b147dd50d118d810e5	1	03.02	0.00	5.66	1	100.00	0	1	0	0	0	0	0	0
0x4096d69dee9ebdbe23c939a241660f7861e0a223	5	03.01	0.73	2934.48	3	80.33	3	12	1.1673295663428007e-7	0	0	0	0	0
0xdc5ad3b588ba2aa050522dd92ad9053ed03f0467	3	03.01	1.56	18928.99	1	31.00	0	20	0	0	0	0	0	0
0xb399254f4744d91058beec7ed6e1062aae71b126	7	03.01	0.20	495.55	1	66.00	0	106	0.000007651614208903368	0	0	0	0	0
0xe35eb1d49422e501ce277137438b0170b61ab8f7	2	03.01	0.18	534.32	1	39.00	0	80	0.000017950047659365254	0	0	0	0	0
0x374d5221a4367fe746cc6c92d333c6ce15386fcd	13	2.98	0.00	33.04	1	100.00	0	11	0.0000024958878852565647	0	0	0	0	0
0x443fd22ab5f10a30824ef40e03c49b374bea3c51	6	2.97	0.41	4987.94	1	100.00	0	5	9.819607349470516e-8	0	0	0	0	0
0x0258da40e011acb8e0f6308d6dda4de363c9b604	5	2.96	0.68	1391.88	1	37.00	0	123	0	0	0	0	0	0
0x7e585b7de11fceeeb0dca46850d13026ea2678d9	3	2.95	0.12	743.88	1	100.00	0	29	4.0006538082337784e-7	0	0	0	0	0
0x0e304d98145f1974f741a89965ab75d66626723b	5	2.94	0.06	122.01	3	81.33	15	17	5.188504514919146e-7	0	0	0	0	0
0xd11b918766254a63d5ba8298c98c1927b468107d	8	2.93	0.08	506.29	1	100.00	0	36	0	0	0	0	0	0
0x8f915bb53334e79db931e9dd781cb4622d12535e	5	2.93	0.04	238.30	1	60.00	0	27	0	0	0	0	0	0
0x6619b0d21cbbcc86207ffd0093646104720bada1	5	2.91	0.09	222.64	1	58.00	0	98	0.000008264472817209878	0	0	0	0	0
0xf4e9f76c6d911b396bb67758ec0b913508ed173b	5	2.90	0.61	2711.52	2	85.00	384	41	1.7135520780087177e-7	0	0	0	0	0
0xc2d5904602e2d76d3d04ec28a5a1c52e136c4475	2	2.90	78.57	39605.84	1	52.00	0	579	0	0	0	0	0	0
0xb58a13a72c970fcc3f7d125866347b21ef96f21a	1	2.90	4.34	9096.55	1	7.00	0	121	0	0	0	0	0	0
0x4eab6ce1c3a79899776451a2d7ece073527aad4b	5	2.88	0.04	108.05	2	92.50	361	82	0	0	0	0	0	0
0x9a212305c951911d92fc7a457c48d900e33dfecd	5	2.88	0.21	2722.28	1	96.00	0	4	0.000004257142460772911	0	0	0	0	0
0xae24b4bdad4633f0961dc66a491473d6bc8e5ba0	5	2.87	0.39	623.91	1	56.00	0	170	0.000005012607673382519	0	0	0	0	0
0xbd1e8189d6368e329c5a12c084cb3bfc71d58a54	5	2.86	11.62	18043.45	2	73.00	39	663	0	0	0	0	0	0
0xaccccebfc56a22d59fa394897ba929bdb789b4bb	4	2.86	10.11	9909.42	1	52.00	0	311	0.0000018332997009373742	0	0	0	0	0
0x2d8bd6e540c4a6dfe70304ab77654a0ac2414613	7	2.85	0.02	89.82	1	100.00	0	52	3.8912761901599424e-8	0	0	0	0	0
0x12c58f57177b8d5832f60cfa690770c19ac9da19	2	2.84	0.16	1002.61	1	25.00	0	28	0.0000012709042374048352	0	0	0	0	0
0xf4e9f76c6d911b396bb67758ec0b913508ed173b	2	2.83	0.83	1359.25	4	58.75	142	62	2.560043677046764e-7	0	0	0	0	0
0x04722123cc98c8a78f4d2851d2b363561af99edf	7	2.83	7.46	32066.54	1	46.00	0	57	0	0	0	0	0	0
0x256348328c7b187a6c08bc72bd578cbddc0881f3	2	2.83	0.64	8283.56	1	95.00	0	6	7.633546350582776e-7	0	0	0	0	0
0xa71475e2141395767d64a7a7cdf38c15906250fb	5	2.83	0.14	1851.41	1	100.00	0	5	0	0	0	0	0	0
0x67a2055540a6262dbff2831f717af12a1d365d2b	1	2.82	0.06	185.64	3	54.00	0	6	1.5922424860074594e-7	0	0	0	0	0
0xdbedb1b7d359b0776e139d385c78a5ac9b27c0f9	2	2.82	18.67	40264.67	1	43.00	0	143	0	0	0	0	0	0
0x8d8e77cc22362189ad881c27d22332330fd42f68	5	2.82	0.24	389.71	1	14.00	0	170	8.013169017218047e-7	0	0	0	0	0
0x567fec485be2b7fab03ccb17b3b8b735adc93318	5	2.81	0.14	257.57	3	69.67	242	327	0.000004251247690915487	0	0	0	0	0
0x99646b7084051ec86c76f0d14b5d4d36ed5bd272	5	2.81	0.29	574.77	2	88.00	0	68	0	0	0	0	0	0
0xf4ee4b8976cd874dfe860302546e0d9886b89034	5	2.81	7.79	101043.26	1	100.00	0	5	0	0	0	0	0	0
0xf85301143cabbd7aeda500b480a8dac24c051634	5	2.81	0.11	1411.22	1	65.00	0	20	0.000004506687745209348	0	0	0	0	0
0xc79c4d42ede2961f95a2157fbddd9d9221ce735e	13	2.81	0.08	244.27	1	72.00	0	85	0.000012085129241778958	0	0	0	0	0
0xeb70bedbc85fa2d40fd31bab4a2a4e3848bcfeee	1	2.81	0.06	734.34	1	23.00	0	13	0.0000017206893576648952	0	0	0	0	0
0x2a48a3c3d862a9530d8c6e3d8cd660e0dfced315	5	2.81	0.03	357.86	1	100.00	0	5	8.94470775225642e-7	0	0	0	0	0
0x6ebcddc1cf51969a0672210267c7dbb88f6ff54e	5	2.81	0.02	320.32	1	21.00	0	14	0.000008078150792734107	0	0	0	0	0
0x9cfce0b3cbf61c73eb742612739e99d2050ee20b	5	2.80	0.06	730.68	1	69.00	0	10	0	0	0	0	0	0
0x796be2312e5c086640c67493ec01852300c4136b	1	2.79	3.90	17597.45	2	28.00	11	2	0	0	0	0	0	0
0xc45d7bf2ab69e5942647c9d8b7558f314e940ca1	18	2.79	0.15	658.98	1	100.00	0	51	0	0	0	0	0	0
0xc44b50751355698e2f1bcc886ee31e4282068c7d	2	2.78	0.41	4887.30	2	100.00	77	7	7.157201498131371e-8	0	0	0	0	0
0x79e41c2d158c5d6f2606459d04c4280cf20b8e13	3	2.78	0.04	240.52	1	29.00	0	35	0	0	0	0	0	0
0xfecce90a2d76ac67a145366dce0c970874f7391a	1	2.78	0.01	155.08	1	100.00	0	3	4.744806103573751e-7	0	0	0	0	0
0x9da98cc8e38cef116e3db6c62e495a524400ba3e	6	2.77	8.15	53680.30	1	70.00	0	28	0	0	0	0	0	0
0x3236d8db3360960e75ae020d58f4c91261af7447	9	2.77	0.20	433.06	1	54.00	0	144	0	0	0	0	0	0
0xbbb87a9ab0b07aee4bb32dd53781385de553d192	4	2.75	0.24	1615.42	1	35.00	0	46	0.000004884927606862988	0	0	0	0	0
0xdda42f12b8b2ccc6717c053a2b772bad24b08cbd	9	2.75	0.24	3207.24	1	100.00	0	16	0	0	0	0	0	0
0x1c235c3af910d38d5fe784c62a9993037e31839c	5	2.75	0.00	49.18	1	89.00	0	10	0	0	0	0	0	0
0x64184b3b9d6a89cc4af74eed5bd0940e7f3d98d7	5	2.73	0.10	339.82	2	48.00	0	41	2.1505527914023048e-7	0	0	0	0	0
0xae24b4bdad4633f0961dc66a491473d6bc8e5ba0	2	2.73	0.01	22.74	1	21.00	0	170	0.000005060918595312103	0	0	0	0	0
0xf431c4a9bc6befb800b665d0ab96688ef6c2f854	1	2.71	530.55	509470.94	6	18.17	0	46	0	0	0	0	0	0
0x9c19471bca230b45ab356f8b5cf5474f6427809a	1	2.71	0.01	155.00	1	100.00	0	2	0	0	0	0	0	0
0xf604067175980db8287d076ca3c245eb30733dba	5	2.69	0.95	3465.20	4	91.25	1	5	0	0	0	0	0	0
0xbc6565913a8c36d110a59927b3f3aed9a94a43f7	2	2.69	7.10	96386.97	1	100.00	0	0	0	0	0	0	0	0
0x4c46ea64eaa0bebff465c8fc884529620e1f38cc	4	2.69	0.19	2555.96	1	31.00	0	23	0	0	0	0	0	0
0x60201f7c0774cba96e1db1a915ae1748da3faf12	3	2.68	549.96	1751470.82	3	100.00	1	3	0	0	0	0	0	0
0x84600f8ee9aadceebafa445472cdb10b0107257d	5	2.68	0.01	91.90	1	60.00	0	10	0	0	0	0	0	0
0xfc7af206e1a69f7886fb47ff8e1287fff4406d03	5	2.67	6.33	15474.99	3	92.00	34	27	2.6760482718657386e-9	0	0	0	0	0
0x83fe9748fac353106c5c988b93ce229f895e0b02	6	2.67	9.73	133242.71	1	100.00	0	4	0	0	0	0	0	0
0x5b260b7c6cb9da91b883f7450fc4445e61634ed7	2	2.67	0.54	3698.30	1	61.00	0	25	0.000004451882085199088	0	0	0	0	0
0xe9d3f818869fe6b49b4af1cc20128e0390dfaff6	3	2.67	0.29	3999.28	1	85.00	0	8	8.103360205069521e-8	0	0	0	0	0
0x6692b4c943c6645889bb0effed7e4965f570e389	2	2.66	0.07	896.09	1	47.00	0	15	0.0000020180164872485307	0	0	0	0	0
0xefa7abb07b8c53fa221f8327e383734e3b983d09	5	2.65	99.37	97034.67	4	82.50	8	180	0	0	0	0	0	0
0x35dabbf0190cb68dee6d58b7ebfd28dd34959879	9	2.65	18.44	254049.41	1	100.00	0	14	0	0	0	0	0	0
0xe3964b997f1c7e6dee6ef028d7d2e6bbd3532acc	3	2.65	0.53	3659.68	1	73.00	0	41	0	0	0	0	0	0
0x42d9c1fb098b21a335c89f561a96b83de5bf8fd3	5	2.64	0.19	1294.16	1	100.00	0	33	0	0	0	0	0	0
0xd697348cab58ce38f72b230d99c94b1145a05d0f	2	2.63	16.03	111368.38	2	100.00	3	4	0	0	0	0	0	0
0x2993cde4b5bf342c13a5ed8fa4b21f7dfbec7e68	1	2.63	3.16	43938.75	1	33.00	0	9	0	0	0	0	0	0
0xcbc69338c98887ddf680da64bf2495855e3a7218	1	2.63	0.00	2.90	1	15.00	0	21	0	0	0	0	0	0
0xaef41f0ed3d13516adc878a9a9c183580c230457	2	2.62	0.04	867.07	2	100.00	4	2	0	0	0	0	0	0
0x9d8320c0d6f0130434fb945072d6fff879576697	5	2.62	12.63	83926.70	2	19.00	27	21	0.000002482685779181537	0	0	0	0	0
0x02d3b9a34cdffd7f9b24e3694ba8ab38cc76dde5	1	2.61	8.70	8469.64	6	92.50	1	2	0	0	0	0	0	0
0xa02113a2ed51e82b05649709fbbd4232dc11244c	1	2.61	11.74	164069.38	1	27.00	0	7	0.0000011337054961479964	0	0	0	0	0
0xde2f29139346eda24dabcce90b1ecf2d8ff7d829	1	2.60	146.62	32603.69	37	84.97	1	17	7.250062412284736e-10	0	0	0	0	0
0xcf47dfe46126a87ae4ee5536daad8ed552c1a617	1	2.60	0.04	91.22	3	62.33	1	2	5.556981578595336e-7	0	0	0	0	0
0x9da98cc8e38cef116e3db6c62e495a524400ba3e	5	2.60	40.31	25643.30	2	85.50	0	68	2.2645390562736623e-7	0	0	0	0	0
0xd3c6ab0158c0ab1a13908a213b6ed7a9155efb7d	2	2.60	0.22	1519.12	2	90.00	23	5	0	0	0	0	0	0
0x0df770278ddb5856205bfd456b61aff680eb7b6c	5	2.60	0.22	208.17	1	56.00	0	341	6.318126022364368e-8	0	0	0	0	0
0x4892d741c4a14334c55215347b5df846128cf7dd	2	2.60	0.00	17.84	1	100.00	0	3	0	0	0	0	0	0
0xb21f69a8eba1475c96c09e8c62842dcc16f0d441	2	2.59	3.52	49714.19	1	35.00	0	9	1.389116599526119e-7	0	0	0	0	0
0x44aabcbed1c1ff45f65a63569385c6cd2e99d6bd	5	2.59	1.43	3368.96	1	12.00	0	122	0.000003366322598452598	0	0	0	0	0
0xc45d7bf2ab69e5942647c9d8b7558f314e940ca1	1	2.59	0.05	660.25	1	15.00	0	20	3.973682605185047e-7	0	0	0	0	0
0x01e56e63cdad82c4fe8e9c0b54f8386714b09fcb	5	2.59	0.00	13.84	1	16.00	0	32	0	0	0	0	0	0
0xa3d15d2efdd2a93e5a4bf07d69efe4a142a347f6	1	2.58	41.87	4919.18	4	79.50	0	137	0	0	0	0	0	0
0x443bae9fd74780b2fff546d9c8db257529bb97c1	3	2.58	0.08	1076.90	1	30.00	0	17	0	0	0	0	0	0
0xf6ccf8751fd02de2e14cdf0ff0aa36d6e7a1ab28	2	2.58	0.07	479.08	1	16.00	0	45	8.584859489957353e-8	0	0	0	0	0
0xb9c44251e341d45b07aff34f376ba3e092c1c174	6	2.57	25.82	26191.20	1	66.00	0	312	0	0	0	0	0	0
0x81a57be2cf8d386712f3838c3171f1b31d9bc5b4	5	2.57	0.01	205.95	1	100.00	0	4	0	0	0	0	0	0
0xe4f1817ac1dd8d59d3cdd2f7b4f27f3a1f4b69ba	5	2.56	0.06	248.71	4	85.00	0	10	2.5239513812280734e-7	0	0	0	0	0
0x16f562fb6587a19e19761654adb195f8bc879b5d	2	2.56	17.80	51135.71	2	25.00	93	33	0.000004593493763138667	0	0	0	0	0
0x8423c8bf1fab0b2dfdffd9e4f879b88a4a559f39	1	2.56	4.49	63905.02	1	37.00	0	3	0	0	0	0	0	0
0x35dabbf0190cb68dee6d58b7ebfd28dd34959879	11	2.55	41.84	300000.00	1	100.00	0	32	0	0	0	0	0	0
0x0421fa1f9f228934332cc11de6f66497f43fb734	1	2.54	0.39	5553.58	1	96.00	0	7	2.599038984030244e-7	0	0	0	0	0
0xf38d868aa43d4f662c0c1b18950a999828a562ef	5	2.52	3.77	7939.27	2	67.50	0	50	0.000010858141369363139	0	0	0	0	0
0xe43192c078e391d6243e7e45828c0669162bb9e7	5	2.52	37.66	60706.95	1	62.00	0	210	0	0	0	0	0	0
0x93c8ab69af974e55f601c188f23499b8e92f81a6	1	2.51	13.68	59945.80	3	75.33	19	4	0	0	0	0	0	0
0xbd965b59b7eb8b5f703e47ec5b8dcac3b5ccc098	10	2.51	0.42	1200.58	2	91.50	0	47	0	0	0	0	0	0
0xe5c5a11d1ad75f8a67ca36f2ec6fc4c4a9a1cdac	4	2.51	3.18	23157.99	1	77.00	0	26	0	0	0	0	0	0
0xe5e17558b393c3495c992c1ef9acc765987addfd	1	2.51	0.44	6477.84	1	34.00	0	6	0	0	0	0	0	0
0x7ce7fa2d3447c952eb7b284fa833db2c79efe9a2	13	2.51	0.27	560.20	1	100.00	0	164	0	0	0	0	0	0
0x72b7448f470d07222dbf038407cd69cc380683f3	1	2.50	106.06	683402.22	2	70.00	0	3	2.3787243286221837e-7	0	0	0	0	0
0xde9c31ef16851db0f02d33f3c82db8ea74fb6726	1	2.50	0.09	1388.06	1	100.00	0	1	0	0	0	0	0	0
0x39c81b01650323e6d1006ad4526389d778f52256	4	2.49	0.91	975.19	3	51.67	0	47	0	0	0	0	0	0
0x6a4a2b7d3763054da63ec3ac85253e914acd9668	10	2.49	3.65	8910.07	1	94.00	0	127	0.000026301656319560607	0	0	0	0	0
0x781e028a002dda7e5842fc8671fe006b51b4c7bd	4	2.49	0.02	251.05	1	100.00	0	5	0	0	0	0	0	0
0x2e8fba7125cfad75b8bc750832b06acae9729b16	1	2.47	0.05	808.69	1	100.00	0	2	4.919583629359181e-7	0	0	0	0	0
0x6468335d85ad1587d0f73c23efb0dcf2f45698f5	10	2.47	0.03	399.16	1	93.00	0	13	0	0	0	0	0	0
0xb3dbe74b4235ec365d9311f2fa9e5bea31e5e7ef	1	2.46	5.75	5843.72	2	41.00	72	170	0.000007746000513231266	0	0	0	0	0
0x697129325d679b35c04e22bbb119ad8457521e66	3	2.46	1.38	2915.35	1	36.00	0	145	0	0	0	0	0	0
0x1d555d7c44cc636c0175a9dfc80fb680d25bd5ea	1	2.46	0.10	1541.93	1	100.00	0	1	0	0	0	0	0	0
0x52da231f5df9d35944149884037cd47501e3408e	10	2.46	0.00	2.28	1	71.00	0	56	0	0	0	0	0	0
0xf3f078229e24cf8ee37bb7e9ec047017d9ff5ad5	1	2.45	10.42	82195.31	2	30.00	12	4	0	0	0	0	0	0
0x12c58f57177b8d5832f60cfa690770c19ac9da19	8	2.45	0.07	144.81	1	49.00	0	150	0.00001703111378592581	0	0	0	0	0
0xd11b918766254a63d5ba8298c98c1927b468107d	4	2.44	0.07	506.30	1	100.00	0	36	0	0	0	0	0	0
0x11b5caf3ad10d3f4384cdb8ea46f525802d52113	4	2.42	0.02	146.54	2	100.00	33	21	1.0619771728670457e-8	0	0	0	0	0
0x5a40ab806a038afe9c4ef413d36b6356a5e4d2c5	6	2.42	11.61	175086.56	1	100.00	0	2	1.4209242671370248e-7	0	0	0	0	0
0xa386cc9f98c289d492a53fee4987c29bc31af0ef	1	2.42	0.02	254.01	1	17.00	0	18	0	0	0	0	0	0
0xd0e34425ec9de03d4c1d8460c9804e8b9bfaa591	2	2.41	0.23	1724.64	1	20.00	0	31	0	0	0	0	0	0
0xcecd10b41d0085b609cad91b86890f493f403e0f	1	2.40	0.15	1149.26	2	67.50	0	3	0.0000019309349730267655	0	0	0	0	0
0xce6c0bd926a76d715c829be4965ad064447d754f	6	2.40	1.14	3463.19	1	59.00	0	96	0	0	0	0	0	0
0xcaf44abd5c4122b6debf981869c0a6024595c2ff	1	2.40	0.19	2943.03	1	47.00	0	11	0	0	0	0	0	0
0xb3521ce0e400bc2bcaf02cf5859e8865f7a30535	5	2.40	0.10	253.10	1	44.00	0	128	0.000019859551103618145	0	0	0	0	0
0xcf42612fb0984e1aa4ea66fd81ed6a73886f6aad	2	2.39	0.14	2090.96	1	49.00	0	10	0	0	0	0	0	0
0xae24b4bdad4633f0961dc66a491473d6bc8e5ba0	10	2.39	0.13	250.66	1	74.00	0	170	0	0	0	0	0	0
0x87575d95f59b8d018d2cd3ea8ef6550e508fcfef	5	2.38	0.08	302.53	2	74.00	0	35	0	0	0	0	0	0
0x83fe9748fac353106c5c988b93ce229f895e0b02	3	2.38	15.82	121735.01	2	58.50	4	5	0.000003870233750147278	0	0	0	0	0
0xc4e1bb2e750998d221e708d62bee10fa144bc6ee	16	2.38	0.93	2850.97	1	100.00	0	119	0	0	0	0	0	0
0x6ebcddc1cf51969a0672210267c7dbb88f6ff54e	10	2.38	0.10	395.45	1	52.00	0	90	0	0	0	0	0	0
0xd732648de5d0ae4e4dc16829717831a3fce8d0b5	1	2.37	36.62	95171.60	5	81.80	130	9	0	0	0	0	0	0
0x73bd5cadf0cd594e3b332523d14ff8ab5d6804d0	1	2.37	0.11	1685.59	1	100.00	0	1	0	0	0	0	0	0
0x991697d172139ef1af75f89550bcda832b18314a	3	2.37	0.07	1142.43	1	41.00	0	10	0	0	0	0	0	0
0x8703a1ac3a2474ee68a1154b7538172f9865192c	3	2.36	0.05	227.96	5	80.80	76	41	0.0000010239526804234345	0	0	0	0	0
0x81a57be2cf8d386712f3838c3171f1b31d9bc5b4	2	2.35	0.24	808.60	4	55.00	0	5	1.7594259382747168e-10	0	0	0	0	0
0x56450f6f3d66c4d2de9e206d38cb52f360fde0df	4	2.35	0.32	4997.32	1	100.00	0	4	0	0	0	0	0	0
0x750630450e37a12ccbfb64eaa2d6d1b0318a1316	10	2.35	0.17	1300.21	1	100.00	0	43	0	0	0	0	0	0
0xba971f58a00e8ffc7e91c0e8e7efccbfbfe8f09e	10	2.34	0.65	5043.90	1	100.00	0	29	8.522111127895471e-7	0	0	0	0	0
0x37ef98a3c46a921ce959e425cab5047f2a612f54	2	2.33	0.03	432.54	1	27.00	0	19	0	0	0	0	0	0
0x11047ba5c5fe45e24fa78639e31acca9c9d26447	3	2.32	0.11	597.81	1	42.00	0	67	0	0	0	0	0	0
0xdb25a7884c810709d554985b2e721c16f74b694b	5	2.31	0.04	144.39	2	48.00	0	36	0	0	0	0	0	0
0x998eeb0089ee0e0f39566df31e571fc00ac25764	1	2.31	2.67	42053.58	1	100.00	0	2	6.653433359815608e-9	0	0	0	0	0
0xb258f4b2fe57c0f7fac9bdcf7a67865b9809e951	3	2.30	37.48	99071.21	1	18.00	0	131	0	0	0	0	0	0
0xf18a1ff35822f45d67742989dd28542ec927caa2	5	2.29	2.92	15473.55	1	31.00	0	68	0.0000111431869287415	0	0	0	0	0
0x6205f8323b261c225221d94310d720c9b81c466e	15	2.29	0.26	678.14	1	100.00	0	130	0	0	0	0	0	0
0x7c561e7688d523f044eeddaf6a52ba9cd10a400c	5	2.29	0.05	139.78	1	39.00	0	139	0.00001827865163672726	0	0	0	0	0
0x9b843f8098d0c17270f474cc24368594ae09070b	5	2.28	0.08	113.03	3	91.33	41	45	3.9739693017774397e-10	0	0	0	0	0
0x3f3487774b6c9850f98a14e105d41ef1938eb72b	1	2.28	11.26	60026.33	1	20.00	0	59	0	0	0	0	0	0
0xac4cafdde0a0bae722d2593178aec3ff3afe0a5b	3	2.28	0.11	851.54	1	47.00	0	45	0	0	0	0	0	0
0x7a83abe43e822a316030cac9203d60a59b155b57	10	2.27	9.55	10226.72	1	84.00	0	351	0	0	0	0	0	0
0x83c106ac14ec46ba90d69992ff2c5815f2a5b3db	15	2.27	0.01	95.99	1	89.00	0	24	0.000017980564837039026	0	0	0	0	0
0x9a6911eba30d4bac207bd95e87d6b78820631e8c	2	2.26	01.06	17156.99	1	71.00	0	7	0	0	0	0	0	0
0xf45e62a383e8ad3c295e37a2742a401f1b44e12d	10	2.26	0.00	72.79	1	91.00	0	12	0.000010275469874976295	1	-887272	887272	0	0
0x141d28bb466e7547ff03bc4bb85b9bf514410984	5	2.25	5.78	46759.82	1	22.00	0	46	0.000009845121407003887	0	0	0	0	0
0xe99c2fa3ea2891849963781a3bd4b17588eece71	3	2.25	01.04	8401.98	1	73.00	0	31	0	0	0	0	0	0
0x5f2db8c20d76153e1c877fe17ffcd27d03648c81	5	2.25	0.74	1334.37	1	54.00	0	215	0	0	0	0	0	0
0x7cff84d9bb1fc0640e32c395b128f6c3c8628acd	7	2.24	2.31	37507.42	1	100.00	0	7	0	0	0	0	0	0
0x33a98356aec142fff007953e39a4f881c5cb3559	2	2.24	0.00	37.62	1	25.00	0	36	0.0000041923496341134125	0	0	0	0	0
0xc3d0748661bf9df1015fb9222b7a259a72a66d22	2	2.23	51.22	837876.89	1	71.00	0	6	0.000009225634733933674	0	0	0	0	0
0x5db201ae15f9702f0a0ff9f00b8c1c18355373d0	2	2.23	6.27	102692.29	1	22.00	0	9	0.0000028587475831010067	0	0	0	0	0
0x89a18cb34db232c032873b5cdad131ec286eb0bf	10	2.23	0.08	1392.99	1	52.00	0	4	0.0000029342300367218854	0	0	0	0	0
0xf4d0bfe3523766766b3e398b2cfbe1c3b74b3718	4	2.22	4.12	17072.89	2	78.50	0	30	0	0	0	0	0	0
0x60201f7c0774cba96e1db1a915ae1748da3faf12	4	2.22	160.70	2645918.55	1	100.00	0	2	1.1442180536391788e-9	0	0	0	0	0
0x37a6da90c81f69cad649172e453bf5aaabfd3f1f	5	2.22	0.57	723.54	1	16.00	0	296	7.443846428145662e-7	0	0	0	0	0
0xb11774976303f428c16ec5f9a99e20f185014760	2	2.21	0.08	553.49	2	82.00	0	6	0	0	0	0	0	0
0xed101f7b40cdf28566cc275f6d42e467d5edd0ef	17	2.21	2.35	7785.92	1	100.00	0	116	0	0	0	0	0	0
0x2f573a409666730ded9c02a843abc13c2b357e00	4	2.21	0.57	9436.67	1	100.00	0	18	0	0	0	0	0	0
0x1f2f54694a176121996414c3f6d3206260832cd6	5	2.21	0.29	430.32	1	54.00	0	250	0	0	0	0	0	0
0x5e7c28cad668eb9f9b38df3bfe6e107cc3c876e2	3	2.21	0.06	987.64	1	75.00	0	4	0.0000011003686739563534	0	0	0	0	0
0xea3a3f6600378d17af1d66dc8a3d32b8b9ce391d	10	2.21	0.00	31.29	1	90.00	0	43	0	0	0	0	0	0
0x24bfae3526e246cf75d0bdb494ca7860948d37ac	2	2.20	0.09	1433.20	1	100.00	0	2	0	0	0	0	0	0
0x0ee38cff8e3dce4549316d4c6d9cfe3092dec3bf	5	2.19	0.08	848.87	2	50.00	19	2	2.4806678933231296e-7	0	0	0	0	0
0xf615e09c562527fac928f21007cf7b38c3f32a97	5	2.19	10.90	36959.44	3	57.00	14	21	0	0	0	0	0	0
0xe44ba030362ff2513b53a7085e92d64266813f36	3	2.19	0.27	1491.97	1	40.00	0	68	0	0	0	0	0	0
0x218b84a3321f40c4536e341d69054dc81df61437	5	2.17	0.42	816.59	3	79.00	331	87	0	0	0	0	0	0
0xd8c78c808662f90560f634c6724310b40da1dbac	4	2.17	0.20	689.57	1	50.00	0	96	0.00000798858702522054	0	0	0	0	0
0x69e039d6010bddf601271c2b51e126f987850c68	2	2.17	0.06	1012.20	1	51.00	0	8	0	0	0	0	0	0
0x6877fdb56bf4b85e9e386e6eac7dd61b4c90a6a1	1	2.16	0.10	1668.23	1	0.00	0	3	0.0000022031598323479784	0	0	0	0	0
0xaa5a776bc422f1ce8e9a4548d9560223e462c922	2	2.16	0.02	287.85	1	17.00	0	12	0	0	0	0	0	0
0x8703a1ac3a2474ee68a1154b7538172f9865192c	4	2.15	0.06	288.94	2	100.00	431	63	0	0	0	0	0	0
0x673a25b2871c1c1560e8aae8faf84b60b70e4940	5	2.15	15.96	34753.66	3	62.67	0	33	0	0	0	0	0	0
0x6ebcddc1cf51969a0672210267c7dbb88f6ff54e	2	2.15	0.01	174.16	1	77.00	0	7	0	0	0	0	0	0
0x3915a7ed767cd3ad5bc8988f159de39eb89d6ac2	2	2.14	3.21	13715.82	1	11.00	0	72	0	0	0	0	0	0
0x252fae755a9ae761731cb0d6bab463fc0240ed04	1	2.14	2.33	39851.62	1	99.00	0	1	0	0	0	0	0	0
0x5ce867ff9d2bbb14b83dec96a470566819c650ef	2	2.14	01.01	17232.98	1	100.00	0	1	9.331962980141384e-8	0	0	0	0	0
0xa248d0705ebfb82b4567f3ed236cec596ef387d6	5	2.13	7.18	40854.30	3	80.00	0	5	0	0	0	0	0	0
0xab3454f4198940432f89872023ebbd64495293b0	2	2.13	0.29	2479.27	1	22.00	0	41	0	0	0	0	0	0
0xe537ee28b103b5e3eafa216fc07740b9a694e862	5	2.13	0.01	82.74	1	73.00	0	45	0	0	0	0	0	0
0x3a481694d2a3e4397026e3805771b0d3945e7123	2	2.13	0.00	4.71	1	96.00	0	6	0	0	0	0	0	0
0x955c7a95c666bd823d3c9c2ab4fb677fe8b93440	5	2.12	0.10	196.10	2	26.50	0	92	0	0	0	0	0	0
0xf604067175980db8287d076ca3c245eb30733dba	2	2.12	0.28	4867.27	1	100.00	0	2	6.908042249342827e-7	0	0	0	0	0
0xefa7abb07b8c53fa221f8327e383734e3b983d09	10	2.11	10.90	94445.60	1	86.00	0	24	0.000003903847689556983	0	0	0	0	0
0xffeeb1732aeb273fcf4b6789553b6970da71cbaf	1	2.10	2.88	71095.84	2	100.00	48	1	5.151434834260726e-12	0	0	0	0	0
0x02ad9a8eee316a143f46bb91064aa035fdf8c11a	3	2.10	10.44	111747.75	2	71.50	33	5	0	0	0	0	0	0
0x039fb282b7292cce26cb8e2940c511e31d23d962	10	2.10	5.24	45527.88	1	86.00	0	24	0	0	0	0	0	0
0x2b6fe91791dcb4ebb150cf89c4832f6adad42ca3	5	02.09	0.00	9.53	1	84.00	0	33	0	0	0	0	0	0
0x6dc56143a3bedd605ead41df0c6a5a1801c6da1e	5	02.07	0.56	653.73	2	100.00	22	52	0	0	0	0	0	0
0x89593d976db25e6581b48839cbffa1d1dbf9ff8b	5	02.06	0.01	96.45	2	85.00	0	15	0	0	0	0	0	0
0x7d195b199a8de93a0dbeae7a54d697aa517c6566	5	02.06	0.05	871.47	1	100.00	0	8	0	0	0	0	0	0
0x3b57579a35425a24c2a786dacebe1837c09e5fbb	2	02.06	0.01	137.61	1	23.00	0	22	0	0	0	0	0	0
0xa111faca9869085e2e65d7c60054034a91cebdb6	5	02.06	0.00	40.16	1	44.00	0	25	0	0	0	0	0	0
0x67927d35e13f0c307ad7f2c83db3964f1e1673b0	1	02.05	0.31	2458.24	3	66.67	0	0	1.793527992788313e-7	0	0	0	0	0
0xd697348cab58ce38f72b230d99c94b1145a05d0f	3	02.05	5.94	105700.35	1	87.00	0	2	0	0	0	0	0	0
0x81835a4c2c5802f64fe817c2bbebe5377d9e15c0	2	02.05	0.05	949.68	1	88.00	0	1	0.0000021207104405895905	0	0	0	0	0
0x81db2dfd33b24419f0f715e331f678411eb1ec30	3	02.04	24.12	38000.84	5	55.40	109	33	0	0	0	0	0	0
0x6fb30693c84fc85ff016f29f1429f2e2d04412da	5	02.04	0.94	2182.23	3	66.67	22	13	0	0	0	0	0	0
0xfc7af206e1a69f7886fb47ff8e1287fff4406d03	2	02.02	4.17	9060.27	4	59.50	72	127	0.0000011017133039192828	0	0	0	0	0
0xb90781ceb500f80a9c101225ed5451449a3aa5bc	5	02.02	0.22	777.48	2	44.00	0	59	0.00001900558970757693	0	0	0	0	0
0x391985fdf0f28de092027d52763621221684cadf	10	02.02	0.25	641.13	1	100.00	0	167	0	0	0	0	0	0
0x58c4f03a954e4cbb1b8e204a881a8e9a99d015dd	4	02.01	0.11	1986.19	1	94.00	0	12	0	0	0	0	0	0
0xaaf66ffeb4006b20f38422221093559645554f20	5	2.00	15.23	160220.01	2	100.00	0	0	0	0	0	0	0	0
0x4152e20ec836d7a1e3316de99cf245366e470e56	10	2.00	0.66	5093.67	2	92.00	36	27	0.000010981946862997916	0	0	0	0	0
0xeb3076445fd8f8ac208516879382114282cb30cd	5	2.00	1.58	14348.05	2	100.00	0	11	8.512251126191472e-7	0	0	0	0	0
0xe958cb0bf9a7c0a2a1cc00a1eedfa52605190da0	2	1.99	6.41	39645.93	3	66.67	8	1	0	0	0	0	0	0
0x9b56913c5f2cb8173fd2ec50d0047b54a7394013	5	1.99	0.23	4251.36	1	44.00	0	23	0	0	0	0	0	0
0x022ac1b919d12870f37b744309e78895700ef82f	5	1.99	0.05	826.46	1	100.00	0	11	0	0	0	0	0	0
0x9d8320c0d6f0130434fb945072d6fff879576697	3	1.98	10.29	86875.36	2	85.50	95	9	0	0	0	0	0	0
0x2d25c3a12f874b289a4cddf794d1053a8d954612	5	1.98	0.06	145.02	1	74.00	0	144	0	0	0	0	0	0
0xdef3ac919c6a1f14dec832455fe71c273e9a20e8	2	1.97	0.03	231.86	2	76.50	6	3	0	0	0	0	0	0
0xeb18ab518389ef480102a12a6c9072a99dcce9bc	5	1.97	0.64	5940.30	1	25.00	0	39	0	0	0	0	0	0
0x25319a80fb12a1131d09899e21bcc7c5c8c242d6	2	1.97	0.07	456.83	1	26.00	0	53	0.00000390434619079727	0	0	0	0	0
0xe4d7963e02b6b1d8a7365b6de02ba4adda63b3c0	10	1.96	0.08	88.53	6	65.33	0	250	0.0000014723273304243871	0	0	0	0	0
0xf5884b7875368940823946ec6f3795cafc6c56b0	5	1.96	0.56	5270.09	1	41.00	0	25	0	0	0	0	0	0
0x12c58f57177b8d5832f60cfa690770c19ac9da19	6	1.96	0.17	1038.24	1	58.00	0	64	0	0	0	0	0	0
0x01e56e63cdad82c4fe8e9c0b54f8386714b09fcb	9	1.96	0.00	13.93	1	95.00	0	23	0	0	0	0	0	0
0x300a19ddc3a5371086943e0c06667ea30c23d98c	2	1.95	51.63	483614.09	1	4.00	0	45	0	0	0	0	0	0
0xe791c14b4f875bc5ffcd7254291855295c001a02	3	1.95	0.93	17423.01	1	100.00	0	3	0	0	0	0	0	0
0x23c043a293b302e146aa9fcf9a9ca937b895dd56	1	1.93	5.26	15067.71	7	57.71	99	22	2.138898169690151e-7	0	0	0	0	0
0x27e2f8027645ae1c2568903e4b0c1a0c2a4ebf03	2	1.93	4.71	89283.04	1	80.00	0	5	0.0000036211609821812374	0	0	0	0	0
0x148a499b66c5bc1db81d11ee7bc6785869e431eb	5	1.93	0.78	7375.83	1	100.00	0	25	0	0	0	0	0	0
0x81db2dfd33b24419f0f715e331f678411eb1ec30	2	1.91	9.78	36564.86	3	38.33	264	67	0	0	0	0	0	0
0x6a414b51ceaf33ef465eb853b0b070512afdd717	5	1.91	16.69	32715.14	4	65.50	61	65	0	0	0	0	0	0
0xa62ae6615246cbf96536e50115137bb2ebe8fbc1	5	1.90	0.09	876.30	1	46.00	0	24	0.000002715845737188971	0	0	0	0	0
0xdc8b951a157555c2e549ce24989b81463f05b843	9	1.90	0.01	11.13	1	74.00	0	526	0	0	0	0	0	0
0x788b8b3e7063d17fb0c6dfdbf26d45b82f51c82c	4	1.89	1.47	28459.29	1	100.00	0	1	2.9565905279582694e-9	0	0	0	0	0
0xc45d7bf2ab69e5942647c9d8b7558f314e940ca1	3	1.89	0.03	659.30	1	35.00	0	20	0	0	0	0	0	0
0x0665eecff6d58534e9fc207541a205d79d3dfb33	4	1.88	1.87	36372.69	1	100.00	0	2	0	0	0	0	0	0
0xeb4576fe753dab07635c0bb6c8f0a355e1db5d31	3	1.88	0.04	684.50	1	5.00	0	22	0	0	0	0	0	0
0x323273736dc92520021578be759fe87fbee788aa	1	1.87	22.13	7446.55	30	86.30	2	14	0	0	0	0	0	0
0xc0051f40abf4b7f9aa1e81d38558d38d4d1ad130	2	1.87	01.01	9803.59	2	100.00	27	3	0	0	0	0	0	0
0xabf0f7bd0dc8ce44b084b4b66b8db97f1b9ce419	4	1.87	0.95	9256.08	1	33.00	0	28	0.0000072704477216412045	0	0	0	0	0
0x5a5bbbacb4cd325d2f44771abdfb3d7c3697ab16	5	1.85	24.78	13363.09	12	57.67	1	93	0	0	0	0	0	0
0x6a414b51ceaf33ef465eb853b0b070512afdd717	4	1.84	10.69	32382.56	3	49.67	45	34	4.063125539725358e-7	0	0	0	0	0
0x3d46ff035814696d4b50f0be8f29d4b22a30ecc0	1	1.84	5.32	20294.66	3	72.67	0	19	0	0	0	0	0	0
0x4deb56a42fc63650b2f0bfb9abe1850e3a091371	2	1.84	2.28	45184.01	1	100.00	0	1	0.0000014223969446724993	0	0	0	0	0
0x283a2549b640e56901a8ced2ec5277a32cfe6425	3	1.84	1.53	10111.25	1	29.00	0	63	0.000005520166190819964	0	0	0	0	0
0x25b7f342beb590d371e6098a1ace495a7c26e580	5	1.83	0.03	637.95	1	77.00	0	9	0.0000015923007468110484	0	0	0	0	0
0xf4d0bfe3523766766b3e398b2cfbe1c3b74b3718	5	1.82	0.58	5845.03	1	75.00	0	27	0.000004032435452216987	0	0	0	0	0
0xa18731ee566a81628bf49f074c9f4ddfe81b3721	1	1.81	4.82	19968.88	3	9.00	32	20	4.441832235357879e-7	0	0	0	0	0
0x5a5bbbacb4cd325d2f44771abdfb3d7c3697ab16	2	1.81	1.26	25378.68	1	0.00	0	2	0.000008457368871894744	0	0	0	0	0
0xf85301143cabbd7aeda500b480a8dac24c051634	3	1.81	0.09	1841.77	1	100.00	0	2	9.056258742923262e-7	0	0	0	0	0
0xf81f74f3bf7efb72aced1f56ca623efa54f89b9b	2	1.81	0.09	1740.51	1	36.00	0	6	0	0	0	0	0	0
0x275503b36a64e6fb43d183ff336cc4ef2c1486ef	1	1.81	0.04	864.60	1	0.00	0	1	0	0	0	0	0	0
0x8703a1ac3a2474ee68a1154b7538172f9865192c	5	1.80	0.04	303.55	3	80.67	111	64	0.0000015901497045038109	0	0	0	0	0
0xbdfa4f4492dd7b7cf211209c4791af8d52bf5c50	5	1.80	3.42	69272.63	1	35.00	0	8	0	0	0	0	0	0
0x615d54d75193c93f28166adcf7b615d5d47b4dbe	6	1.79	68.39	232202.65	1	39.00	0	132	0.00002032998355216975	0	0	0	0	0
0x0ee38cff8e3dce4549316d4c6d9cfe3092dec3bf	12	1.78	0.98	1999.11	1	93.00	0	220	0	0	0	0	0	0
0x92c451f3da2811831d57fee46fc02cccd4094b74	2	1.78	0.14	2837.87	1	100.00	0	4	4.5110388757763076e-7	0	0	0	0	0
0x283a2549b640e56901a8ced2ec5277a32cfe6425	4	1.77	6.79	10359.54	4	58.00	87	78	1.689964473916561e-7	0	0	0	0	0
0xf5884b7875368940823946ec6f3795cafc6c56b0	2	1.77	2.13	5248.79	2	8.50	25	84	0	0	0	0	0	0
0x5df7dc527d806193f53f6853bc4f05d4e37e3291	5	1.77	0.01	137.04	1	68.00	0	1	0	0	0	0	0	0
0x95145d7751e0fe61815bb5ef3983b5a6253f1283	5	1.76	0.16	463.29	1	32.00	0	155	0	0	0	0	0	0
0xd573885ceec013f37ae5d0c809349865ef6a4b67	5	1.75	0.38	1268.77	2	40.00	0	66	0	0	0	0	0	0
0xf07177ae7ab5654c0679a3b0ab5581f3d1f43765	10	1.75	10.43	72482.53	3	96.67	0	11	0	0	0	0	0	0
0xa1d6a0ddd1d3a7a8d5e44d7ad43401088845def9	1	1.75	0.09	1806.36	1	21.00	0	10	0	0	0	0	0	0
0x17d8568e4778d17a744061d7b45aea9f9ed062a3	1	1.75	0.08	1595.29	1	23.00	0	4	0	0	0	0	0	0
0x4a15805d28d5ebd13c120f5a5e7be4194512d96b	11	1.73	4.45	9374.48	1	83.00	0	225	0.00000459583198164637	0	0	0	0	0
0x2fc4a9f3429880b744550d2d0b8389e344fbef20	1	1.73	0.12	2465.82	1	100.00	0	5	1.471601840385972e-7	0	0	0	0	0
0xa906b773bf4e1f5c668eedeed06aa8917057ea7d	1	1.72	17.46	59949.27	5	19.40	40	4	0	0	0	0	0	0
0xa61d90c1739fbd52de7a864dc10eee7b9bd68ad6	1	1.71	3.75	39961.06	1	45.00	0	45	0.000020350336893404375	0	0	0	0	0
0x931fe0ebee7d90c5c76c7f6a1fe01514922407dc	1	1.71	0.69	976.93	1	5.00	0	337	0.000017713693201137914	0	0	0	0	0
0x3b0718a2ae5c96c5e8bfaa5c977d618420e944de	3	1.71	0.36	7597.62	1	10.00	0	10	0	0	0	0	0	0
0x43da4da68566d928f953d3a863667dfb15d94ec7	5	1.71	0.13	2714.38	1	100.00	0	4	0	0	0	0	0	0
0x5fa125ee772e5fd6f5028422751a5e6751993459	1	1.71	0.05	1151.72	1	95.00	0	1	0	0	0	0	0	0
0x039fb282b7292cce26cb8e2940c511e31d23d962	5	1.70	39.60	61331.73	4	84.50	8	173	0	0	0	0	0	0
0xaeeb487276ceecdc17101daf28d7ec6c58d0d084	3	1.70	0.56	1000.00	1	57.00	0	270	0	0	0	0	0	0
0x94fc17e73b8c83f5f97dd2dc44a19205d1ffe3d4	10	1.70	0.05	529.65	2	100.00	0	5	0.0000014104640233547627	0	0	0	0	0
0x6e05c6dd712d17bf56e62bd694c3710d8641d724	5	1.69	0.34	1101.24	3	75.33	122	38	0	0	0	0	0	0
0xf317dc7f506b7c825a38ff632458d57c953a1dd1	2	1.69	0.70	15065.62	1	100.00	0	2	0	0	0	0	0	0
0x4d8222965d7ab82c5c4eed9ae7d55448c22c15d9	11	1.69	0.05	1023.70	1	100.00	0	7	0	0	0	0	0	0
0x6dc56143a3bedd605ead41df0c6a5a1801c6da1e	1	1.69	0.05	987.14	1	9.00	0	22	0.000006627297222117079	0	0	0	0	0
0xc2cccb52be0b09a3943282ff74990b539df92309	1	1.68	0.05	988.62	1	27.00	0	4	6.819701470206496e-8	0	0	0	0	0
0x0c3426d32952080ac295042ffaba9fc28e1743f9	1	1.67	12.13	24237.88	4	91.50	0	7	4.235898298787788e-8	0	0	0	0	0
0xb63139cfd145786cfc99a7429582351bc7588724	1	1.67	0.28	6122.50	1	100.00	0	1	0	0	0	0	0	0
0x161d9b5d6e3ed8d9c1d36a7caf971901c60b9222	2	1.67	0.03	615.98	1	33.00	0	3	0.000001388290371551193	0	0	0	0	0
0x67dc99bd55752dece1a2782f73cb549f0e6d6a6d	2	1.67	0.02	494.06	1	0.00	0	1	0	0	0	0	0	0
0x11414661e194b8b0d7248e789c1d41332904f2ba	1	1.66	0.26	1458.68	1	10.00	0	81	0	0	0	0	0	0
0xdf0eb1e4480e9aa00f7c16994ecf0dedde17c024	3	1.65	0.03	200.49	2	61.50	295	601	3.541857918065716e-8	0	0	0	0	0
0xc2684efd0236ff3476c8bee6e051c9d7fb5b3fe6	2	1.65	0.06	1251.40	1	100.00	0	1	0.000002593887760138358	0	0	0	0	0
0x363978e2b46223bb1413ee49e844ee5c9d44b321	2	1.65	0.01	72.72	1	19.00	0	37	0	0	0	0	0	0
0x0f9287ad157d509a826aba386334e237885c806c	5	1.64	0.20	308.07	6	67.83	0	59	0.0000019577489573929796	0	0	0	0	0
0x7bf97c7a86508cdb54cccbd3e853042b14778ee9	2	1.64	0.14	1042.69	1	27.00	0	48	0.000003754378097298172	0	0	0	0	0
0xb90d846281d0ad5858d936c3bd5dc3641e51f79c	2	1.64	0.00	7.64	1	0.00	0	11	0.0000076893679867851	0	0	0	0	0
0xbbacc5e6e011ff1dac6b2933995782636f86975b	1	1.63	2.63	1333.49	3	50.00	0	57	0	0	0	0	0	0
0x24b60f73756a428094483c9ff91d5f3b6f81694a	2	1.63	1.59	18149.67	2	22.00	0	2	0	0	0	0	0	0
0xf76e0176494608dc2fd1592917dab33b6d2e3ed9	4	1.63	1.66	37021.81	1	39.00	0	18	0.000009702993508664548	0	0	0	0	0
0x0fa077a4252a180cf6e485a573ca4f0d33dbb5e5	35	1.62	10.63	59694.97	1	100.00	0	95	0	0	0	0	0	0
0x75a24f977a7978e7e1b410863fd601fc31742375	4	1.62	0.16	3566.44	1	100.00	0	5	0	0	0	0	0	0
0x690560f6767aa9fd8128a5fe044283eaab2e993a	5	1.61	3.64	20710.17	1	15.00	0	74	0.0000012895682632851901	0	0	0	0	0
0x8c580556fdb1f57853e49f409ae9b89f7658e7a2	1	1.61	0.35	1995.51	1	7.00	0	74	0.000021992303400608648	0	0	0	0	0
0xd1def8d1d850abc1b07092c31defe32243364144	10	1.61	0.21	4655.53	1	100.00	0	7	0	0	0	0	0	0
0x7fdd23982b989db4b0e724e7d578a27fcce6c00f	1	1.61	0.19	1081.57	1	45.00	0	91	0	0	0	0	0	0
0x41caa3369c80a8fba8cfd94b457da68f6e91c3e6	1	1.61	0.03	621.04	1	0.00	0	20	0	0	0	0	0	0
0x6376e21fef600c53ea6e10cdc473e584c8382521	1	1.60	0.40	1018.86	1	15.00	0	205	0	0	0	0	0	0
0x07d5863086aae645297d2eb6286268d6adc2171e	1	1.60	0.18	3998.82	1	100.00	0	2	0	1	-887272	887272	0	0
0x88aa22e940e681f7521c679b07da64dc14198102	2	1.59	0.06	492.92	2	47.00	193	34	0	0	0	0	0	0
0x8440a2e6e763ee99b29dcf663a72896817d6a6fd	3	1.58	3.43	11965.21	2	40.00	143	22	0	0	0	0	0	0
0xa906b773bf4e1f5c668eedeed06aa8917057ea7d	5	1.58	2.95	68389.32	1	100.00	0	5	0	0	0	0	0	0
0x0c95b31b7b86b32897e82a838c48800af91d888c	1	1.58	0.00	4.91	2	15.00	0	185	0.000004536464426330156	0	0	0	0	0
0x6a414b51ceaf33ef465eb853b0b070512afdd717	3	1.57	14.82	32499.16	6	87.50	79	51	0	0	0	0	0	0
0x2292bf3f37bee637dae5f8d7033f1b23b754aaf9	5	1.57	0.00	27.19	1	19.00	0	48	0	0	0	0	0	0
0x6e6ba07664f146b26101e0141106b143bd38d7df	5	1.56	1.21	7054.27	1	23.00	0	93	0	0	0	0	0	0
0x97373ce191e8520c6653e58ebb600ac45d24d30e	1	1.55	21.26	7056.53	40	72.95	0	16	0	0	0	0	0	0
0xd7e20a009c543eb011774762dc3dd084e17883ff	5	1.55	0.44	6509.70	3	100.00	71	2	3.142409110701294e-7	0	0	0	0	0
0x2feb12b34a09cac2a518e51e4044a46800ee8ca7	2	1.55	0.04	358.30	2	11.50	277	6	0.0000022389912590625727	0	0	0	0	0
0xee76be91f4ca39317fcfb040c384094ef239c899	2	1.55	0.13	3029.85	1	100.00	0	3	0	0	0	0	0	0
0x13a0f697e926be75020b195384746f55f42c890c	2	1.55	0.12	39.49	1	21.00	0	1717	0	0	0	0	0	0
0xca248afbcc09e474ecfbee249ba89f90db32cb5a	20	1.55	0.02	113.93	1	100.00	0	89	0	0	0	0	0	0
0x108add13f7a5a5b50f0af3eef9ed1117cfc8d885	1	1.55	0.01	141.75	1	25.00	0	4	2.887485472946594e-7	0	0	0	0	0
0x0304492c94d8dafab67756c7b7aaf94e2c9ca709	2	1.54	0.08	1876.78	1	100.00	0	3	0	0	0	0	0	0
0x4130d96971a2ccd408f3ff75d5bc9daf147b314c	5	1.53	5.61	79152.58	2	90.00	7	3	7.160266990435815e-7	0	0	0	0	0
0x9ea3f8db46ef491fe8d4163f6339352fdf1f1b52	3	1.53	4.20	99901.10	1	100.00	0	5	0	0	0	0	0	0
0x06373dc8c6485c94e79fabf0972be4825eb8deda	5	1.53	0.07	1690.03	1	100.00	0	3	7.233817989060753e-8	0	0	0	0	0
0x5cd4d14d5f586b8d9c944c8567b2c025f4729822	1	1.52	0.03	796.05	1	0.00	0	3	0	0	0	0	0	0
0x33a98356aec142fff007953e39a4f881c5cb3559	5	1.52	0.01	127.28	1	65.00	0	40	0	0	0	0	0	0
0x42f02ca758895f2eb68dcbc23550275170166729	11	1.51	1.15	5561.96	2	78.50	0	31	0.000008386889516209806	0	0	0	0	0
0x7fe4b2632f5ae6d930677d662af26bc0a06672b3	2	1.50	423.41	793802.86	6	66.83	5	9	8.584809714958415e-8	0	0	0	0	0
0x01f92621addbd8b688fe6539f6a69a0f892502ec	5	1.50	0.42	688.09	2	26.50	22	115	0	0	0	0	0	0
0xcdb75046f3cd3bf47f01851509c01760d489d7f6	8	1.50	3.44	2455.27	2	74.00	0	388	0	0	0	0	0	0
0xc5745e19401b3ecf016a6b3bd6553852547c41af	2	1.50	1.58	38506.92	1	62.00	0	2	0	0	0	0	0	0
0x139791013f6dcc26f4052e6a7b8ed50099e7d15b	2	1.50	0.57	1556.21	1	18.00	0	207	0	0	0	0	0	0
0x8a0be6a3b9476540c478f98001510cc94048d3c5	1	1.50	0.38	9141.25	1	100.00	0	1	0	0	0	0	0	0
0xedd30dd9afab86d55dab764ba1d34d43426a8e83	10	1.50	0.00	70.00	1	100.00	0	7	0	0	0	0	0	0
0xc2684efd0236ff3476c8bee6e051c9d7fb5b3fe6	5	1.49	0.03	804.48	1	100.00	0	1	9.710775517035586e-8	0	0	0	0	0
0x654c48854fabe49a60d5e79af4bd461196d6c71b	1	1.48	3.22	9871.85	4	32.50	19	132	9.036282833108089e-9	0	0	0	0	0
0x0246b0a279dd8466ecba9b3b0af5f51076763e09	1	1.48	0.87	10660.19	1	7.00	0	40	0	0	0	0	0	0
0xa050b8eea098d4057766fe554de389b9f0e34088	1	1.48	0.25	6090.27	1	96.00	0	1	6.240928329681594e-7	0	0	0	0	0
0x1fe4fd70272327264510e55bb2e79689a2f90b6c	1	1.47	1.26	7723.74	2	20.00	49	39	0	0	0	0	0	0
0x047edbcf9fab8e6cd7d808adf78c80f93f25f0a2	2	1.47	0.32	8064.29	1	82.00	0	2	0.0000034418385363998993	0	0	0	0	0
0xe506b89e12b573e4408a84eaa0a79697bb2800a1	2	1.46	36.60	913420.28	1	100.00	0	1	0	0	0	0	0	0
0x8314979c1c045600f36371066e278d0440d59f8f	2	1.45	9.83	11201.40	12	78.17	41	7	0	0	0	0	0	0
0x9fd368b5ee4da4061c00b8cd21ed037d8727b8bf	16	1.45	0.38	863.01	1	100.00	0	243	0.00001209909618049565	0	0	0	0	0
0x262620a156bb95b2c19b4428b33537558d67f0bd	5	1.45	0.00	7.64	1	46.00	0	194	0	0	0	0	0	0
0x3e79160c7392d6a268f718b353dec6b3ca4b8a39	2	1.44	7.87	199338.63	1	100.00	0	1	0	0	0	0	0	0
0x8862f038923f24d6b322de32d009db44e8ef0fbb	5	1.44	0.03	687.19	1	65.00	0	2	0	0	0	0	0	0
0xb281a3931f605a907420f078a3e091f51d514bff	5	1.44	0.00	52.35	1	15.00	0	34	0.000011354064777258088	0	0	0	0	0
0x943c157eac6dedca3d4dfb77c8cc373fe179bec3	1	1.43	0.00	124.73	1	77.00	0	5	0.0000012511333635778499	0	0	0	0	0
0x6ac54906d7eae6bec5c7fbd26988de4bebd621a7	2	1.42	0.34	1867.50	14	72.00	52	18	0	0	0	0	0	0
0x1ec99676db4650d91bf4c69416595f2fb14d8851	2	1.42	8.28	18438.62	9	74.22	21	13	0	0	0	0	0	0
0x2c2c43f8645b7c021526f35ae19145de04d075cc	2	1.42	0.09	1120.97	2	77.00	0	2	0	0	0	0	0	0
0x32d9c07dc03f031f4536f177e73be780007ad354	5	1.41	0.03	245.00	1	22.00	0	68	0	0	0	0	0	0
0x36664d1d6dedb2fb6fb1a48c344191804acad51f	7	1.40	0.05	58.96	2	75.00	0	781	4.887305893319649e-7	0	0	0	0	0
0x32d1b9268a4f6092bb9b9c334ee5c342ca3001a4	5	1.40	1.60	2787.53	1	64.00	0	339	1.0704683806039839e-7	0	0	0	0	0
0xc40137181d7d7e61a2098673000c4b4494b06785	5	1.39	0.23	668.62	1	51.00	0	214	0	0	0	0	0	0
0x0f7e288a74cbe210a749b11e8534930600093a35	17	1.39	0.02	490.75	1	100.00	0	6	0	0	0	0	0	0
0x1264b14c36c7279608259a1f06490b82ef33a31d	10	1.38	0.48	3183.39	1	28.00	0	72	0	0	0	0	0	0
0xdc89158397e0e4151c4e5d40785baaf45785027f	2	1.38	0.01	381.74	1	100.00	0	1	5.66993763051471e-7	0	0	0	0	0
0x30be61a4932e6656f69814209c67e3c2c9cc2988	1	1.37	0.21	5579.94	1	9.00	0	11	2.951023869712799e-7	0	0	0	0	0
0xb52215bca54fda7b1f950c54b85c47a0af213791	5	1.36	0.02	499.42	1	100.00	0	4	0	0	0	0	0	0
0xed6dfa49c0bdbde267ece5d510a92708bd01e2d9	4	1.36	0.01	197.27	1	50.00	0	24	0.000024335794046592696	0	0	0	0	0
0xf46ccc8c1055b5ebc65d7d3d5c3c95f61131030a	2	1.36	0.00	60.25	1	22.00	0	32	0.000017837669552545066	0	0	0	0	0
0x6fb30693c84fc85ff016f29f1429f2e2d04412da	1	1.36	0.00	117.24	1	0.00	0	1	0	0	0	0	0	0
0x58374fa7cad2fd34ed1cc95672eb01829e9d993f	5	1.35	0.09	2397.46	1	81.00	0	9	0	0	0	0	0	0
0xdf0eb1e4480e9aa00f7c16994ecf0dedde17c024	4	1.35	0.09	474.81	1	24.00	0	101	0	0	0	0	0	0
0x066dbd864bcdb1ec9944293736a9ae2c514d4a91	2	1.35	0.04	233.07	1	19.00	0	103	0.000008620731528630188	0	0	0	0	0
0x3a03d54d4e1a25615ac591623a1fa66421270dc7	1	1.35	0.02	663.45	1	5.00	0	22	0	0	0	0	0	0
0x196daadc4d3926cf8c0939700e6f3bdc00fd841a	10	1.34	0.43	2950.73	1	72.00	0	79	0.000021196098243247974	0	0	0	0	0
0x0aac7b14848701daf57939fcd51b60d1029cd57f	2	1.34	0.04	1001.10	1	100.00	0	1	0.0000016873204500278405	0	0	0	0	0
0x1b5abe83cd6ff9a0fbb3b8b0eebd9d96a764b937	10	1.33	0.01	19.23	2	85.00	0	304	0	0	0	0	0	0
0x2fc4a9f3429880b744550d2d0b8389e344fbef20	10	1.32	0.18	2425.44	1	44.00	0	27	0.000008201348811187614	0	0	0	0	0
0xfd6c61c946fa096e44f2464fb473f317c01e9a82	5	1.32	0.00	14.56	1	100.00	0	29	0	0	0	0	0	0
0xb9c44251e341d45b07aff34f376ba3e092c1c174	5	1.31	1.55	21529.84	1	13.00	0	30	0	0	0	0	0	0
0xab3454f4198940432f89872023ebbd64495293b0	5	1.30	0.32	2979.96	1	40.00	0	51	0	0	0	0	0	0
0x4a388afbe2829f822ea7d781a46c27c5a100d01f	4	1.29	0.07	371.73	2	100.00	0	13	0	0	0	0	0	0
0x8d5ab09062fa6553f655a4eca782bb106e1de799	10	1.29	8.75	248249.92	1	100.00	0	15	0	0	0	0	0	0
0x6bc26605f4c2ae7015d04e0adb09ca17e6a1a6bb	5	1.29	0.74	2320.96	1	80.00	0	192	0.0000027362929366780975	0	0	0	0	0
0xc3529249e55c93a2466e739cb3471ceb02c26d23	1	1.29	0.12	1764.66	1	7.00	0	45	8.292341924232005e-7	0	0	0	0	0
0xe85624f027f7763b7c150e0ad38f2c640ed4dd29	1	1.29	0.08	2321.70	1	100.00	0	2	4.2163017521801294e-8	0	0	0	0	0
0x1fd0660a791ae603216adaaa179b1a2499aa9de1	2	1.29	0.02	676.57	1	100.00	0	1	4.7461187202557653e-7	0	0	0	0	0
0xaf3c42ee974135360e289d0e56fe49564a6192b8	4	1.28	0.01	180.93	1	47.00	0	23	0.000024400352083286947	0	0	0	0	0
0xb680e66db876263efbe58807011641d53104df72	10	1.27	11.33	55913.76	2	92.00	0	34	0	0	0	0	0	0
0xaeb0c5160a824b5ebffa3c7269fb9f78cbfbeea2	6	1.27	0.63	18145.35	1	100.00	0	6	0	0	0	0	0	0
0x6159254d3b2d9943b409000d874cf8cf804ca1e8	2	1.27	0.24	986.82	1	7.00	0	167	0	0	0	0	0	0
0x54c844fe577bb1e69ff10f4c5cdd765b22e743c8	2	1.27	0.11	410.21	1	7.00	0	191	0.000013989510416756445	0	0	0	0	0
0xf11d8e96fbf2068f917f5fe2fdd666baa0f7f8b2	10	1.27	0.11	773.58	1	39.00	0	75	0.000013627038386587742	0	0	0	0	0
0x4d8222965d7ab82c5c4eed9ae7d55448c22c15d9	1	1.27	0.08	1165.40	1	8.00	0	26	0	0	0	0	0	0
0x4ee9d2e3024298fb210a2fac748b7b9c10559331	6	1.27	0.03	363.22	1	42.00	0	39	0.0000016938353164519526	0	0	0	0	0
0x633bcb12fe73c7eacaec3157a9a52b916add5968	2	1.27	0.00	9.73	1	11.00	0	9	0.000005988007822921304	0	0	0	0	0
0x28734e00eb636566255247ff546f6597ae6bebde	5	1.26	0.15	4441.31	1	100.00	0	5	5.042000483790332e-7	0	0	0	0	0
0xa5d6a0d96dcc9b88a35056686ce61d5eb05ec966	6	1.26	0.09	1296.04	1	42.00	0	38	0	0	0	0	0	0
0xd6a700ae90a9adce6cf559e9a708a24b7ef2bef0	5	1.26	0.00	37.27	1	18.00	0	44	0.000019223435132609268	0	0	0	0	0
0xb3bfb32977cfd6200ab9537e3703e501d8381c9b	5	1.25	4.63	135421.18	1	100.00	0	2	1.866196086552918e-9	0	0	0	0	0
0xa0e3c6264e4749e48977bc49893cbc7e762ac3d2	5	1.25	0.95	1975.01	1	45.00	0	317	0	0	0	0	0	0
0xfc4dcf97f138919033e04ff1639414f8915eef4a	7	1.25	0.01	408.49	1	100.00	0	3	0	0	0	0	0	0
0x9a91364b6669221dbbf69ef4b542ec7da5107ae2	3	1.25	0.01	242.13	1	100.00	0	1	9.056757455105924e-7	0	0	0	0	0
0x062d3f72d933fd04596ff9723f3ed425354b9330	1	1.25	0.00	107.25	1	0.00	0	0	0	0	0	0	0	0
0x99d07b2ec4a29294893c441df4e525e2e23815a2	3	1.24	0.06	1692.33	1	8.00	0	13	9.362392749956427e-7	0	0	0	0	0
0xca2f01257904fa21049b5dd74635921ca6474af1	2	1.23	1.72	16553.59	3	66.00	2	4	0	0	0	0	0	0
0x6fdb03ec52932c0bbb48f1367c7739480e78b785	2	1.23	25.13	743411.04	1	91.00	0	9	2.2143293865184432e-7	0	0	0	0	0
0x9320ed7b32db6156e68b8b5d118cc0475c488a57	5	1.22	4.93	29514.04	1	40.00	0	99	0.000017042417344015348	0	0	0	0	0
0x43ee1313c3f58aa37819203ffed568f55c236422	3	1.22	0.34	10110.76	1	100.00	0	8	6.579148337237939e-9	0	0	0	0	0
0xefe5eb0977814945d35c99c66b954026341075a1	5	1.21	10.23	22119.16	1	26.00	0	336	6.037969013661382e-8	0	0	0	0	0
0xc8d5cf84e1aa38ffa9e5e532fc97b2f6e1c4740c	4	1.21	8.58	51688.30	1	21.00	0	116	0.0000033724581460781167	0	0	0	0	0
0xc2d5904602e2d76d3d04ec28a5a1c52e136c4475	1	1.21	1.21	36363.49	1	5.00	0	22	0	0	0	0	0	0
0xa7fff554db3540e4f33e7865e41abea0fe65a40c	1	1.21	0.24	3602.63	1	4.00	0	28	0	0	0	0	0	0
0xd6c23984e185becf7a58e86c22e55bfef4a782af	7	1.21	0.06	936.78	1	34.00	0	47	0.000014776403656213688	0	0	0	0	0
0x3ad644dddad5a841d4f4480147437d70debd3294	10	1.19	0.56	6548.11	2	100.00	0	7	0	0	0	0	0	0
0x2c7b794b15e729b84747a6a45c038d625816345f	1	1.19	0.13	3992.48	1	100.00	0	1	5.044122453057298e-7	0	0	0	0	0
0x5b260b7c6cb9da91b883f7450fc4445e61634ed7	5	1.18	0.10	2996.86	1	100.00	0	5	0	0	0	0	0	0
0x86d6161109f89d871ac7ac50d811542a092ec1a1	1	1.17	1.88	58876.29	1	100.00	0	1	0	0	0	0	0	0
0xac4cafdde0a0bae722d2593178aec3ff3afe0a5b	40	1.17	0.14	850.90	1	100.00	0	104	0	0	0	0	0	0
0x5b260b7c6cb9da91b883f7450fc4445e61634ed7	1	1.17	0.12	3700.53	1	5.00	0	21	1.820205097757821e-8	0	0	0	0	0
0xa71475e2141395767d64a7a7cdf38c15906250fb	6	1.17	0.06	1837.18	1	100.00	0	1	0	0	0	0	0	0
0xcd7cdad3f2b27fa7bb4ea71eb6f5039d2fadff58	10	1.16	0.38	1484.15	1	100.00	0	183	0	0	0	0	0	0
0x0be6be7f73b267386eabfac4628125c86c850196	4	1.16	0.34	819.04	1	40.00	0	308	0	0	0	0	0	0
0x48667208496cb4dfdd13a39d3bd77001b7fd3d2f	6	1.16	0.01	170.67	1	25.00	0	40	0	0	0	0	0	0
0x2c32ea3164cb1cb3618c044e84c34c02443cc230	3	1.14	0.06	1998.62	1	100.00	0	3	1.0166401054334528e-8	0	0	0	0	0
0x55d607ebcdae3d0a5da08d92f115638115972ce0	1	1.14	0.03	939.22	1	14.00	0	22	0	0	0	0	0	0
0xca248afbcc09e474ecfbee249ba89f90db32cb5a	5	1.14	0.01	83.72	1	14.00	0	64	0.000013766807760440258	0	0	0	0	0
0x01a0f8f364c2fec07cfcdebd2980da3f950d0410	5	1.13	5.23	38230.51	3	96.67	237	51	0	0	0	0	0	0
0x031f72deb03c509af42624ddcd1f63fce5ecb220	1	1.12	149.43	256368.32	5	73.40	104	51	2.85298451530025e-10	0	0	0	0	0
0x16f562fb6587a19e19761654adb195f8bc879b5d	1	1.11	3.26	53388.10	2	96.00	12	2	0	0.5	-443636	443636	0	0
0x3d219b0fac375f0fbe8d65611deacb0353f58838	10	1.11	0.44	2400.43	1	70.00	0	126	0.0000017693608467261868	0	0	0	0	0
0x285be1ed5f6c2b75f8c6871b46f56f9a72e55565	3	1.11	0.28	1011.15	1	19.00	0	210	0	0	0	0	0	0
0xbbb87a9ab0b07aee4bb32dd53781385de553d192	5	1.11	0.13	1444.93	1	24.00	0	68	0	0	0	0	0	0
0xc32de03e195fa0e2e59338968c37d53b7a151c98	5	1.11	0.09	1490.10	1	18.00	0	38	0.000014417561722268601	0	0	0	0	0
0x6205f8323b261c225221d94310d720c9b81c466e	6	1.11	0.02	270.98	1	40.00	0	53	0	0	0	0	0	0
0x6307a621d925d8d8b0bf7bc1e50c58026506b23c	5	1.10	1.61	5313.81	2	26.00	0	71	0	0	0	0	0	0
0xc4dbc7d5957dcef7ed2b0778c597c16ce2769e7d	3	1.10	1.23	40834.93	1	24.00	0	4	0	0	0	0	0	0
0xe000b8ed0e86cdf9b136b92fe47fe6d3d6d5e1be	10	01.09	4.54	34297.78	4	89.75	57	9	0	0	0	0	0	0
0x2b733c743ede4bc575ffe2073067bc3ec7c06d06	1	01.09	0.05	1786.52	1	100.00	0	0	0	0	0	0	0	0
0xd0d0316b541afd034deeed0ae5b4229e1231d0d0	3	01.08	1.61	13601.95	4	50.00	6	1	0	0	0	0	0	0
0x172ab243cbf5eb41a0d28ee581fc720f12055dd4	2	01.08	0.82	9292.02	1	8.00	0	51	0	0	0	0	0	0
0xa9214877410560b17560955ca84eabde4e30dcca	2	01.07	0.21	7285.11	1	0.00	0	0	6.352198766990114e-8	0	0	0	0	0
0xf5d322984a1bb0a88e03a56e70ead65f9e1d68b0	5	01.07	0.14	4913.75	1	100.00	0	3	5.792266888349218e-7	0	0	0	0	0
0xe61b0b4c0bbb91bd9b387696e120b1ea05025572	1	01.07	0.04	1368.54	1	47.00	0	6	0	0	0	0	0	0
0x7f92baef5f329d34d01a76046297f3c58a4f72fa	5	01.06	0.24	403.58	2	73.00	0	64	0	0	0	0	0	0
0x5fc9ff46636e48dff2e71ade1a0f420673895f92	4	01.06	0.07	2283.08	1	13.00	0	16	0	0	0	0	0	0
0xa61d90c1739fbd52de7a864dc10eee7b9bd68ad6	2	01.05	7.95	39618.15	1	6.00	0	154	0	0	0	0	0	0
0x6376e21fef600c53ea6e10cdc473e584c8382521	5	01.05	0.06	1090.48	1	36.00	0	33	0.000004107085149751555	0	0	0	0	0
0x213bddf596932002b519864d35d5ac80b74f4262	10	01.04	0.13	869.51	3	99.67	146	182	0	0	0	0	0	0
0xe43192c078e391d6243e7e45828c0669162bb9e7	4	01.04	41.54	82195.58	2	69.50	0	111	0	0	0	0	0	0
0xf46ccc8c1055b5ebc65d7d3d5c3c95f61131030a	4	01.04	0.04	49.99	1	80.00	0	711	0	0	0	0	0	0
0xbdfa4f4492dd7b7cf211209c4791af8d52bf5c50	8	01.03	8.30	48834.02	1	47.00	0	120	0.000003248050584048201	0	0	0	0	0
0x148a499b66c5bc1db81d11ee7bc6785869e431eb	3	01.03	0.27	9519.74	1	0.00	0	1	6.236146710136836e-7	0	0	0	0	0
0x1264b14c36c7279608259a1f06490b82ef33a31d	2	01.03	0.08	2999.17	1	100.00	0	0	0	0	0	0	0	0
0x39d27f1157b6fd3a711263788431c036442d760b	5	01.03	0.06	735.44	1	44.00	0	52	0	0	0	0	0	0
0x3d89d2653636eecdd286b7399c194d885ac1a159	1	01.02	0.28	5064.06	1	3.00	0	31	0.000024009436117022886	0	0	0	0	0
0x4152e20ec836d7a1e3316de99cf245366e470e56	6	01.02	0.24	8698.83	1	100.00	0	6	0	0	0	0	0	0
0xabd8cee5a93265fc7d1f9e45f0169294d01b8802	5	01.01	0.16	1355.07	2	16.50	0	32	0	0	0	0	0	0
0x0bd7e0f100bf5bc1b635fe2f67435a3f35868b9d	3	1.00	0.30	10859.06	1	30.00	0	17	0	0	0	0	0	0
0x3e5d4d9867afd50d1febf5dad725daf45392ae0b	2	1.00	0.03	127.33	1	6.00	0	192	0	0	0	0	0	0
0xf1eef994f6bba70f0debf62ba33ab6921b93876b	2	1.00	0.00	7.94	1	100.00	0	1	5.439464101364422e-7	0	0	0	0	0
0x6465599be194371e842d7c35a1d72ea1318e4137	5	0.99	4.24	4514.92	14	67.00	25	159	0	0	0	0	0	0
0x475b3328c5134e67192df2cdc31bb4e2b5b59dd3	2	0.99	0.01	464.56	1	33.00	0	3	0	0	0	0	0	0
0x29e2c919e36c0583582bf5e39ff542e3c8b88c47	1	0.98	0.00	109.71	1	100.00	0	0	0	0	0	0	0	0
0x1b5abe83cd6ff9a0fbb3b8b0eebd9d96a764b937	1	0.98	0.00	26.88	1	72.00	0	3	0	0	0	0	0	0
0x60201f7c0774cba96e1db1a915ae1748da3faf12	2	0.97	108.54	875138.68	4	50.00	26	1	0	0	0	0	0	0
0x8985d5c3465d07321e981f3289eae1789ee13c79	2	0.97	0.48	18126.78	1	100.00	0	6	5.0660475814368056e-9	0	0	0	0	0
0x79e77ff9041a8a4ccddef45dfa98f0d5127871e2	1	0.96	1.31	49986.91	1	100.00	0	0	0	0	0	0	0	0
0x3c4f0468405a4624b09a3c537c387ef089495fd3	5	0.96	0.00	6.56	1	14.00	0	226	0	0	0	0	0	0
0x3b999498d355cf5a41eacb6f37fdacc9e5c58d8b	5	0.95	0.07	1278.80	1	42.00	0	40	0	0	0	0	0	0
0xe1353d918cfcbd7b9501c542bbee365aa533655d	1	0.94	0.01	90.34	1	2.00	0	62	0.00000749996894588989	0	0	0	0	0
0x1cb1b274d14df952458f0d6d3f761be3a5b2a2ec	5	0.93	3.27	128447.70	1	100.00	0	5	4.825386978879465e-7	0	0	0	0	0
0x1563c4751ad2be48fd17464b73585b6ba8b6a5f0	5	0.93	0.02	755.94	1	100.00	0	4	0	0	0	0	0	0
0x60201f7c0774cba96e1db1a915ae1748da3faf12	6	0.92	69.47	2769219.60	1	35.00	0	6	0.0000014779912516083016	0	0	0	0	0
0x0fa7a07ccab7afd23745ef7d50094025d70fe1e8	5	0.91	0.01	429.78	4	48.00	818	361	1.53802354185828e-7	0	0	0	0	0
0xe5d6793d3b275fac3e3a4da1a00fd7acf8402e5d	2	0.91	2.48	99987.94	1	100.00	0	0	7.810580626710362e-7	0	0	0	0	0
0x02ad9a8eee316a143f46bb91064aa035fdf8c11a	4	0.90	1.60	64907.72	1	100.00	0	1	2.5506263767738346e-9	0	0	0	0	0
0x6877fdb56bf4b85e9e386e6eac7dd61b4c90a6a1	10	0.90	0.05	1891.73	1	100.00	0	7	0	0	0	0	0	0
0x4aa76de68b2c73087bba7e31f3936d520347fcce	5	0.90	0.03	530.38	1	71.00	0	41	0	0	0	0	0	0
0x800949e55f51ab7ed905ce2b8cc50f205332c04f	1	0.89	0.03	1263.62	1	0.00	0	2	0.000002183698011304358	0	0	0	0	0
0x3330540a7fc4bcb1964b8d93ca18e1f7cbbfc763	5	0.88	0.07	287.91	2	66.50	313	97	0	0	0	0	0	0
0xc79c4d42ede2961f95a2157fbddd9d9221ce735e	11	0.88	0.09	254.02	1	100.00	0	345	0	0	0	0	0	0
0x03831bd895a1b97750511920ec7436c5f0cb25b0	5	0.87	0.01	461.25	1	100.00	0	2	9.732391559325038e-7	0	0	0	0	0
0x30b3d95e24ea00f5fb4b9bdf4f714159d9d793c2	11	0.86	1.87	79937.98	1	100.00	0	7	0	0	0	0	0	0
0x6d7ac63aaa7ba8925dcb3e44be6355261dcf688f	2	0.85	1.45	20918.05	1	18.00	0	56	0.000023005603200232372	0	0	0	0	0
0x1d555d7c44cc636c0175a9dfc80fb680d25bd5ea	7	0.85	0.47	20027.18	1	100.00	0	6	0	0	0	0	0	0
0x681ebca6c20d413bbb8201d10efd1a288cb7bad7	5	0.85	0.01	424.90	1	100.00	0	2	3.5253833186033035e-8	0	0	0	0	0
0xff2d826644e0a763f7fbd6b439331fe033e99667	5	0.84	0.01	155.56	1	15.00	0	53	0.00001945628120836318	0	0	0	0	0
0x420b1ed011aeed62ca141ef53715e86b888d90de	5	0.83	45.58	501627.44	1	29.00	0	92	0.00001633685116075867	0	0	0	0	0
0xda232095d6ccea2728e6ba5111d435c605b3e049	2	0.83	0.66	29290.42	1	100.00	0	1	3.7068126346184727e-10	0	0	0	0	0
0xa143d7cd69931e5c96f1dc20800c9002684d90ba	2	0.83	0.06	2574.48	1	22.00	0	4	0	0	0	0	0	0
0xc36c71438d17ef6dcf9ad5c25248d358c2e28a65	1	0.83	0.00	23.71	1	2.00	0	155	0.000005981695827550482	0	0	0	0	0
0x933d7eb16c7d8a6172878678ca8b30f30bdfbd6f	5	0.81	0.00	43.21	3	89.33	43	172	0.0000015556032462171743	0	0	0	0	0
0x3c07fd7df33dc84056e54262156d1dfa6c440a9f	5	0.79	3.26	8130.60	7	82.71	22	59	0	0	0	0	0	0
0x2265be90c2bd8f6dd34dbab1355756555080cac1	1	0.79	0.25	11396.14	1	100.00	0	1	0	0	0	0	0	0
0xcb04f9f5e1ac544dffb0d479b696e7aadb76dbfb	4	0.79	0.10	157.62	1	67.00	0	680	2.5409311321666905e-7	0	0	0	0	0
0x04722123cc98c8a78f4d2851d2b363561af99edf	5	0.78	7.14	22975.86	2	19.00	0	83	0	0	0	0	0	0
0x5333c1d733794e02f34d5f0d88c65d03fd2e4db1	1	0.78	0.91	10346.56	2	55.00	4	21	5.223932397768749e-10	0	0	0	0	0
0x79e41c2d158c5d6f2606459d04c4280cf20b8e13	1	0.78	0.80	3488.52	2	4.50	134	76	0	0	0	0	0	0
0xfd1d1152a49bbad1b94d4dea9056b12fd0a36efb	3	0.78	0.02	506.05	1	8.00	0	26	0	0	0	0	0	0
0x03696eefcebc504149b5a3e13825c1a4d4af7f15	2	0.78	0.02	957.26	1	10.00	0	21	0	0	0	0	0	0
0x824a4fbdbb672558a4e206ed964c802185d926d4	5	0.77	0.02	180.99	1	15.00	0	121	0	0	0	0	0	0
0xe2c8781e73844f38fd80b5cdc971561d516cb4cb	1	0.77	0.01	590.41	1	100.00	0	0	0	0	0	0	0	0
0x8364ab71eaabe46fd130a9b995082014138a3a36	10	0.76	0.13	953.86	3	49.00	81	431	0	0	0	0	0	0
0x42db590e25f6660e10e7f46e706ec7c3306fb269	5	0.76	4.45	9476.61	6	53.33	0	252	0	0	0	0	0	0
0x708df04e03ac02c440937be6e631fa8b46cb89bc	1	0.75	0.32	15716.96	1	0.00	0	9	0.000004225021466019996	0	0	0	0	0
0x5e7c28cad668eb9f9b38df3bfe6e107cc3c876e2	2	0.75	0.02	995.11	1	39.00	0	3	0.000003082504684837062	0	0	0	0	0
0x11c4820c6869d43f3b49b7eb49dc6c09eed12cab	6	0.74	0.11	1884.08	1	15.00	0	59	0	0	0	0	0	0
0x23e8b0c4d5df81cd8ffc46dd064974c859eea188	2	0.73	04.02	10010.83	1	8.00	0	461	0.0000021970781416413843	0	0	0	0	0
0x60f7a8117a4c45073c9163fd805a8a33cbddd1ee	1	0.73	1.60	79578.19	1	100.00	0	1	6.543875441522573e-7	0	0	0	0	0
0x8314979c1c045600f36371066e278d0440d59f8f	5	0.72	1.88	16021.60	5	100.00	178	28	0	0	0	0	0	0
0x97d7e0d3832b27588ceb9f821472c9ab75985126	5	0.72	3.00	3879.33	1	72.00	0	915	0.000002810353261217813	0	0	0	0	0
0xed101f7b40cdf28566cc275f6d42e467d5edd0ef	10	0.72	0.30	7670.42	1	26.00	0	34	0.000002459584169667295	0	0	0	0	0
0x10eb84abd429fa4df8dcabbc7c2803822a5b82d9	3	0.72	0.30	14989.86	1	100.00	0	1	3.398223147321744e-7	1	-887272	887272	0	0
0xd0d0316b541afd034deeed0ae5b4229e1231d0d0	4	0.72	0.27	13600.06	1	100.00	0	0	0	0	0	0	0	0
0xbd74a58ddd4b654bcd50c9db15b56aa8ef224cab	2	0.72	0.05	2719.12	1	100.00	0	1	0	0	0	0	0	0
0xe35eb1d49422e501ce277137438b0170b61ab8f7	5	0.72	0.04	523.35	1	8.00	0	74	0	0	0	0	0	0
0x7250c483672a8303d83d313339958e428836f32e	1	0.72	0.03	485.84	1	2.00	0	53	0.000006174924216395539	0	0	0	0	0
0x41477ad5c0fa869322c040f327089bd9aa030522	5	0.71	0.39	1892.00	2	58.50	506	154	0	0	0	0	0	0
0xd8a30e0d29109349bc5b61f665f44dc102b68d96	6	0.71	0.40	20357.04	1	100.00	0	1	0	0	0	0	0	0
0xa056c95d109e69667f23b0bd4c5b94a58cbb412a	5	0.71	0.06	3223.63	1	100.00	0	1	0	0	0	0	0	0
0xb2d9e0fb6a6ce8d579361626726bddd4f1309379	5	0.70	0.25	909.16	2	52.50	0	359	5.289075011294386e-7	0	0	0	0	0
0x27e2f8027645ae1c2568903e4b0c1a0c2a4ebf03	1	0.70	2.78	79995.33	2	64.00	5	6	4.582405010999935e-8	0	0	0	0	0
0x3b686ed5c35e0830ec754f5858dee82dded647c0	4	0.70	1.82	94640.46	1	100.00	0	1	0	0	0	0	0	0
0xd5ad941ca8e2ed3c3049d7adf370351827bd70bb	1	0.70	01.02	53561.37	1	100.00	0	1	2.2859492077031973e-11	0	0	0	0	0
0xce29ecb0d2d8c8f0126ed923c50a35cfb0b613a8	5	0.70	0.61	31850.10	1	93.00	0	1	0.000006124401186191619	0	0	0	0	0
0x6fb30693c84fc85ff016f29f1429f2e2d04412da	2	0.70	0.05	2438.27	1	0.00	0	1	0.0000012455898867891335	0	0	0	0	0
0xc4bb87b499c7ee0052314a2709b88da34ad4a921	1	0.70	0.02	881.88	1	26.00	0	11	0	0	0	0	0	0
0xc44b50751355698e2f1bcc886ee31e4282068c7d	1	0.69	0.33	4555.08	2	100.00	93	1	0	0	0	0	0	0
0x5e7c28cad668eb9f9b38df3bfe6e107cc3c876e2	5	0.69	0.04	817.85	2	57.00	4	7	0	0	0	0	0	0
0x705060afa63df422e670fed563d7ed50e34724c5	10	0.68	0.14	7617.84	1	100.00	0	2	0	0	0	0	0	0
0x4ee8564da1cc3028d14af94e9a87fa7376c1ada3	14	0.68	0.00	216.11	1	100.00	0	9	0	0	0	0	0	0
0xe5c5a11d1ad75f8a67ca36f2ec6fc4c4a9a1cdac	5	0.67	0.54	29252.87	1	100.00	0	2	0	0	0	0	0	0
0xd0d0316b541afd034deeed0ae5b4229e1231d0d0	5	0.67	0.25	13567.83	1	100.00	0	1	0	0	0	0	0	0
0xcecd10b41d0085b609cad91b86890f493f403e0f	2	0.67	0.02	996.49	1	0.00	0	1	0.000001147458716932448	0	0	0	0	0
0xd81c7fd4994a452fb4c836a688e80d4ec19fe065	2	0.67	0.00	130.28	1	5.00	0	19	0	0	0	0	0	0
0x96165cc60fd4f85c1453aa6e1d0d2360c3c494c5	4	0.67	0.00	64.07	1	23.00	0	13	0	0	0	0	0	0
0x643fe93a186331335feb023175004f319a159343	5	0.65	1.00	7017.11	1	38.00	0	190	0	0	0	0	0	0
0x2f573a409666730ded9c02a843abc13c2b357e00	1	0.65	0.16	9221.84	1	14.00	0	7	0.000010417915563554203	0	0	0	0	0
0xc61cc3107ad698103ace17beb39b1ac139646209	25	0.65	0.16	8924.75	1	100.00	0	2	0.0000029784944843846972	1	-887272	887272	0	0
0x8fbec4d1a46dc75c6dfc9278a2dafad20d571ac4	10	0.65	0.09	1590.33	1	24.00	0	62	0.000005991317442166633	0	0	0	0	0
0xe3964b997f1c7e6dee6ef028d7d2e6bbd3532acc	2	0.65	0.05	2738.20	1	100.00	0	0	0	0	0	0	0	0
0x76403a44853acf59ad2ac82bd42096225976e2fa	5	0.64	0.05	2940.52	1	100.00	0	2	0	0	0	0	0	0
0x6add196e159a6bd07d0a418dabba19bbcfb9729e	3	0.63	0.00	30.07	1	27.00	0	11	0.0000010352083523734734	0	0	0	0	0
0x3c301d62a2d4dc76f53b5b493c8b9a7cbf456dac	5	0.62	0.23	3404.14	1	11.00	0	74	0.000008898298597959098	0	0	0	0	0
0xfa6f2d64cb00c9b16fb839c35810a73b0a7cdd17	2	0.62	0.01	334.63	1	0.00	0	23	0	0	0	0	0	0
0xbe7dd82facd47d3598803f44cb980078466aeba3	3	0.61	0.19	6398.88	2	64.00	313	14	7.202671736816768e-7	0	0	0	0	0
0xc2cccb52be0b09a3943282ff74990b539df92309	2	0.61	0.04	534.60	4	3.50	3	8	2.298190249216958e-8	0	0	0	0	0
0x27f7d74427435a8eda6609c3e3d4e56028b7212c	10	0.61	0.86	17065.50	3	100.00	0	7	0	0	0	0	0	0
0x9ddc19759ff10b381e0e1fe2df88f5c07a69138a	3	0.61	0.03	1987.10	1	100.00	0	0	0	1	-887272	887272	0	0
0x57370d8350409085b33253f9d4525f1eea26e1e3	3	0.61	0.01	32.74	1	24.00	0	287	4.037072343088255e-7	0	0	0	0	0
0x844f38a747fdf5bfc206647fe84e303c9795492f	4	0.60	8.88	21658.70	1	82.00	0	582	0	0	0	0	0	0
0xe506b89e12b573e4408a84eaa0a79697bb2800a1	1	0.59	40.35	434119.52	5	44.80	0	1	0	0	0	0	0	0
0xd635344359cd8ef01437122531a2c7a3673782db	5	0.59	0.49	4999.11	2	38.50	0	659	0.0000031440416159433937	0	0	0	0	0
0x70a955ad98b3515105619c729f3b35602e5da165	10	0.59	0.14	8846.47	1	100.00	0	2	0	0	0	0	0	0
0xeb8e53cf044ff3f07e47ecef879560d1210e12aa	2	0.58	0.03	1933.17	1	0.00	0	12	0.00000381250777614639	0	0	0	0	0
0xaa04121d2b943bbb3704789f0cfe2c2699e2bf7b	1	0.57	0.06	3777.94	1	0.00	0	0	0	0	0	0	0	0
0x30cbba4d49f6ca4d369d3bb18bde51d4c32a07a9	1	0.56	0.02	683.91	2	10.00	0	6	0	0	0	0	0	0
0xfdb714222de5bfd1fb0571b22878a52488c46538	1	0.56	0.06	3694.72	1	0.00	0	0	0	0	0	0	0	0
0x03879d8c909fdeb8e8ca1fed5e57793f4f241a3f	2	0.55	0.04	2316.51	8	77.25	138	12	7.514930899787942e-8	0	0	0	0	0
0xd5b71fa1e496d827f040912e02f7f6f47b5f1e7e	4	0.55	4.56	300789.20	1	31.00	0	3	0.0000010329369914963138	0	0	0	0	0
0x0d7bac5fabb42e219b0424f0f4fd9d8170bd0805	2	0.55	0.06	3963.75	1	100.00	0	1	4.903923822574541e-7	0	0	0	0	0
0x278752ff42bdf8c5124415ca261ecadba8542887	6	0.55	0.00	254.18	1	100.00	0	1	0	0	0	0	0	0
0xdbdc4a3554ea68f9c74f8e44d5332a75d7fa7068	9	0.54	0.00	51.75	1	100.00	0	4	0	0	0	0	0	0
0x67e906c47bd1ebf954fd5c3af353b594687cedb6	5	0.53	0.15	10317.25	1	100.00	0	3	0	0	0	0	0	0
0x7bfad1dd12a8010b66db7af2606793a3a7938d6b	2	0.52	0.05	3582.63	1	100.00	0	0	6.164127763774729e-7	0	0	0	0	0
0x0aac7b14848701daf57939fcd51b60d1029cd57f	5	0.52	0.01	1001.10	1	100.00	0	0	1.7295054277610689e-10	0	0	0	0	0
0x824dbfe3aacdf56e1a510b90ae04c51fba1f23b0	5	0.51	0.03	322.67	3	46.33	0	438	0	0	0	0	0	0
0xb3dbe74b4235ec365d9311f2fa9e5bea31e5e7ef	5	0.51	0.24	5732.17	1	11.00	0	71	0	0	0	0	0	0
0xdc25021b6990edfabefc03623351888628a14ae0	2	0.48	0.13	9886.51	1	100.00	0	0	6.519562667506307e-10	0	0	0	0	0
0x0db47873539c5120998144e5098faa436f986988	5	0.48	0.04	128.16	1	89.00	0	567	0	0	0	0	0	0
0xcd338b907aac7c3c96a118b6c1f3cb22c6f86af0	5	0.48	0.03	2393.41	1	100.00	0	2	0	0	0	0	0	0
0xdf43664aec3b994e1dd159ec59d45ba87927255b	6	0.48	0.01	15.31	1	49.00	0	1525	0	0	0	0	0	0
0x89593d976db25e6581b48839cbffa1d1dbf9ff8b	12	0.48	0.00	99.41	1	18.00	0	17	0	0	0	0	0	0
0xe19fbb0017fc6a4c223a25c562c42bf7ecefd41b	5	0.47	0.28	10886.55	1	90.00	0	24	0	0	0	0	0	0
0x42d9c1fb098b21a335c89f561a96b83de5bf8fd3	2	0.47	0.05	4083.30	1	100.00	0	2	0	0	0	0	0	0
0xb8a9fe6d753cb8279a636acb8917140633b7fc4d	1	0.47	0.02	1250.32	1	100.00	0	1	6.735415003511491e-7	0	0	0	0	0
0xd1301dc2e061f7a59e8809bfbe9f81ac84e4ff12	11	0.47	0.00	38.63	1	19.00	0	11	0.0000044707554103240454	0	0	0	0	0
0xd75e421a43638f01d2b0f19ae42938b5264591cf	5	0.47	0.00	24.52	1	40.00	0	2	0.0000019862363864753263	0	0	0	0	0
0x429d821e190fd37fb8572322922efee78bfb9a01	4	0.46	0.26	13848.29	2	100.00	67	1	0	0	0	0	0	0
0x86d6161109f89d871ac7ac50d811542a092ec1a1	5	0.46	0.97	76270.89	1	0.00	0	1	0	0	0	0	0	0
0x6ab7ed185548e7b5fe00196bd69edb36ca6de7a9	5	0.45	4.18	113956.82	1	11.00	0	61	0	0	0	0	0	0
0x9d8320c0d6f0130434fb945072d6fff879576697	2	0.45	2.57	104772.75	1	8.00	0	25	1.9188794997404557e-8	0	0	0	0	0
0x0296cd430220b8cb54472c48e08f203316c49d62	10	0.45	0.30	362.10	1	55.00	0	1591	0	0	0	0	0	0
0xed37e794d1ee39695831a1fd8ea0ad382ff0c684	1	0.45	0.02	1922.56	1	12.00	0	8	0.00000919123253062537	0	0	0	0	0
0x108b6ff76f976b9e18ba69ccef940c2e198ef2b0	5	0.44	1.57	1960.52	1	46.00	0	1594	0	0	0	0	0	0
0x24b60f73756a428094483c9ff91d5f3b6f81694a	1	0.44	0.14	11538.67	1	0.00	0	0	5.715927731131387e-9	0	0	0	0	0
0x23ee739530231e7aff44a386dcbab639a6c04c92	2	0.44	0.01	897.47	1	0.00	0	1	0.0000020546311874092282	0	0	0	0	0
0x74ec62c2376e3b57c8b661bda0b4effd73c0df88	5	0.43	0.32	438.18	4	83.75	0	161	0	0	0	0	0	0
0x961043a95e4b592cf0c7c53669f425e19e5b403e	5	0.43	0.41	4996.31	1	73.00	0	158	0	0	0	0	0	0
0x1e34b42f23871aaf6a8bff113d7241ad6b936ee7	2	0.43	0.00	28.21	1	11.00	0	9	0	0	0	0	0	0
0x05de7185d0a89c40ef6a4b684296debfd2e7bd0d	5	0.42	0.33	1435.06	5	71.20	9	31	0	0	0	0	0	0
0x2f2f665974261c4129b1dc6c359bd259cd66f78a	11	0.42	0.40	34677.30	1	36.00	0	3	0	0	0	0	0	0
0x395ef2d7a5d499b62ac479064b7eaa51ae823a22	2	0.42	0.05	4179.25	1	38.00	0	3	0	0	0	0	0	0
0x1264b14c36c7279608259a1f06490b82ef33a31d	11	0.41	0.57	3167.90	1	17.00	0	383	0	0	0	0	0	0
0x98c40917c68a955a7102e667de9bd39677307b2c	4	0.41	0.24	21252.51	1	100.00	0	1	2.41113795595993e-9	0	0	0	0	0
0xdda42f12b8b2ccc6717c053a2b772bad24b08cbd	2	0.41	0.04	3722.33	1	27.00	0	4	9.975092085667825e-7	0	0	0	0	0
0x0ee38cff8e3dce4549316d4c6d9cfe3092dec3bf	2	0.40	0.05	983.07	4	9.75	54	7	2.2792718823438918e-7	0	0	0	0	0
0x97373ce191e8520c6653e58ebb600ac45d24d30e	5	0.39	0.16	7257.94	2	100.00	114	2	0	0	0	0	0	0
0x0b7c363822613594086e22ab41b0368904a188a9	5	0.39	0.03	2504.18	1	100.00	0	1	0	0	0	0	0	0
0x1c235c3af910d38d5fe784c62a9993037e31839c	7	0.39	0.00	59.74	1	100.00	0	9	7.015668046506107e-7	0	0	0	0	0
0x99bdce51a4ccffc80d2e7082fbddc18ede6a7d75	10	0.38	0.01	507.99	1	100.00	0	2	0	0	0	0	0	0
0x9b843f8098d0c17270f474cc24368594ae09070b	6	0.37	0.00	113.10	4	77.00	100	89	0	0	0	0	0	0
0x8bcef7c43dedd2f20474d113f990cd6c8ccd1a58	1	0.37	0.00	972.39	2	50.00	0	0	0	0	0	0	0	0
0x70a955ad98b3515105619c729f3b35602e5da165	6	0.36	0.16	7884.42	1	41.00	0	24	0	0	0	0	0	0
0x4edd50d8f20480e8246fbf7f0c00df58c4e074e5	3	0.36	0.12	12043.77	1	100.00	0	1	9.533152045548832e-10	0	0	0	0	0
0xb4259269e8d9b03431ee8bc74d761439bd4b1bc7	10	0.36	0.11	920.21	1	70.00	0	274	0	0	0	0	0	0
0xbcdffecb673431f13069fc29bc2bbca52232eaf5	10	0.36	0.11	915.54	1	70.00	0	274	0	0	0	0	0	0
0x3236d8db3360960e75ae020d58f4c91261af7447	4	0.36	0.09	2366.77	1	3.00	0	74	0	0	0	0	0	0
0xb696623b744a4cf33e23ff142642dda46e1a8dd1	5	0.36	0.04	379.95	1	28.00	0	229	0	0	0	0	0	0
0x8e9684505cab84591bc5e811b2a67953cbc47d96	1	0.36	0.03	43.40	1	2.00	0	1578	0.0000035092129424540985	0	0	0	0	0
0x9ddc19759ff10b381e0e1fe2df88f5c07a69138a	2	0.35	0.02	1987.59	1	92.00	0	1	0	1	-887272	887272	0	0
0x4a93c3c014da94070df96352d3e6795e0b682022	3	0.34	0.00	197.58	1	0.00	0	17	0	0	0	0	0	0
0xb85f62d514a0a2f720e9a6b69148632068c8c297	3	0.34	0.00	0.44	1	100.00	0	1	4.044733770136588e-7	0	0	0	0	0
0xfa1457caf448c66ce3c2e619ccd4fcfd317b61f6	1	0.33	0.13	1327.45	11	9.64	0	5	0	0	0	0	0	0
0x10eb84abd429fa4df8dcabbc7c2803822a5b82d9	10	0.32	0.28	32004.90	1	100.00	0	2	0	0	0	0	0	0
0x0fbeabcafcf817d47e10a7bcfc15ba194dbd4eef	1	0.32	0.17	18713.58	1	100.00	0	0	0	0	0	0	0	0
0x75a24f977a7978e7e1b410863fd601fc31742375	2	0.32	0.16	3570.68	1	3.00	0	104	0.0000020134633182955497	0	0	0	0	0
0x043d87dab67391f9b6998ab35819339a80af93c5	1	0.32	0.10	11354.87	1	100.00	0	0	0	0	0	0	0	0
0xedeed75328937a17749c1a59772e2ec79eb51314	4	0.32	0.04	5000.08	1	100.00	0	0	4.987184776261699e-7	0	0	0	0	0
0x4309ef6ca59940901d48c1257f501792b86ad5c0	1	0.32	0.01	1521.56	1	100.00	0	0	0	0	0	0	0	0
0xa0d1d716aa96c1cdc065ab6233ac7d3a530f45ee	4	0.32	0.01	1329.43	1	100.00	0	1	4.863092373241784e-7	0	0	0	0	0
0xde2bb2f0d2f1099f949c1b1949cfe197aa25e3d6	2	0.32	0.00	94.15	1	100.00	0	1	0	0	0	0	0	0
0x1fe4fd70272327264510e55bb2e79689a2f90b6c	5	0.31	0.39	5926.67	2	66.50	0	24	5.22747117814859e-7	0	0	0	0	0
0xb3fd64bb7a25843c59f209c7a96ac73c39116b86	3	0.31	0.09	10838.30	1	100.00	0	0	4.6518717766730333e-7	0	0	0	0	0
0xd0f54ca35479bd757a2ad4a34da98e2187f5224e	5	0.31	0.00	193.77	1	100.00	0	1	0	0	0	0	0	0
0x476729af2861e3e1b3b1f1cb7fb620f46b0f6eb5	2	0.31	0.00	16.84	1	37.00	0	75	0	0	0	0	0	0
0xec26de1b53436b959e534287888a297066cdd37d	5	0.30	0.00	0.12	3	100.00	0	2	0	0	0	0	0	0
0xb63139cfd145786cfc99a7429582351bc7588724	7	0.30	0.07	3844.29	2	100.00	0	1	0	0	0	0	0	0
0x0fa077a4252a180cf6e485a573ca4f0d33dbb5e5	8	0.30	30.80	65057.85	1	53.00	0	1375	0	0	0	0	0	0
0xedeed75328937a17749c1a59772e2ec79eb51314	38	0.30	0.18	10845.16	1	100.00	0	32	0	0	0	0	0	0
0xadd53ef8fc77d156b3df64ff04167da0ee0fe2a3	2	0.30	0.04	5012.92	1	0.00	0	1	6.139465602572614e-7	0	0	0	0	0
0xbbb87a9ab0b07aee4bb32dd53781385de553d192	6	0.29	0.64	1374.47	1	52.00	0	1379	0	0	0	0	0	0
0x86d6161109f89d871ac7ac50d811542a092ec1a1	9	0.29	0.60	76161.82	1	100.00	0	1	5.913857181738535e-7	0	0	0	0	0
0xe4a5b3ac8e37ecfeab5c2944de5f1d034fe0d112	5	0.29	0.04	1638.28	1	7.00	0	72	0	0	0	0	0	0
0x4f0d01b2f5adb504fb0c7d9ad5d33eb12e3affeb	1	0.29	0.00	171.63	1	100.00	0	0	0	0	0	0	0	0
0xca686974913389d42f3c5f61010503daccdb487a	6	0.28	2.30	296380.24	1	100.00	0	1	0.0000011515925213423372	0	0	0	0	0
0xd573885ceec013f37ae5d0c809349865ef6a4b67	10	0.28	0.55	1201.85	1	57.00	0	1394	0	0	0	0	0	0
0x03879d8c909fdeb8e8ca1fed5e57793f4f241a3f	21	0.28	0.16	5226.42	1	100.00	0	80	0	0	0	0	0	0
0x0fcc57b257592dcc1767beef7f0548ca7d5764d1	1	0.28	0.04	5479.10	1	100.00	0	0	0	0	0	0	0	0
0xca248afbcc09e474ecfbee249ba89f90db32cb5a	10	0.28	0.01	111.12	1	70.00	0	140	0	0	0	0	0	0
0x2186b4c9cdfccde1a745c9567fbd64654daa78e2	10	0.27	0.06	263.07	2	29.50	0	718	0	0	0	0	0	0
0x3236d8db3360960e75ae020d58f4c91261af7447	3	0.27	0.03	1257.75	1	1.00	0	70	0.000015055930868701495	0	0	0	0	0
0xe894a57130db39a5f0cadae97170b10055424504	10	0.25	0.01	1116.92	1	100.00	0	0	7.682129266051163e-7	0	0	0	0	0
0x55580d0f3b6f3ae1587c5e5cbf83d94f5c6c9e9e	7	0.24	1.49	3830.59	1	54.00	0	1397	3.625458822043015e-8	0	0	0	0	0
0xf1647d6053d94cdcb8ccd9943cea603352460c9b	9	0.24	0.11	289.44	1	57.00	0	1393	0	0	0	0	0	0
0x44aabcbed1c1ff45f65a63569385c6cd2e99d6bd	2	0.24	0.02	3400.90	1	100.00	0	1	0	0	0	0	0	0
0x03879d8c909fdeb8e8ca1fed5e57793f4f241a3f	20	0.23	0.12	4722.00	1	100.00	0	80	0	0	0	0	0	0
0x42f02ca758895f2eb68dcbc23550275170166729	2	0.22	0.03	4690.09	1	100.00	0	1	0	0	0	0	0	0
0x8862f038923f24d6b322de32d009db44e8ef0fbb	1	0.22	0.00	675.22	1	100.00	0	0	0	0	0	0	0	0
0x6175e7a985caeac2db12fada99e626ebd6fe7bcc	1	0.21	4.25	374901.07	1	4.00	0	25	0	0	0	0	0	0
0xedeed75328937a17749c1a59772e2ec79eb51314	10	0.21	0.08	14306.22	1	100.00	0	0	0	0	0	0	0	0
0x6a525b853925ed043ff5a9ae5bb121f0a5a26343	1	0.21	0.00	277.31	1	100.00	0	0	0	0	0	0	0	0
0x50e01433711f0cde93d09856405f64a579fa5244	2	0.20	01.04	186965.86	1	100.00	0	0	0	0	0	0	0	0
0x11c4820c6869d43f3b49b7eb49dc6c09eed12cab	7	0.20	0.76	2412.51	1	52.00	0	1349	1.6057282170578446e-7	0	0	0	0	0
0x4576491d50971c9bf31c1f1744e277ee9bacb21d	5	0.20	0.07	12475.33	1	100.00	0	1	0	0	0	0	0	0
0xec26de1b53436b959e534287888a297066cdd37d	1	0.19	0.00	0.88	3	67.33	79	44	0	0	0	0	0	0
0x80327c6d170af233139de9d4068fb362b94ea7a6	2	0.19	10.81	15873.46	2	27.00	0	1545	1.4314105456492143e-10	0	0	0	0	0
0xc18dad44e77cf2f2f689f68d93a3603cbcdc5a30	1	0.19	1.18	224072.12	1	100.00	0	0	0	0	0	0	0	0
0x74712aa1839fec8a524f562ed7c72780acca6b19	1	0.19	0.05	9634.08	1	100.00	0	0	0	0	0	0	0	0
0xf752693a4a338460b0cc98229c8fdef879e5fac1	1	0.19	0.01	999.71	1	100.00	0	0	0	0	0	0	0	0
0x6a4a2b7d3763054da63ec3ac85253e914acd9668	2	0.18	0.10	9896.39	1	0.00	0	26	0.000010786936166518046	0	0	0	0	0
0xdbf7b6c8c65254c7af6b877f6b6261e922be91ec	4	0.18	0.00	18.37	1	100.00	0	0	0	0	0	0	0	0
0x094a804ae6c3d90dba1119769753b5aa490b7b3b	6	0.18	0.02	4814.06	1	100.00	0	1	0	0	0	0	0	0
0xf17017dd78887f7a6d03a81e36ffbdf67eac2b8a	9	0.17	0.02	4751.12	1	100.00	0	1	0	0	0	0	0	0
0x822c053377819153f4fba92c5dc33ffb00ba1a72	1	0.17	0.01	2125.06	1	0.00	0	0	8.142383656206675e-7	0	0	0	0	0
0x5ea049fc9be02f2978fcea7c7c1646a88575e484	5	0.17	0.00	164.38	1	0.00	0	0	0.0000021068347066943716	0	0	0	0	0
0x7b9ce794e37b20f61ca98b33740490f19204beec	5	0.17	0.00	71.26	1	100.00	0	1	0	0	0	0	0	0
0x50e01433711f0cde93d09856405f64a579fa5244	1	0.16	0.79	180678.71	1	0.00	0	0	3.9347025637681554e-8	0	0	0	0	0
0xd18b82a107a1cc93666b69bd264628d9297ae3fc	5	0.15	0.03	8265.72	1	100.00	0	3	9.658940314238862e-13	0	0	0	0	0
0x5d1632abe35871c9e21d1c934af607688c3a41ac	1	0.15	0.00	3.54	1	100.00	0	0	4.901765660036972e-7	0	0	0	0	0
0x78266b7341161ad0cbfac66c7fb234f4017bd18b	3	0.14	0.01	1517.25	2	100.00	547	2	2.1393379845413563e-7	0	0	0	0	0
0x0737807303e1baa89cf1f9c8fc1926ea58bb52f6	400	0.14	0.12	16044.79	1	100.00	0	38	0	0	0	0	0	0
0xa109398a8ab7af8b4b45a08797594247346c8d56	1	0.14	0.03	8843.65	1	100.00	0	0	0	0	0	0	0	0
0x42db590e25f6660e10e7f46e706ec7c3306fb269	4	0.14	0.03	1577.37	1	2.00	0	111	0	0	0	0	0	0
0x0e07ecb7ea74b53f41a3c82b9ff7323512866ce8	10	0.14	0.02	4057.00	1	100.00	0	0	0	0	0	0	0	0
0x67aee39cfaf5915b12d319ba4a99f51a5d736fd3	2	0.14	0.00	930.63	1	100.00	0	0	4.7153393412102673e-7	0	0	0	0	0
0xa95695c71256e41c5d128ed8bcca88a01dace919	3	0.13	0.31	1447.69	3	68.00	0	217	0	0	0	0	0	0
0xa93266651533d2d944d29553d37f1d2f93e57de0	1	0.13	0.13	15080.39	3	0.00	0	0	0	0	0	0	0	0
0x75dd32dca095629aa8257e52d8e05e82762d4007	10	0.13	0.34	98218.21	1	100.00	0	3	0	0	0	0	0	0
0xccdeae307f699efd4f4d01c1fbff8fb4a5309508	2	0.13	0.27	1318.43	1	1.00	0	1424	0	0	0	0	0	0
0x27f7d74427435a8eda6609c3e3d4e56028b7212c	5	0.13	0.19	24629.48	2	100.00	0	0	4.913897622138563e-7	0	0	0	0	0
0x5cddc6d054be28b5b7da2c6522bf42d20a9135f7	1	0.13	0.01	2541.95	1	100.00	0	0	5.102704703219274e-7	0	0	0	0	0
0xae24b4bdad4633f0961dc66a491473d6bc8e5ba0	6	0.13	0.00	264.18	1	100.00	0	0	1.8808288260174777e-10	0	0	0	0	0
0x60201f7c0774cba96e1db1a915ae1748da3faf12	5	0.12	8.43	2488573.53	1	100.00	0	0	0	0	0	0	0	0
0xc6685b08b58f23d3c8baff233dfaf264491f5846	14	0.12	0.01	36.87	1	58.00	0	1560	0	0	0	0	0	0
0x2186b4c9cdfccde1a745c9567fbd64654daa78e2	11	0.11	0.01	601.77	1	51.00	0	80	0.00002391901042786415	0	0	0	0	0
0x822c053377819153f4fba92c5dc33ffb00ba1a72	5	0.11	0.01	2126.56	1	100.00	0	0	0	0	0	0	0	0
0x047edbcf9fab8e6cd7d808adf78c80f93f25f0a2	9	0.11	0.00	710.28	1	100.00	0	0	1.0655920590352252e-10	0	0	0	0	0
0x2c7fb10b8cf82d1ea7288eef1433e80936c35ee2	1	0.10	1.56	41386.28	6	58.67	177	41	7.290247479770547e-8	0	0	0	0	0
0xcdc05f7fe4753ce3f44fdb0389c07c64e7c96e0b	5	0.10	0.09	32573.95	1	0.00	0	2	0	0	0	0	0	0
0x41caa3369c80a8fba8cfd94b457da68f6e91c3e6	2	0.10	0.05	19992.03	1	100.00	0	0	8.590396172181158e-8	0	0	0	0	0
0x67a2055540a6262dbff2831f717af12a1d365d2b	2	0.10	0.00	272.31	1	100.00	0	0	0	0	0	0	0	0
0xe43192c078e391d6243e7e45828c0669162bb9e7	1	0.09	0.39	53032.46	2	4.00	0	12	0.0000015265898212213358	0	0	0	0	0
0x443fd22ab5f10a30824ef40e03c49b374bea3c51	2	0.09	0.01	4801.45	1	100.00	0	0	0	0	0	0	0	0
0x6692b4c943c6645889bb0effed7e4965f570e389	8	0.09	0.00	592.03	1	21.00	0	38	0.0000026737271952015362	0	0	0	0	0
0x8e4b32ab1f254f310dbe9c23c150822570d3baad	1	0.09	0.00	16.24	1	100.00	0	0	0	0	0	0	0	0
0xf1db5c88ac2b757e8b33f2e58e19cc55b3039898	1	0.08	0.00	13.18	34	78.88	11	16	7.86854241893894e-12	0	0	0	0	0
0xc5310ae4d318b2ab1ec6296cfb5c523c0784bb27	4	0.08	0.01	2948.18	1	100.00	0	0	0	0	0	0	0	0
0xa9f87b77b31dd314dcde87bd67309b523b82258d	5	0.08	0.01	39.91	1	35.00	0	1513	0	0	0	0	0	0
0xd3c6ab0158c0ab1a13908a213b6ed7a9155efb7d	3	0.08	0.00	1504.54	1	31.00	0	23	0.000018242521127032063	0	0	0	0	0
0x9b2a08ea17e5b855fc2aaa79ebdbee74f1e15bcd	12	0.08	0.00	991.89	1	100.00	0	2	0	0	0	0	0	0
0x16959b8b6601cf5ee8521860d0403054897ca536	5	0.08	0.00	22.70	2	94.50	772	39	0	0	0	0	0	0
0xd1def8d1d850abc1b07092c31defe32243364144	5	0.07	1.45	7412.41	5	69.60	1	143	0	0	0	0	0	0
0x9e1669410b3b76b0b0a6ad0b6d7a7ddf8f804b0b	2	0.07	0.03	15984.83	3	94.33	119	11	1.7332615713054148e-7	0	0	0	0	0
0x2d29c09ef733f48fe10074a2dd7c38b50a9d4d89	5	0.07	0.15	82639.02	1	18.00	0	17	0.000006381846406888769	0	0	0	0	0
0x022ac1b919d12870f37b744309e78895700ef82f	10	0.07	0.09	852.63	1	54.00	0	1299	0	0	0	0	0	0
0xd0ccd3d71324eb761cf27dd7731db0c783114028	6	0.07	0.08	39361.53	1	100.00	0	0	0	0	0	0	0	0
0xd6dcdfb7120a76b3bc521b700834ab313e9676e5	1	0.07	0.06	34877.53	1	100.00	0	0	0	0	0	0	0	0
0xc9ee3e74fe984e4fa262bd147c2d38870e41d4c5	1	0.07	0.03	16962.96	1	93.00	0	11	0.0000023552891859068836	0	0	0	0	0
0x6e14302970122ae69cf94ecb42a65b97d8b2900b	1	0.07	0.03	6778.08	2	100.00	67	0	0	0	0	0	0	0
0x5db201ae15f9702f0a0ff9f00b8c1c18355373d0	7	0.07	0.01	6112.12	1	100.00	0	0	0	0	0	0	0	0
0x1c00daf559da5df8fe732b1da63f6323ed758637	3	0.07	0.01	3103.75	1	100.00	0	0	0	0	0	0	0	0
0x77b70eb23449bd282aeebf12c7b657cb64af7740	2	0.07	0.00	1848.91	1	100.00	0	0	0	0	0	0	0	0
0x8f79ed54eeae3d5146efe6cd0beca54ba133c802	2	0.07	0.00	1795.39	1	100.00	0	0	0	0	0	0	0	0
0x38f9a6cb26747194deb0f6bfb6b89340aad1b270	4	0.07	0.00	201.01	1	1.00	0	170	0	0	0	0	0	0
0x0023e7b2ebc33f3e774214499ca441a114ebecce	2	0.07	0.00	560.51	1	100.00	0	0	0	0	0	0	0	0
0xedd30dd9afab86d55dab764ba1d34d43426a8e83	1	0.07	0.00	70.01	1	100.00	0	0	0	0	0	0	0	0
0x7d29d582b3ed7f9621f8eecf91a1a45f6083b050	4	0.06	0.00	52.46	1	0.00	0	0	0	0	0	0	0	0
0x2f2f665974261c4129b1dc6c359bd259cd66f78a	5	0.06	0.05	32940.21	1	100.00	0	0	0	0	0	0	0	0
0xa2d30b5c2c84f8c0e47a0dfebb3eda04a6a2ca28	1503	0.06	0.01	443.91	1	99.00	0	327	0	0	0	0	0	0
0x9e0ef1bc1a3411001a30ea016faeab76d28bf8e3	5	0.05	0.17	24170.52	3	100.00	216	0	0	0	0	0	0	0
0x323d3f02cd32bfb3a6977a890e44c808156480e8	10	0.05	0.08	909.84	1	52.00	0	1510	0	0	0	0	0	0
0xed2fe2a0fecb1c51c52145d759bead06e6e9aadb	5	0.05	0.03	19649.94	1	100.00	0	0	5.119982549040003e-7	0	0	0	0	0
0x2b7dd66f1c31f7d3c785bd6414512b70bf923a73	5	0.05	0.00	680.88	1	100.00	0	0	0	0	0	0	0	0
0x3a03d54d4e1a25615ac591623a1fa66421270dc7	5	0.05	0.00	630.93	1	100.00	0	0	4.98699814777126e-7	0	0	0	0	0
0x0c95b31b7b86b32897e82a838c48800af91d888c	16	0.05	0.00	19.28	1	100.00	0	460	0	0	0	0	0	0
0xd75e421a43638f01d2b0f19ae42938b5264591cf	1	0.05	0.00	18.05	1	0.00	0	4	0.000004014101506744083	0	0	0	0	0
0xf1eef994f6bba70f0debf62ba33ab6921b93876b	5	0.05	0.00	8.11	1	100.00	0	0	5.129540348036699e-7	0	0	0	0	0
0x03879d8c909fdeb8e8ca1fed5e57793f4f241a3f	1	0.04	0.06	4117.91	12	53.17	38	41	1.2482839576814322e-7	0	0	0	0	0
0x26570de098f37d1d717e2860fbf19d54fe9a6011	5	0.04	0.00	2.15	2	100.00	0	0	0	0	0	0	0	0
0xf76e0176494608dc2fd1592917dab33b6d2e3ed9	2	0.04	0.04	37022.08	1	100.00	0	0	1.0775537129248391e-7	0	0	0	0	0
0x66c68b5a77d009609c2a1c0797cf991d0d0e9126	5	0.04	0.04	35283.65	1	100.00	0	0	0	0	0	0	0	0
0xa18731ee566a81628bf49f074c9f4ddfe81b3721	1066	0.04	0.02	16160.31	1	100.00	0	14	0	0	0	0	0	0
0x5c6dc07dd42e536d41a6252b675450fa33b55d5a	3	0.04	0.01	9546.25	1	100.00	0	0	0	0	0	0	0	0
0xd18b82a107a1cc93666b69bd264628d9297ae3fc	10	0.04	0.01	7481.95	1	100.00	0	0	2.0228263508670352e-11	0	0	0	0	0
0x8364ab71eaabe46fd130a9b995082014138a3a36	3023	0.04	0.01	1508.32	1	96.00	0	68	0	0	0	0	0	0
0x42982dafd5577db35255bb1dab0b288464844de1	2	0.04	0.00	3962.96	1	100.00	0	0	0	0	0	0	0	0
0x0ff86f706bce6d1dc98fc58ccf6c39ccb2047af8	1	0.04	0.00	3105.26	1	100.00	0	0	0	0	0	0	0	0
0x510750029c91a64c7e36ac20047b91c5862aedfd	2	0.04	0.00	525.87	2	100.00	0	0	0	0	0	0	0	0
0x912caf8bbbb1b5bdc01ee527d632753ca793796a	5	0.04	0.00	97.80	1	100.00	0	0	1.2145839889399213e-11	0	0	0	0	0
0xa325c09d7963334bf6310b3681c9a1fbe7d0114d	600	0.04	0.00	15.26	1	100.00	0	26	0	0	0	0	0	0
0x5cd4d14d5f586b8d9c944c8567b2c025f4729822	5	0.04	0.00	13.89	1	100.00	0	0	1.6209256159527285e-12	0	0	0	0	0
0xc5fdfa344d08e032b77d650bd4f0dbf508349542	5	0.04	0.00	7.26	1	100.00	0	0	1.2674306049120787e-10	0	0	0	0	0
0x99030458f2270e85d87651507fd0d205e5143fe7	5	0.04	0.00	05.03	1	100.00	0	0	0	0	0	0	0	0
0xc4fc92b0cf993b4fe0895aaabf4ba02ecbf45b50	10	0.03	0.73	18598.51	1	53.00	0	1286	0	0	0	0	0	0
0xe744006b9f99db10aeea2e1516222c74baf51387	2	0.03	0.01	10475.98	1	100.00	0	0	0	0	0	0	0	0
0x47afa8560340dac326be802abacc72853f0503b5	5	0.03	0.00	1674.48	2	100.00	2	0	0	0	0	0	0	0
0x8314979c1c045600f36371066e278d0440d59f8f	1	0.03	0.00	1366.56	1	100.00	0	0	0	0	0	0	0	0
0x814bf93aecff5a85eb058e86420991b0547d51ff	1	0.03	0.00	665.61	1	97.00	0	25	0.00000290038816297411	0	0	0	0	0
0x1e2f2c5e2ff7db6889677d5afd2f2a63fe0f5a03	2	0.03	0.00	1078.49	1	100.00	0	0	0	0	0	0	0	0
0x3db7e92a8f67f45066de99767dcf74c5519657ce	4	0.03	0.00	814.23	1	100.00	0	0	0	0	0	0	0	0
0x2428b7a7c0fdc89c0017eacf6b85269881b9bba5	11	0.03	0.00	12.83	1	53.00	0	1290	0	0	0	0	0	0
0x1563c4751ad2be48fd17464b73585b6ba8b6a5f0	3023	0.03	0.00	63.89	1	98.00	0	227	0	0	0	0	0	0
0xd532023ecb73229f5fd47206929b364311f282c1	4	0.03	0.00	276.32	1	100.00	0	0	5.128674041010584e-7	0	0	0	0	0
0xcfb9641987562ab5bd44341afaf9c0d08ba0d379	2	0.03	0.00	186.99	1	100.00	0	0	0	0	0	0	0	0
0xf77a136675fd821e8e42dcc385cf6f0a717e140c	8	0.03	0.00	33.21	1	100.00	0	0	0	0	0	0	0	0
0x97fa4879a2aeecb14b5e9807c6c187c9f4560e9b	1	0.02	0.03	6400.90	5	69.40	27	19	0	0	0	0	0	0
0xc50965e638cf07fb735d48d40c53c8e64c2add7c	5	0.02	0.14	219232.19	1	100.00	0	0	0	0	0	0	0	0
0x11414661e194b8b0d7248e789c1d41332904f2ba	2	0.02	0.01	2845.15	1	81.00	0	87	0	0	0	0	0	0
0xd4ef44c8c2805b47eac1ef54872b54f681970c3c	1	0.02	0.01	2764.40	3	92.33	0	4	0.0000012645460197487541	0	0	0	0	0
0x3be0dd30e3a6d3eb8982b22f0c51fd09ad36d222	5	0.02	0.00	5212.31	1	100.00	0	0	0	0	0	0	0	0
0x126ff8fabec84ef8a96f25dd0c2668fb9b7e7088	5	0.02	0.00	5753.54	1	100.00	0	0	4.7174082418166563e-7	0	0	0	0	0
0x9f647f6c10d4c0fd5fa2d9e63c85308d8e393b87	2	0.02	0.00	1925.21	1	81.00	0	35	0	0	0	0	0	0
0xe76804dc0241b2c2793abb5cb2bba70a2a56a1cf	2	0.02	0.00	1728.74	1	36.00	0	22	0.0000030880707546643293	0	0	0	0	0
0x27164e2a13158c1a796728f7e2460933e9e3a44f	10	0.02	0.00	1686.37	1	100.00	0	0	0	0	0	0	0	0
0x8e0917f6ee8fe42d77bfefd26fa5948e26cb7aa4	7	0.02	0.00	943.13	1	100.00	0	0	0	0	0	0	0	0
0xd0f54ca35479bd757a2ad4a34da98e2187f5224e	6	0.02	0.00	300.32	1	100.00	0	0	0	0	0	0	0	0
0x55bdddb45ebf50bfaad6384986577845a3728c63	5	0.02	0.00	7.76	1	100.00	0	0	1.854849607241249e-10	0	0	0	0	0
0xa05e21550eb86462388783047da318d2de20bbda	5	0.01	0.89	941312.31	2	50.00	109	0	0	0	0	0	0	0
0x3f3646528efcd96849823ec0652ad7e4c1fff812	5	0.01	0.10	144062.06	1	100.00	0	72	0.0000014237873657840794	0	0	0	0	0
0x4976d2d3122c5d9392237efc1c1010bb2efddb81	3	0.01	0.04	58810.18	1	100.00	0	26	0	0	0	0	0	0
0x9bf6b8ba7ca95be5a5b6373cf61df3ba347bc522	1	0.01	0.10	19807.63	6	69.17	0	36	1.5425567675049953e-7	0	0	0	0	0
0x981c82b1b7b6d9e2abcfda8d9f482bc48d28a433	1	0.01	0.03	2594.66	1	30.00	0	940	6.99305946483264e-8	0	0	0	0	0
0xae5905de19d8e65b45d8179f71c72af8018721cd	1	0.01	0.02	63088.22	1	51.00	0	12	0	0	0	0	0	0
0xf0ebcbf9e46a812608aa99270b57a9e509d3b79e	5	0.01	0.02	13891.28	1	100.00	0	97	0	0	0	0	0	0
0xb8f4b700841f18963388b7d6abe445c13e2c7b9c	1	0.01	0.03	24592.94	2	100.00	1	21	0	0	0	0	0	0
0xedeed75328937a17749c1a59772e2ec79eb51314	28	0.01	0.01	47927.64	1	100.00	0	0	0	0	0	0	0	0
0x83b1385d8126ecf64bfb3b4254d67eb9db753bcc	2	0.01	0.01	17741.24	2	96.00	0	6	2.387207154175286e-7	0	0	0	0	0
0x940cc2881beaf35f11fd16a11791dc3c402fe15a	6	0.01	0.01	46333.16	1	0.00	0	5	9.573059234213588e-7	0	0	0	0	0
0x4a15805d28d5ebd13c120f5a5e7be4194512d96b	8	0.01	0.01	9636.35	1	100.00	0	73	0	0	0	0	0	0
0xd3f8f55b6b244afd86f2d0fb7f2de445cc0c10a8	5	0.01	0.01	35978.33	1	100.00	0	17	1.940647642584281e-9	0	0	0	0	0
0x4a15805d28d5ebd13c120f5a5e7be4194512d96b	4	0.01	0.00	4586.35	1	92.00	0	73	0	0	0	0	0	0
0x77b5c24f94afe2e12f67368ae0330dbe1033c78c	5	0.01	0.01	8189.64	3	97.33	6	52	0	0	0	0	0	0
0xda232095d6ccea2728e6ba5111d435c605b3e049	1	0.01	0.00	12000.80	1	100.00	0	0	0	0	0	0	0	0
0xfcecc24729bccb72fb3ec5d9bcb25a8051e246fb	5	0.01	0.00	14548.06	1	100.00	0	20	3.468054732280734e-8	0	0	0	0	0
0x9e1669410b3b76b0b0a6ad0b6d7a7ddf8f804b0b	1	0.01	0.00	21815.96	2	41.00	2	4	5.398708757820003e-7	0	0	0	0	0
0x97fa4879a2aeecb14b5e9807c6c187c9f4560e9b	2	0.01	0.01	10413.53	6	75.83	38	28	8.868447161821299e-7	0	0	0	0	0
0x77b5c24f94afe2e12f67368ae0330dbe1033c78c	4	0.01	0.00	6753.83	2	96.50	224	48	0	0	0	0	0	0
0xc3068c798da3f91d2d5ad1b0e2c9bc58243eb3f2	1	0.01	0.00	4016.43	1	100.00	0	32	9.037470771744438e-8	0	0	0	0	0
0xc0051f40abf4b7f9aa1e81d38558d38d4d1ad130	6	0.01	0.00	9922.18	1	100.00	0	0	3.9968028886505635e-13	0	0	0	0	0
0xf8a5089ef0eb09183e22f557936134ba20191450	5	0.01	0.00	5334.00	1	100.00	0	0	0	0	0	0	0	0
0xb8421264a8e40083145627c67a111d22e413d03b	3	0.01	0.00	4563.02	1	100.00	0	0	0	0	0	0	0	0
0x8314979c1c045600f36371066e278d0440d59f8f	10	0.01	0.00	5076.11	2	100.00	0	0	0	0	0	0	0	0
0xe0ef1bb24eb839bc63082e77dde6ba5f01c23220	2	0.01	0.00	4063.36	1	100.00	0	1	0	0	0	0	0	0
0xf0b4328c2767999346f90ce516e8c92fa4765c1d	1	0.01	0.00	4291.07	2	5.00	0	22	0	0	0	0	0	0
0xd786bdd3429aa5b23e3c3127763c839c76f7e178	1	0.01	0.00	181.46	4	47.75	0	45	0	0	0	0	0	0
0x46eae82e1e0abed279231ad857b357aa3347ddbd	5	0.01	0.00	3034.70	1	100.00	0	0	0	0	0	0	0	0
0x47afa8560340dac326be802abacc72853f0503b5	16	0.01	0.00	1379.93	1	100.00	0	0	0	0	0	0	0	0
0x566f827a4988d4a3eb9da469d8d3d0b536da196e	3	0.01	0.00	1313.58	2	85.50	2	40	1.5724133106687077e-8	0	0	0	0	0
0x814bf93aecff5a85eb058e86420991b0547d51ff	5	0.01	0.00	669.43	1	79.00	0	28	0	0	0	0	0	0
0x7114b6bdebed02ab7d335d5f91d9f648a5d39855	1	0.01	0.00	720.65	1	48.00	0	15	0	0	0	0	0	0
0x7fdd23982b989db4b0e724e7d578a27fcce6c00f	2	0.01	0.00	413.25	3	87.67	148	110	0	0	0	0	0	0
0x3a81cce57848c2b84d575805b75dbc7dc1f99ab1	5	0.01	0.00	820.68	1	100.00	0	0	0	0	0	0	0	0
0x2c32ea3164cb1cb3618c044e84c34c02443cc230	8	0.01	0.00	1200.64	1	100.00	0	0	4.5772274859245954e-10	0	0	0	0	0
0x50e80ab22e762d39d0c181a84f518cc924a1c279	1	0.01	0.00	301.81	2	18.00	0	35	0	0	0	0	0	0
0x6f83f340365685f113e77bb4982c9f12ef1325cd	1	0.01	0.00	613.34	1	29.00	0	10	0	0	0	0	0	0
0x73d5a3f293f7114a7c9a0d4dd03995f645999999	3	0.01	0.00	328.25	1	100.00	0	0	0	0	0	0	0	0
0x9b843f8098d0c17270f474cc24368594ae09070b	7	0.01	0.00	113.34	1	96.00	0	114	0	0	0	0	0	0
0x602eacced3966bf05a67fc927a65e6fff4105cea	1	0.01	0.00	486.66	1	100.00	0	0	0	0	0	0	0	0
0x844f38a747fdf5bfc206647fe84e303c9795492f	5	0.01	0.00	200.96	1	100.00	0	0	0	0	0	0	0	0
0x5d4443136198ff357e62b8b7eb3153d2ebd2d295	10	0.01	0.00	378.76	1	100.00	0	0	0	0	0	0	0	0
0xb1c9f695ff402ca8fdc29629da08dce6640d5e51	3	0.01	0.00	334.78	1	100.00	0	11	0	0	0	0	0	0
0xca545636eeee744824e444ac162aff848c26bad7	1	0.01	0.00	73.46	2	88.00	0	27	4.63040894516098e-7	0	0	0	0	0
0x67a2055540a6262dbff2831f717af12a1d365d2b	5	0.01	0.00	273.90	1	100.00	0	0	0	0	0	0	0	0
0xc4f06a2738ded32aa0dac4febfa762aebbbc52f4	2	0.01	0.00	162.00	1	100.00	0	0	0	0	0	0	0	0
0x75011de74f3235766df5273da96a9815cd5c3874	4	0.01	0.00	41.36	1	90.00	0	124	0	0	0	0	0	0
0xe1aff652b94eed88b9a37bdfcf897f0321e220be	5	0.01	0.00	15.85	1	100.00	0	43	3.643217394433407e-7	0	0	0	0	0
0xb66bc06edf7b6f8b969bd714ba5be4ea24adc3b9	2132	0.00	0.29	500069.28	1	54.00	0	1304	0	0	0	0	0	0
0x37a9a5cc504c42d2ace5c8300f21602db57691d5	5	0.00	0.04	467304.28	1	100.00	0	0	0	0	0	0	0	0
0x788b8b3e7063d17fb0c6dfdbf26d45b82f51c82c	5	0.00	0.01	70037.30	1	100.00	0	0	0	0	0	0	0	0
0x5a9f0b2ab1cd34082fb6ab4e00a427966b6668e8	1	0.00	0.01	788.96	1	20.00	0	1333	7.78190067940443e-8	0	0	0	0	0
0x023ab8e20a4682d315daef4c91db96bd77934d66	1	0.00	0.01	21694.65	1	100.00	0	44	1.7073410463197547e-7	0	0	0	0	0
0xe10c1c23d1ca5338810aeeee847f8f8ee9250100	5	0.00	0.00	32380.32	1	100.00	0	0	0	0	0	0	0	0
0x6d7ac63aaa7ba8925dcb3e44be6355261dcf688f	5	0.00	0.00	24860.21	1	100.00	0	0	0	0	0	0	0	0
0x205d2f50eac031acd0b02d14c8dfe9391eebed03	3	0.00	0.00	342.22	1	40.00	0	1598	0	0	0	0	0	0
0xc9d46b11f3b1bbc85ebedfffca09707f8f28dca1	149	0.00	0.00	84677.98	1	100.00	0	0	0	1	-887272	887272	0	0
0x89168a6c5235d5838f19dfd45d4299d755e7068f	18	0.00	0.00	13237.41	1	100.00	0	0	0	0	0	0	0	0
0x4a15805d28d5ebd13c120f5a5e7be4194512d96b	5	0.00	0.00	5002.59	1	49.00	0	225	0	0	0	0	0	0
0x35621ac5925e4f52e5ecbb10ce7202fbfacd98b1	5	0.00	0.00	10500.59	1	100.00	0	0	0	0	0	0	0	0
0x941e5cfcf441ae9d2d7d006716b2b7b0396dd323	5	0.00	0.00	9739.56	3	94.00	0	63	0	0	0	0	0	0
0x39c81b01650323e6d1006ad4526389d778f52256	3	0.00	0.00	1898.42	1	69.00	0	482	0	0	0	0	0	0
0xe06d67e2cd5c51cbe0ec603a1e314039875e0ab2	5	0.00	0.00	880.26	1	93.00	0	130	9.34761446025334e-7	0	0	0	0	0
0x1f9b37062a13383830f860b71e5ee7e7ed4a9e8d	5	0.00	0.00	1897.85	1	62.00	0	188	0	0	0	0	0	0
0x7d6859b6c544c34f00c66fb9aae1f95a41904b34	2	0.00	0.00	16176.80	1	100.00	0	1	2.7598034968434604e-9	0	0	0	0	0
0x46d5521bbbd8d24575b950ecf4cd6d53ebfd7b88	5	0.00	0.00	405.51	1	53.00	0	480	5.621992649196272e-7	0	0	0	0	0
0xed206d089f791a1411228bf0daf9621662af340c	1	0.00	0.00	5695.31	1	21.00	0	14	0	0	0	0	0	0
0x814bf93aecff5a85eb058e86420991b0547d51ff	2	0.00	0.00	2306.52	1	100.00	0	7	0	0	0	0	0	0
0x6877fdb56bf4b85e9e386e6eac7dd61b4c90a6a1	12	0.00	0.00	1953.82	1	100.00	0	0	0	0	0	0	0	0
0x4a4a2fa0cf9ee113b9d026e93edd835edae048eb	5	0.00	0.00	6108.88	1	100.00	0	0	0	0	0	0	0	0
0x8703a1ac3a2474ee68a1154b7538172f9865192c	10	0.00	0.00	301.30	1	97.00	0	113	0	0	0	0	0	0
0x7114b6bdebed02ab7d335d5f91d9f648a5d39855	2	0.00	0.00	1153.48	1	16.00	0	19	0.000003709373519455994	0	0	0	0	0
0x451cfbe715cce467b201c68d411b75fe7032e308	9	0.00	0.00	373.94	1	100.00	0	356	0	0	0	0	0	0
0xde2f29139346eda24dabcce90b1ecf2d8ff7d829	5	0.00	0.00	42482.09	1	100.00	0	0	0	0	0	0	0	0
0x9ebbc7f5067287d90a039459a643c11195f8f158	5	0.00	0.00	9477.56	1	100.00	0	1	0	0	0	0	0	0
0xbc6565913a8c36d110a59927b3f3aed9a94a43f7	5	0.00	0.00	618.19	1	100.00	0	0	0	0	0	0	0	0
0xce8d2be2e76d2f1dce88659193d150943f011fa4	5	0.00	0.00	1309.04	1	28.00	0	1266	0	0	0	0	0	0
0x0c9c3ba64072eb566b0e9a4b6bb0d7b204d68469	5	0.00	0.00	777.70	1	100.00	0	0	0	0	0	0	0	0
0xea3a3f6600378d17af1d66dc8a3d32b8b9ce391d	15	0.00	0.00	53.88	1	100.00	0	334	0	0	0	0	0	0
0x066dbd864bcdb1ec9944293736a9ae2c514d4a91	5	0.00	0.00	94.49	1	48.00	0	170	0	0	0	0	0	0
0x4d8222965d7ab82c5c4eed9ae7d55448c22c15d9	2	0.00	0.00	341.57	1	100.00	0	3	3.3517565389828974e-7	0	0	0	0	0
0x57370d8350409085b33253f9d4525f1eea26e1e3	2	0.00	0.00	31.65	1	22.00	0	1205	7.83662024161913e-10	0	0	0	0	0
0x451cfbe715cce467b201c68d411b75fe7032e308	6	0.00	0.00	375.21	1	100.00	0	8	0.0000011390761112117787	0	0	0	0	0
0xb1c9f695ff402ca8fdc29629da08dce6640d5e51	5	0.00	0.00	224.13	1	100.00	0	11	4.199492198431187e-7	0	0	0	0	0
0x429d821e190fd37fb8572322922efee78bfb9a01	5	0.00	0.00	781.88	1	100.00	0	0	0	0	0	0	0	0
0xbd0310950938da43162e1e699ce88103ffc2adc9	5	0.00	0.00	1962.78	2	100.00	0	0	0	0	0	0	0	0
0x404195ba7a7489160f5646408abf231db8484686	5	0.00	0.00	211.23	2	100.00	0	0	8.563150188933832e-11	0	0	0	0	0
0x03746d08c9a367b3554a4d887dc6b3edca0cc671	1	0.00	0.00	1.23	1	15.00	0	1496	0	0	0	0	0	0
0x8295e13800d480cfcead535c30e8463724b59703	5	0.00	0.00	3196.00	1	0.00	0	16	0	0	0	0	0	0
0x363978e2b46223bb1413ee49e844ee5c9d44b321	11	0.00	0.00	73.23	1	55.00	0	1344	0	0	0	0	0	0
0xbc173f06dc3392282ad906cdf8193eca59d4d704	5	0.00	0.00	3.43	1	24.00	0	1577	0	0	0	0	0	0
0xb00438c384930d18e7773873f2c4fbba1cd757ad	5	0.00	0.00	11.02	1	56.00	0	86	3.252423552702055e-7	0	0	0	0	0
0xf3adb71c38275e96a7870a1b954eb9155da93fdb	10	0.00	0.00	72.05	1	47.00	0	1579	0	0	0	0	0	0
0x933d7eb16c7d8a6172878678ca8b30f30bdfbd6f	2	0.00	0.00	76.89	2	44.50	0	43	0	0	0	0	0	0
0x0f7e288a74cbe210a749b11e8534930600093a35	1903	0.00	0.00	497.24	1	100.00	0	0	0	0	0	0	0	0
0xec26de1b53436b959e534287888a297066cdd37d	400	0.00	0.00	11404.48	1	87.00	0	9	0	0	0	0	0	0
0x0737807303e1baa89cf1f9c8fc1926ea58bb52f6	1	0.00	0.00	16081.73	1	100.00	0	9	0	0	0	0	0	0
0x6c6cf767f07a742ff114879e0af8a68fbff10810	2	0.00	0.00	6504.32	1	32.00	0	60	0.0000025164093475638083	0	0	0	0	0
0xd0d0316b541afd034deeed0ae5b4229e1231d0d0	2	0.00	0.00	3780.05	1	100.00	0	0	0	0	0	0	0	0
0x9e21b3781a2841f41247d08a7eaee7d7fecb36bc	1774544	0.00	0.00	0.00	1	66.00	0	1775	0	0	0	0	0	0
0xc78ff974106ed8dd87e2deca3e95ea0c1812b9aa	5	0.00	0.00	45.29	1	42.00	0	1766	0	0	0	0	0	0
0xd910cb98a61a5589aadc61a473bcb13a3fea04fd	4	0.00	0.00	36722.04	1	38.00	0	788	0	0	0	0	0	0
0x640505b150cd27108cea5b60c1c6f178c209199d	7	0.00	0.00	18.83	1	41.00	0	1714	0	0	0	0	0	0
0x6902b5a76f2b223af66dd67f67a3cffad52d8f2d	1	0.00	0.00	9496.65	2	0.00	340	52	0	0	0	0	0	0
0xcbcd85ff2587a72916afc79ae4a9e49a2aec7e03	4	0.00	0.00	1715.87	1	7.00	0	1636	0	0	0	0	0	0
0x531bd0c1ad5c2f25cc6a46c9e38b9c140587049f	5	0.00	0.00	33.70	1	61.00	0	921	0	0	0	0	0	0
0x7788ea4ce2b1eac4d6e25790bfe6d3d537cce53a	1	0.00	0.00	995.97	1	0.00	0	1	3.3450220371378236e-8	0	0	0	0	0
0x1297ad486549a430d59d9d5f99ed7c216b6e77dd	3	0.00	0.00	21670.80	1	0.00	0	8	5.963647686790807e-7	0	0	0	0	0
0x447b2a57e78fbafff7d6e17285174524c3acdcb6	1	0.00	0.00	36.74	1	23.00	0	1612	0	0	0	0	0	0
0xf752693a4a338460b0cc98229c8fdef879e5fac1	5	0.00	0.00	4829.93	2	43.50	0	1605	0	0	0	0	0	0
0xefbdcb708b589a462e36ed87f5bd725475660aae	1	0.00	0.00	958.52	1	37.00	0	989	0	0	0	0	0	0
0x6142e71e92a514e9733bbd199e83b0750a0f77bc	2	0.00	0.00	772.80	1	43.00	0	690	9.27611387702143e-7	0	0	0	0	0
0x8835d7deaab3b049f9e73fdde52b18a8d8f8e82a	5	0.00	0.00	297.36	1	49.00	0	1595	5.442691297652402e-7	0	0	0	0	0
0xfa6f2d64cb00c9b16fb839c35810a73b0a7cdd17	9	0.00	0.00	298.85	1	76.00	0	272	0.000005117355372785681	0	0	0	0	0
0x67dc99bd55752dece1a2782f73cb549f0e6d6a6d	5	0.00	0.00	496.46	1	46.00	0	1594	0	0	0	0	0	0
0xa228164d27dd493be81600af1a4ca97f78c3700e	1	0.00	0.00	249.35	1	16.00	0	1592	0	0	0	0	0	0
0x6c951f3ac34015b3b458f6208ef96305fa09c9a5	1	0.00	0.00	2369.47	1	16.00	0	1589	0	0	0	0	0	0
0x8434c0750d2c5234b9f789f6feb5816646af9b1b	10	0.00	0.00	61.80	1	57.00	0	1589	0	0	0	0	0	0
0xca422a8ba5aa5aa9c38c1149c30e4c7a559dca9c	1	0.00	0.00	50060.94	1	0.00	0	11	4.2702225089286117e-7	0	0	0	0	0
0x01666c82690745fb71ccc4910ca25a4ea19f95a5	2	0.00	0.00	2512.18	1	16.00	0	522	0	0	0	0	0	0
0x64c2327400cbdd749bac5ae22dafddfc7884b8d7	5	0.00	0.00	489.59	1	72.00	0	713	0	0	0	0	0	0
0xb3a3c77ecc02fd49efebd40501b8c8a733664266	5	0.00	0.00	2258.82	1	76.00	0	839	0	0	0	0	0	0
0x7c058598da8998599cd5477b1646de0fc5839049	10	0.00	0.00	206.04	1	80.00	0	579	0	0	0	0	0	0
0x20931791d7881df025509ea655dbf6157202e129	5	0.00	0.00	46.56	1	24.00	0	1578	0	0	0	0	0	0
0x04c17d923fd9f18f2399e9589ab80ab62f85b407	1	0.00	0.00	1980.95	1	5.00	0	666	0.00000700107147810769	0	0	0	0	0
0x81077dea57decabfbbeb8648adca22d42d106c8c	1	0.00	0.00	4987.89	1	5.00	0	666	0	0	0	0	0	0
0xdc35abd800077d1dba57f29a596b671009765209	1	0.00	0.00	2995.20	1	5.00	0	666	0.000006669126573211059	0	0	0	0	0
0xd64efe852b56497e50a028822799f51546ce40fa	2	0.00	0.00	05.05	1	6.00	0	1576	0	0	0	0	0	0
0xa0c00fe88acf8ad391d9359d42379327a00ec110	3	0.00	0.00	3306.47	1	0.00	0	1	3.0746516443969085e-10	0	0	0	0	0
0x071df5ba179d50660c8d657841400bd870a12a31	1	0.00	0.00	122.30	1	2.00	0	1574	0.000003406780724191094	0	0	0	0	0
0x76f829c13b1efb4bc33e4623fa65479b962aca14	10	0.00	0.00	39.32	1	87.00	0	843	0	0	0	0	0	0
0x7be6a8892ed62cec3ad63679bca236c05140ab09	1	0.00	0.00	16.27	1	2.00	0	1572	0.0000033324729087347293	0	0	0	0	0
0x99d27c4624d7b4dd9c14bdeb4313f44b5793b6a9	3	0.00	0.00	119521.81	1	6.00	0	1571	0	0	0	0	0	0
0x1342855c89d770712bd103026ae48538578183ff	4	0.00	0.00	4206.74	2	100.00	0	0	0	0	0	0	0	0
0x1342855c89d770712bd103026ae48538578183ff	718	0.00	0.00	497.85	1	100.00	0	163	0	0	0	0	0	0
0x1342855c89d770712bd103026ae48538578183ff	883	0.00	0.00	4162.67	2	100.00	0	163	0	0	0	0	0	0
0xddbdb53904310712bb463acc8dd236623f6adfd2	2	0.00	0.00	309.19	1	12.00	0	690	0.000005907415323580523	0	0	0	0	0
0x43da95667422778b1acf0988158dfdb6a1f37a32	3	0.00	0.00	485.03	1	5.00	0	1565	0	0	0	0	0	0
0x904e48884a43b6071308327b00717eb699f58944	4	0.00	0.00	758.02	1	56.00	0	711	0	0	0	0	0	0
0xd773cb3589bc24df725bd129e0ccf4f6b13b6d4f	5	0.00	0.00	468.19	1	23.00	0	1562	0	0	0	0	0	0
0x415dda7a038d35ac5b5f6d2f73acea125e641099	1	0.00	0.00	74.88	1	0.00	0	0	0	0	0	0	0	0
0x26f7678429ad78fbef8fa7f933b5f472fe74607f	15	0.00	0.00	184.17	1	98.00	0	694	0	0	0	0	0	0
0x6c3a28e5f32d0c370ccd0b756c13ce3e4c01aa1d	14	0.00	0.00	9.97	1	94.00	0	955	0	0	0	0	0	0
0x7c561e7688d523f044eeddaf6a52ba9cd10a400c	25	0.00	0.00	181.04	1	61.00	0	1556	0	0	0	0	0	0
0x7aa1da8ef8fbb873d29de16b933e5200d33f3d93	9	0.00	0.00	25.20	1	91.00	0	792	0	0	0	0	0	0
0x040a200db6402e6b49153c6e77252845ec254079	1	0.00	0.00	4687.21	1	42.00	0	649	6.925498952092823e-7	0	0	0	0	0
0x2d7bd772ca15ff7d00a9b533ddc919d248dd4d11	8	0.00	0.00	494.83	1	85.00	0	754	0	0	0	0	0	0
0xe75f98ee41db8f8e92d8eacb0d374f958b21aa82	1	0.00	0.00	14.19	1	23.00	0	1544	0	0	0	0	0	0
0x3ab2c641256c2b4d84a8b441230e2bed34d4d0a6	2	0.00	0.00	36.63	1	27.00	0	1543	4.166778033720675e-10	0	0	0	0	0
0x3ab2c641256c2b4d84a8b441230e2bed34d4d0a6	5	0.00	0.00	10.57	1	39.00	0	1543	5.044964446199174e-10	0	0	0	0	0
0xba1d01a1a5befc8f813ba208a19f74e076ccd750	5	0.00	0.00	37.73	1	39.00	0	1542	3.179090324323397e-9	0	0	0	0	0
0xdeac5836dd462d94a1dcdb2c7fcd5ac926050da5	5	0.00	0.00	39.25	1	39.00	0	1541	0	0	0	0	0	0
0xfdee083123183ac3b259fb09db9d8e01f4ae4728	2	0.00	0.00	27.87	1	27.00	0	1541	7.4469319599757e-10	0	0	0	0	0
0x857d056598e3f54f39fc16d7e4d5d11ad5647d7c	5	0.00	0.00	28.32	1	39.00	0	1541	7.4469319599757e-10	0	0	0	0	0
0xb1a626525189a410b31a74296c7a1a1dccb2baa0	5	0.00	0.00	11.33	2	39.00	0	1541	5.828559856979609e-10	0	0	0	0	0
0x2c37246b76165a7cc7cc76e6d622e3ce2cefcd97	5	0.00	0.00	25.60	1	39.00	0	1541	2.01120231579921e-9	0	0	0	0	0
0x0f225f5176995e4e7c6921299585d9adc4011e3c	5	0.00	0.00	21.21	1	39.00	0	1541	1.4197087949696652e-9	0	0	0	0	0
0x56dca4f284917241a74e657f795518b1f6235ba5	5	0.00	0.00	22.51	1	39.00	0	1541	0	0	0	0	0	0
0x4b9b78b7b5167829d0d9b3a3b05cb9c9ba50754b	5	0.00	0.00	23.42	1	39.00	0	1541	1.1820544543184042e-10	0	0	0	0	0
0x841379cf5c95995e9f5714e17f8002cb6834832c	5	0.00	0.00	5529.03	1	48.00	0	1537	1.8183454741915739e-9	0	0	0	0	0
0x5ce8d5bf65bf624898eff3b7d673d3d291ef962f	10	0.00	0.00	102.64	1	56.00	0	1523	0	0	0	0	0	0
0x5d1632abe35871c9e21d1c934af607688c3a41ac	4	0.00	0.00	6.21	1	54.00	0	673	0	0	0	0	0	0
0xda2c5461a77673b572c50e6e91f50f2c37ea7c90	8	0.00	0.00	160.21	1	52.00	0	1520	0	0	0	0	0	0
0x51537d7d92e7f809162f3e77aa8b71548ad6951c	6	0.00	0.00	194.85	1	49.00	0	1520	0	0	0	0	0	0
0x927f869c7a790c73a3eb28b2d09b62cdb7d46f33	1	0.00	0.00	13.65	1	5.00	0	1517	0	0	0	0	0	0
0x7257c4d0525d8071066952080ba86dcdcc5e9e4f	401	0.00	0.00	42.18	1	100.00	0	552	0	0	0	0	0	0
0x3ad644dddad5a841d4f4480147437d70debd3294	14	0.00	0.00	8564.28	1	56.00	0	1513	0	0	0	0	0	0
0xb3fd64bb7a25843c59f209c7a96ac73c39116b86	1	0.00	0.00	156.72	1	0.00	0	4	0	0	0	0	0	0
0xd7466ae4b89a1400678a4bd368a21ad2167619a7	1	0.00	0.00	510.94	1	6.00	0	428	0	0	0	0	0	0
0x76ad57497ed1b891c7c32ef817bbb94be9c748a9	1774544	0.00	0.00	0.10	1	60.00	0	1510	0	0	0	0	0	0
0x718f0ae66c2d7dde737550b4c271f6bc131f47f0	5	0.00	0.00	12149.80	1	48.00	0	1508	0	0	0	0	0	0
0x357f88bf1175b8ee2e029064cfb71459d9cbb5d3	5	0.00	0.00	102.88	1	34.00	0	1503	0	0	0	0	0	0
0x8abccc8247e8204d99a1cf3dad62f378170d3685	2	0.00	0.00	308.46	1	17.00	0	446	6.066738222898493e-8	0	0	0	0	0
0x3a6893640b95e608a7634ffe0233874c18be2641	10	0.00	0.00	2109.58	1	52.00	0	1495	0	0	0	0	0	0
0x13fa8f8140a1f9004dd0f2b8161fe338e95cbb4c	5	0.00	0.00	230.44	1	44.00	0	1489	0	0	0	0	0	0
0xa7eadf046fd41b3ad72cce83262571de348b459e	2	0.00	0.00	37.25	1	21.00	0	1485	0.0000011158879709149971	0	0	0	0	0
0x27b11bcb001d0e751271db594e96b91d1f4a03b9	2	0.00	0.00	454.57	1	1.00	0	116	0.0000018636749921085993	0	0	0	0	0
0x5333c1d733794e02f34d5f0d88c65d03fd2e4db1	2	0.00	0.00	10015.02	1	0.00	0	3	0	0	0	0	0	0
0xefaae7dd6a6e2d9db963aa0ad6665dfbe7aa06ac	3	0.00	0.00	8000.00	1	100.00	0	0	1.6150414339222152e-10	0	0	0	0	0
0xa18731ee566a81628bf49f074c9f4ddfe81b3721	2	0.00	0.00	19934.20	1	14.00	0	44	0.000011144512590544053	0	0	0	0	0
0x750630450e37a12ccbfb64eaa2d6d1b0318a1316	2	0.00	0.00	1281.53	1	27.00	0	1481	0	0	0	0	0	0
0x4fbf12f480f1dfef4919d7c54a15204605660e6d	4	0.00	0.00	198.34	1	4.00	0	69	0.000006742777880486273	0	0	0	0	0
0xf84eb813483163a85a4109723d3947c60684adeb	5	0.00	0.00	549.43	1	40.00	0	1480	0	0	0	0	0	0
0x4d399a64014fc5c8decf1d16e34c50ecc7ec4f9f	5	0.00	0.00	1920.28	1	71.00	0	443	0	0	0	0	0	0
0xefaae7dd6a6e2d9db963aa0ad6665dfbe7aa06ac	4	0.00	0.00	8000.00	1	0.00	0	15	0.000004846463685925784	0	0	0	0	0
0xf3acf8a3d3efca769c51464faf2fe121e37511fe	1	0.00	0.00	118.18	1	6.00	0	1473	0	0	0	0	0	0
0x84d0f74d21a89f86b67e9a38d8559d0b4e10f12d	11	0.00	0.00	30140.37	1	0.00	0	1	6.356203341439937e-8	0	0	0	0	0
0x888fe9dd46522ef4c9cc7fba000d688cf31505b8	10	0.00	0.00	238.29	1	10.00	0	554	0	0	0	0	0	0
0xc4e1bb2e750998d221e708d62bee10fa144bc6ee	8	0.00	0.00	4032.56	1	9.00	0	23	0	0	0	0	0	0
0xe413be7eb80ed60977646b5580489a2b22a4bec5	18	0.00	0.00	1001.37	1	100.00	0	384	0	0	0	0	0	0
0x86ac14073f47e50debd5c530902209e3b2ad1639	1774544	0.00	0.00	0.00	1	59.00	0	1451	0	0	0	0	0	0
0x6112ccd35667a9067f51c30880964346b9d3af1c	10	0.00	0.00	4393.38	1	37.00	0	1450	0	0	0	0	0	0
0x2f2f665974261c4129b1dc6c359bd259cd66f78a	9	0.00	0.00	34648.10	1	100.00	0	9	0	0	0	0	0	0
0x787674cec5f6cf7e37cebab4e80839fc04f47b10	1	0.00	0.00	132.42	1	0.00	0	765	0.000010006149375740847	0	0	0	0	0
0x696b57681b1910b35f38ba2543e9d3fa5dcdbd54	1	0.00	0.00	46.55	1	100.00	0	1	0	0	0	0	0	0
0xdb9ca746f9e64b62c242eca5c0d18e2b094384a8	1	0.00	0.00	253.70	1	0.00	0	506	0	0	0	0	0	0
0x3f48d5d8b4d251973744743cfd92b160f110731b	5	0.00	0.00	64.73	1	1.00	0	1428	0	0	0	0	0	0
0x3f48d5d8b4d251973744743cfd92b160f110731b	4	0.00	0.00	31.72	1	1.00	0	1428	0	0	0	0	0	0
0xb11774976303f428c16ec5f9a99e20f185014760	18	0.00	0.00	304.82	1	58.00	0	1427	0	0	0	0	0	0
0x0b681314bc59b6576a08ad13457808d4c0bce6f2	5	0.00	0.00	676.56	1	3.00	0	577	0.000006433233701308438	0	0	0	0	0
0x91d42602243274fcf9a1054b0c8302bb77c5d122	5	0.00	0.00	04.07	1	1.00	0	1424	0.000006447401845743883	0	0	0	0	0
0x1193d005ac6e016dd481c3b7e110bd4f63edd8f1	10	0.00	0.00	493.53	1	18.00	0	331	0.00000970407612044255	0	0	0	0	0
0x67a3cf6ebb092927b424b308a9805e430b39b773	16	0.00	0.00	585.92	1	100.00	0	488	0	0	0	0	0	0
0x567fec485be2b7fab03ccb17b3b8b735adc93318	10	0.00	0.00	391.79	1	76.00	0	483	0	0	0	0	0	0
0xc45d7bf2ab69e5942647c9d8b7558f314e940ca1	8	0.00	0.00	641.59	1	8.00	0	1419	0.000002964127043814102	0	0	0	0	0
0x07180eabee865ffd9d231305c270656864b6cd10	11	0.00	0.00	04.06	1	36.00	0	1419	0.000002893209960497245	0	0	0	0	0
0xa6864817d1403defb528fa61739994a9381d1b64	10	0.00	0.00	1444.90	1	5.00	0	1410	0	0	0	0	0	0
0xcb8d777e02595272fea07b50933a07d83c8b0f48	5	0.00	0.00	157.03	1	1.00	0	538	0	0	0	0	0	0
0x3eb3722972b583c682d9e83b853c166e3aeb9460	10	0.00	0.00	46.48	2	22.00	0	1403	0.0000023810566629478558	0	0	0	0	0
0x6859da14835424957a1e6b397d8026b1d9ff7e1e	2	0.00	0.00	637860.20	1	0.00	0	0	5.406310954469973e-7	0	0	0	0	0
0x35dabbf0190cb68dee6d58b7ebfd28dd34959879	4	0.00	0.00	36203.43	1	100.00	0	11	0	0	0	0	0	0
0x727cf5ad9540f1201df88a4196f147e7346a31fc	15	0.00	0.00	73.26	1	100.00	0	313	0	0	0	0	0	0
0xb90781ceb500f80a9c101225ed5451449a3aa5bc	10	0.00	0.00	760.61	1	57.00	0	1393	0	0	0	0	0	0
0x145e305a6e8979cbefcb75993f7ae5270856c1d2	5	0.00	0.00	7.60	1	34.00	0	1382	1.1377082609342892e-7	0	0	0	0	0
0x6bab82bb09f9f9fd52f0bf46f799e5b919071d8d	6	0.00	0.00	962.13	1	100.00	0	314	0	0	0	0	0	0
0x92f8c6595540fe7c211f716aba08bf7544562430	2	0.00	0.00	636.15	1	34.00	0	331	0	0	0	0	0	0
0x7030e793cf9ecbd34c37ecc9499feffb4d8f7cad	2	0.00	0.00	110.87	1	18.00	0	1375	1.3763545858580528e-7	0	0	0	0	0
0xe4d316c712088433b5526bc3dda51eaea9d0fc7b	10	0.00	0.00	5600.45	1	100.00	0	589	0	0	0	0	0	0
0xf33dc0ffbc5107962439f545d64679d877a8aaf1	1	0.00	0.00	2745.00	1	0.00	0	15	5.297084992861301e-9	0	0	0	0	0
0x3330540a7fc4bcb1964b8d93ca18e1f7cbbfc763	10	0.00	0.00	263.31	3	76.33	134	555	0	0	0	0	0	0
0xf7ef871fa360444b6afc20973f694d612df310cb	2	0.00	0.00	55.70	1	17.00	0	1368	1.305043739741052e-7	0	0	0	0	0
0x705060afa63df422e670fed563d7ed50e34724c5	2	0.00	0.00	9106.00	1	0.00	0	1	0.0000010899858793322892	0	0	0	0	0
0x360fc94da1a0c1097c213ac81a21ecbe4091cfd3	2	0.00	0.00	195.60	1	25.00	0	1348	0	0	0	0	0	0
0xc72c4a11b95a8b132a8390b0c14bd84ffa2be37f	2	0.00	0.00	12250.00	1	0.00	0	0	0	0	0	0	0	0
0x13317023bf6fe079ec1b4f2200e7b0a131be74d4	10	0.00	0.00	4212.20	1	55.00	0	1345	0	0	0	0	0	0
0x6ce9928f0f080c7ed4ae1f5940e7bca770f723c6	5	0.00	0.00	6.35	1	80.00	0	307	0	0	0	0	0	0
0xb4cc07bd1a3bc3ba8ac032dbd85a552b86793ca0	4	0.00	0.00	1775.42	1	82.00	0	311	0	0	0	0	0	0
0x1f2f54694a176121996414c3f6d3206260832cd6	6	0.00	0.00	1245.32	1	93.00	0	585	0	0	0	0	0	0
0xa2374048325dc0a8874ba1e672be589124e517e0	3	0.00	0.00	682.05	1	32.00	0	1340	0	0	0	0	0	0
0xd58e41f2cf309be5521838d997cc438cca89e74b	4	0.00	0.00	94.82	1	44.00	0	1335	0	0	0	0	0	0
0xbf35a3d4a5028e587163e5296bd014f1a325daee	2	0.00	0.00	13.23	1	26.00	0	1329	0	0	0	0	0	0
0x316a83dc59291f4dfb1a7931d5dc40ed516f0844	2	0.00	0.00	93.19	1	4.00	0	1325	0.0000016754099108062803	0	0	0	0	0
0x5b260b7c6cb9da91b883f7450fc4445e61634ed7	10	0.00	0.00	4502.28	2	49.50	0	662	0	0	0	0	0	0
0x9e97a40996c749c8c86f16b4f412dd96467da69c	5	0.00	0.00	11.14	1	6.00	0	355	0	0	0	0	0	0
0x824a4fbdbb672558a4e206ed964c802185d926d4	10	0.00	0.00	175.51	1	57.00	0	499	0	0	0	0	0	0
0xb3521ce0e400bc2bcaf02cf5859e8865f7a30535	1	0.00	0.00	489.07	2	39.50	497	31	0	0	0	0	0	0
0x5c0c8d1cf51ac8e8d970051ac69dbdb1315b6036	10	0.00	0.00	3761.09	1	54.00	0	1298	2.2720580972190874e-8	0	0	0	0	0
0x262620a156bb95b2c19b4428b33537558d67f0bd	10	0.00	0.00	17.98	1	100.00	0	687	0	0	0	0	0	0
0x9c8caf1be993f638cb984e8a8fba6d5cb16851f9	5	0.00	0.00	34.01	1	61.00	0	314	0	0	0	0	0	0
0x672920490269ec48682d09ba379521f29d8e2a98	5	0.00	0.00	104.35	1	55.00	0	408	0	0	0	0	0	0
0x45f6ed0023260e2e2f3c5561a647ffde09606d69	1	0.00	0.00	18.51	6	56.33	0	51	0	0	0	0	0	0
0x576eb27cbf54518d3de5a38ea7746ef6a9b8b5e6	5	0.00	0.00	313.81	1	67.00	0	271	0	0	0	0	0	0
0xec7a9246543fb58f46112a1877c2e61a0df6a6e3	5	0.00	0.00	129.53	1	88.00	0	263	0	0	0	0	0	0
0xf966dd0df53341870f864ee29ed9d676aaaefe1a	10	0.00	0.00	98.15	1	53.00	0	1283	0	0	0	0	0	0
0xa5d6a0d96dcc9b88a35056686ce61d5eb05ec966	5	0.00	0.00	778.74	2	49.00	0	638	0	0	0	0	0	0
0x4ee9d2e3024298fb210a2fac748b7b9c10559331	5	0.00	0.00	530.65	2	49.00	0	638	0	0	0	0	0	0
0xca468c49d0e439e845ee9a5474be60bab0d13bf3	5	0.00	0.00	634.80	1	28.00	0	1271	0	0	0	0	0	0
0xe40602b6629ab2482043df1cf9efc093dd84d337	5	0.00	0.00	0.24	1	23.00	0	48	0	0	0	0	0	0
0x304520291421dbbcaf1ed1933454f0329aaf4536	4	0.00	0.00	201.78	1	43.00	0	1265	0.0000012527745618662323	0	0	0	0	0
0x96f245034302a5a582a1d8e989a754e6e2260bf5	1	0.00	0.00	2961.58	1	34.00	0	271	0	0	0	0	0	0
0xc0df25f27ed7d188d50d2d048b1a0263689a4320	5	0.00	0.00	508.82	1	47.00	0	1255	7.486154363078867e-7	0	0	0	0	0
0xe5072b3a0db4bc62fd5fb951e9b4c7effca780fd	2	0.00	0.00	165.16	1	32.00	0	1255	7.486154363078867e-7	0	0	0	0	0
0x5ec5e036df8cb3782c248ded7bf0b9cba031bbbc	12	0.00	0.00	904.69	1	100.00	0	330	0	0	0	0	0	0
0xeb45c100c7c4ec9f0298285a86c23a7e32d8b0eb	5	0.00	0.00	752.94	1	46.00	0	1245	0	0	0	0	0	0
0x122463eb241d69121b9ef42d855cfb8b4f9d5141	6	0.00	0.00	4.74	1	92.00	0	434	0	0	0	0	0	0
0x38569e5f28921537499da81ed14d32b5b4ce95ae	1	0.00	0.00	11885.44	50	82.60	0	30	6.435345589750341e-9	0	0	0	0	0
0x03879d8c909fdeb8e8ca1fed5e57793f4f241a3f	396	0.00	0.00	3266.92	11	100.00	0	18	0	0	0	0	0	0
0xbabf6ef9deabea4080c59486a722deea3125cad7	5	0.00	0.00	322.93	1	91.00	0	357	0.0000011233515118114212	0	0	0	0	0
0xcc42e3814eb13e2e269bb2bbc182429ef36fb00d	1	0.00	0.00	1001.09	1	47.00	0	283	0	0	0	0	0	0
0xcc42e3814eb13e2e269bb2bbc182429ef36fb00d	2	0.00	0.00	2000.41	1	51.00	0	283	0	0	0	0	0	0
0xcc42e3814eb13e2e269bb2bbc182429ef36fb00d	5	0.00	0.00	998.44	1	75.00	0	283	0	0	0	0	0	0
0x5da04eb0e28a06798797f54deb17cc014c525370	2	0.00	0.00	7339.02	1	78.00	0	168	0	0	0	0	0	0
0x1fd6e15cd7548ec27443690ce5aa3320b1869c3d	2	0.00	0.00	20215.72	1	100.00	0	1	2.098987650356321e-10	1	-887272	887272	0	0
0xca545636eeee744824e444ac162aff848c26bad7	5	0.00	0.00	65.53	1	87.00	0	139	0	0	0	0	0	0
0x89168a6c5235d5838f19dfd45d4299d755e7068f	6	0.00	0.00	9355.27	1	100.00	0	101	6.050487000308635e-7	0	0	0	0	0
0xce068a0353672b64230992b0b090bbb07bfdcab0	2512	0.00	0.00	92.37	1	100.00	0	320	0	0	0	0	0	0
0x5a9ad3dea65b7b9f7502d0da527f21196e5ce876	3	0.00	0.00	1846.37	1	85.00	0	130	0.000002541849208892444	0	0	0	0	0
0x86c128a0647d172e18fb33f317cd06a5d86ad90a	1	0.00	0.00	27.16	1	38.00	0	105	9.672913581226794e-7	0	0	0	0	0
0x32d4cdc9434352f620b8fda62bac3d34cb9311d2	5	0.00	0.00	97.62	1	55.00	0	536	0.0000013381066477080594	0	0	0	0	0
0x32d4cdc9434352f620b8fda62bac3d34cb9311d2	2	0.00	0.00	18.13	1	31.00	0	490	7.876210794677263e-8	0	0	0	0	0
0x1fd6e15cd7548ec27443690ce5aa3320b1869c3d	3	0.00	0.00	56824.53	2	75.00	0	254	0	0	0	0	0	0
0xde6ac2604800464ba76039b0f11d05eec622813d	3	0.00	0.00	68975.12	1	86.00	0	118	0	0	0	0	0	0
0x19786796b0adb9b48ba429edde06c3c46663fa74	2	0.00	0.00	32.98	1	30.00	0	164	0.000002169301316357064	0	0	0	0	0
0x66cac0cf0674dc6738c0905216685ffd0f908ef0	1	0.00	0.00	19.47	1	11.00	0	1185	0	0	0	0	0	0
0xeabc7ebda32a11f1df3bf69c89ecb3799acbef7f	3	0.00	0.00	9091.53	1	44.00	0	243	0	0	0	0	0	0
0x3aa2f2a063bbc605fd293c5c806963924cba29c1	2	0.00	0.00	472.54	1	36.00	0	112	0	0	0	0	0	0
0x6e1f3ae98afabb2e3745e30dfd7b980c2902739f	5	0.00	0.00	105.57	1	47.00	0	423	1.5619026072499764e-7	0	0	0	0	0
0xb3dbe74b4235ec365d9311f2fa9e5bea31e5e7ef	2	0.00	0.00	5862.03	1	66.00	0	88	0	0	0	0	0	0
0x43701205160bcddb31295931bfc10e34f1744955	5	0.00	0.00	722.88	1	42.00	0	1164	0	0	0	0	0	0
0x53aaa89f7506ca70164b2f2bace2ea71eb8f8c03	5	0.00	0.00	1.78	1	42.00	0	1161	0	0	0	0	0	0
0x0304492c94d8dafab67756c7b7aaf94e2c9ca709	1	0.00	0.00	384.58	1	0.00	0	0	6.727066015344008e-7	0	0	0	0	0
0x7c640426ccdf1ead6e9d89e1d474d392e336f077	2	0.00	0.00	8442.90	1	13.00	0	1157	7.952423164425682e-8	0	0	0	0	0
0x2a99721c251d2fd3584a0be06544a8c3b65de45b	9	0.00	0.00	494.26	1	100.00	0	91	0	0	0	0	0	0
0x6f83f340365685f113e77bb4982c9f12ef1325cd	5	0.00	0.00	618.30	1	16.00	0	120	0.000007352501774082754	0	0	0	0	0
0x283a2549b640e56901a8ced2ec5277a32cfe6425	5	0.00	0.00	10592.71	1	10.00	0	198	0.000004826680921610205	0	0	0	0	0
0xbf66a2e640908e83368925c4087302ea54c3fdee	4	0.00	0.00	24.56	1	24.00	0	505	0.0000019354377323033134	0	0	0	0	0
0x83b1385d8126ecf64bfb3b4254d67eb9db753bcc	1	0.00	0.00	9902.00	1	100.00	0	0	0	0	0	0	0	0
0x23c043a293b302e146aa9fcf9a9ca937b895dd56	5	0.00	0.00	18423.22	1	100.00	0	0	0	0	0	0	0	0
0x11414661e194b8b0d7248e789c1d41332904f2ba	6	0.00	0.00	5185.76	1	100.00	0	51	5.008184866817089e-7	0	0	0	0	0
0x3c5aac016ef2f178e8699d6208796a2d67557fe2	2	0.00	0.00	5380.37	2	75.00	0	35	0	0	0	0	0	0
0xe28842daf2cde94eecc81b26a436eb043454f010	4	0.00	0.00	9839.51	1	64.00	0	114	0	0	0	0	0	0
0xde9c31ef16851db0f02d33f3c82db8ea74fb6726	4	0.00	0.00	1825.50	1	63.00	0	163	0	0	0	0	0	0
0x220faf934025b7824af72bd6f27153b0f01f2364	2	0.00	0.00	1037.91	1	100.00	0	13	1.2492229473082261e-10	0	0	0	0	0
0x7114b6bdebed02ab7d335d5f91d9f648a5d39855	5	0.00	0.00	1097.09	3	61.67	1	99	0	0	0	0	0	0
0xbeb5c459a1089a85718d9ed7639e639193ae36f8	3	0.00	0.00	1011.11	1	78.00	0	144	0	0	0	0	0	0
0xb27f17043f26bf21ecbb4498908bd5f2f866b757	7	0.00	0.00	6135.27	1	100.00	0	192	0	0	0	0	0	0
0xf0b4328c2767999346f90ce516e8c92fa4765c1d	2	0.00	0.00	8017.70	1	53.00	0	107	0	0	0	0	0	0
0x4183190f462a3c21ef15021e6d4c3d4c97fc6922	2	0.00	0.00	11.99	1	36.00	0	338	0	0	0	0	0	0
0xd2af01108e34f8955be934a0d19bb8758e686263	2	0.00	0.00	1024.62	1	17.00	0	1115	0	0	0	0	0	0
0x5e8f0074a963af263424d9a5e66e8705c5d6f4b5	36	0.00	0.00	593.01	1	46.00	0	1112	0	0	0	0	0	0
0xefdc7b37a1c057756717545342885770f304f7ae	25034	0.00	0.00	0.00	1	0.00	0	0	0	0	0	0	0	0
0xefdc7b37a1c057756717545342885770f304f7ae	1054	0.00	0.00	0.00	2	0.00	21	0	0	0	0	0	0	0
0xefdc7b37a1c057756717545342885770f304f7ae	3	0.00	0.00	0.00	2	100.00	0	3	0	0	0	0	0	0
0x1486391125be1e207dd6517f9aa6ee03fb9a4d61	2	0.00	0.00	307.35	1	17.00	0	1110	0	0	0	0	0	0
0xfdd3ae495dfdcc649ac06a3033f73405fdd68221	2	0.00	0.00	315.32	1	36.00	0	135	3.176902851897978e-7	0	0	0	0	0
0xd59d144d471e47f1f4b965298ff65140ddd91fbd	1	0.00	0.00	136805.06	4	44.75	65	48	0	0	0	0	0	0
0xcb8db65e9aefbb6386cc5b757516412b79067004	1	0.00	0.00	1252.87	4	85.75	0	14	0	0	0	0	0	0
0xfa4dfbe7b012b1d92fdd5544f30518bb58bd41ce	1	0.00	0.00	4264.38	1	94.00	0	25	4.016486254698748e-7	0	0	0	0	0
0xd3257771ec587ed4813dc5c50535cca26222dd49	1	0.00	0.00	50024.84	2	78.50	0	16	5.868378227802395e-7	0	0	0	0	0
0x5ca642d0138f8fa36f4ec6311190825392246ada	4	0.00	0.00	213.21	1	100.00	0	1	5.972999872483342e-11	0	0	0	0	0
0x4f9ac9de39ab67c05e0ee125c5c4f7c10d5b9f2d	1	0.00	0.00	30665.16	5	97.00	45	4	0	0	0	0	0	0
0x1193d005ac6e016dd481c3b7e110bd4f63edd8f1	5	0.00	0.00	525.77	1	28.00	0	1093	3.157952899179861e-7	0	0	0	0	0
0x2e7638abad4329c154bdf3d33d28ddc56f47136b	1	0.00	0.00	47904.13	1	100.00	0	9	2.064220017139462e-7	0	0	0	0	0
0x36693b60005e66a799fc72d491df41d708e8a34f	4	0.00	0.00	31614.83	1	69.00	0	74	0	0	0	0	0	0
0xdb602740afa1a0d0977620a2f7f85cb742068969	2	0.00	0.00	486.03	1	100.00	0	1	3.8136160895874127e-10	0	0	0	0	0
0xeea4a37728f0a01b5e04532ba8e13841d9dc4505	1	0.00	0.00	621.60	1	19.00	0	123	1.0976232145409881e-7	0	0	0	0	0
0xb9eee8be0810c5887ec6fab655d9b86eda2b0f18	5	0.00	0.00	1265.88	1	55.00	0	206	0.000002103822782650866	0	0	0	0	0
0xefdc7b37a1c057756717545342885770f304f7ae	1	0.00	0.00	36000.00	24	85.75	4	11	0	0	0	0	0	0
0xffbbbc174922b27a0995eb51a2a2b083fbb5283e	2	0.00	0.00	10012.80	1	21.00	0	145	0	0	0	0	0	0
0xf77b840e722dd27bcf6df3459e5344b9948e760c	1	0.00	0.00	79.94	1	21.00	0	89	2.57952470494871e-7	0	0	0	0	0
0xffbbbc174922b27a0995eb51a2a2b083fbb5283e	1	0.00	0.00	9993.44	1	15.00	0	145	0	0	0	0	0	0
0x77fe051ec66db6c444386918600116b047b664e5	5	0.00	0.00	405.09	2	48.00	0	155	0	0	0	0	0	0
0x734e5ce09451fd8473b0d9d153b952a2084696eb	1	0.00	0.00	2530.06	3	63.67	41	106	0	0	0	0	0	0
0xc57f5a63dad0c2f11d974e55474fdf0f1aee6501	1	0.00	0.00	1139.81	15	56.93	0	15	0	0	0	0	0	0
0x1ba6090ce91454055904202970a63da3f132c8e9	1	0.00	0.00	6935.65	2	100.00	0	4	3.449668328769917e-8	0	0	0	0	0
0x86c128a0647d172e18fb33f317cd06a5d86ad90a	6	0.00	0.00	33.19	1	39.00	0	1084	0	0	0	0	0	0
0x887e8b6119b38c60cb03cab204c0a704c6e0a473	2	0.00	0.00	677.62	7	68.71	140	31	8.258388576162393e-8	0	0	0	0	0
0x271089c997e99ebdb65a9a8330ba0b840b1f3647	4	0.00	0.00	27.47	1	62.00	0	37	0	0	0	0	0	0
0x887e8b6119b38c60cb03cab204c0a704c6e0a473	1	0.00	0.00	683.50	11	84.55	0	13	0	0	0	0	0	0
0x4e774f2a3ea241f81bbabb58afb6cab6097ab186	1	0.00	0.00	10911.61	5	92.60	31	5	7.149836278586008e-13	0	0	0	0	0
0x404304fc11a889475ed22a2ebc8db6fe8f0d249b	3	0.00	0.00	312005.28	2	89.00	1	15	0	0	0	0	0	0
0xbcfc154b6a62e6761f0c461ae796323f23b53a41	3	0.00	0.00	316583.59	2	98.50	0	13	0	0	0	0	0	0
0x32c0056425f6d994812ce0340c146e8b3d929b84	2	0.00	0.00	1990.32	1	100.00	0	9	1.9178258980900864e-7	0	0	0	0	0
0x4e744711a082c51f726f828044f7184c7ec359ff	1	0.00	0.00	73.87	2	98.50	0	5	0	0	0	0	0	0
0xe1e534a8d9875b586c82e511cc79bfca441d320a	5	0.00	0.00	3960.13	2	47.00	0	89	0	0	0	0	0	0
0xff1019661bd58e90c3403cd31abfb2795006b1f3	2	0.00	0.00	11781.92	1	9.00	0	55	0.0000023248101999051585	0	0	0	0	0
0xb3dbe74b4235ec365d9311f2fa9e5bea31e5e7ef	4	0.00	0.00	5981.53	2	33.50	0	538	0.0000012008105287897308	0	0	0	0	0
0x6ebbd0c5570af173ec6bb5e385b89e678e0457f3	2	0.00	0.00	5662.52	5	61.20	5	43	1.643404523576919e-8	0	0	0	0	0
0x6dc851dd59c86d50f370f1cd937a86b6f1179a6a	2	0.00	0.00	5508.21	1	98.00	0	4	7.240851584988661e-7	0	0	0	0	0
0x94791c864c2a2b534d063fa62434b55f96c02654	1	0.00	0.00	1789.20	2	13.00	0	23	0	0	0	0	0	0
0xff1019661bd58e90c3403cd31abfb2795006b1f3	5	0.00	0.00	11514.75	1	24.00	0	53	0.000002417923139486078	0	0	0	0	0
0x499771b769d706ebead88efbef2248692d68ac5d	5	0.00	0.00	2533.04	1	15.00	0	88	0	0	0	0	0	0
0x499771b769d706ebead88efbef2248692d68ac5d	3	0.00	0.00	466.21	1	15.00	0	88	0	0	0	0	0	0
0x32c0056425f6d994812ce0340c146e8b3d929b84	1	0.00	0.00	1992.39	2	100.00	0	4	5.5137727716925156e-9	0	0	0	0	0
0x4e744711a082c51f726f828044f7184c7ec359ff	2	0.00	0.00	73.09	1	100.00	0	1	1.2250089831411515e-9	0	0	0	0	0
0x6dc851dd59c86d50f370f1cd937a86b6f1179a6a	1	0.00	0.00	6153.62	8	70.13	21	24	1.659980125578997e-7	0	0	0	0	0
0x4f9ac9de39ab67c05e0ee125c5c4f7c10d5b9f2d	2	0.00	0.00	51175.57	3	64.00	1	26	2.212416916336224e-8	0	0	0	0	0
0x744318995551c5539986b3571b96d06b02547d1a	2	0.00	0.00	89.44	1	89.00	0	9	0	0	0	0	0	0
0x96165cc60fd4f85c1453aa6e1d0d2360c3c494c5	3	0.00	0.00	37.11	1	43.00	0	37	0	0	0	0	0	0
0x9bf0ea70fa1f3db7fc78acb56069e9c260c3db99	10	0.00	0.00	2239.68	1	44.00	0	1069	0	0	0	0	0	0
0xd8c233b8af7e608fac6a05562f61d644dc81b4c6	2	0.00	0.00	103.21	1	80.00	0	7	4.189468327808754e-7	0	0	0	0	0
0xb7b502993560fc622d027f14aa1b3fcf17a57282	2	0.00	0.00	707.64	3	79.00	0	43	0	0	0	0	0	0
0x01666c82690745fb71ccc4910ca25a4ea19f95a5	1	0.00	0.00	2556.88	1	13.00	0	1066	0	0	0	0	0	0
0xcbcaee955ac278f2008216f8d583c9639e3088a8	2	0.00	0.00	27209.14	5	74.60	26	25	0	0	0	0	0	0
0xcbcaee955ac278f2008216f8d583c9639e3088a8	1	0.00	0.00	30658.25	8	70.25	23	19	0	0	0	0	0	0
0x3c5aac016ef2f178e8699d6208796a2d67557fe2	3	0.00	0.00	5375.14	1	12.00	0	34	0	0	0	0	0	0
0x97fa4879a2aeecb14b5e9807c6c187c9f4560e9b	3	0.00	0.00	15751.09	3	86.00	115	32	0	0	0	0	0	0
0x486bac8f2a56f2a1bac84eb26a57d8b3994e1b2e	2	0.00	0.00	4.36	1	25.00	0	266	0	0	0	0	0	0
0xff43c5727fbfc31cb96e605dfd7546eb8862064c	2	0.00	0.00	974653.65	2	49.50	0	170	0	0	0	0	0	0
0x878be3eeea0a092ade1f9d30eb5aee161ab301ff	1	0.00	0.00	1836.26	12	72.17	2	19	0	0	0	0	0	0
0x909928a0da946c71c538edeea12c694640a2ab3f	1	0.00	0.00	2248.04	12	74.33	2	32	0	0	0	0	0	0
0xefa8becd642272905758866fb1fe2d7bad8753ad	10	0.00	0.00	1884.98	1	43.00	0	1062	0	0	0	0	0	0
0x0810818c20c456c429ce9139a0dde0946a8c7d0d	2	0.00	0.00	26.34	1	12.00	0	9	0	0	0	0	0	0
0x909928a0da946c71c538edeea12c694640a2ab3f	5	0.00	0.00	2582.98	1	51.00	0	18	0	0	0	0	0	0
0x0ec22f5ee2d0aac55f79f2b36ea883c1b4a6b986	3	0.00	0.00	48727.79	2	77.50	72	119	0	0	0	0	0	0
0xacf89c236462a336917817b1d91fde5488ffb3ac	2	0.00	0.00	0.67	2	98.00	0	32	0	0	0	0	0	0
0x734e5ce09451fd8473b0d9d153b952a2084696eb	5	0.00	0.00	948.23	1	2.00	0	41	0	0	0	0	0	0
0x83a5c7f2e2910c30e0da46e6c37c88ab477f876a	2	0.00	0.00	9957.36	1	8.00	0	12	0	0	0	0	0	0
0xd7edaf6892cfb6076cc57ea2880bf4cc6708e3e3	4	0.00	0.00	562.19	1	100.00	0	8	0	0	0	0	0	0
0xd59d144d471e47f1f4b965298ff65140ddd91fbd	4	0.00	0.00	227391.56	1	100.00	0	44	0	0	0	0	0	0
0xd8c233b8af7e608fac6a05562f61d644dc81b4c6	4	0.00	0.00	101.44	1	33.00	0	24	0	0	0	0	0	0
0x2e7638abad4329c154bdf3d33d28ddc56f47136b	3	0.00	0.00	48001.46	1	66.00	0	260	0	1	-887272	887272	0	0
0x9d23c716dff69872422d8d99b28fb39675491b57	1	0.00	0.00	6.32	1	68.00	0	80	0	0	0	0	0	0
0x13c5c5066c8be2bbc49d9eb1c32179fc240138a7	5	0.00	0.00	357.54	1	100.00	0	24	0	0	0	0	0	0
0x71a2a425deb623de19b34ad6c9c006da6ef639af	4	0.00	0.00	709.91	1	73.00	0	185	0.0000033760121254111652	0	0	0	0	0
0x0302f3434dbdee9d3faf680cba8a2bae6b34a83c	1	0.00	0.00	3589.11	1	20.00	0	1059	0	0	0	0	0	0
0x761c4bb545fc09e2b7ee091810cdc4428c843074	7	0.00	0.00	215.69	1	100.00	0	23	0	0	0	0	0	0
0x7d6859b6c544c34f00c66fb9aae1f95a41904b34	1	0.00	0.00	18747.37	1	100.00	0	2	1.1904144336938316e-9	0	0	0	0	0
0x2850a72f6d4d1ef010fdb7f3ca4bd32bdde905a2	1	0.00	0.00	17168.08	1	44.00	0	14	5.9896976267737045e-9	0	0	0	0	0
0xe8b6858ef49fa6a435eb4e9b55814577746f58a9	5	0.00	0.00	117.10	1	100.00	0	97	0	0	0	0	0	0
0x2b28fe276e97f4467c0d7004162bb1812ecbf1cf	1	0.00	0.00	2505.91	1	47.00	0	11	0	0	0	0	0	0
0xe06d67e2cd5c51cbe0ec603a1e314039875e0ab2	2	0.00	0.00	587.82	2	73.00	0	34	0	0	0	0	0	0
0xbe0f3a1d19e232893d729788537eb7074567d33b	3	0.00	0.00	132.74	1	77.00	0	5	0	0	0	0	0	0
0x6ebbd0c5570af173ec6bb5e385b89e678e0457f3	1	0.00	0.00	7542.80	1	39.00	0	10	0	0	0	0	0	0
0x044c581a2239120a4c76eb2bd3e626400f6e00c3	4	0.00	0.00	1986.91	1	72.00	0	190	0	0	0	0	0	0
0x6ebbd0c5570af173ec6bb5e385b89e678e0457f3	3	0.00	0.00	2346.14	1	100.00	0	61	0	0	0	0	0	0
0x6422dfe815bcd0f3cb74cb397ab59fa9567f36c2	10987	0.00	0.00	130.13	1	100.00	0	248	0	0	0	0	0	0
0xe408d989f0655605193efbba3138cf85ab91ce9b	2	0.00	0.00	883.07	1	48.00	0	180	0	0	0	0	0	0
0xa69eae5f16175293c2f32532b1dacd78f790dcbb	690	0.00	0.00	130.00	1	0.00	0	248	0	0	0	0	0	0
0x5d19e711f30167d278da67f0bab530fdb889298b	4064	0.00	0.00	130.32	1	100.00	0	248	0	0	0	0	0	0
0xbcfc154b6a62e6761f0c461ae796323f23b53a41	2	0.00	0.00	331993.80	1	100.00	0	5	0	0	0	0	0	0
0x1f2b74ad67b407b6f6866bcb4f1eb308b9a3cacb	2	0.00	0.00	1072.11	1	57.00	0	339	0	0	0	0	0	0
0x01a0f8f364c2fec07cfcdebd2980da3f950d0410	4	0.00	0.00	30375.95	3	96.33	205	13	0	0	0	0	0	0
0xa100fa6fada1be2041a20ba80c11e8f370c9306b	1	0.00	0.00	786.17	5	78.00	69	16	0	0.6	-532363.2	532363.2	0	0
0x1ec99676db4650d91bf4c69416595f2fb14d8851	5	0.00	0.00	13220.04	1	100.00	0	128	0	0	0	0	0	0
0xb38b9a414294865a2df88c76f10b2423d025091c	2	0.00	0.00	16913.88	1	24.00	0	1052	0	0	0	0	0	0
0xd0acc448a2ebdfdab6a4bcaccac9d94231c042f1	5	0.00	0.00	12093.49	3	100.00	0	0	0	0	0	0	0	0
0x45b17c587c2b36479aae4f49ee22ddae8b048a59	1	0.00	0.00	6006.35	2	100.00	0	12	0	1	-887272	887272	0	0
0xd0acc448a2ebdfdab6a4bcaccac9d94231c042f1	2	0.00	0.00	18549.61	2	92.00	52	39	0.0000016072024378033234	0	0	0	0	0
0xcbcaee955ac278f2008216f8d583c9639e3088a8	3	0.00	0.00	31163.04	1	100.00	0	4	0	0	0	0	0	0
0xd550ac5225eddc5ae90730bc2ef7d334cd9bd4b4	3	0.00	0.00	858.53	1	75.00	0	168	0.000006029945265328962	0	0	0	0	0
0x7fdd23982b989db4b0e724e7d578a27fcce6c00f	5	0.00	0.00	360.05	1	78.00	0	240	0	0	0	0	0	0
0x77b5c24f94afe2e12f67368ae0330dbe1033c78c	6	0.00	0.00	9663.79	2	61.00	85	482	0	0	0	0	0	0
0xa0f642c42ebf0c7a71e6c49a72688c089330c709	5	0.00	0.00	881.30	1	78.00	0	339	0.000006046987910401924	0	0	0	0	0
0x2b28fe276e97f4467c0d7004162bb1812ecbf1cf	2	0.00	0.00	2487.14	1	100.00	0	82	0	0	0	0	0	0
0x271089c997e99ebdb65a9a8330ba0b840b1f3647	5	0.00	0.00	27.32	1	83.00	0	317	0	0	0	0	0	0
0x00908a54988f2db52436351ac8188cf68bf92fec	5	0.00	0.00	537.37	1	100.00	0	69	0	0	0	0	0	0
0xcbfe730f50311793bcd5d3219c4aee3d50506153	1	0.00	0.00	24.64	1	100.00	0	33	0	0	0	0	0	0
0x2a2b0559ff10ce0964802ad5a38eb3dd9187192d	2	0.00	0.00	385.23	1	100.00	0	6	1.1844969449725795e-9	0	0	0	0	0
0xab7c096eaa2190c8c95aa225593823aca03c6784	2	0.00	0.00	1819.59	1	100.00	0	57	0	0	0	0	0	0
0xafe47d6f287ce1397f6d1af56868ce8981d555e8	2	0.00	0.00	1066.09	1	60.00	0	223	5.4304361007950774e-8	0	0	0	0	0
0xb07d7de47888b394d67800fd2b152332a648f556	1	0.00	0.00	13565.76	4	95.00	0	12	1.8429610615378067e-8	0	0	0	0	0
0x566f827a4988d4a3eb9da469d8d3d0b536da196e	2	0.00	0.00	902.84	1	100.00	0	1	0	0	0	0	0	0
0xbe8eb72d33d76008bb4964189e86f56378acc518	2	0.00	0.00	840.16	1	23.00	0	1038	0	0	0	0	0	0
0x36000a35d79b58a24b726104ed8c69ec8ee29ae4	2	0.00	0.00	1635.60	1	85.00	0	129	0	0	0	0	0	0
0xd8c233b8af7e608fac6a05562f61d644dc81b4c6	5	0.00	0.00	97.23	1	100.00	0	51	0	0	0	0	0	0
0xe80aab824b532a93accf3d005bf7029ea3f292cc	2	0.00	0.00	962.88	1	99.00	0	47	0	0	0	0	0	0
0xb4cc07bd1a3bc3ba8ac032dbd85a552b86793ca0	6	0.00	0.00	2632.63	1	36.00	0	1031	0	0	0	0	0	0
0x3c5aac016ef2f178e8699d6208796a2d67557fe2	4	0.00	0.00	5374.48	1	98.00	0	73	0	0	0	0	0	0
0x01a0f8f364c2fec07cfcdebd2980da3f950d0410	12	0.00	0.00	48103.34	1	100.00	0	0	0	0	0	0	0	0
0x6df6317d97d399be94f7e42173938f7595afb5ab	1	0.00	0.00	51879.44	1	100.00	0	32	0	0	0	0	0	0
0x01a0f8f364c2fec07cfcdebd2980da3f950d0410	7	0.00	0.00	45194.89	1	100.00	0	11	0	0	0	0	0	0
0x597530c4298984f8b8c644893b6213b1c1f047a3	1	0.00	0.00	10174.97	1	100.00	0	32	3.0871781797614517e-7	1	-887272	887272	100	100
0x72ccd287caf23d839ab9760ee3c55dc4db55321a	1	0.00	0.00	195.07	1	100.00	0	27	0	0	0	0	0	0
0x5e199814f74b452245ef20657d8d5d8cbe820c0c	2	0.00	0.00	6.42	1	100.00	0	0	0	0	0	0	0	0
0x8a9705fae082f5f017988a9e495552b5e1295404	1	0.00	0.00	1141.44	1	100.00	0	26	0	0	0	0	0	0
0xe28842daf2cde94eecc81b26a436eb043454f010	1	0.00	0.00	9443.15	1	19.00	0	1019	0.0000013658518538406383	0	0	0	0	0
0xffbaa0de31cd06c0031682e6e991b2515e71192e	2	0.00	0.00	1000.60	1	25.00	0	1018	0.000001341369382235058	0	0	0	0	0
0x15f3d2e43e5d6aaedf16b6348fa07aa7f5210527	5	0.00	0.00	11798.16	3	100.00	0	74	0	0	0	0	0	0
0xea2aa59b4a8a9947790c7c3040a75142d854cf20	1	0.00	0.00	45691.90	3	84.33	0	33	0	0	0	0	0	0
0xe40602b6629ab2482043df1cf9efc093dd84d337	2	0.00	0.00	44.21	2	97.00	206	43	0	0	0	0	0	0
0xa11332680c39d0e048872ae223dd4cb737977ea0	4	0.00	0.00	236.01	1	100.00	0	4	0	0	0	0	0	0
0xc6b738de9bc7405aac3e586f47b169e6ddf7a6d3	2	0.00	0.00	1115.64	1	52.00	0	136	0.0000028819633346444107	0	0	0	0	0
0x94daf9dbf9b61fa8b45b0dd700d0c2e1c37a329d	5	0.00	0.00	1967.05	1	94.00	0	112	0.0000017120621809141312	0	0	0	0	0
0x9c599cc2a4941e578e36634e94b8b93cbae01d40	4	0.00	0.00	4800.84	1	96.00	0	93	0	0	0	0	0	0
0x3214e141bdae08be1f382a885cf3d2a448a5e780	2	0.00	0.00	4826.94	1	91.00	0	76	0	0	0	0	0	0
0x96165cc60fd4f85c1453aa6e1d0d2360c3c494c5	2	0.00	0.00	31.13	2	48.50	0	507	8.134437567974828e-8	0.5	-443636	443636	0	0
0x058b377795e461685b19400b694c469097e2a454	1	0.00	0.00	532.97	1	69.00	0	97	0.0000021068894406894856	0	0	0	0	0
0x0851885a2baec9be7b052fea94ff211e4207eef2	11	0.00	0.00	8.98	1	100.00	0	14	0	0	0	0	0	0
0x8138b9e40d78a56f2ca5f99f5317ff0d9bc51d2d	2	0.00	0.00	137.23	1	24.00	0	1010	0	0	0	0	0	0
0x6da43f5ba492912179f648a9978efb1f2b59b396	4	0.00	0.00	51.73	1	72.00	0	156	1.0669685135411555e-7	0	0	0	0	0
0x3c698d1e054a921dcf46bc213ca407e39ae4db8d	3	0.00	0.00	500.88	1	100.00	0	18	0	0	0	0	0	0
0xe52a1acb7f1b759eea7cf638f44abd14c8143ac6	4	0.00	0.00	2233.83	1	95.00	0	55	0	0	0	0	0	0
0x85da55cff5a96d6527d4d32ff40cade3a042d530	2	0.00	0.00	123.96	1	98.00	0	47	0	0	0	0	0	0
0x72ccd287caf23d839ab9760ee3c55dc4db55321a	2	0.00	0.00	738.19	9	82.67	2	11	0	0	0	0	0	0
0xb67e6b9d87b03bfd21c5fae7f7fb7d2dc8050d00	10	0.00	0.00	1941.29	1	100.00	0	8	0	0	0	0	0	0
0xab12c42629c03e10627fc3bf4f4571ff2ac828c0	2	0.00	0.00	1992.95	1	74.00	0	3	6.868613455779382e-8	0	0	0	0	0
0xd0acc448a2ebdfdab6a4bcaccac9d94231c042f1	1	0.00	0.00	18673.79	10	78.90	2	10	1.2323599918317996e-8	0	0	0	0	0
0x597530c4298984f8b8c644893b6213b1c1f047a3	3	0.00	0.00	10138.15	1	100.00	0	0	1.4520273872165035e-9	1	-887272	887272	100	100
0x597530c4298984f8b8c644893b6213b1c1f047a3	2	0.00	0.00	10127.22	1	100.00	0	43	0	1	-101	102	0	0
0x97fa4879a2aeecb14b5e9807c6c187c9f4560e9b	4	0.00	0.00	18926.52	2	79.50	88	56	0	0	0	0	0	0
0x3c07fd7df33dc84056e54262156d1dfa6c440a9f	2	0.00	0.00	2244.34	3	91.33	0	28	0	0	0	0	0	0
0x8e2cc617cdb2f6ba7d66b9a20427760407e80b9a	5	0.00	0.00	45927.18	1	89.00	0	351	0	0	0	0	0	0
0x5b54a9439c0b2b88e35db66f93882479fed4fdfb	5	0.00	0.00	9908.58	1	78.00	0	83	7.311926841779837e-7	0	0	0	0	0
0x0810818c20c456c429ce9139a0dde0946a8c7d0d	10	0.00	0.00	218.31	1	100.00	0	358	0	0	0	0	0	0
0x881e625e5c30973b47cee3a0f3ef456012f13f7d	5	0.00	0.00	14.78	1	35.00	0	988	5.88509951882088e-7	0	0	0	0	0
0xe80aab824b532a93accf3d005bf7029ea3f292cc	3	0.00	0.00	955.76	1	66.00	0	219	0	0	0	0	0	0
0x881e625e5c30973b47cee3a0f3ef456012f13f7d	2	0.00	0.00	7.50	2	18.00	0	927	2.9950733004824315e-7	0	0	0	0	0
0xab7c096eaa2190c8c95aa225593823aca03c6784	4	0.00	0.00	2220.65	1	92.00	0	46	0	0	0	0	0	0
0xe6caf898d70a0f0365ae8c6211ade489025aa1bb	3	0.00	0.00	18568.56	1	100.00	0	7	0	0	0	0	0	0
0x3aa2f2a063bbc605fd293c5c806963924cba29c1	5	0.00	0.00	831.59	1	88.00	0	263	0	0	0	0	0	0
0x297ac6b7be2549297f5851828673bf7b16a80737	7	0.00	0.00	1376.33	1	100.00	0	12	0	0	0	0	0	0
0x786fc8ebfe88753cb6975e33e28dd156f84d9ae5	3	0.00	0.00	2000.85	1	55.00	0	109	0.0000018298309423236958	0	0	0	0	0
0xc375f84824574f3f63ddba0ce2b2fc0ef6f51865	1	0.00	0.00	81.23	1	92.00	0	36	0	0	0	0	0	0
0xfb91acc79fd1d9632a9d1f07e081311d3d216d7b	1	0.00	0.00	338.70	5	70.60	17	32	0.0000010897134616882909	0	0	0	0	0
0x22ac70c1df5750e16469f4d2d20ecde43b6c8fe9	1	0.00	0.00	1.16	1	12.00	0	981	6.655847872849563e-7	0	0	0	0	0
0xcfd126577cdf70582885bfe35a75cd7e5678ec62	3	0.00	0.00	42115.98	1	100.00	0	1	0	0	0	0	0	0
0x62c05db7afa1ace897c5ad88b6219199e438f66e	3	0.00	0.00	498.23	1	68.00	0	72	0	0	0	0	0	0
0x56f6f446a3944ab802e00f58d5921cc43252b792	1	0.00	0.00	58299.05	8	49.75	6	23	0	0	0	0	0	0
0x24592efb4a8c9da999cc9ca66e8e96b086ea9eb6	5	0.00	0.00	112.49	1	100.00	0	22	0	0	0	0	0	0
0xe3bb042f9cc751afaf7c14fc0b2848fae17cb08a	2	0.00	0.00	8903.45	1	60.00	0	48	0	0	0	0	0	0
0x062b7d68d25b56726eb8ae4822ad96a2fdda76f1	5	0.00	0.00	1033.49	2	79.00	12	66	0	0	0	0	0	0
0x2c789efa7747fce8a7a61134709fc76780e49b1c	1	0.00	0.00	25547.99	1	100.00	0	7	1.2811085525754606e-9	0	0	0	0	0
0x7336ce5f77631f4b6eb9ef16b85d35bf8f1cefe4	1	0.00	0.00	31257.80	2	99.50	0	10	0	0	0	0	0	0
0xe042b0b7aea928f79dad2a4fce4a005da5890b1c	2	0.00	0.00	79032.81	1	83.00	0	29	0	0	0	0	0	0
0x1d9ae472eb46144407edef5971492cf609e13e18	2	0.00	0.00	1845.00	1	100.00	0	8	0	0	0	0	0	0
0xc20ef0082b98260bb62c769bedcfedead311f93d	1	0.00	0.00	7821.25	7	77.57	10	23	0	0	0	0	0	0
0xeea4a37728f0a01b5e04532ba8e13841d9dc4505	5	0.00	0.00	853.57	1	34.00	0	968	0	0	0	0	0	0
0x42dd5752336a639c0c06c5696766244cc4a87c1a	5	0.00	0.00	16996.22	2	82.00	0	46	0	0	0	0	0	0
0x2b28fe276e97f4467c0d7004162bb1812ecbf1cf	5	0.00	0.00	2401.89	1	52.00	0	38	0	0	0	0	0	0
0xd4ef44c8c2805b47eac1ef54872b54f681970c3c	3	0.00	0.00	46638.82	1	100.00	0	13	0	0	0	0	0	0
0xfe77ae23291f3015b40735ec2891c401780e55b0	5	0.00	0.00	42.77	1	33.00	0	958	0	0	0	0	0	0
0xd8b5bd1a3626c9420f988610217db47f05d9f9d4	5	0.00	0.00	44.05	1	70.00	0	17	0	0	0	0	0	0
0x2d1a0f69ea53d61b4f74648ca1db523610784406	1	0.00	0.00	1001.99	1	21.00	0	29	5.266564850892053e-7	0	0	0	0	0
0x3c698d1e054a921dcf46bc213ca407e39ae4db8d	1	0.00	0.00	505.74	1	30.00	0	13	5.375498379756039e-7	0	0	0	0	0
0xb0bada5d45d939a03c6d211d24a61a4418d7cd13	2	0.00	0.00	8129.62	20	69.85	11	11	0	1	-221893.75	221894.5	0	0
0xfb91acc79fd1d9632a9d1f07e081311d3d216d7b	3	0.00	0.00	341.06	2	100.00	0	7	0	0	0	0	0	0
0x7336ce5f77631f4b6eb9ef16b85d35bf8f1cefe4	2	0.00	0.00	60446.00	2	80.00	0	12	5.05095965053215e-11	0	0	0	0	0
0x83fe9748fac353106c5c988b93ce229f895e0b02	2	0.00	0.00	22935.44	1	100.00	0	17	6.604958802114425e-8	0	0	0	0	0
0x3f128d5f0ad67d595df7eec6b0ad27d11faba8b3	2	0.00	0.00	63264.40	1	4.00	0	96	0	0	0	0	0	0
0xd33a97de61e09d26937dd8cf5f7fb511b82ddcc6	1	0.00	0.00	41266.85	3	13.67	0	22	0	0	0	0	0	0
0xd33a97de61e09d26937dd8cf5f7fb511b82ddcc6	5	0.00	0.00	72785.02	2	48.50	0	35	0	0	0	0	0	0
0x0524f2b8765ee3a1a033311ddc9e2dcaad34b8c3	2	0.00	0.00	1003.08	2	79.50	1	11	0	0	0	0	0	0
0x5c6dc07dd42e536d41a6252b675450fa33b55d5a	2	0.00	0.00	5256.96	3	65.67	0	9	0.0000011491998426945334	0	0	0	0	0
0x8a0c5782914c49d06e0042faf176ac2d9bc88e67	8	0.00	0.00	77.95	1	100.00	0	23	0	0	0	0	0	0
0xcd30aae2c2fe55eea9a7ff4abaa43b69930bb43a	1	0.00	0.00	16117.66	17	88.29	3	12	1.527786727194362e-7	0	0	0	0	0
0x8e3bbdec40e33a8a5b90bf56c6d2692088406739	2	0.00	0.00	1165.10	1	0.00	0	6	7.57905960213634e-8	0	0	0	0	0
0x97fa4879a2aeecb14b5e9807c6c187c9f4560e9b	5	0.00	0.00	21169.83	1	100.00	0	10	6.503784844014149e-7	0	0	0	0	0
0x0524f2b8765ee3a1a033311ddc9e2dcaad34b8c3	5	0.00	0.00	500.41	2	100.00	0	1	5.369023448054122e-7	0	0	0	0	0
0x991cec65a906b5727b32d175cfc550673a20ed17	10	0.00	0.00	2006.57	1	100.00	0	11	0	0	0	0	0	0
0xcd30aae2c2fe55eea9a7ff4abaa43b69930bb43a	10	0.00	0.00	9878.58	1	100.00	0	2	0.0000010278529805063386	0	0	0	0	0
0xcdf6b80513563ef85d816e03c538b9568308ab56	3	0.00	0.00	3653.55	2	0.00	0	1	0	0	0	0	0	0
0x72ccd287caf23d839ab9760ee3c55dc4db55321a	5	0.00	0.00	98.24	2	100.00	0	9	2.4462443737327533e-7	0	0	0	0	0
0xcdf6b80513563ef85d816e03c538b9568308ab56	5	0.00	0.00	5151.89	1	100.00	0	7	0	0	0	0	0	0
0x4880d9853fdd408830fa1a88f999d67362e8f9f0	2	0.00	0.00	14408.62	3	66.00	0	61	0	0	0	0	0	0
0xeabc7ebda32a11f1df3bf69c89ecb3799acbef7f	6	0.00	0.00	15332.64	1	30.00	0	61	0	0	0	0	0	0
0x6acadcd3519011165e2fcc0fb349c1212016f694	7	0.00	0.00	35991.55	1	71.00	0	61	0.000004149637244932336	0	0	0	0	0
0x3c698d1e054a921dcf46bc213ca407e39ae4db8d	2	0.00	0.00	506.24	1	80.00	0	21	0	0	0	0	0	0
0xab7c096eaa2190c8c95aa225593823aca03c6784	5	0.00	0.00	2071.29	1	95.00	0	18	0.0000034739319643151134	0	0	0	0	0
0xe042b0b7aea928f79dad2a4fce4a005da5890b1c	3	0.00	0.00	117509.59	1	100.00	0	11	0	0	0	0	0	0
0x8a041643cabccce7a5e24f4ee4fec664e1e36d24	10	0.00	0.00	112.29	3	100.00	0	0	0	0	0	0	0	0
0x8e3bbdec40e33a8a5b90bf56c6d2692088406739	5	0.00	0.00	1134.13	1	63.00	0	24	0	0	0	0	0	0
0x9e8048b40dfada81b1902d21db3b45159b567b9f	3	0.00	0.00	904.15	1	16.00	0	91	0.0000025267977710186074	0	0	0	0	0
0xfb91acc79fd1d9632a9d1f07e081311d3d216d7b	2	0.00	0.00	341.93	3	59.00	0	55	0	0	0	0	0	0
0xfb91acc79fd1d9632a9d1f07e081311d3d216d7b	4	0.00	0.00	203.48	2	100.00	165	1	0	0	0	0	0	0
0xa2c12dd46eb80ad3ebfb9f07b0293b2e076bfc5b	1	0.00	0.00	3997.82	3	70.67	0	39	1.822986206434507e-11	0	0	0	0	0
0x3214e141bdae08be1f382a885cf3d2a448a5e780	5	0.00	0.00	5561.74	2	58.00	0	126	5.080758591624601e-8	0	0	0	0	0
0xa6fbe8f447fe74d39c2d904d521a2819c4ba7c33	2	0.00	0.00	30666.36	1	100.00	0	14	0	0	0	0	0	0
0x709c44d947c9e762dc35187ecd2624b7df5c2e68	1	0.00	0.00	2466.43	3	19.33	48	90	0	0	0	0	0	0
0xe042b0b7aea928f79dad2a4fce4a005da5890b1c	1	0.00	0.00	116862.10	1	56.00	0	9	0	0	0	0	0	0
0x062b7d68d25b56726eb8ae4822ad96a2fdda76f1	3	0.00	0.00	822.66	1	42.00	0	12	0	0	0	0	0	0
0x2d1a0f69ea53d61b4f74648ca1db523610784406	2	0.00	0.00	1001.76	1	15.00	0	27	0	0	0	0	0	0
0xdb9ca746f9e64b62c242eca5c0d18e2b094384a8	5	0.00	0.00	171.34	2	45.00	0	7	0	0	0	0	0	0
0x8a0c5782914c49d06e0042faf176ac2d9bc88e67	6	0.00	0.00	79.57	1	21.00	0	923	0	0	0	0	0	0
0xab7c096eaa2190c8c95aa225593823aca03c6784	10	0.00	0.00	2141.86	1	35.00	0	922	0	0	0	0	0	0
0x4846aee6d7c9f176f3f329e01a014c2794e21b92	1	0.00	0.00	21287.32	10	74.70	0	19	1.3821096711552627e-7	0	0	0	0	0
0xe63986bf0c914ad162bdaef89c64278982b6660c	2	0.00	0.00	1872.10	2	49.00	0	46	7.386544820242591e-7	0	0	0	0	0
0x764686bd33e2f914702729bf7448811259567310	2	0.00	0.00	7043.53	2	67.00	0	46	0	0	0	0	0	0
0x6ac54906d7eae6bec5c7fbd26988de4bebd621a7	5	0.00	0.00	2994.42	1	93.00	0	91	0	0	0	0	0	0
0x800557569ffd43618298a784486a8757342aea80	1	0.00	0.00	68.07	1	43.00	0	94	0	0	0	0	0	0
0x254bb212e0d498f5da2890ac99d7347f497c4141	1	0.00	0.00	2422.20	1	100.00	0	5	2.2434707425134093e-7	0	0	0	0	0
0x888fe9dd46522ef4c9cc7fba000d688cf31505b8	3	0.00	0.00	306.28	1	14.00	0	916	1.3568483003822962e-7	0	0	0	0	0
0x13e86c4a4bf6af09b2f1a50d012594780b001985	1	0.00	0.00	594.49	1	100.00	0	0	6.035616451072201e-10	0	0	0	0	0
0xfa5f3eb3c4388d8793fc6cffaf016b3eee10b17a	8	0.00	0.00	859.37	1	100.00	0	17	0	0	0	0	0	0
0xfb91acc79fd1d9632a9d1f07e081311d3d216d7b	8	0.00	0.00	138.72	2	100.00	0	70	0	0	0	0	0	0
0x729aab0dcf1f346e6bbaaaac9c6d3a1f07997165	5	0.00	0.00	1485.13	2	90.00	0	48	0	0	0	0	0	0
0xa95695c71256e41c5d128ed8bcca88a01dace919	7	0.00	0.00	2061.48	1	99.00	0	173	0	0	0	0	0	0
0xaf02f27abf8337fe8c78e9dd22ab85b4661ff50d	1	0.00	0.00	93166.55	8	76.50	0	11	0	0	0	0	0	0
0x81077dea57decabfbbeb8648adca22d42d106c8c	8	0.00	0.00	100.07	1	24.00	0	910	0	0	0	0	0	0
0x04c17d923fd9f18f2399e9589ab80ab62f85b407	5	0.00	0.00	101.03	1	11.00	0	910	0	0	0	0	0	0
0xdc35abd800077d1dba57f29a596b671009765209	5	0.00	0.00	100.51	1	11.00	0	910	0	0	0	0	0	0
0xa100fa6fada1be2041a20ba80c11e8f370c9306b	5	0.00	0.00	683.67	1	100.00	0	10	1.8273847990357694e-7	0	0	0	0	0
0x36000a35d79b58a24b726104ed8c69ec8ee29ae4	10	0.00	0.00	1680.66	1	76.00	0	288	0	0	0	0	0	0
0xab21381883a993c9d7d021249c77034f494523e6	8	0.00	0.00	1641.45	1	100.00	0	44	0	0	0	0	0	0
0x249a947f9bf78f0e1e3f4304d744c5ad7abcab12	5	0.00	0.00	39.20	1	100.00	0	1	0	0	0	0	0	0
0x2d23feffed69eba4cd6ed47f7006bbd6284dfbea	5	0.00	0.00	3297.26	1	31.00	0	903	3.682454341458197e-8	0	0	0	0	0
0xd33a97de61e09d26937dd8cf5f7fb511b82ddcc6	10	0.00	0.00	73199.15	2	100.00	0	14	4.507502149309062e-8	0	0	0	0	0
0x94daf9dbf9b61fa8b45b0dd700d0c2e1c37a329d	1	0.00	0.00	847.46	1	72.00	0	24	1.334193977520215e-7	0	0	0	0	0
0x993ead125edc8ccb472a9ff6832ffedc75d34bdf	2	0.00	0.00	5100.49	1	19.00	0	152	7.105332988643909e-7	0	0	0	0	0
0xd76b025f9b36194be6b5b98326efbd6bfd1e1165	1	0.00	0.00	1431.63	1	100.00	0	0	0	0	0	0	0	0
0x762d3061c9f10c12ed4956a8ea64d0aff0051138	1	0.00	0.00	245.94	1	47.00	0	43	0	0	0	0	0	0
0xd9e705db75fd2d91e0328c8d986532ee0f7e9092	2	0.00	0.00	941.18	1	8.00	0	898	9.251068799898121e-8	0	0	0	0	0
0xfa5f3eb3c4388d8793fc6cffaf016b3eee10b17a	1	0.00	0.00	885.25	3	39.33	0	27	0	0	0	0	0	0
0x0ec22f5ee2d0aac55f79f2b36ea883c1b4a6b986	2	0.00	0.00	56780.89	1	70.00	0	72	0.0000018330725382043056	0	0	0	0	0
0x91156c2ef5abcc8012e63f31218b24f690d46334	2	0.00	0.00	50.07	1	22.00	0	91	0	0	0	0	0	0
0xd63cfb940f62ad17382c38cd1360db70145f2310	1	0.00	0.00	3272.56	1	39.00	0	36	0	0	0	0	0	0
0xaceadc7e39905fd1de9177304e5297a4dce1dbdb	1	0.00	0.00	874.83	1	100.00	0	1	1.1690481915849205e-8	0	0	0	0	0
0x672920490269ec48682d09ba379521f29d8e2a98	10	0.00	0.00	222.29	1	74.00	0	73	0	0	0	0	0	0
0x478089a5950e2ee5776f10d439fac0e43762fbbf	2	0.00	0.00	844.63	2	97.00	4	5	2.542911048397656e-7	0	0	0	0	0
0xab76949464b5484d693c286471184f808ac6a5fd	2	0.00	0.00	11933.32	1	32.00	0	19	0	0	0	0	0	0
0x7f812a524e72461b4aa20f3146a0b3c50271efbf	1	0.00	0.00	553.21	1	100.00	0	2	0	0	0	0	0	0
0x478089a5950e2ee5776f10d439fac0e43762fbbf	1	0.00	0.00	933.17	1	24.00	0	4	9.97110727318784e-8	0	0	0	0	0
0x63a0d9acbd352b7a2c40dd744fb4a5363102547e	4	0.00	0.00	614.40	1	100.00	0	11	0	0	0	0	0	0
0x881e625e5c30973b47cee3a0f3ef456012f13f7d	1	0.00	0.00	05.05	1	1.00	0	886	0	0	0	0	0	0
0xf1864546820aca5fe2838b93398d46573422159e	5	0.00	0.00	11.67	1	2.00	0	886	0	0	0	0	0	0
0xbf1b890f92b2f7deb2863ba79ec7420c04ae9571	10	0.00	0.00	10437.58	1	100.00	0	10	3.1552314094795975e-7	0	0	0	0	0
0x37b0dc9c9331584c2e76cd61b0b9a457152269b6	5	0.00	0.00	423.63	1	53.00	0	97	0.00000609514293481439	0	0	0	0	0
0x7f812a524e72461b4aa20f3146a0b3c50271efbf	2	0.00	0.00	552.75	1	54.00	0	22	0	0	0	0	0	0
0xc8b96b28c8fb5ebeba10d837067b34eac96aae0c	1	0.00	0.00	70954.46	2	99.00	0	2	0	0.5	-443636	443636	0	0
0x9bef6bf8e6b1ed4f8b6f2db3c1d86df19eebd454	2	0.00	0.00	481098.24	1	100.00	0	1	0	0	0	0	0	0
0x70af2e1240d4b465ba9eb7985c36a6dbefcae84c	1	0.00	0.00	1871.30	1	61.00	0	5	1.5647130258145125e-7	0	0	0	0	0
0x9bef6bf8e6b1ed4f8b6f2db3c1d86df19eebd454	1	0.00	0.00	493354.11	2	65.00	0	5	0	0	0	0	0	0
0xeb54dab31d8d6f56722d311c4acf96f163a2b0f2	2	0.00	0.00	338.58	1	26.00	0	12	5.128235169848949e-7	0	0	0	0	0
0xf1db5c88ac2b757e8b33f2e58e19cc55b3039898	2	0.00	0.00	3.58	1	0.00	0	0	0	0	0	0	0	0
0x525808d71e3558cab1bb8c90a9e6d35fdf23e131	1	0.00	0.00	6952.17	4	44.50	2	10	0	0	0	0	0	0
0xbf91dc943137315abac512022c4c889e2ae5aa94	1	0.00	0.00	1191.29	1	100.00	0	0	1.8880452756775412e-10	0	0	0	0	0
0xc8b96b28c8fb5ebeba10d837067b34eac96aae0c	2	0.00	0.00	70944.47	1	100.00	0	0	3.554934124849751e-11	1	-887272	887272	0	0
0x8e6371957aab7e89f974fb785e221f1b76a52aae	2	0.00	0.00	158.32	1	49.00	0	25	0	0	0	0	0	0
0x70af2e1240d4b465ba9eb7985c36a6dbefcae84c	2	0.00	0.00	1843.70	1	88.00	0	7	0	0	0	0	0	0
0xc6b738de9bc7405aac3e586f47b169e6ddf7a6d3	10	0.00	0.00	1205.12	1	66.00	0	193	0	0	0	0	0	0
0x786fc8ebfe88753cb6975e33e28dd156f84d9ae5	5	0.00	0.00	1998.03	1	49.00	0	83	0.0000025743285059220966	0	0	0	0	0
0xf45e62a383e8ad3c295e37a2742a401f1b44e12d	1	0.00	0.00	377.54	1	13.00	0	174	1.257061899018197e-7	0	0	0	0	0
0xe408d989f0655605193efbba3138cf85ab91ce9b	5	0.00	0.00	833.38	1	80.00	0	50	0	0	0	0	0	0
0xc69fd6d287bfe87956f5bd9cd62f51144a00b9f1	6	0.00	0.00	1966.54	1	76.00	0	53	0	0	0	0	0	0
0x9bef6bf8e6b1ed4f8b6f2db3c1d86df19eebd454	5	0.00	0.00	396053.60	2	100.00	0	0	9.919842725025774e-11	0	0	0	0	0
0x525808d71e3558cab1bb8c90a9e6d35fdf23e131	5	0.00	0.00	6962.76	1	100.00	0	0	0	0	0	0	0	0
0x64c2327400cbdd749bac5ae22dafddfc7884b8d7	199	0.00	0.00	552.66	1	31.00	0	873	0	0	0	0	0	0
0x70af2e1240d4b465ba9eb7985c36a6dbefcae84c	5	0.00	0.00	1827.29	1	100.00	0	12	0	0	0	0	0	0
0x3c173f1baf9f97bf244796c0179952a6a2e9c248	3	0.00	0.00	507.73	1	100.00	0	10	1.1144736244972364e-7	0	0	0	0	0
0x60d8255e091b14fe19d4c65c7f479bca2b7c4840	1	0.00	0.00	667.97	2	89.00	0	20	0	0	0	0	0	0
0xbabf6ef9deabea4080c59486a722deea3125cad7	10	0.00	0.00	322.74	1	31.00	0	872	2.3458479603277738e-8	0	0	0	0	0
0xbb7001a9a2a846d28926825f89508ca2930e3738	5	0.00	0.00	13.04	1	11.00	0	871	1.872072497022259e-8	0	0	0	0	0
0xb9eb10ba936f35d5bdcca9b1cf477d6b152abfed	1	0.00	0.00	86811.76	1	0.00	0	138	0	0	0	0	0	0
0x991ba6e57e67bbfe801744c51fd6dda38499514a	5	0.00	0.00	450.75	2	95.50	0	36	0	0	0	0	0	0
0xca11c106fc3911019edd2b509add0d8bd30af8f4	5	0.00	0.00	54581.72	1	58.00	0	58	0	0	0	0	0	0
0xc0f159a4a4f29a66c5cc29f9cbcb75de56557334	4	0.00	0.00	17.34	1	51.00	0	215	0	0	0	0	0	0
0x60d8255e091b14fe19d4c65c7f479bca2b7c4840	5	0.00	0.00	663.22	1	100.00	0	0	0	0	0	0	0	0
0xad14641448a909cc0dec88c0a0543e7e9fe3a581	7	0.00	0.00	116.22	1	27.00	0	867	0	1	-887272	887272	0	0
0xa3c9665ff219f401bfa5ee2e3707ab3ab576db73	2	0.00	0.00	684.29	1	78.00	0	41	0	0	0	0	0	0
0xd59d144d471e47f1f4b965298ff65140ddd91fbd	5	0.00	0.00	65295.61	1	70.00	0	44	2.6471064229482977e-7	0	0	0	0	0
0x7117068563f580f18220ea802534fe9203b9f81b	2	0.00	0.00	97.07	1	9.00	0	865	2.963261858113242e-8	0	0	0	0	0
0xd63cfb940f62ad17382c38cd1360db70145f2310	2	0.00	0.00	3272.37	1	100.00	0	3	1.9748596091773152e-7	0	0	0	0	0
0x5ea0acaaf9a1c5d9cf93ecdb733ef6c6d66663b0	7	0.00	0.00	75859.27	1	100.00	0	69	0	0	0	0	0	0
0x3f128d5f0ad67d595df7eec6b0ad27d11faba8b3	3	0.00	0.00	63264.56	1	100.00	0	17	0	0	0	0	0	0
0xf34b1bf36728dbee1ab4737134a6133680eaaa08	1	0.00	0.00	64629.89	2	0.00	0	24	0	0	0	0	0	0
0x9e88283468fd49519cd17c9a5ca3616bd086185b	1	0.00	0.00	478.92	1	93.00	0	17	0	0	0	0	0	0
0xe13a47718b9bfd9f74008068787827af3e5931b5	1	0.00	0.00	230.09	1	51.00	0	26	0	0	0	0	0	0
0x3fa042fbf6385e01ac21c6089895f477d091375f	1	0.00	0.00	10.96	1	4.00	0	846	0	0	0	0	0	0
0x90c5d4fb190df3432cde9c0a56121797c6b425cf	10	0.00	0.00	83.05	1	100.00	0	63	0	0	0	0	0	0
0xc0a518abcfc27219f5a8b429ca90d6b9220fc515	1	0.00	0.00	104.50	1	100.00	0	1	0	0	0	0	0	0
0x1249f6126192d448a38b5edd4c4b5bf5af43d0d8	10	0.00	0.00	1280.15	1	100.00	0	59	0	0	0	0	0	0
0x9e88283468fd49519cd17c9a5ca3616bd086185b	2	0.00	0.00	503.44	1	100.00	0	86	1.261700410815081e-7	0	0	0	0	0
0x1fe809df2a62fe97366593146abeabf837c066c3	1	0.00	0.00	1615.79	2	65.50	0	52	3.417419180973269e-7	0	0	0	0	0
0x3a4f69287f1d38f18c5ac4a3a8acb66a89be5051	5	0.00	0.00	363.99	1	95.00	0	112	0	0	0	0	0	0
0xf39f35f3ed43b2c2525c28ea17b7b6aacaf1272a	5	0.00	0.00	553.45	2	100.00	19	2	2.5002222514558525e-11	0	0	0	0	0
0x29217632b0d8582c2aa3e960a061c59b325cead5	5	0.00	0.00	05.08	1	26.00	0	830	0	0	0	0	0	0
0x3d79ca534e89d7a05158905d5411b54bf9b1e65b	3	0.00	0.00	1029.71	1	71.00	0	144	4.1372038017684076e-7	0	0	0	0	0
0x062b7d68d25b56726eb8ae4822ad96a2fdda76f1	4	0.00	0.00	1243.14	1	88.00	0	114	0	0	0	0	0	0
0x0b1a7e58b2099bdd45ede9020f5d7b55b83f6ce8	5	0.00	0.00	1807.31	1	100.00	0	1	0	0	0	0	0	0
0x8ea54a2670e9d464fcb8a87bf9c3ef71d181e312	3	0.00	0.00	1110.52	1	100.00	0	93	0	0	0	0	0	0
0x91173cb47afc3526054c31fe7e4dc25f0f26968b	2	0.00	0.00	432.20	1	17.00	0	24	0	0	0	0	0	0
0xa2c12dd46eb80ad3ebfb9f07b0293b2e076bfc5b	4	0.00	0.00	8464.43	1	100.00	0	51	0	0	0	0	0	0
0xc7cbf239b7a67189b994ad8f4ac45cc4dda499ff	6	0.00	0.00	1299.35	1	100.00	0	1	0	0	0	0	0	0
0x83ce0c26203e5f10ea0e140ef5af8a328f1766a7	1	0.00	0.00	996.92	2	66.00	0	31	0	0	0	0	0	0
0xc7cbf239b7a67189b994ad8f4ac45cc4dda499ff	4	0.00	0.00	1299.36	1	100.00	0	5	0	0	0	0	0	0
0xb6052765eadcd3438f66d588c06b2663bb6365b1	5	0.00	0.00	87.82	1	25.00	0	821	0	0	0	0	0	0
0xecc23ecc7364c3883f3d3539882031e281226685	1	0.00	0.00	232.99	1	9.00	0	821	0	0	0	0	0	0
0xad14641448a909cc0dec88c0a0543e7e9fe3a581	2	0.00	0.00	27719.68	1	20.00	0	820	0	0	0	0	0	0
0x41c3d494f6602ccbef9f841d0c87e85cb463c16d	6	0.00	0.00	754.50	1	100.00	0	88	0	0	0	0	0	0
0xee3199db522fc97d1c2b9990584b968c012da2ca	1	0.00	0.00	280830.62	1	100.00	0	26	2.3376833802046804e-7	0	0	0	0	0
0x6916542d3e65a3417556f254ef09dbc7bcf58bc1	1	0.00	0.00	1539.11	1	13.00	0	817	9.37506983156311e-7	0	0	0	0	0
0x21adf759d5ad63a3b833eb3945eb4bfd1cb329af	1	0.00	0.00	4850.02	1	84.00	0	76	0	0	0	0	0	0
0xfa5f3eb3c4388d8793fc6cffaf016b3eee10b17a	3	0.00	0.00	897.26	1	19.00	0	815	9.47385314642446e-7	0	0	0	0	0
0x709c44d947c9e762dc35187ecd2624b7df5c2e68	5	0.00	0.00	7019.81	1	84.00	0	105	0	0	0	0	0	0
0x11c48a7e735f71a16a52eb8a8caa48bbec281216	2	0.00	0.00	2191.62	1	19.00	0	813	9.66289281922883e-7	0	0	0	0	0
0x602ab32b4787f196caa139b2a5a56eb66ff54bfe	5	0.00	0.00	2325.85	1	100.00	0	46	0	0	0	0	0	0
0xb827278c482344e5f2000296c5a849d4096ae07f	2	0.00	0.00	8452.64	1	100.00	0	23	0	0	0	0	0	0
0xb827278c482344e5f2000296c5a849d4096ae07f	1	0.00	0.00	22097.38	1	93.00	0	60	0	0	0	0	0	0
0xf615e09c562527fac928f21007cf7b38c3f32a97	1	0.00	0.00	3060.85	1	93.00	0	56	0	0	0	0	0	0
0x381dbcc8888642ef87da499aeee039b074768c1e	3	0.00	0.00	884.41	1	91.00	0	84	0	0	0	0	0	0
0x9a7709771eac603db75ab7f6af372c4b253bd6b1	1	0.00	0.00	4997.45	1	81.00	0	62	0	0	0	0	0	0
0x4bf42e6439cc50a5bdcc7e3479f7fdc7afcd9b96	1	0.00	0.00	2617.94	1	100.00	0	21	0	0	0	0	0	0
0xd22234192cf66368d36155327cc3b33b5ad09425	4	0.00	0.00	3748.27	1	74.00	0	101	0	0	0	0	0	0
0x91156c2ef5abcc8012e63f31218b24f690d46334	5	0.00	0.00	50.15	1	95.00	0	81	0	0	0	0	0	0
0xf614ddc260c8e72efd5aec92e3a4e3ecc4c2a116	10	0.00	0.00	200.32	1	24.00	0	799	0	0	0	0	0	0
0x3656ff4c11c4c8b4b77402faab8b3387e36f2e77	1	0.00	0.00	41.94	1	53.00	0	83	0	0	0	0	0	0
0xe09e0485e0a716ed52621785505949bac4946eb9	5	0.00	0.00	99.87	1	20.00	0	796	0	0	0	0	0	0
0x058a5d5397aeb933d1d97bfba9c6bbcffcf4290a	5	0.00	0.00	388.02	1	100.00	0	0	0	0	0	0	0	0
0xaf92bd13e0ff605cef65dba5abcf6453cbb59b37	1	0.00	0.00	99968.93	1	100.00	0	27	0	0	0	0	0	0
0x786fc8ebfe88753cb6975e33e28dd156f84d9ae5	4	0.00	0.00	1996.34	1	92.00	0	71	0.00000688962698003337	0	0	0	0	0
0x1c705f51ebb840ad724f495f1f1b7b605c4c2504	1	0.00	0.00	1539.82	1	33.00	0	138	6.102675031982585e-8	0	0	0	0	0
0x11c48a7e735f71a16a52eb8a8caa48bbec281216	1	0.00	0.00	721.47	1	10.00	0	789	0	0	0	0	0	0
0x983786d0a72f4f810544e30174e42acba6a751bd	4	0.00	0.00	2185.36	1	100.00	0	40	0	0	0	0	0	0
0xc7cbf239b7a67189b994ad8f4ac45cc4dda499ff	5	0.00	0.00	1319.04	1	100.00	0	4	0	0	0	0	0	0
0xab7c096eaa2190c8c95aa225593823aca03c6784	9	0.00	0.00	1998.08	1	22.00	0	780	0	0	0	0	0	0
0x0496ba4d508f84953bad4c2bfc616daf7d14c16e	5	0.00	0.00	27.04	1	100.00	0	10	0	0	0	0	0	0
0x3b0718a2ae5c96c5e8bfaa5c977d618420e944de	2	0.00	0.00	8127.17	1	100.00	0	24	0	0	0	0	0	0
0x1aad191290b7a991dc2d9d0b9fa63a2cd55853ae	5	0.00	0.00	1295.76	1	18.00	0	776	0	0	0	0	0	0
0xad14641448a909cc0dec88c0a0543e7e9fe3a581	1	0.00	0.00	8991.80	1	96.00	0	20	0	1	-887272	887272	0	0
0xf344d33fbafb4d78d793ca6a47fc3f2d5148c2d7	5	0.00	0.00	202.90	1	100.00	0	40	0	0	0	0	0	0
0xd83ece87502097df0c61b37322bbe71a2ae41a07	2	0.00	0.00	327.85	1	7.00	0	766	0	0	0	0	0	0
0xb40504b2fc862a384339ba4645f99a0a232044f5	1	0.00	0.00	700.34	1	6.00	0	758	0.0000011914650821509554	0	0	0	0	0
0x4e430992db6f3bddbc6a50d1513845f087e9af4a	5	0.00	0.00	28.15	1	64.00	0	43	0.000002535110787960093	0	0	0	0	0
0x0ec22f5ee2d0aac55f79f2b36ea883c1b4a6b986	4	0.00	0.00	104552.22	1	62.00	0	42	5.566201499718204e-7	0	0	0	0	0
0xf80b47eaf2c457e857e9415f666ae493e803e063	5	0.00	0.00	2662.07	1	16.00	0	751	5.876695796658282e-8	0	0	0	0	0
0x39c81b01650323e6d1006ad4526389d778f52256	1	0.00	0.00	2119.09	1	97.00	0	24	3.545094107160196e-7	0	0	0	0	0
0xc15b77a014cd8da0578db9eec02c8935719e0723	1	0.00	0.00	16.47	1	7.00	0	749	0	0	0	0	0	0