id,tick_lower,tick_upper,ticks,deposited_token0,deposited_token1,collected_token0,collected_token1,total_deposited_usd,total_profit_usd,apr_30d,apr,in_range,in_range_swaps,impermanent_loss,price_lower,price_upper,price_range,price_mid,wallet,auto_rebalance,cutoff_tick_low,cutoff_tick_high,buffer_ticks_below,buffer_ticks_above,tick_spaces_below,tick_spaces_above,dust_bp
"110159","-276357","-276356","1","92.985799279411199024","144.714969","0","237.402139","237.7007682794112","0.8495841899946271","10.72","130.46","76","0","NaN","0.0000","0.0000","0.0000","0.0000","0x664d8f8f2417f52cbbf5bd82ba82eefc58a87f07","0","0","0","0","0","0","0","0"
"172140","-276341","-276340","1","481.93888902367364841","2313.811823","2799.767724782152529355","0","2795.7507120236737","9.30988867232484","9.99","121.55","64","0","9.752987861766371e-7","0.0000","0.0000","0.0000","0.0000","0xf47856c417b9cb17ac257de2ae86d39018022f9d","true","-887272","887272","0","0","0","0","100"
"137410","-276229","-276228","1","28.210422651889399527","59.284969","86.932740624991192574","0","87.49539165188939","0.28586156144746305","9.80","119.25","69","0","NaN","0.0000","0.0000","0.0000","0.0000","0x97b73b8eaa8662381383a67e0dbcab67f78337dd","0","0","0","0","0","0","0","0"
"146394","-276344","-276325","19","59.938579636988092758","200.363727","205.529038218308367975","54.928292","260.3023066369881","0.7011291535312452","8.08","98.31","92","0","NaN","0.0000","0.0000","0.0000","0.0000","0xdb09194d9ca57ae286ecdb0b423e832306b8fbe4","0","0","0","0","0","0","0","0"
"206987","-276354","-276353","1","15.681217676051821592","38.780377","32.582289391868123761","21.928945","54.461594676051824","0.12767748873191453","7.03","85.57","100","0","1.8013757152601784e-8","0.0000","0.0000","0.0000","0.0000","0x5b68b0e0d01b47e66a5ee927a0c556f53d13225b","0","0","0","0","0","0","0","0"
"80320","-276361","-276348","13","14.838026665891007417","14.614664","0","29.412324","29.452690665891005","0.48509414538740586","6.18","75.15","67","0","0.00002615544830719685","0.0000","0.0000","0.0000","0.0000","0xc6685b08b58f23d3c8baff233dfaf264491f5846","0","0","0","0","0","0","0","0"
"80872","-276362","-276347","15","10.667973974096381599","10.498542","0","21.13802","21.166515974096384","0.3322719951487263","5.89","71.62","67","0","NaN","0.0000","0.0000","0.0000","0.0000","0xc6685b08b58f23d3c8baff233dfaf264491f5846","0","0","0","0","0","0","0","0"
"109924","-276366","-276349","17","1.858894611845796981","2.409134","1.055651165237736709","3.209909","4.268028611845796","0.008358865494592754","5.88","71.48","100","0","NaN","0.0000","0.0000","0.0000","0.0000","0x1dcb7879c4d213cb57042c9ee20e6d27ed098ba0","0","0","0","0","0","0","0","0"
"171943","-276341","-276340","1","1473.15581518213830982","15181.689742","16681.026919650914429497","0","16654.84555718214","64.54730683256696","5.81","70.73","61","0","0.00000167314663235274","0.0000","0.0000","0.0000","0.0000","0xf1bc5de15f4b56d9db4b3e6682832547d72844de","0","0","0","0","0","0","0","0"
"164722","-276352","-276327","25","251.444105705821987845","168.870796","252.335467042005203238","167.981032","420.31490170582197","0.7953465868770562","5.68","69.07","100","0","NaN","0.0000","0.0000","0.0000","0.0000","0x28165971e4d592ca6c45a3786786ec2f6b4b8d23","0","0","0","0","0","0","0","0"
"167120","-276342","-276341","1","8358.742149339992910385","8167.690793","0","16512.047092","16526.43294233999","31.243476523833664","5.67","69.00","68","0","1.1059869686746993e-7","0.0000","0.0000","0.0000","0.0000","0xf1bc5de15f4b56d9db4b3e6682832547d72844de","0","0","0","0","0","0","0","0"
"204428","-276354","-276352","2","510.361412585652646135","294.157656","780.206614198834442041","25.109308","804.5190685856526","1.435865218263778","5.35","65.14","100","0","8.941855478283856e-7","0.0000","0.0000","0.0000","0.0000","0xd050e74eab1acbe57b48e762e3506b5c51cd314d","true","-887272","887272","0","0","0","1","100"
"642589","-276316","-276315","1","0","498.616948","498.192007704902853026","0","498.616948","0.765170925980793","4.60","56.01","78","0","NaN","0.0000","0.0000","0.0000","0.0000","0xfa1457caf448c66ce3c2e619ccd4fcfd317b61f6","0","0","0","0","0","0","0","0"
"155303","-276404","-276294","110","15279.204354468891970928","25000","17122.878549948503151052","23158.959159","40279.20435446889","173.67458596097666","4.31","52.46","73","0","NaN","0.0000","0.0000","0.0000","0.0000","0xd59d144d471e47f1f4b965298ff65140ddd91fbd","0","0","0","0","0","0","0","0"
"99532","-276361","-276348","13","99.999999818026021497","124.971048","0","224.702841","224.97104781802602","1.8215751564968137","4.05","49.26","64","0","NaN","0.0000","0.0000","0.0000","0.0000","0xc6685b08b58f23d3c8baff233dfaf264491f5846","0","0","0","0","0","0","0","0"
"99593","-276361","-276348","13","48.011120056235434863","60","0","107.882351","108.01112005623543","0.8562067313771187","3.96","48.22","64","0","NaN","0.0000","0.0000","0.0000","0.0000","0xc6685b08b58f23d3c8baff233dfaf264491f5846","0","0","0","0","0","0","0","0"
"174647","-276341","-276340","1","6449.993385618776894098","3580.6602","8112.958457364480809268","1920.488017","10030.653585618777","12.500341080502812","3.74","45.49","63","0","0.0000011408449740457627","0.0000","0.0000","0.0000","0.0000","0x97b73b8eaa8662381383a67e0dbcab67f78337dd","0","0","0","0","0","0","0","0"
"130529","-276354","-276353","1","258.215493815245247005","1805.646278","0","2063.113143","2063.861771815245","2.476992159978079","3.60","43.81","83","0","NaN","0.0000","0.0000","0.0000","0.0000","0x664d8f8f2417f52cbbf5bd82ba82eefc58a87f07","0","0","0","0","0","0","0","0"
"197308","-276349","-276348","1","98.073980077933189408","2687.658115","2792.322208578193903654","0","2785.7320950779335","3.2732293593657875","3.52","42.89","57","0","NaN","0.0000","0.0000","0.0000","0.0000","0xb0bada5d45d939a03c6d211d24a61a4418d7cd13","true","-887272","887272","0","0","0","0","100"
"111242","-276354","-276352","2","270.598541078247904396","1153.49","854.524918082872133017","571.240602","1424.088541078248","1.4834364216961948","3.13","38.02","100","0","NaN","0.0000","0.0000","0.0000","0.0000","0xb4427e29283f9dd0430c4fdf094795768f5158ca","0","0","0","0","0","0","0","0"
"184956","-276342","-276341","1","33.403609396759485511","38.129945","71.60112566638370192","0","71.53355439675948","0.07203359789430397","3.02","36.76","54","0","NaN","0.0000","0.0000","0.0000","0.0000","0xa7bf8f67045ef716ee87ded1faadff10f226c02d","true","-887272","887272","0","0","0","0","100"
"110335","-276357","-276356","1","246.863474563595104664","249.775124","0","495.844305","496.6385985635951","0.4882543579965328","2.95","35.88","66","0","4.4862352721608545e-7","0.0000","0.0000","0.0000","0.0000","0x154b4661a08eaffc746bdf7451a17ee50ee904cf","0","0","0","0","0","0","0","0"
"177788","-276341","-276340","1","43.499562358712320102","27.982495","71.529041472426946749","0","71.48205735871232","0.06998961530218849","2.94","35.74","31","0","7.73775488127626e-8","0.0000","0.0000","0.0000","0.0000","0xa7bf8f67045ef716ee87ded1faadff10f226c02d","true","-887272","887272","0","0","0","0","100"
"359422","-276328","-276327","1","5279.273478371950130943","4487.934356","0","9765.49572","9767.20783437195","9.534992031290333","2.93","35.63","100","0","NaN","0.0000","0.0000","0.0000","0.0000","0xb0bada5d45d939a03c6d211d24a61a4418d7cd13","true","-887272","887272","0","0","0","0","100"
"359425","-276328","-276327","1","2137.419259242700295335","1817.029818","0","3953.755893","3954.4490772427002","3.8586879342617593","2.93","35.62","100","0","NaN","0.0000","0.0000","0.0000","0.0000","0xb0bada5d45d939a03c6d211d24a61a4418d7cd13","true","-887272","887272","0","0","0","0","50"
"359429","-276328","-276327","1","1510.833788297554262247","1306.882935","0","2817.226846","2817.7167232975544","2.7256220497377446","2.90","35.31","100","0","NaN","0.0000","0.0000","0.0000","0.0000","0xb0bada5d45d939a03c6d211d24a61a4418d7cd13","true","-887272","887272","0","0","0","0","100"
"539205","-276320","-276317","3","24.999999347026510727","30.519262","0","55.535142","55.519261347026514","0.0501901860322431","2.71","33.00","100","0","0","0.0000","0.0000","0.0000","0.0000","0xfe6a62402ef058d33795e1f6f41fe2637e65fa77","0","0","0","0","0","0","0","0"
"180800","-276342","-276341","1","1844.164175596122349034","951.945872","2797.806234438649794737","0","2796.110047596122","4.748766558856066","2.55","30.99","66","0","NaN","0.0000","0.0000","0.0000","0.0000","0xb0bada5d45d939a03c6d211d24a61a4418d7cd13","true","-887272","887272","0","0","0","0","100"
"197472","-276349","-276348","1","60.229297803530612785","11.239755","71.497067129781834075","0","71.46905280353062","0.06024815455896516","2.53","30.77","38","0","NaN","0.0000","0.0000","0.0000","0.0000","0xa7bf8f67045ef716ee87ded1faadff10f226c02d","true","-887272","887272","0","0","0","0","100"
"169215","-276342","-276341","1","22.356805539075712267","1354.08203","0","1376.400904","1376.4388355390759","1.1415607763027902","2.49","30.27","73","0","8.62341642537956e-8","0.0000","0.0000","0.0000","0.0000","0xf47856c417b9cb17ac257de2ae86d39018022f9d","true","-887272","887272","0","0","0","0","100"
"181029","-276342","-276341","1","12152.56606402017833224","4631.901726","16792.735930844603444931","0","16784.46779002018","27.02476179740437","2.42","29.38","48","0","0.000010404742567526881","0.0000","0.0000","0.0000","0.0000","0xf1bc5de15f4b56d9db4b3e6682832547d72844de","0","0","0","0","0","0","0","0"
"202578","-276355","-276352","3","34.139124535266446825","37.455157","0","71.496488","71.59428153526645","0.11163189516273243","2.34","28.46","90","0","4.4436874180320274e-7","0.0000","0.0000","0.0000","0.0000","0xa7bf8f67045ef716ee87ded1faadff10f226c02d","true","-887272","887272","0","0","1","1","100"
"181625","-276342","-276341","1","48984.714589843645501265","19385.042521","68404.352879420307788494","0","68369.75711084364","98.45302306855973","2.16","26.28","58","0","0.0000015867877234398975","0.0000","0.0000","0.0000","0.0000","0x664d8f8f2417f52cbbf5bd82ba82eefc58a87f07","0","0","0","0","0","0","0","0"
"207507","-276354","-276353","1","0.288185983164916441","0.712728","0.893760544847287965","0.108939","1.0009139831649165","0.000721952328621236","2.16","26.33","100","0","4.615021698128885e-8","0.0000","0.0000","0.0000","0.0000","0xcb8db65e9aefbb6386cc5b757516412b79067004","0","0","0","0","0","0","0","0"
"199803","-276350","-276349","1","1635.87598531349216558","1152.756408","2791.606331383184107856","0","2788.6323933134922","1.889062337120775","2.03","24.73","94","0","NaN","0.0000","0.0000","0.0000","0.0000","0xb0bada5d45d939a03c6d211d24a61a4418d7cd13","true","-887272","887272","0","0","0","0","100"
"196431","-276347","-276343","4","299.999997205875150016","101.499327","395.456642456875644181","6.256596","401.49932420587515","0.2628463747236813","1.96","23.90","100","0","9.97310223294079e-7","0.0000","0.0000","0.0000","0.0000","0x28165971e4d592ca6c45a3786786ec2f6b4b8d23","0","0","0","0","0","0","0","0"
"197280","-276349","-276347","2","3687.063323945871549501","3783.99449","7480.326785136489504094","0","7471.057813945872","4.7671773359909935","1.91","23.29","56","0","NaN","0.0000","0.0000","0.0000","0.0000","0xb0bada5d45d939a03c6d211d24a61a4418d7cd13","true","-887272","887272","0","0","1","0","100"
"199827","-276350","-276349","1","13723.711643818072424933","3050.795856","16782.412986018378506668","0","16774.50749981807","10.566212100050508","1.89","22.99","94","0","NaN","0.0000","0.0000","0.0000","0.0000","0xf1bc5de15f4b56d9db4b3e6682832547d72844de","0","0","0","0","0","0","0","0"
"165653","-276343","-276339","4","43929.115557337400237927","16768.245773","60729.226800647017273258","0","60697.3613303374","150.19322663744","1.86","22.58","58","0","0.000009727429550743238","0.0000","0.0000","0.0000","0.0000","0x4334703b0b74e2045926f82f4158a103fce1df4f","0","0","0","0","0","0","0","0"
"225613","-276350","-276349","1","917.584806452065499767","9034.27092","9974.939071838427558762","0","9951.855726452066","6.177792001991757","1.86","22.66","100","0","8.941754447988615e-7","0.0000","0.0000","0.0000","0.0000","0xb0bada5d45d939a03c6d211d24a61a4418d7cd13","true","-887272","887272","0","0","0","0","100"
"225614","-276350","-276349","1","261.805079735576227984","2577.65604","2846.047254376152436723","0","2839.461119735576","1.7617436974823932","1.86","22.65","100","0","8.941754447988615e-7","0.0000","0.0000","0.0000","0.0000","0xb0bada5d45d939a03c6d211d24a61a4418d7cd13","true","-887272","887272","0","0","0","0","100"
"723201","-276317","-276316","1","3956.904853728624146349","5226.661633","0","9186.658242","9183.566486728623","5.535942756707149","1.81","22.00","100","0","1.1008405298440493e-8","0.0000","0.0000","0.0000","0.0000","0xb0bada5d45d939a03c6d211d24a61a4418d7cd13","0","0","0","0","0","0","0","0"
"183839","-276342","-276341","1","3949.907108243304992966","2585.099462","3796.826507397795591718","2737.927131","6535.006570243306","3.897723373708876","1.79","21.77","59","0","0.000002218816763654985","0.0000","0.0000","0.0000","0.0000","0x58c4f03a954e4cbb1b8e204a881a8e9a99d015dd","0","0","0","0","0","0","0","0"
"241247","-276343","-276342","1","7899.181017020168832546","2045.371342","0","9930.055158","9944.552359020168","5.908268513380539","1.78","21.69","100","0","1.2236165414236666e-7","0.0000","0.0000","0.0000","0.0000","0xb0bada5d45d939a03c6d211d24a61a4418d7cd13","true","-887272","887272","0","0","0","0","100"
"241248","-276343","-276342","1","2253.664426876967462089","583.551716","0","2833.080039","2837.2161428769673","1.6842187375387683","1.78","21.67","100","0","1.2236165414236666e-7","0.0000","0.0000","0.0000","0.0000","0xb0bada5d45d939a03c6d211d24a61a4418d7cd13","true","-887272","887272","0","0","0","0","100"
"194385","-276346","-276340","6","199.999999919190815025","179.570247","379.127386833097846102","0.810507","379.5702469191908","0.2226141713099779","1.76","21.41","100","0","NaN","0.0000","0.0000","0.0000","0.0000","0x28165971e4d592ca6c45a3786786ec2f6b4b8d23","0","0","0","0","0","0","0","0"
"202489","-276354","-276353","1","5707.755750282299145245","11041.328548","0","16732.467773","16749.084298282298","19.322387396766437","1.73","21.05","97","0","NaN","0.0000","0.0000","0.0000","0.0000","0xf1bc5de15f4b56d9db4b3e6682832547d72844de","0","0","0","0","0","0","0","0"
"399111","-276329","-276328","1","1820.408526003742959819","7916.891378","9740.916196086733989075","0","9737.299904003743","5.607936985377705","1.73","21.02","100","0","NaN","0.0000","0.0000","0.0000","0.0000","0xb0bada5d45d939a03c6d211d24a61a4418d7cd13","true","-887272","887272","0","0","0","0","100"
"399112","-276329","-276328","1","528.696046298979517606","2299.28014","2829.026455674907351027","0","2827.9761862989794","1.6274731973129564","1.73","21.01","100","0","NaN","0.0000","0.0000","0.0000","0.0000","0xb0bada5d45d939a03c6d211d24a61a4418d7cd13","true","-887272","887272","0","0","0","0","100"
"205727","-276356","-276352","4","1966.073234837734590744","4325.975044","0","6286.434059","6292.048278837734","7.073363437854839","1.69","20.52","78","0","NaN","0.0000","0.0000","0.0000","0.0000","0xb30b74b2441f519d28cc78a16eae3603cd7822f0","0","0","0","0","0","0","0","0"
"235213","-276345","-276344","1","9787.833674229577869446","163.678751","0","9931.502792","9951.512425229577","5.565645327359878","1.68","20.41","66","0","1.2805038140939473e-7","0.0000","0.0000","0.0000","0.0000","0xb0bada5d45d939a03c6d211d24a61a4418d7cd13","true","-887272","887272","0","0","0","0","100"
"235216","-276345","-276344","1","2792.596137559732165989","46.699675","0","2833.586803","2839.295812559732","1.5872155530868184","1.68","20.40","66","0","1.2805038140939473e-7","0.0000","0.0000","0.0000","0.0000","0xb0bada5d45d939a03c6d211d24a61a4418d7cd13","true","-887272","887272","0","0","0","0","100"
"232681","-276346","-276345","1","7117.830512201193680231","2831.317991","0","9933.982361","9949.148503201193","5.411258331168752","1.63","19.85","91","0","6.392478768546539e-8","0.0000","0.0000","0.0000","0.0000","0xb0bada5d45d939a03c6d211d24a61a4418d7cd13","true","-887272","887272","0","0","0","0","100"
"232683","-276346","-276345","1","2030.825296633013275466","807.818083","0","2834.316248","2838.6433796330134","1.543012337499888","1.63","19.84","91","0","6.392478768546539e-8","0.0000","0.0000","0.0000","0.0000","0xb0bada5d45d939a03c6d211d24a61a4418d7cd13","true","-887272","887272","0","0","0","0","100"
"628177","-276322","-276321","1","498.50595530473539445","0","0","498.631909","498.5059553047354","0.2713079702155444","1.63","19.86","58","0","1.2633385448879153e-7","0.0000","0.0000","0.0000","0.0000","0xfa1457caf448c66ce3c2e619ccd4fcfd317b61f6","0","0","0","0","0","0","0","0"
"195017","-276345","-276344","1","2780.564408343977621434","13123.273624","0","15898.265858","15903.838032343978","8.529629228152999","1.61","19.58","100","0","NaN","0.0000","0.0000","0.0000","0.0000","0xb0bada5d45d939a03c6d211d24a61a4418d7cd13","true","-887272","887272","0","0","0","0","100"
"195020","-276345","-276344","1","488.075137064632046459","2303.540804","0","2790.637852","2791.6159410646324","1.492031472168031","1.60","19.51","100","0","NaN","0.0000","0.0000","0.0000","0.0000","0xb0bada5d45d939a03c6d211d24a61a4418d7cd13","true","-887272","887272","0","0","0","0","100"
"130794","-276359","-276351","8","145.394355295028811795","376.360079","0","521.346675","521.7544342950288","0.27302965383579425","1.57","19.10","42","0","NaN","0.0000","0.0000","0.0000","0.0000","0x4e151f37cc3355df367031d7c667d168555901d6","0","0","0","0","0","0","0","0"
"399301","-276329","-276328","1","32015.680761319413822661","919.024142","32935.160791511758893996","0","32934.70490331941","16.994469943544306","1.55","18.83","100","0","NaN","0.0000","0.0000","0.0000","0.0000","0x97b73b8eaa8662381383a67e0dbcab67f78337dd","0","0","0","0","0","0","0","0"
"145364","-276365","-276315","50","253.078160255421017571","252.95901","256.174433568793607407","249.86772","506.037170255421","0.26110367762236336","1.55","18.83","100","0","NaN","0.0000","0.0000","0.0000","0.0000","0x27467efdeca3af0c193dff4669cc4c10f5b981f0","0","0","0","0","0","25","24","0"
"451924","-276326","-276325","1","8172.088004428394901826","1542.103071","9714.483189542684162366","0","9714.191075428394","4.97156154087523","1.54","18.68","98","0","NaN","0.0000","0.0000","0.0000","0.0000","0xb0bada5d45d939a03c6d211d24a61a4418d7cd13","true","-887272","887272","0","0","0","0","100"
"717124","-276317","-276316","1","1097.09859191968964752","7162.951135","0","8260.923319","8260.04972691969","4.242791982693141","1.54","18.75","100","0","NaN","0.0000","0.0000","0.0000","0.0000","0xb0bada5d45d939a03c6d211d24a61a4418d7cd13","0","0","0","0","0","0","0","0"
"145677","-276342","-276338","4","494.474666524340612232","497.983419","819.360744336947610055","173.636794","992.4580855243406","0.509415721099417","1.54","18.73","100","0","NaN","0.0000","0.0000","0.0000","0.0000","0x2294373be13bf67ab063010c29b3901677b7b067","true","-887272","887272","0","0","2","1","100"
"717135","-276317","-276316","1","1223.720751642985197795","7989.666573","0","9214.361743","9213.387324642987","4.703635921906159","1.53","18.63","100","0","NaN","0.0000","0.0000","0.0000","0.0000","0xb0bada5d45d939a03c6d211d24a61a4418d7cd13","0","0","0","0","0","0","0","0"
"451925","-276326","-276325","1","7320.03827506488421238","1381.318153","8701.618084801906592392","0","8701.356428064884","4.451597108973769","1.53","18.67","98","0","NaN","0.0000","0.0000","0.0000","0.0000","0xb0bada5d45d939a03c6d211d24a61a4418d7cd13","true","-887272","887272","0","0","0","0","100"
"230954","-276347","-276346","1","7404.725718384255609394","2548.238073","0","9936.436984","9952.963791384256","5.056284247484533","1.52","18.54","100","0","7.082355812926266e-8","0.0000","0.0000","0.0000","0.0000","0xb0bada5d45d939a03c6d211d24a61a4418d7cd13","true","-887272","887272","0","0","0","0","100"
"230957","-276347","-276346","1","2112.692698338807023399","727.055151","0","2835.032472","2839.747849338807","1.4417408296246028","1.52","18.53","100","0","7.082355812926266e-8","0.0000","0.0000","0.0000","0.0000","0xb0bada5d45d939a03c6d211d24a61a4418d7cd13","true","-887272","887272","0","0","0","0","100"
"685668","-276316","-276315","1","4207.074042649134000491","5200.548011","9403.306183641195587591","0","9407.622053649135","9.028405782352099","1.44","17.51","100","0","NaN","0.0000","0.0000","0.0000","0.0000","0xb0bada5d45d939a03c6d211d24a61a4418d7cd13","0","0","0","0","0","0","0","0"
"685670","-276316","-276315","1","3767.948014124214548161","4657.725144","8421.807769882341391566","0","8425.673158124215","8.085031258797777","1.44","17.51","100","0","NaN","0.0000","0.0000","0.0000","0.0000","0xb0bada5d45d939a03c6d211d24a61a4418d7cd13","0","0","0","0","0","0","0","0"
"180851","-276342","-276341","1","3575.335981014421147029","1440.133314","3249.846769586760827993","1765.048439","5015.469295014421","2.406803278762604","1.44","17.52","88","0","NaN","0.0000","0.0000","0.0000","0.0000","0x97b73b8eaa8662381383a67e0dbcab67f78337dd","0","0","0","0","0","0","0","0"
"671962","-276314","-276313","1","0","498.382656","0","498.382655","498.382656","0.47740680397233937","1.44","17.48","100","0","6.113697104126459e-7","0.0000","0.0000","0.0000","0.0000","0xfa1457caf448c66ce3c2e619ccd4fcfd317b61f6","0","0","0","0","0","0","0","0"
"385996","-276328","-276327","1","1227.523357473247690547","8516.294004","0","9743.444695","9743.817361473248","4.596715421658253","1.42","17.22","100","0","2.6377344752859244e-9","0.0000","0.0000","0.0000","0.0000","0xb0bada5d45d939a03c6d211d24a61a4418d7cd13","true","-887272","887272","0","0","0","0","100"
"385999","-276328","-276327","1","354.123279659892023071","2456.831428","0","2810.847198","2810.954707659892","1.3248198791646317","1.41","17.20","100","0","2.6377344752859244e-9","0.0000","0.0000","0.0000","0.0000","0xb0bada5d45d939a03c6d211d24a61a4418d7cd13","true","-887272","887272","0","0","0","0","100"
"446059","-276327","-276326","1","9688.34302447743400185","28.757574","0","9714.705977","9717.100598477433","4.5156056360607755","1.39","16.96","100","0","7.213603048228379e-8","0.0000","0.0000","0.0000","0.0000","0xb0bada5d45d939a03c6d211d24a61a4418d7cd13","true","-887272","887272","0","0","0","0","100"
"446061","-276327","-276326","1","8678.296654604376920855","25.759488","0","8701.91117","8704.056142604377","4.043210968710552","1.39","16.95","100","0","7.213603048228379e-8","0.0000","0.0000","0.0000","0.0000","0xb0bada5d45d939a03c6d211d24a61a4418d7cd13","true","-887272","887272","0","0","0","0","100"
"657935","-276315","-276314","1","497.91310562869745407","0","0","498.387641","497.91310562869745","0.45216654128332884","1.36","16.57","80","0","0.0000011302868863083404","0.0000","0.0000","0.0000","0.0000","0xfa1457caf448c66ce3c2e619ccd4fcfd317b61f6","0","0","0","0","0","0","0","0"
"247794","-276340","-276339","1","1312.838774290664276531","8613.546408","9939.780025228976605952","0","9926.385182290665","4.4183774452429","1.34","16.25","97","0","NaN","0.0000","0.0000","0.0000","0.0000","0xb0bada5d45d939a03c6d211d24a61a4418d7cd13","true","-887272","887272","0","0","0","0","100"
"247796","-276340","-276339","1","374.551776075468918311","2457.437401","2835.810714274892045141","0","2831.989177075469","1.2595490569346874","1.33","16.23","97","0","NaN","0.0000","0.0000","0.0000","0.0000","0xb0bada5d45d939a03c6d211d24a61a4418d7cd13","true","-887272","887272","0","0","0","0","100"
"179262","-276341","-276340","1","2650.006492866540307465","147.863587","2798.120864964816878889","0","2797.87007986654","1.243109641700313","1.33","16.22","59","0","9.327594585606391e-7","0.0000","0.0000","0.0000","0.0000","0xb0bada5d45d939a03c6d211d24a61a4418d7cd13","true","-887272","887272","0","0","0","0","100"
"680920","-276314","-276313","1","9270.112989751943070369","148.554828","0","9428.437905","9418.667817751942","8.296958237065933","1.32","16.08","90","0","8.728110456601712e-8","0.0000","0.0000","0.0000","0.0000","0xb0bada5d45d939a03c6d211d24a61a4418d7cd13","true","-887272","887272","0","0","0","0","100"
"680921","-276314","-276313","1","6961.171374438270560693","1476.034174","0","8444.597573","8437.20554843827","7.430124979183556","1.32","16.07","90","0","7.023438497455459e-8","0.0000","0.0000","0.0000","0.0000","0xb0bada5d45d939a03c6d211d24a61a4418d7cd13","true","-887272","887272","0","0","0","0","100"
"179257","-276341","-276340","1","4705.375202836246222706","338.404109","5044.352937194992179485","0","5043.779311836246","2.2238643874279647","1.32","16.09","22","0","7.105799282314251e-8","0.0000","0.0000","0.0000","0.0000","0x58c4f03a954e4cbb1b8e204a881a8e9a99d015dd","0","0","0","0","0","0","0","0"
"672641","-276314","-276313","1","1167.325592362199877746","8316.674166","0","9485.28035","9483.9997583622","8.309773836039744","1.31","15.99","100","0","NaN","0.0000","0.0000","0.0000","0.0000","0xb0bada5d45d939a03c6d211d24a61a4418d7cd13","true","-887272","887272","0","0","0","0","100"
"672642","-276314","-276313","1","1044.176455093467386094","7439.291493","0","8484.613441","8483.467948093466","7.432036241395782","1.31","15.99","100","0","NaN","0.0000","0.0000","0.0000","0.0000","0xb0bada5d45d939a03c6d211d24a61a4418d7cd13","true","-887272","887272","0","0","0","0","100"
"662071","-276315","-276314","1","9153.053962711282436823","330.450707","0","9492.243935","9483.504669711283","8.111990177854068","1.28","15.61","100","0","1.2589191911160924e-7","0.0000","0.0000","0.0000","0.0000","0xb0bada5d45d939a03c6d211d24a61a4418d7cd13","true","-887272","887272","0","0","0","0","100"
"662072","-276315","-276314","1","8187.957587802176573345","295.608043","0","8491.38343","8483.565630802177","7.255796988196123","1.28","15.61","100","0","1.2589191911160924e-7","0.0000","0.0000","0.0000","0.0000","0xb0bada5d45d939a03c6d211d24a61a4418d7cd13","true","-887272","887272","0","0","0","0","100"
"252383","-276341","-276340","1","482.470539623368463767","9440.129386","0","9921.828732","9922.599925623368","12.614519805234576","1.27","15.47","96","0","NaN","0.0000","0.0000","0.0000","0.0000","0xb0bada5d45d939a03c6d211d24a61a4418d7cd13","true","-887272","887272","0","0","0","0","100"
"252385","-276341","-276340","1","137.647437794032805349","2693.241381","0","2830.668799","2830.8888187940324","3.5977632818551064","1.27","15.46","97","0","NaN","0.0000","0.0000","0.0000","0.0000","0xb0bada5d45d939a03c6d211d24a61a4418d7cd13","true","-887272","887272","0","0","0","0","100"
"543767","-276319","-276318","1","499.47896452282199921","0","499.478964522821999209","0","499.478964522822","0.21161443141159497","1.27","15.46","50","0","NaN","0.0000","0.0000","0.0000","0.0000","0xfa1457caf448c66ce3c2e619ccd4fcfd317b61f6","0","0","0","0","0","0","0","0"
"602278","-276315","-276314","1","498.974756927609234068","0","0","499.450304","498.97475692760923","0.2106162846216057","1.27","15.41","40","0","NaN","0.0000","0.0000","0.0000","0.0000","0xfa1457caf448c66ce3c2e619ccd4fcfd317b61f6","0","0","0","0","0","0","0","0"
"574817","-276319","-276318","1","2268.474058712456523716","7364.669472","0","9634.48422","9633.143530712456","3.9823075600164533","1.24","15.09","100","0","NaN","0.0000","0.0000","0.0000","0.0000","0xb0bada5d45d939a03c6d211d24a61a4418d7cd13","true","-887272","887272","0","0","0","0","100"
"574818","-276319","-276318","1","2030.952038720031448962","6593.547068","0","8625.699418","8624.499106720032","3.5643652012347307","1.24","15.08","100","0","NaN","0.0000","0.0000","0.0000","0.0000","0xb0bada5d45d939a03c6d211d24a61a4418d7cd13","true","-887272","887272","0","0","0","0","100"
"194340","-276344","-276343","1","411.250099389086708995","2380.998917","2796.907492761460113689","0","2792.2490163890866","1.1585904914537106","1.24","15.14","81","0","NaN","0.0000","0.0000","0.0000","0.0000","0xb0bada5d45d939a03c6d211d24a61a4418d7cd13","true","-887272","887272","0","0","0","0","100"
"177384","-276343","-276339","4","108.695116489886891522","160.172939","269.153102751718044277","0","268.8680554898869","0.22214988570897215","1.24","15.08","70","0","0.0000024044006785572947","0.0000","0.0000","0.0000","0.0000","0x28165971e4d592ca6c45a3786786ec2f6b4b8d23","0","0","0","0","0","0","0","0"
"292143","-276338","-276337","1","6015.357230256408899276","3881.740989","9902.449625804147117519","0","9897.098219256408","4.047060167107526","1.23","14.93","91","0","NaN","0.0000","0.0000","0.0000","0.0000","0xb0bada5d45d939a03c6d211d24a61a4418d7cd13","true","-887272","887272","0","0","0","0","100"
"364588","-276327","-276326","1","7110.083307318761979625","2655.328737","0","9763.750282","9765.412044318762","3.9891379966322926","1.23","14.91","100","0","7.54369455790993e-8","0.0000","0.0000","0.0000","0.0000","0xb0bada5d45d939a03c6d211d24a61a4418d7cd13","true","-887272","887272","0","0","0","0","100"
"292144","-276338","-276337","1","2422.911269261526863447","1563.517116","3988.583865140250270808","0","3986.4283852615267","1.6262279011641765","1.22","14.89","91","0","NaN","0.0000","0.0000","0.0000","0.0000","0xb0bada5d45d939a03c6d211d24a61a4418d7cd13","true","-887272","887272","0","0","0","0","50"
"364589","-276327","-276326","1","2878.635786697177446952","1075.054117","0","3953.017111","3953.689903697177","1.6141517318813754","1.22","14.90","100","0","7.54369455790993e-8","0.0000","0.0000","0.0000","0.0000","0xb0bada5d45d939a03c6d211d24a61a4418d7cd13","true","-887272","887272","0","0","0","0","50"
"364590","-276327","-276326","1","2051.14775178295169455","766.020782","0","2816.68914","2817.1685337829517","1.1496316040939922","1.22","14.89","100","0","7.54369455790993e-8","0.0000","0.0000","0.0000","0.0000","0xb0bada5d45d939a03c6d211d24a61a4418d7cd13","true","-887272","887272","0","0","0","0","100"
"292146","-276338","-276337","1","1715.957473809246044191","1107.316192","2824.800222827978938229","0","2823.2736658092463","1.1489459220778597","1.22","14.85","91","0","NaN","0.0000","0.0000","0.0000","0.0000","0xb0bada5d45d939a03c6d211d24a61a4418d7cd13","true","-887272","887272","0","0","0","0","100"
"193424","-276343","-276342","1","392.135558647463381567","2400.776952","2797.368335177285680792","0","2792.9125106474635","1.138994043715999","1.22","14.89","100","0","NaN","0.0000","0.0000","0.0000","0.0000","0xb0bada5d45d939a03c6d211d24a61a4418d7cd13","true","-887272","887272","0","0","0","0","100"
"197682","-276349","-276348","1","49406.204870006293022281","9232.235062","58661.450761201103351718","0","58638.439932006295","23.738836915215824","1.21","14.78","38","0","NaN","0.0000","0.0000","0.0000","0.0000","0x664d8f8f2417f52cbbf5bd82ba82eefc58a87f07","0","0","0","0","0","0","0","0"
"364671","-276327","-276326","1","1567.277463034677916594","640.535655","0","2207.448242","2207.813118034678","0.8712983341339315","1.18","14.40","100","0","NaN","0.0000","0.0000","0.0000","0.0000","0xb0bada5d45d939a03c6d211d24a61a4418d7cd13","true","-887272","887272","0","0","0","0","100"
"197767","-276349","-276348","1","14247.318289750536807509","2539.990089","16793.639944155118607324","0","16787.30837875054","6.521696774346576","1.17","14.18","49","0","5.592079355132284e-7","0.0000","0.0000","0.0000","0.0000","0xf1bc5de15f4b56d9db4b3e6682832547d72844de","0","0","0","0","0","0","0","0"
"99806","-276374","-276334","40","520.338953861167051973","482.481836","559.347766758689179848","443.595602","1002.820789861167","0.38333772382847475","1.15","13.95","100","0","9.638868148087454e-7","0.0000","0.0000","0.0000","0.0000","0x3c9c796c1952ef0dac2a0c3419b2fd93c7fea15b","true","-887272","887272","0","0","20","19","100"
"272519","-276340","-276339","1","24200.708686351569572881","27046.478488","51289.707063300298444323","0","51247.187174351566","19.267727496291194","1.13","13.72","100","0","NaN","0.0000","0.0000","0.0000","0.0000","0xb0bada5d45d939a03c6d211d24a61a4418d7cd13","true","-887272","887272","0","0","0","0","100"
"54262","-276517","-276195","322","528.843576167544880857","513.615867","498.760439240104098975","543.626255","1042.4594431675448","6.269562312449652","1.13","13.72","73","0","NaN","0.0000","0.0000","0.0000","0.0000","0x5ebb8663b9d213026ad9776dba264c3ef1a40f37","0","0","0","0","0","0","0","0"
"272522","-276340","-276339","1","4685.448834258621618871","5236.412402","9930.09342345155221982","0","9921.861236258621","3.728690691395546","1.13","13.72","100","0","NaN","0.0000","0.0000","0.0000","0.0000","0xb0bada5d45d939a03c6d211d24a61a4418d7cd13","true","-887272","887272","0","0","0","0","100"
"272525","-276340","-276339","1","1336.618440886878658396","1493.791871","2832.758708721446777333","0","2830.410311886879","1.0632757539028668","1.13","13.71","100","0","NaN","0.0000","0.0000","0.0000","0.0000","0xb0bada5d45d939a03c6d211d24a61a4418d7cd13","true","-887272","887272","0","0","0","0","100"
"176471","-276342","-276339","3","3912.41949071108846423","4294.330218","8214.136797563514921871","0","8206.74970871109","5.992949127131614","1.10","13.33","67","0","0.0000022212442996050186","0.0000","0.0000","0.0000","0.0000","0x7617452156f474836604c1a79c79c0627be5fe74","0","0","0","0","0","0","0","0"
"520814","-276316","-276315","1","1759.758928376176820277","7908.167758","9661.2590043937194544","0","9667.926686376177","3.4914709253341067","1.08","13.18","100","0","NaN","0.0000","0.0000","0.0000","0.0000","0xb0bada5d45d939a03c6d211d24a61a4418d7cd13","true","-887272","887272","0","0","0","0","100"
"520816","-276316","-276315","1","1576.440595345551761746","7084.354844","8654.822345881153688611","0","8660.795439345553","3.126597225176691","1.08","13.18","100","0","NaN","0.0000","0.0000","0.0000","0.0000","0xb0bada5d45d939a03c6d211d24a61a4418d7cd13","true","-887272","887272","0","0","0","0","100"
"723204","-276317","-276316","1","0.851079307947466836","8236.996622","0","8237.848384","8237.847701307948","5.894697570355541","1.07","13.06","100","0","NaN","0.0000","0.0000","0.0000","0.0000","0xb0bada5d45d939a03c6d211d24a61a4418d7cd13","0","0","0","0","0","0","0","0"
"704874","-276315","-276314","1","4955.257408061823841442","4347.30106","9298.534939099454539882","0","9302.558468061823","3.2988450716900752","1.06","12.94","90","0","NaN","0.0000","0.0000","0.0000","0.0000","0xb0bada5d45d939a03c6d211d24a61a4418d7cd13","0","0","0","0","0","0","0","0"
"721526","-276319","-276318","1","1505.335520187719468664","7685.711081","0","9191.94167","9191.04660118772","3.244271677596661","1.06","12.88","94","0","3.7681080478080275e-9","0.0000","0.0000","0.0000","0.0000","0xb0bada5d45d939a03c6d211d24a61a4418d7cd13","0","0","0","0","0","0","0","0"
"704875","-276315","-276314","1","4443.543495077503627141","3898.368895","8338.304358349645306068","0","8341.912390077503","2.9573982426624825","1.06","12.94","90","0","NaN","0.0000","0.0000","0.0000","0.0000","0xb0bada5d45d939a03c6d211d24a61a4418d7cd13","0","0","0","0","0","0","0","0"
"721529","-276319","-276318","1","1349.497586199187508394","6890.057674","0","8240.357667","8239.555260199188","2.907425066077267","1.06","12.88","94","0","3.7681080478080275e-9","0.0000","0.0000","0.0000","0.0000","0xb0bada5d45d939a03c6d211d24a61a4418d7cd13","0","0","0","0","0","0","0","0"
"257488","-276341","-276340","1","9489.613893380637045603","40000","0","49474.377746","49489.613893380636","34.555811627422926","1.05","12.74","99","0","NaN","0.0000","0.0000","0.0000","0.0000","0x1bc8c6c06a43e3fbb2ebc613e0ebc0ecb95b5937","0","0","0","0","0","0","0","0"
"278340","-276335","-276334","1","1952.537585459263554931","7954.69997","9915.651306018394699962","0","9907.237555459264","3.4414574465237133","1.04","12.68","90","0","NaN","0.0000","0.0000","0.0000","0.0000","0xb0bada5d45d939a03c6d211d24a61a4418d7cd13","true","-887272","887272","0","0","0","0","100"
"278342","-276335","-276334","1","1004.525419624155693423","4092.468378","5101.322434559990248885","0","5096.993797624155","1.7657923531538626","1.04","12.64","92","0","NaN","0.0000","0.0000","0.0000","0.0000","0xb0bada5d45d939a03c6d211d24a61a4418d7cd13","true","-276425","-275371","1","1","0","0","100"
"278344","-276335","-276334","1","556.996979641751379231","2269.223338","2828.620493537875207918","0","2826.220317641751","0.9766030202112523","1.04","12.61","91","0","NaN","0.0000","0.0000","0.0000","0.0000","0xb0bada5d45d939a03c6d211d24a61a4418d7cd13","true","-887272","887272","0","0","0","0","100"
"708055","-276314","-276313","1","496.004841002098295816","0","496.004841002098295815","0","496.0048410020983","0.17229663793913655","1.04","12.68","69","0","7.085193320932603e-7","0.0000","0.0000","0.0000","0.0000","0xfa1457caf448c66ce3c2e619ccd4fcfd317b61f6","0","0","0","0","0","0","0","0"
"190012","-276342","-276341","1","3848.764574681752772361","5084.166835","8941.932160086311913419","0","8932.931409681752","3.077321989152815","1.03","12.57","75","0","0.0000011422074175371222","0.0000","0.0000","0.0000","0.0000","0x97b73b8eaa8662381383a67e0dbcab67f78337dd","0","0","0","0","0","0","0","0"
"700885","-276313","-276312","1","0","497.257614","496.684811836358325447","0","497.257614","0.17001377463758122","1.03","12.48","98","0","0.0000017031078658469312","0.0000","0.0000","0.0000","0.0000","0xfa1457caf448c66ce3c2e619ccd4fcfd317b61f6","0","0","0","0","0","0","0","0"
"278362","-276335","-276334","1","10101.25904304984928411","41152.825958","51297.612677525273918109","0","51254.085001049854","17.239869077787862","1.01","12.28","92","0","NaN","0.0000","0.0000","0.0000","0.0000","0xb0bada5d45d939a03c6d211d24a61a4418d7cd13","true","-887272","887272","0","0","0","0","100"
"111049","-276355","-276354","1","273.436213049057618607","230","0","502.610502","503.43621304905764","0.16794961514881018","1.00","12.18","20","0","6.090206450259927e-7","0.0000","0.0000","0.0000","0.0000","0x664d8f8f2417f52cbbf5bd82ba82eefc58a87f07","0","0","0","0","0","0","0","0"
"715478","-276318","-276317","1","0","495.822664","495.499190074844976155","0","495.822664","0.1647733198955072","1.00","12.13","0","0","NaN","0.0000","0.0000","0.0000","0.0000","0xfa1457caf448c66ce3c2e619ccd4fcfd317b61f6","0","0","0","0","0","0","0","0"
"292245","-276338","-276337","1","31776.286754619825537734","19229.472249","51032.28358671864887041","0","51005.75900361982","16.895311161736903","0.99","12.09","86","0","NaN","0.0000","0.0000","0.0000","0.0000","0xb0bada5d45d939a03c6d211d24a61a4418d7cd13","true","-887272","887272","0","0","0","0","100"
"196175","-276346","-276345","1","15718.149533008032096138","204.405859","15923.004884019837461122","0","15922.555392008033","5.272369569369157","0.99","12.09","97","0","NaN","0.0000","0.0000","0.0000","0.0000","0xb0bada5d45d939a03c6d211d24a61a4418d7cd13","true","-887272","887272","0","0","0","0","100"
"196179","-276346","-276345","1","2758.646493093257780977","35.874675","2794.600057122747946579","0","2794.521168093258","0.9207659921479937","0.99","12.03","96","0","NaN","0.0000","0.0000","0.0000","0.0000","0xb0bada5d45d939a03c6d211d24a61a4418d7cd13","true","-887272","887272","0","0","0","0","100"
"683813","-276315","-276314","1","147.325063625023998087","9274.969897","9413.471116017910561678","0","9422.294960625024","3.080628900487448","0.98","11.93","89","0","NaN","0.0000","0.0000","0.0000","0.0000","0xb0bada5d45d939a03c6d211d24a61a4418d7cd13","0","0","0","0","0","0","0","0"
"683816","-276315","-276314","1","131.944278968689781136","8306.660017","8430.7016636142884851","0","8438.60429596869","2.7583919466430875","0.98","11.93","89","0","NaN","0.0000","0.0000","0.0000","0.0000","0xb0bada5d45d939a03c6d211d24a61a4418d7cd13","0","0","0","0","0","0","0","0"
"204570","-276355","-276350","5","299.999998467983847057","158.840369","268.378621921540576372","190.382999","458.84036746798387","0.3007898280216554","0.98","11.96","100","0","2.541789667631633e-7","0.0000","0.0000","0.0000","0.0000","0x28165971e4d592ca6c45a3786786ec2f6b4b8d23","0","0","0","0","0","0","0","0"
"171964","-276343","-276337","6","23.443444887387946733","21.537663","45.019395256978903238","0","44.98110788738795","0.043916564936922774","0.98","11.88","51","0","NaN","0.0000","0.0000","0.0000","0.0000","0x60583f22ada7b1352bb2faf694b3eaaf942696dd","0","0","0","0","0","0","0","0"
"685607","-276316","-276315","1","497.291119351331745168","0","497.291119351331745167","0","497.29111935133176","0.4829649727352871","0.97","11.82","61","0","NaN","0.0000","0.0000","0.0000","0.0000","0xfa1457caf448c66ce3c2e619ccd4fcfd317b61f6","0","0","0","0","0","0","0","0"
"365162","-276327","-276326","1","1004.031956909870516155","218.232252","0","1222.02451","1222.2642089098704","0.39397433073508975","0.97","11.77","100","0","1.3437239099189924e-7","0.0000","0.0000","0.0000","0.0000","0x5370b3ca55bb561e7bc050c81848873b9bcebbec","0","0","0","0","0","0","0","0"
"100854","-276358","-276355","3","427.570524944621139647","574.609396","161.225942792983754917","840.106977","1002.179920944621","0.3228601968091732","0.97","11.76","79","0","3.9636716131496996e-8","0.0000","0.0000","0.0000","0.0000","0x3c9c796c1952ef0dac2a0c3419b2fd93c7fea15b","true","-887272","887272","0","0","1","1","100"
"148297","-276343","-276338","5","715.087577188782727718","698.707061","0","1412.705942","1413.7946381887828","0.45167939161148357","0.96","11.66","83","0","NaN","0.0000","0.0000","0.0000","0.0000","0x97b73b8eaa8662381383a67e0dbcab67f78337dd","0","0","0","0","0","0","0","0"
"499967","-276319","-276318","1","1007.46325885986820528","8674.181255","0","9682.24656","9681.644513859868","3.055468357660035","0.95","11.52","100","0","5.4489857070905146e-9","0.0000","0.0000","0.0000","0.0000","0xb0bada5d45d939a03c6d211d24a61a4418d7cd13","true","-887272","887272","0","0","0","0","100"
"198496","-276350","-276347","3","5340.280209528721711832","3353.492296","8702.298786268375614885","0","8693.772505528721","2.7624632285264616","0.95","11.60","62","0","NaN","0.0000","0.0000","0.0000","0.0000","0x7617452156f474836604c1a79c79c0627be5fe74","0","0","0","0","0","1","1","0"
"499969","-276319","-276318","1","902.437875840623789235","7769.920777","0","8672.897936","8672.358652840623","2.7346326797687337","0.95","11.51","100","0","5.4489857070905146e-9","0.0000","0.0000","0.0000","0.0000","0xb0bada5d45d939a03c6d211d24a61a4418d7cd13","true","-887272","887272","0","0","0","0","100"
"720008","-276314","-276313","1","0","495.703682","495.182183112357691142","0","495.703682","0.15509251860866838","0.94","11.42","97","0","NaN","0.0000","0.0000","0.0000","0.0000","0xfa1457caf448c66ce3c2e619ccd4fcfd317b61f6","0","0","0","0","0","0","0","0"
"340432","-276334","-276333","1","8226.957446395808768619","1630.924552","9859.495825142455850848","0","9857.88199839581","3.0138427236191583","0.92","11.16","100","0","6.745217162595907e-7","0.0000","0.0000","0.0000","0.0000","0xb0bada5d45d939a03c6d211d24a61a4418d7cd13","true","-887272","887272","0","0","0","0","100"
"193613","-276343","-276342","1","7382.827277989324494136","1536.957185","8922.689908616503390266","0","8919.784462989324","2.739467246468453","0.92","11.21","69","0","NaN","0.0000","0.0000","0.0000","0.0000","0x97b73b8eaa8662381383a67e0dbcab67f78337dd","0","0","0","0","0","0","0","0"
"340435","-276334","-276333","1","3313.857336732318495937","656.944117","3971.45151041760431488","0","3970.8014537323184","1.2125817445525606","0.92","11.15","100","0","6.745217162595907e-7","0.0000","0.0000","0.0000","0.0000","0xb0bada5d45d939a03c6d211d24a61a4418d7cd13","true","-887272","887272","0","0","0","0","50"
"340438","-276334","-276333","1","2319.79483832765283043","484.235956","2804.509777421218567382","0","2804.030794327653","0.8556540893843424","0.92","11.14","100","0","6.870736091180163e-7","0.0000","0.0000","0.0000","0.0000","0xb0bada5d45d939a03c6d211d24a61a4418d7cd13","true","-887272","887272","0","0","0","0","100"
"505111","-276315","-276314","1","6103.995338533020171204","2559.322578","0","8669.225514","8663.31791653302","2.620306679924861","0.91","11.04","100","0","NaN","0.0000","0.0000","0.0000","0.0000","0xb0bada5d45d939a03c6d211d24a61a4418d7cd13","true","-887272","887272","0","0","0","0","100"
"706298","-276314","-276313","1","0","496.696049","0","496.696048","496.696049","0.15149087563964064","0.91","11.13","68","0","NaN","0.0000","0.0000","0.0000","0.0000","0xfa1457caf448c66ce3c2e619ccd4fcfd317b61f6","0","0","0","0","0","0","0","0"
"505159","-276315","-276314","1","6814.103942266574354708","2857.061498","0","9677.760299","9671.165440266574","2.8867897932699464","0.90","10.90","100","0","NaN","0.0000","0.0000","0.0000","0.0000","0xb0bada5d45d939a03c6d211d24a61a4418d7cd13","true","-887272","887272","0","0","0","0","100"
"720052","-276314","-276313","1","1580.502872226505817294","7614.903932","9187.461067730449072456","0","9195.406804226506","2.753595270862936","0.90","10.93","98","0","0.000003231155243366146","0.0000","0.0000","0.0000","0.0000","0xb0bada5d45d939a03c6d211d24a61a4418d7cd13","0","0","0","0","0","0","0","0"
"720053","-276314","-276313","1","1416.883334277913910628","6826.580744","8236.340913987825135026","0","8243.464078277913","2.4676868937731395","0.90","10.93","98","0","0.000003231155243366146","0.0000","0.0000","0.0000","0.0000","0xb0bada5d45d939a03c6d211d24a61a4418d7cd13","0","0","0","0","0","0","0","0"
"252458","-276341","-276340","1","19042.726745203326911612","32251.643036","0","51263.617716","51294.36978120333","45.80312906553789","0.89","10.86","96","0","NaN","0.0000","0.0000","0.0000","0.0000","0x97b73b8eaa8662381383a67e0dbcab67f78337dd","0","0","0","0","0","0","0","0"
"715660","-276319","-276318","1","2894.957448017938318624","6318.680332","0","9215.337323","9213.637780017938","2.7253893893893877","0.89","10.80","94","0","5.7991866864171016e-8","0.0000","0.0000","0.0000","0.0000","0xb0bada5d45d939a03c6d211d24a61a4418d7cd13","0","0","0","0","0","0","0","0"
"453004","-276327","-276325","2","2849.505103297293687059","5655.434893","0","8504.567163","8504.939996297293","2.5250106423835765","0.89","10.84","98","0","2.0930925881401663e-7","0.0000","0.0000","0.0000","0.0000","0x7617452156f474836604c1a79c79c0627be5fe74","0","0","0","0","0","1","0","0"
"715661","-276319","-276318","1","2595.389760198998507036","5664.828767","0","8261.742203","8260.218527198998","2.442253987074948","0.89","10.79","95","0","5.7991866864171016e-8","0.0000","0.0000","0.0000","0.0000","0xb0bada5d45d939a03c6d211d24a61a4418d7cd13","0","0","0","0","0","0","0","0"
"281461","-276341","-276340","1","25493.177874996880763987","25461.853665","0","50913.670228","50955.03153999688","14.532041786930106","0.86","10.41","100","0","NaN","0.0000","0.0000","0.0000","0.0000","0x97b73b8eaa8662381383a67e0dbcab67f78337dd","0","0","0","0","0","0","0","0"
"634618","-276322","-276321","1","9156.674984893960071443","359.114407","0","9518.120224","9515.789391893959","2.709909816679294","0.85","10.39","82","0","0.0000046381734120082285","0.0000","0.0000","0.0000","0.0000","0xb0bada5d45d939a03c6d211d24a61a4418d7cd13","true","-887272","887272","0","0","0","0","100"
"634620","-276322","-276321","1","8191.882988504338458228","321.276359","0","8515.244592","8513.15934750434","2.4235139196611986","0.85","10.39","84","0","0.0000046381734120082285","0.0000","0.0000","0.0000","0.0000","0xb0bada5d45d939a03c6d211d24a61a4418d7cd13","true","-887272","887272","0","0","0","0","100"
"634637","-276322","-276321","1","509.327137104204441388","21.475989","0","530.932844","530.8031261042045","0.15085261514022147","0.85","10.37","52","0","0.000001537611560298302","0.0000","0.0000","0.0000","0.0000","0x66ef68dae8c5417366311b3e3dc0b426ba16ca13","0","0","0","0","0","0","0","0"
"281526","-276341","-276340","1","3451.62721343935269306","2502.908274","0","5948.926854","5954.535487439352","1.654397324198663","0.83","10.14","100","0","1.4729284458780967e-8","0.0000","0.0000","0.0000","0.0000","0x3bee932e51d6306e3a3d8725ad7cc133a0b0fc5e","true","-887272","887272","0","0","0","0","50"
"305763","-276338","-276337","1","6152.716691738406733163","72879.238804","0","79023.954599","79031.9554957384","42.693387862224576","0.81","9.86","88","0","0.000001300931773418057","0.0000","0.0000","0.0000","0.0000","0x1bc8c6c06a43e3fbb2ebc613e0ebc0ecb95b5937","0","0","0","0","0","0","0","0"
"278830","-276335","-276334","1","1327.605704292530048121","4762.870767","6095.519176364561708319","0","6090.47647129253","1.6539771429249877","0.81","9.91","92","0","0.000003723946895295427","0.0000","0.0000","0.0000","0.0000","0x3bee932e51d6306e3a3d8725ad7cc133a0b0fc5e","true","-887272","887272","0","0","0","0","50"
"369800","-276326","-276325","1","9002.237989099071524951","760.417544","0","9761.36422","9762.655533099072","2.6094902712925205","0.80","9.76","100","0","1.0524268123646152e-7","0.0000","0.0000","0.0000","0.0000","0xb0bada5d45d939a03c6d211d24a61a4418d7cd13","true","-887272","887272","0","0","0","0","100"
"249167","-276340","-276339","1","3098.853677098784044078","2864.482241","5967.845984659860455965","0","5963.3359180987845","1.586320445434891","0.80","9.71","96","0","NaN","0.0000","0.0000","0.0000","0.0000","0x86462590436713cf5292ae561ebaa94f75cd6e07","0","0","0","0","0","0","0","0"
"369801","-276326","-276325","1","3644.665057990402366214","307.864251","0","3952.006504","3952.529308990402","1.0557795135168462","0.80","9.75","100","0","1.0524268123646152e-7","0.0000","0.0000","0.0000","0.0000","0xb0bada5d45d939a03c6d211d24a61a4418d7cd13","true","-887272","887272","0","0","0","0","50"
"369803","-276326","-276325","1","2596.961019898642005817","219.364865","0","2815.953367","2816.325884898642","0.7519108742429809","0.80","9.74","100","0","1.0524268123646152e-7","0.0000","0.0000","0.0000","0.0000","0xb0bada5d45d939a03c6d211d24a61a4418d7cd13","true","-887272","887272","0","0","0","0","100"
"369806","-276326","-276325","1","2035.238207790380113002","171.916233","0","2206.862498","2207.1544407903802","0.5888167225851477","0.80","9.74","100","0","1.0524268123646152e-7","0.0000","0.0000","0.0000","0.0000","0xb0bada5d45d939a03c6d211d24a61a4418d7cd13","true","-887272","887272","0","0","0","0","100"
"111108","-276360","-276350","10","453.651852400982363564","543.383987","324.336629315699675395","672.313559","997.0358394009825","0.2672805174573011","0.80","9.78","100","0","4.369746786636597e-8","0.0000","0.0000","0.0000","0.0000","0x3c9c796c1952ef0dac2a0c3419b2fd93c7fea15b","0","0","0","0","0","5","4","0"
"112009","-276355","-276351","4","165.856926947662445683","324.630171","133.62802397823170457","356.768345","490.4870979476625","0.26101726205980946","0.80","9.71","100","0","7.3655748167311685e-9","0.0000","0.0000","0.0000","0.0000","0x154b4661a08eaffc746bdf7451a17ee50ee904cf","true","-887272","887272","0","0","2","1","100"
"642319","-276318","-276317","1","0","498.621935","0","498.621934","498.621935","0.1327657901740973","0.80","9.72","0","0","NaN","0.0000","0.0000","0.0000","0.0000","0xfa1457caf448c66ce3c2e619ccd4fcfd317b61f6","0","0","0","0","0","0","0","0"
"197447","-276350","-276344","6","380.956096036991906999","91.03652","472.224074654804481638","0","471.9926160369919","0.12567270853797996","0.80","9.72","57","0","NaN","0.0000","0.0000","0.0000","0.0000","0x28165971e4d592ca6c45a3786786ec2f6b4b8d23","0","0","0","0","0","0","0","0"
"610029","-276315","-276314","1","8256.01463882989102731","1297.510362","9552.345602333951798709","0","9553.52500082989","2.5178721541166933","0.79","9.62","94","0","5.294123917032323e-7","0.0000","0.0000","0.0000","0.0000","0xb0bada5d45d939a03c6d211d24a61a4418d7cd13","true","-887272","887272","0","0","0","0","100"
"628076","-276323","-276322","1","3308.758004430256838765","6209.704995","0","9519.07601","9518.462999430256","2.4994467137517873","0.79","9.58","100","0","NaN","0.0000","0.0000","0.0000","0.0000","0xb0bada5d45d939a03c6d211d24a61a4418d7cd13","true","-887272","887272","0","0","0","0","100"
"610031","-276315","-276314","1","7390.910424637455588314","1161.551097","8551.405706087245469045","0","8552.461521637455","2.2528796605852786","0.79","9.61","94","0","5.294123917032323e-7","0.0000","0.0000","0.0000","0.0000","0xb0bada5d45d939a03c6d211d24a61a4418d7cd13","true","-887272","887272","0","0","0","0","100"
"628078","-276323","-276322","1","2960.281647944200902129","5555.702687","0","8516.532784","8515.984334944202","2.2354085282772553","0.79","9.58","100","0","NaN","0.0000","0.0000","0.0000","0.0000","0xb0bada5d45d939a03c6d211d24a61a4418d7cd13","true","-887272","887272","0","0","0","0","100"
"281620","-276341","-276340","1","3153.004009539328612052","1943.197831","0","5091.072328","5096.201840539328","1.3388803573516501","0.79","9.59","100","0","NaN","0.0000","0.0000","0.0000","0.0000","0xb0bada5d45d939a03c6d211d24a61a4418d7cd13","true","-887272","887272","1","1","0","0","100"
"699111","-276314","-276313","1","0","497.262588","0","497.262587","497.262588","0.13083342181601973","0.79","9.60","86","0","NaN","0.0000","0.0000","0.0000","0.0000","0xfa1457caf448c66ce3c2e619ccd4fcfd317b61f6","0","0","0","0","0","0","0","0"
"283988","-276340","-276339","1","80180.533927276659014488","7383.243953","0","87440.15016","87563.77788027666","22.765248696902834","0.78","9.49","85","0","1.6932688584603284e-8","0.0000","0.0000","0.0000","0.0000","0x664d8f8f2417f52cbbf5bd82ba82eefc58a87f07","0","0","0","0","0","0","0","0"
"199802","-276351","-276349","2","5770.47841626961620598","10096.607291","15893.61334406637124854","0.089967","15867.085707269616","4.123520439211114","0.78","9.49","100","0","NaN","0.0000","0.0000","0.0000","0.0000","0xb0bada5d45d939a03c6d211d24a61a4418d7cd13","true","-887272","887272","0","0","1","0","100"
"284015","-276340","-276339","1","9072.28158092915178878","835.400625","0","9893.693953","9907.682205929152","2.565318578087477","0.78","9.45","100","0","1.2143794858587853e-7","0.0000","0.0000","0.0000","0.0000","0xb0bada5d45d939a03c6d211d24a61a4418d7cd13","true","-887272","887272","0","0","0","0","100"
"699157","-276314","-276313","1","1323.174690875399868726","8034.419584","0","9359.044623","9357.5942748754","2.4181996679180573","0.78","9.43","89","0","NaN","0.0000","0.0000","0.0000","0.0000","0xb0bada5d45d939a03c6d211d24a61a4418d7cd13","0","0","0","0","0","0","0","0"
"699142","-276314","-276313","1","1186.394965112935972768","7203.882457","0","8391.577844","8390.277422112937","2.189906970139672","0.78","9.53","89","0","NaN","0.0000","0.0000","0.0000","0.0000","0xb0bada5d45d939a03c6d211d24a61a4418d7cd13","0","0","0","0","0","0","0","0"
"284018","-276340","-276339","1","2587.99924699293004082","238.310085","0","2822.31898","2826.3093319929303","0.7315384627431711","0.78","9.45","100","0","1.2143794858587853e-7","0.0000","0.0000","0.0000","0.0000","0xb0bada5d45d939a03c6d211d24a61a4418d7cd13","true","-887272","887272","0","0","0","0","100"
"196294","-276346","-276345","1","70.842416184507405431","0.918415","71.762850619388772239","0","71.7608311845074","0.018747173757260538","0.78","9.54","94","0","7.184464578813277e-7","0.0000","0.0000","0.0000","0.0000","0xa7bf8f67045ef716ee87ded1faadff10f226c02d","true","-887272","887272","0","0","0","0","100"
"284040","-276340","-276339","1","46709.762375685157684513","4332.801281","0","50970.544599","51042.56365668516","13.13350630539821","0.77","9.39","100","0","1.2100148660820764e-7","0.0000","0.0000","0.0000","0.0000","0xb0bada5d45d939a03c6d211d24a61a4418d7cd13","true","-887272","887272","0","0","0","0","100"
"327216","-276338","-276337","1","144.579985625560867233","49975.948612","0","50120.340987","50120.52859762556","12.844782608608345","0.77","9.35","98","0","NaN","0.0000","0.0000","0.0000","0.0000","0xb0bada5d45d939a03c6d211d24a61a4418d7cd13","true","-887272","887272","0","0","0","0","100"
"327219","-276338","-276337","1","107.444883332016727218","40701.61453","0","40808.920102","40809.05941333202","10.444202844699658","0.77","9.34","98","0","NaN","0.0000","0.0000","0.0000","0.0000","0xb0bada5d45d939a03c6d211d24a61a4418d7cd13","true","-887272","887272","0","0","0","0","100"
"327221","-276338","-276337","1","25.972347344497727615","9838.686006","0","9864.624678","9864.658353344497","2.5232462939159213","0.77","9.34","98","0","NaN","0.0000","0.0000","0.0000","0.0000","0xb0bada5d45d939a03c6d211d24a61a4418d7cd13","true","-887272","887272","0","0","0","0","100"
"692778","-276315","-276314","1","1090.448126747313125477","8309.714612","9392.298895042813485928","0","9400.162738747313","2.4101581676741066","0.77","9.36","100","0","1.495258028505475e-7","0.0000","0.0000","0.0000","0.0000","0xb0bada5d45d939a03c6d211d24a61a4418d7cd13","0","0","0","0","0","0","0","0"
"706818","-276314","-276313","1","93.501621239208786944","9199.663087","0","9293.267811","9293.16470823921","2.3715655812228116","0.77","9.31","91","0","NaN","0.0000","0.0000","0.0000","0.0000","0xb0bada5d45d939a03c6d211d24a61a4418d7cd13","0","0","0","0","0","0","0","0"
"692779","-276315","-276314","1","976.708240688177880157","7442.96454","8412.629179490116545243","0","8419.672780688177","2.157822135082402","0.77","9.35","100","0","0.0000011224263296583104","0.0000","0.0000","0.0000","0.0000","0xb0bada5d45d939a03c6d211d24a61a4418d7cd13","0","0","0","0","0","0","0","0"
"706819","-276314","-276313","1","83.82770164344379939","8247.842147","0","8331.762284","8331.669848643443","2.125286192254303","0.77","9.31","91","0","NaN","0.0000","0.0000","0.0000","0.0000","0xb0bada5d45d939a03c6d211d24a61a4418d7cd13","0","0","0","0","0","0","0","0"
"327227","-276338","-276337","1","10.461319552956052739","3962.893185","0","3973.34094","3973.354504552956","1.0158197219599134","0.77","9.33","98","0","NaN","0.0000","0.0000","0.0000","0.0000","0xb0bada5d45d939a03c6d211d24a61a4418d7cd13","true","-887272","887272","0","0","0","0","50"
"327229","-276338","-276337","1","7.387525175971781404","2798.497171","0","2805.875117","2805.884696175972","0.7171063325172014","0.77","9.33","97","0","NaN","0.0000","0.0000","0.0000","0.0000","0xb0bada5d45d939a03c6d211d24a61a4418d7cd13","true","-887272","887272","0","0","0","0","100"
"147088","-276341","-276340","1","753.177018223854772396","240.48763","646.719585006407637","346.767672","993.6646482238548","0.25476923665221507","0.77","9.36","91","0","4.264366637585226e-11","0.0000","0.0000","0.0000","0.0000","0x2294373be13bf67ab063010c29b3901677b7b067","true","-887272","887272","0","0","0","0","100"
"695783","-276317","-276316","1","0","497.436658","497.062424865214627928","0","497.436658","0.1280502255123245","0.77","9.40","83","0","NaN","0.0000","0.0000","0.0000","0.0000","0xfa1457caf448c66ce3c2e619ccd4fcfd317b61f6","0","0","0","0","0","0","0","0"
"710237","-276316","-276315","1","0","496.254201","495.831274327607510659","0","496.254201","0.12674269484185902","0.77","9.32","90","0","NaN","0.0000","0.0000","0.0000","0.0000","0xfa1457caf448c66ce3c2e619ccd4fcfd317b61f6","0","0","0","0","0","0","0","0"
"235412","-276345","-276344","1","15749.556019736589902304","29328.44596","0","45046.30327","45078.00197973659","22.983871574055083","0.76","9.31","54","0","1.0106138148557875e-9","0.0000","0.0000","0.0000","0.0000","0x1bc8c6c06a43e3fbb2ebc613e0ebc0ecb95b5937","0","0","0","0","0","0","0","0"
"281682","-276341","-276340","1","1566.707628508168111071","1258.706478","0","2822.870305","2825.414106508168","0.7189142165693957","0.76","9.29","100","0","1.2714018726711629e-8","0.0000","0.0000","0.0000","0.0000","0xb0bada5d45d939a03c6d211d24a61a4418d7cd13","true","-887272","887272","0","0","0","0","100"
"340446","-276334","-276333","1","22573.981332791589985105","8244.245023","30826.334926473275907427","0","30818.22635579159","7.721824515427883","0.75","9.15","100","0","5.512131640017515e-7","0.0000","0.0000","0.0000","0.0000","0xb0bada5d45d939a03c6d211d24a61a4418d7cd13","true","-887272","887272","0","0","0","0","100"
"284326","-276340","-276339","1","4357.450096783106071976","646.577329","0","4997.318594","5004.027425783106","1.2534973734786377","0.75","9.14","79","0","5.0648685245846536e-8","0.0000","0.0000","0.0000","0.0000","0x29991b99815c3a97194445b19145b4b622bffd28","0","0","0","0","0","0","0","0"
"292236","-276338","-276337","1","623.745359652586534938","379.903266","999.588116564111472373","4.578107","1003.6486256525866","0.5015420272937235","0.75","9.12","68","0","NaN","0.0000","0.0000","0.0000","0.0000","0xcb8db65e9aefbb6386cc5b757516412b79067004","0","0","0","0","0","0","0","0"
"673983","-276314","-276313","1","61.259141650455948536","651.818304","15.171293928681425438","697.956748","713.077445650456","0.35643306163105287","0.75","9.12","99","0","0.000004519481688891602","0.0000","0.0000","0.0000","0.0000","0xf50ba81a48d10ff5ddb1beef871008e1ddc4aaee","0","0","0","0","0","0","0","0"
"200321","-276350","-276349","1","55518.377509953324541864","9723.041707","65266.632182364019107346","0","65241.41921695332","15.772753728069022","0.73","8.82","44","0","NaN","0.0000","0.0000","0.0000","0.0000","0x664d8f8f2417f52cbbf5bd82ba82eefc58a87f07","0","0","0","0","0","0","0","0"
"193628","-276344","-276341","3","489.112569313216593122","312.389681","802.10847671238847283","0","801.5022503132166","0.19400772663379834","0.73","8.84","94","0","NaN","0.0000","0.0000","0.0000","0.0000","0xd050e74eab1acbe57b48e762e3506b5c51cd314d","0","0","0","0","0","0","0","0"
"464553","-276324","-276323","1","3725.437205659056955387","5975.834713","0","9701.582775","9701.271918659057","2.331090029670201","0.72","8.77","100","0","4.0115031296750203e-7","0.0000","0.0000","0.0000","0.0000","0xb0bada5d45d939a03c6d211d24a61a4418d7cd13","true","-887272","887272","0","0","0","0","100"
"464554","-276324","-276323","1","3337.246761408019669247","5353.152917","0","8690.678143","8690.39967840802","2.0867492105935583","0.72","8.76","100","0","4.0115031296750203e-7","0.0000","0.0000","0.0000","0.0000","0xb0bada5d45d939a03c6d211d24a61a4418d7cd13","true","-887272","887272","0","0","0","0","100"
"564885","-276319","-276318","1","0","499.695095","0","499.695094","499.695095","0.23838551869417643","0.72","8.71","96","0","NaN","0.0000","0.0000","0.0000","0.0000","0xfa1457caf448c66ce3c2e619ccd4fcfd317b61f6","0","0","0","0","0","0","0","0"
"702547","-276314","-276313","1","0","497.093552","496.570590916926656566","0","497.093552","0.1199653539228071","0.72","8.81","63","0","NaN","0.0000","0.0000","0.0000","0.0000","0xfa1457caf448c66ce3c2e619ccd4fcfd317b61f6","0","0","0","0","0","0","0","0"
"713945","-276317","-276316","1","39.527053859457755512","220.080425","44.167553097307526208","215.436274","259.60747885945773","0.062472239666845786","0.72","8.78","100","0","7.586449801699757e-7","0.0000","0.0000","0.0000","0.0000","0xc39afd8c9eacb1c95c14e4ba1d3489b55c392570","0","0","0","0","0","0","0","0"
"298368","-276339","-276338","1","13259.493229530498369266","64372.43832","0","77613.304243","77631.9315495305","18.264005373790297","0.71","8.59","100","0","1.2354572920258988e-7","0.0000","0.0000","0.0000","0.0000","0x1bc8c6c06a43e3fbb2ebc613e0ebc0ecb95b5937","0","0","0","0","0","0","0","0"
"564959","-276319","-276317","2","593.893003882427205123","7827.627494","0","8421.933725","8421.520497882428","3.9301970381678637","0.70","8.52","94","0","NaN","0.0000","0.0000","0.0000","0.0000","0x7617452156f474836604c1a79c79c0627be5fe74","0","0","0","0","0","1","0","0"
"657837","-276316","-276315","1","1732.712952597478740924","7760.169397","0","9494.431162","9492.88234959748","2.2035122116190298","0.70","8.47","100","0","3.6820102522483467e-9","0.0000","0.0000","0.0000","0.0000","0xb0bada5d45d939a03c6d211d24a61a4418d7cd13","true","-887272","887272","0","0","0","0","100"
"657840","-276316","-276315","1","1527.809593626802360561","6964.5766","0","8493.75205","8492.386193626802","1.9702439941984293","0.70","8.47","100","0","NaN","0.0000","0.0000","0.0000","0.0000","0xb0bada5d45d939a03c6d211d24a61a4418d7cd13","true","-887272","887272","0","0","0","0","100"
"292931","-276338","-276337","1","18237.689276081251652113","95485.13067","0","113699.029814","113722.81994608125","105.11509252252064","0.69","8.43","70","0","NaN","0.0000","0.0000","0.0000","0.0000","0x664d8f8f2417f52cbbf5bd82ba82eefc58a87f07","0","0","0","0","0","0","0","0"
"309216","-276338","-276337","1","2186.746429103566993408","7688.022435","0","9871.909701","9874.768864103567","4.552187653567054","0.69","8.41","99","0","0.0000014144081794675856","0.0000","0.0000","0.0000","0.0000","0xb0bada5d45d939a03c6d211d24a61a4418d7cd13","true","-887272","887272","0","0","0","0","100"
"531923","-276317","-276316","1","392.751335905333610567","9273.92524","9659.718425478689145459","0","9666.676575905334","2.2224519964192515","0.69","8.39","97","0","NaN","0.0000","0.0000","0.0000","0.0000","0xb0bada5d45d939a03c6d211d24a61a4418d7cd13","true","-887272","887272","0","0","0","0","100"
"531924","-276317","-276316","1","351.797656348551553818","8306.897689","8652.462747801883464511","0","8658.695345348551","1.989824504306291","0.69","8.39","97","0","NaN","0.0000","0.0000","0.0000","0.0000","0xb0bada5d45d939a03c6d211d24a61a4418d7cd13","true","-887272","887272","0","0","0","0","100"
"309217","-276338","-276337","1","880.730843884528436794","3096.416849","0","3975.99614","3977.1476928845286","1.8332476403632798","0.69","8.41","99","0","0.0000014144081794675856","0.0000","0.0000","0.0000","0.0000","0xb0bada5d45d939a03c6d211d24a61a4418d7cd13","true","-887272","887272","0","0","0","0","50"
"309218","-276338","-276337","1","615.429770248523851594","2193.166931","0","2807.7921","2808.596701248524","1.2945384496613128","0.69","8.41","99","0","0.0000014129537317941754","0.0000","0.0000","0.0000","0.0000","0xb0bada5d45d939a03c6d211d24a61a4418d7cd13","true","-887272","887272","0","0","0","0","100"
"604125","-276311","-276310","1","0","499.440313","498.765238501225102185","0","499.440313","0.115326914981011","0.69","8.43","54","0","NaN","0.0000","0.0000","0.0000","0.0000","0xfa1457caf448c66ce3c2e619ccd4fcfd317b61f6","0","0","0","0","0","0","0","0"
"222026","-276346","-276345","1","6259.866597387371650865","72298.035372","78713.598714550803640413","0","78557.90196938737","17.762339218965497","0.68","8.25","71","0","NaN","0.0000","0.0000","0.0000","0.0000","0x1bc8c6c06a43e3fbb2ebc613e0ebc0ecb95b5937","0","0","0","0","0","0","0","0"
"387424","-276328","-276327","1","13959.880360256106400585","18973.804856","32940.678826842559423507","0","32933.685216256104","14.92409511276483","0.68","8.27","100","0","0.0000015591127167091656","0.0000","0.0000","0.0000","0.0000","0x97b73b8eaa8662381383a67e0dbcab67f78337dd","0","0","0","0","0","0","0","0"
"296423","-276339","-276338","1","9438.46955905794678427","41572.394634","0","50997.598068","51010.86419305795","11.533843255436892","0.68","8.25","100","0","NaN","0.0000","0.0000","0.0000","0.0000","0xb0bada5d45d939a03c6d211d24a61a4418d7cd13","true","-887272","887272","0","0","0","0","100"
"543620","-276320","-276318","2","4191.063318841432732769","4229.738707","0","8423.119625","8420.802025841433","3.808718561787197","0.68","8.25","93","0","NaN","0.0000","0.0000","0.0000","0.0000","0x7617452156f474836604c1a79c79c0627be5fe74","0","0","0","0","0","1","0","0"
"296428","-276339","-276338","1","1829.547795157666510092","8058.370318","0","9885.346614","9887.918113157666","2.2328920377866783","0.68","8.24","100","0","NaN","0.0000","0.0000","0.0000","0.0000","0xb0bada5d45d939a03c6d211d24a61a4418d7cd13","true","-887272","887272","0","0","0","0","100"
"349640","-276331","-276330","1","4386.509688842886295338","5386.918105","0","9770.71006","9773.427793842886","2.20101607672889","0.68","8.22","100","0","NaN","0.0000","0.0000","0.0000","0.0000","0xb0bada5d45d939a03c6d211d24a61a4418d7cd13","true","-887272","887272","0","0","0","0","100"
"296439","-276339","-276338","1","736.908911759447996123","3245.766477","0","3981.639635","3982.675388759448","0.8971282576822694","0.68","8.22","100","0","NaN","0.0000","0.0000","0.0000","0.0000","0xb0bada5d45d939a03c6d211d24a61a4418d7cd13","true","-887272","887272","0","0","0","0","50"
"349649","-276331","-276330","1","1775.996857287518491617","2181.03921","0","3955.935719","3957.0360672875186","0.890657737075465","0.68","8.22","100","0","NaN","0.0000","0.0000","0.0000","0.0000","0xb0bada5d45d939a03c6d211d24a61a4418d7cd13","true","-887272","887272","0","0","0","0","50"
"363030","-276328","-276327","1","119.489092366788027757","1103.516131","0","1222.969022","1223.0052233667882","0.2776019764007592","0.68","8.28","100","0","3.653239155632093e-7","0.0000","0.0000","0.0000","0.0000","0x5370b3ca55bb561e7bc050c81848873b9bcebbec","0","0","0","0","0","0","0","0"
"196998","-276348","-276343","5","299.999999355399195188","80.76655","380.956097684894675658","0","380.7665493553992","0.08666523105844862","0.68","8.31","96","0","NaN","0.0000","0.0000","0.0000","0.0000","0x28165971e4d592ca6c45a3786786ec2f6b4b8d23","0","0","0","0","0","0","0","0"
"361674","-276328","-276326","2","5575.220515522958665058","4852.72076","0","10426.543166","10427.941275522959","4.690704522442051","0.67","8.21","100","0","NaN","0.0000","0.0000","0.0000","0.0000","0x7617452156f474836604c1a79c79c0627be5fe74","0","0","0","0","0","1","0","0"
"296441","-276339","-276338","1","521.891060939888361735","2298.705421","0","2819.862944","2820.5964819398887","0.6344650236752951","0.67","8.21","100","0","NaN","0.0000","0.0000","0.0000","0.0000","0xb0bada5d45d939a03c6d211d24a61a4418d7cd13","true","-887272","887272","0","0","0","0","100"
"349655","-276331","-276330","1","1250.994552587673100475","1536.302364","0","2786.521842","2787.296916587673","0.6271140793549989","0.67","8.21","100","0","NaN","0.0000","0.0000","0.0000","0.0000","0xb0bada5d45d939a03c6d211d24a61a4418d7cd13","true","-887272","887272","0","0","0","0","100"
"362882","-276328","-276327","1","142.756933017092558105","1312.413009","0","1455.126665","1455.1699420170926","0.32357421012529486","0.67","8.12","100","0","2.874009918940601e-8","0.0000","0.0000","0.0000","0.0000","0x86462590436713cf5292ae561ebaa94f75cd6e07","0","0","0","0","0","0","0","0"
"694545","-276318","-276317","1","497.226476711492645069","0","497.226476711492645068","0","497.22647671149264","0.11140727725751302","0.67","8.18","91","0","NaN","0.0000","0.0000","0.0000","0.0000","0xfa1457caf448c66ce3c2e619ccd4fcfd317b61f6","0","0","0","0","0","0","0","0"
"708070","-276314","-276313","1","25.801664524211195758","26.362489","52.137070808515728726","0","52.164153524211194","0.011656487344769113","0.67","8.16","87","0","NaN","0.0000","0.0000","0.0000","0.0000","0x93b82c49c2af67797977ae344c07884164e6a592","0","0","0","0","0","0","0","0"
"406282","-276329","-276328","1","39620.596398264424053814","3647.787097","43270.182714726674999901","0","43268.383495264425","19.08546208040468","0.66","8.05","80","0","NaN","0.0000","0.0000","0.0000","0.0000","0x1265156d15eccf173f39c41bbe028c95cc420388","0","0","0","0","0","0","0","0"
"281951","-276341","-276340","1","5463.166899240519794477","4441.066459","0","9895.363824","9904.233358240519","2.19228552892631","0.66","8.08","100","0","1.2536827131981454e-8","0.0000","0.0000","0.0000","0.0000","0xb0bada5d45d939a03c6d211d24a61a4418d7cd13","true","-887272","887272","0","0","0","0","100"
"296473","-276339","-276338","1","1689.353487350152473383","3312.679717","0","4999.638573","5002.033204350152","1.1068914548764703","0.66","8.08","100","0","NaN","0.0000","0.0000","0.0000","0.0000","0x29991b99815c3a97194445b19145b4b622bffd28","0","0","0","0","0","0","0","0"
"410387","-276329","-276328","1","5574.657420964412723405","4159.892385","9736.530219356343935534","0","9734.549805964412","4.21236565171873","0.65","7.90","99","0","NaN","0.0000","0.0000","0.0000","0.0000","0xb0bada5d45d939a03c6d211d24a61a4418d7cd13","true","-887272","887272","0","0","0","0","100"
"410388","-276329","-276328","1","4995.341653398861737777","3727.598332","8724.714595271627527277","0","8722.939985398862","3.77435300552352","0.65","7.90","99","0","NaN","0.0000","0.0000","0.0000","0.0000","0xb0bada5d45d939a03c6d211d24a61a4418d7cd13","true","-887272","887272","0","0","0","0","100"
"470902","-276323","-276321","2","1538.829657639339721671","7644.799345","0","9184.06897","9183.62900263934","1.9817248352402603","0.65","7.88","84","0","5.162015259685404e-9","0.0000","0.0000","0.0000","0.0000","0x7617452156f474836604c1a79c79c0627be5fe74","0","0","0","0","0","1","0","0"
"590254","-276314","-276313","1","7545.482366505371208014","1062.583629","8606.994643438423154638","0","8608.06599550537","1.8527023422333113","0.65","7.86","97","0","NaN","0.0000","0.0000","0.0000","0.0000","0xb0bada5d45d939a03c6d211d24a61a4418d7cd13","true","-887272","887272","0","0","0","0","100"
"387698","-276328","-276327","1","1343.090877957044142348","2132.830999","3476.704030461776990667","0","3475.921876957044","1.517807266696362","0.65","7.97","66","0","0.000001239438884859112","0.0000","0.0000","0.0000","0.0000","0x96f245034302a5a582a1d8e989a754e6e2260bf5","0","0","0","0","0","0","0","0"
"644692","-276319","-276318","1","498.182043912002899209","0","0","498.457423","498.1820439120029","0.10851168408186808","0.65","7.95","74","0","0.000001209274236302349","0.0000","0.0000","0.0000","0.0000","0xfa1457caf448c66ce3c2e619ccd4fcfd317b61f6","0","0","0","0","0","0","0","0"
"469779","-276322","-276321","1","5646.710371761645376","4051.547215","9697.35209422471902188","0","9698.257586761645","2.0703469069966487","0.64","7.79","95","0","7.826078229911104e-7","0.0000","0.0000","0.0000","0.0000","0xb0bada5d45d939a03c6d211d24a61a4418d7cd13","true","-887272","887272","0","0","0","0","100"
"590288","-276314","-276313","1","3845.980690878650963711","5773.852767","9613.874513026526859476","0","9619.83345787865","2.0523005526743234","0.64","7.79","98","0","8.659226446994239e-7","0.0000","0.0000","0.0000","0.0000","0xb0bada5d45d939a03c6d211d24a61a4418d7cd13","true","-887272","887272","0","0","0","0","100"
"604146","-276311","-276310","1","9438.478946420220249555","133.409621","9571.714811278051663824","0","9571.888567420221","2.037203176009766","0.64","7.77","100","0","7.694075820907642e-7","0.0000","0.0000","0.0000","0.0000","0xb0bada5d45d939a03c6d211d24a61a4418d7cd13","true","-887272","887272","0","0","0","0","100"
"469785","-276322","-276321","1","5058.277953078761257184","3629.343565","8686.810385522920161822","0","8687.621518078762","1.8531513610680757","0.64","7.79","95","0","7.826078229911104e-7","0.0000","0.0000","0.0000","0.0000","0xb0bada5d45d939a03c6d211d24a61a4418d7cd13","true","-887272","887272","0","0","0","0","100"
"604147","-276311","-276310","1","8444.979254896036131111","119.366848","8564.190636424758891194","0","8564.346102896036","1.8216659700264153","0.64","7.76","100","0","7.694075820907642e-7","0.0000","0.0000","0.0000","0.0000","0xb0bada5d45d939a03c6d211d24a61a4418d7cd13","true","-887272","887272","0","0","0","0","100"
"99341","-276401","-276301","100","502.340651923234603235","500.572778","529.976093838287363339","473.015617","1002.9134299232346","0.2142538898069839","0.64","7.80","100","0","NaN","0.0000","0.0000","0.0000","0.0000","0x3c9c796c1952ef0dac2a0c3419b2fd93c7fea15b","true","-887272","887272","0","0","50","49","100"
"301644","-276339","-276338","1","56.694576620681490482","50972.668639","0","51029.284049","51029.36321562069","10.68242100444192","0.63","7.64","100","0","NaN","0.0000","0.0000","0.0000","0.0000","0xb0bada5d45d939a03c6d211d24a61a4418d7cd13","true","-887272","887272","0","0","0","0","100"
"278979","-276335","-276334","1","2352.313233658541344764","8497.286392","7125.04612492826198976","3729.560606","10849.599625658542","2.2884615803181347","0.63","7.70","84","0","NaN","0.0000","0.0000","0.0000","0.0000","0x86462590436713cf5292ae561ebaa94f75cd6e07","0","0","0","0","0","0","0","0"
"469749","-276322","-276320","2","4063.237958754420755436","931.776477","0","4996.319712","4995.01443575442","2.0937978187546733","0.63","7.65","71","0","0.000001406284344529496","0.0000","0.0000","0.0000","0.0000","0xdcc5b9ba5ab98dc38477831ff359d81f911423eb","0","0","0","0","0","0","0","0"
"301645","-276339","-276338","1","10.975539184186567338","9867.831375","0","9878.791588","9878.806914184186","2.067144687790322","0.63","7.64","100","0","NaN","0.0000","0.0000","0.0000","0.0000","0xb0bada5d45d939a03c6d211d24a61a4418d7cd13","true","-887272","887272","0","0","0","0","100"
"474912","-276323","-276322","1","4767.484785213311382153","4928.649483","0","9696.983188","9696.13426821331","2.049605427556904","0.63","7.72","87","0","NaN","0.0000","0.0000","0.0000","0.0000","0xb0bada5d45d939a03c6d211d24a61a4418d7cd13","true","-887272","887272","0","0","0","0","100"
"694659","-276318","-276317","1","179.394931572138912763","9213.594266","9386.987060506488379073","0","9392.989197572138","1.9647715506754224","0.63","7.63","99","0","NaN","0.0000","0.0000","0.0000","0.0000","0xb0bada5d45d939a03c6d211d24a61a4418d7cd13","0","0","0","0","0","0","0","0"
"474914","-276323","-276322","1","4270.645723624234256997","4415.01479","0","8686.420964","8685.660513624234","1.8335834123165349","0.63","7.71","87","0","NaN","0.0000","0.0000","0.0000","0.0000","0xb0bada5d45d939a03c6d211d24a61a4418d7cd13","true","-887272","887272","0","0","0","0","100"
"694660","-276318","-276317","1","160.683608616271020081","8252.594218","8407.901726643197064005","0","8413.277826616271","1.7588336791304418","0.63","7.63","99","0","NaN","0.0000","0.0000","0.0000","0.0000","0xb0bada5d45d939a03c6d211d24a61a4418d7cd13","0","0","0","0","0","0","0","0"
"708903","-276318","-276317","1","3760.202958531227115961","4526.211368","0","8288.971806","8286.414326531227","1.7347693159789945","0.63","7.64","100","0","NaN","0.0000","0.0000","0.0000","0.0000","0xb0bada5d45d939a03c6d211d24a61a4418d7cd13","0","0","0","0","0","0","0","0"
"284016","-276340","-276339","1","5454.010373016005901135","502.220267","1463.167901346350179334","4486.896881","5956.230640016006","1.2427840591339492","0.63","7.62","100","0","1.2143794858587853e-7","0.0000","0.0000","0.0000","0.0000","0xb0bada5d45d939a03c6d211d24a61a4418d7cd13","true","-887272","887272","0","0","0","0","50"
"273969","-276340","-276339","1","2547.759312322623524842","2553.295594","0","5097.179571","5101.0549063226235","1.0730980601748121","0.63","7.68","85","0","NaN","0.0000","0.0000","0.0000","0.0000","0x66c0d9152209b51977047b9dc3b0b5bf2339b67c","true","-276425","-275371","1","1","0","0","100"
"301649","-276339","-276338","1","4.420605808202312324","3974.455556","0","3978.869989","3978.876161808202","0.8320623445295379","0.63","7.63","100","0","NaN","0.0000","0.0000","0.0000","0.0000","0xb0bada5d45d939a03c6d211d24a61a4418d7cd13","true","-887272","887272","0","0","0","0","50"
"301651","-276339","-276338","1","3.130696098456871384","2814.730162","0","2817.856486","2817.860858098457","0.589120085201085","0.63","7.63","100","0","NaN","0.0000","0.0000","0.0000","0.0000","0xb0bada5d45d939a03c6d211d24a61a4418d7cd13","true","-887272","887272","0","0","0","0","100"
"285776","-276340","-276339","1","239.632047353602470786","53.523122","0","292.786864","293.15516935360245","0.061331317113774084","0.63","7.64","67","0","8.680455687581912e-7","0.0000","0.0000","0.0000","0.0000","0xf0e6ab264de1b35979f71a9084ad4e23d42aa3c0","0","0","0","0","0","0","0","0"
"217826","-276347","-276346","1","3625.457719857019704771","6339.448327","0","9956.88306","9964.90604685702","2.057535675721985","0.62","7.54","100","0","NaN","0.0000","0.0000","0.0000","0.0000","0xb0bada5d45d939a03c6d211d24a61a4418d7cd13","true","-887272","887272","0","0","0","0","100"
"570928","-276318","-276317","1","5206.816104720303790903","4426.825155","9630.872790050850320189","0","9633.641259720305","2.0031688660730484","0.62","7.59","99","0","7.792087086677668e-7","0.0000","0.0000","0.0000","0.0000","0xb0bada5d45d939a03c6d211d24a61a4418d7cd13","true","-887272","887272","0","0","0","0","100"
"646771","-276319","-276318","1","7098.305448158399966945","2405.659513","0","9507.97853","9503.964961158401","1.9706687130031444","0.62","7.57","100","0","NaN","0.0000","0.0000","0.0000","0.0000","0xb0bada5d45d939a03c6d211d24a61a4418d7cd13","true","-887272","887272","0","0","0","0","100"
"570930","-276318","-276317","1","4662.151925259360113097","3963.752705","8623.425759046563527221","0","8625.90463025936","1.7927185728521846","0.62","7.59","99","0","7.792087086677668e-7","0.0000","0.0000","0.0000","0.0000","0xb0bada5d45d939a03c6d211d24a61a4418d7cd13","true","-887272","887272","0","0","0","0","100"
"646775","-276319","-276318","1","6351.038918460470836842","2152.406276","0","8507.036239","8503.445194460472","1.7623420468014854","0.62","7.56","100","0","NaN","0.0000","0.0000","0.0000","0.0000","0xb0bada5d45d939a03c6d211d24a61a4418d7cd13","true","-887272","887272","0","0","0","0","100"
"230131","-276352","-276351","1","4592.907890049996131783","5363.553664","0","9943.98467","9956.461554049996","2.011344062505629","0.61","7.37","100","0","NaN","0.0000","0.0000","0.0000","0.0000","0xb0bada5d45d939a03c6d211d24a61a4418d7cd13","true","-887272","887272","0","0","0","0","100"
"682236","-276315","-276314","1","0","4947.435464","4942.724799168240674731","0","4947.435464","2.0043503236596534","0.61","7.39","76","0","NaN","0.0000","0.0000","0.0000","0.0000","0x83fe9748fac353106c5c988b93ce229f895e0b02","0","0","0","0","0","0","0","0"
"483942","-276320","-276319","1","4968.707139972381985833","4721.036061","9687.727852806336848968","0","9689.743200972382","1.9355081548981763","0.60","7.29","87","0","8.215134794653522e-7","0.0000","0.0000","0.0000","0.0000","0xb0bada5d45d939a03c6d211d24a61a4418d7cd13","true","-887272","887272","0","0","0","0","100"
"708915","-276318","-276317","1","4307.695500501064824588","4939.426923","0","9250.049677","9247.122423501065","1.8440340814422647","0.60","7.28","100","0","3.6708214246061743e-8","0.0000","0.0000","0.0000","0.0000","0xb0bada5d45d939a03c6d211d24a61a4418d7cd13","0","0","0","0","0","0","0","0"
"483950","-276320","-276319","1","4450.78279641260947008","4228.928269","8677.905790969475240167","0","8679.711065412608","1.732075243751075","0.60","7.28","87","0","8.215134794653522e-7","0.0000","0.0000","0.0000","0.0000","0xb0bada5d45d939a03c6d211d24a61a4418d7cd13","true","-887272","887272","0","0","0","0","100"
"230132","-276352","-276351","1","1310.450737802903817243","1530.331769","0","2837.222596","2840.7825068029038","0.5720730138225444","0.60","7.35","100","0","NaN","0.0000","0.0000","0.0000","0.0000","0xb0bada5d45d939a03c6d211d24a61a4418d7cd13","true","-887272","887272","0","0","0","0","100"
"309215","-276338","-276337","1","11306.093465602060741179","39749.236148","2703.797980956676142218","48340.29001","51055.329613602065","20.163092893743638","0.59","7.21","99","0","3.2303922870013935e-7","0.0000","0.0000","0.0000","0.0000","0xb0bada5d45d939a03c6d211d24a61a4418d7cd13","true","-887272","887272","0","0","0","0","100"
"564816","-276318","-276317","1","885.780979424380565375","8756.003599","9636.112391458032993013","0","9641.78457842438","1.8992018856473356","0.59","7.19","79","0","NaN","0.0000","0.0000","0.0000","0.0000","0xb0bada5d45d939a03c6d211d24a61a4418d7cd13","true","-887272","887272","0","0","0","0","100"
"525976","-276317","-276315","2","2605.427006771550737181","6570.375482","9170.717712386033411073","0","9175.802488771551","1.8051652547916932","0.59","7.18","78","0","NaN","0.0000","0.0000","0.0000","0.0000","0x7617452156f474836604c1a79c79c0627be5fe74","0","0","0","0","0","1","0","0"
"564817","-276318","-276317","1","883.605033264370889385","7748.8565","8627.445845182261915793","0","8632.461533264372","1.6993883143126263","0.59","7.19","79","0","NaN","0.0000","0.0000","0.0000","0.0000","0xb0bada5d45d939a03c6d211d24a61a4418d7cd13","true","-887272","887272","0","0","0","0","100"
"301827","-276339","-276338","1","222.635478253832520832","4773.82055","0","4996.144664","4996.456028253833","0.9852566693282672","0.59","7.20","100","0","NaN","0.0000","0.0000","0.0000","0.0000","0x29991b99815c3a97194445b19145b4b622bffd28","0","0","0","0","0","0","0","0"
"324060","-276334","-276333","1","18327.511149094220802016","31759.735692","50117.928012879427342385","0","50087.246841094224","9.704391446180209","0.58","7.07","92","0","0.000001472281585535029","0.0000","0.0000","0.0000","0.0000","0xb0bada5d45d939a03c6d211d24a61a4418d7cd13","true","-887272","887272","0","0","0","0","100"
"324064","-276334","-276333","1","35113.169188912288284091","5749.688168","40868.553893912855910904","0","40862.85735691229","7.898242259723622","0.58","7.05","92","0","0.000001472281585535029","0.0000","0.0000","0.0000","0.0000","0xb0bada5d45d939a03c6d211d24a61a4418d7cd13","true","-887272","887272","0","0","0","0","100"
"298460","-276339","-276337","2","8943.024314078138869412","6327.499678","1882.61287181161069057","13378.2581","15270.523992078139","5.9554806969656235","0.58","7.12","100","0","9.036975612275455e-8","0.0000","0.0000","0.0000","0.0000","0x939c802836eb9018e4a9aeb89c638dfd89b4c462","true","-887272","887272","2","2","0","1","50"
"324070","-276334","-276333","1","8427.700838780841779846","1451.497737","9880.636203627251172653","0","9879.198575780842","1.906749026413115","0.58","7.04","92","0","0.000001475829858321731","0.0000","0.0000","0.0000","0.0000","0xb0bada5d45d939a03c6d211d24a61a4418d7cd13","true","-887272","887272","0","0","0","0","100"
"406630","-276330","-276329","1","134.835889853246086798","9599.259837","0","9734.028592","9734.095726853246","1.87165969143654","0.58","7.02","100","0","1.5594414648489874e-8","0.0000","0.0000","0.0000","0.0000","0xb0bada5d45d939a03c6d211d24a61a4418d7cd13","true","-887272","887272","0","0","0","0","100"
"410391","-276329","-276328","1","1618.987420353022869902","1208.112523","2327.021941906993568821","500.408652","2827.099943353023","1.0870711170552132","0.58","7.02","100","0","NaN","0.0000","0.0000","0.0000","0.0000","0xb0bada5d45d939a03c6d211d24a61a4418d7cd13","true","-887272","887272","0","0","0","0","100"
"324081","-276334","-276333","1","3394.279912949344557887","584.594744","3979.45366532298885532","0","3978.8746569493446","0.7660905700421636","0.58","7.03","92","0","0.000001475829858321731","0.0000","0.0000","0.0000","0.0000","0xb0bada5d45d939a03c6d211d24a61a4418d7cd13","true","-887272","887272","0","0","0","0","50"
"406633","-276330","-276329","1","39.159550621945252788","2787.853456","0","2826.993509","2827.013006621945","0.5424216590340485","0.58","7.00","100","0","1.5594414648489874e-8","0.0000","0.0000","0.0000","0.0000","0xb0bada5d45d939a03c6d211d24a61a4418d7cd13","true","-887272","887272","0","0","0","0","100"
"324090","-276334","-276333","1","2396.974677545490120554","412.829476","2810.213038074548024368","0","2809.80415354549","0.5401751198565578","0.58","7.02","92","0","0.000001475829858321731","0.0000","0.0000","0.0000","0.0000","0xb0bada5d45d939a03c6d211d24a61a4418d7cd13","true","-887272","887272","0","0","0","0","100"
"719315","-276316","-276315","1","0","495.708641","0","495.70864","495.708641","0.0966515999872733","0.58","7.12","62","0","NaN","0.0000","0.0000","0.0000","0.0000","0xfa1457caf448c66ce3c2e619ccd4fcfd317b61f6","0","0","0","0","0","0","0","0"
"406649","-276330","-276329","1","456.451503408634522854","32495.773855","13331.55072477341211518","19627.3453","32952.225358408636","6.261568749595761","0.57","6.94","100","0","7.164204229859195e-7","0.0000","0.0000","0.0000","0.0000","0xb0bada5d45d939a03c6d211d24a61a4418d7cd13","true","-887272","887272","0","0","0","0","100"
"606760","-276318","-276317","1","9557.273728286672032582","2.072555","0","9565.585606","9559.346283286673","1.8022170344961461","0.57","6.88","100","0","1.3772251117316614e-7","0.0000","0.0000","0.0000","0.0000","0xb0bada5d45d939a03c6d211d24a61a4418d7cd13","true","-887272","887272","0","0","0","0","100"
"412412","-276329","-276328","1","246.022313700158891277","184.680724","430.790945822079519892","0","430.7030377001589","0.16340942280696913","0.57","6.92","96","0","NaN","0.0000","0.0000","0.0000","0.0000","0x83fe9748fac353106c5c988b93ce229f895e0b02","0","0","0","0","0","0","0","0"
"654529","-276314","-276313","1","0","498.442465","497.918084809797599089","0","498.442465","0.093903039679401","0.57","6.88","100","0","NaN","0.0000","0.0000","0.0000","0.0000","0xfa1457caf448c66ce3c2e619ccd4fcfd317b61f6","0","0","0","0","0","0","0","0"
"349639","-276331","-276330","1","13790.467872788319708165","16935.588047","2765.68465991604011194","27953.498833","30726.05591978832","5.760534282058255","0.56","6.84","100","0","NaN","0.0000","0.0000","0.0000","0.0000","0xb0bada5d45d939a03c6d211d24a61a4418d7cd13","true","-887272","887272","0","0","0","0","100"
"703469","-276317","-276316","1","379.755964682606693844","8947.896726","0","9327.956832","9327.652690682607","1.7487171421542693","0.56","6.84","95","0","NaN","0.0000","0.0000","0.0000","0.0000","0xb0bada5d45d939a03c6d211d24a61a4418d7cd13","0","0","0","0","0","0","0","0"
"606761","-276318","-276317","1","1958.32357395036469173","6603.646936","0","8563.324506","8561.970509950364","1.6122267182333787","0.56","6.87","100","0","5.45280598451825e-8","0.0000","0.0000","0.0000","0.0000","0xb0bada5d45d939a03c6d211d24a61a4418d7cd13","true","-887272","887272","0","0","0","0","100"
"703470","-276317","-276316","1","2959.79684029461795321","5400.788861","0","8362.909743","8360.585701294618","1.567013975578289","0.56","6.84","95","0","NaN","0.0000","0.0000","0.0000","0.0000","0xb0bada5d45d939a03c6d211d24a61a4418d7cd13","0","0","0","0","0","0","0","0"
"399276","-276330","-276328","2","478.896481103314090502","509.31103","325.327419581712690133","662.806807","988.2075111033141","0.36605674304424746","0.56","6.76","100","0","NaN","0.0000","0.0000","0.0000","0.0000","0x154b4661a08eaffc746bdf7451a17ee50ee904cf","true","-887272","887272","0","0","1","0","100"
"77081","-276355","-276354","1","12764.666426241212990329","2756.6396","15529.832513107356686298","0","15521.306026241213","2.8295632839735503","0.55","6.65","88","0","NaN","0.0000","0.0000","0.0000","0.0000","0x97b73b8eaa8662381383a67e0dbcab67f78337dd","0","0","0","0","0","0","0","0"
"595768","-276317","-276315","2","3350.423374957442618151","3416.620069","0","6769.902809","6767.043443957443","2.4826541390076935","0.55","6.70","71","0","NaN","0.0000","0.0000","0.0000","0.0000","0x7617452156f474836604c1a79c79c0627be5fe74","0","0","0","0","0","1","0","0"
"247436","-276341","-276337","4","5291.347409191178122968","5679.330301","4165.860205954347990379","6803.164264","10970.67771019118","13.717294600149124","0.54","6.52","92","0","NaN","0.0000","0.0000","0.0000","0.0000","0x7617452156f474836604c1a79c79c0627be5fe74","0","0","0","0","0","2","1","0"
"484605","-276321","-276319","2","2454.916001185727357996","6726.474649","0","9182.559157","9181.390650185727","3.31295828751733","0.54","6.59","99","0","NaN","0.0000","0.0000","0.0000","0.0000","0x7617452156f474836604c1a79c79c0627be5fe74","0","0","0","0","0","1","0","0"
"489128","-276321","-276320","1","859.424065539124421944","8829.812302","0","9689.578647","9689.236367539124","1.7593871344712573","0.54","6.63","100","0","NaN","0.0000","0.0000","0.0000","0.0000","0xb0bada5d45d939a03c6d211d24a61a4418d7cd13","true","-887272","887272","0","0","0","0","100"
"489129","-276321","-276320","1","769.830757603270602973","7909.321331","0","8679.458686","8679.15208860327","1.5748919635067442","0.54","6.62","100","0","NaN","0.0000","0.0000","0.0000","0.0000","0xb0bada5d45d939a03c6d211d24a61a4418d7cd13","true","-887272","887272","0","0","0","0","100"
"404568","-276329","-276328","1","1425.601978587163858773","942.999346","2369.051639292772819444","0","2368.6013245871636","1.2829550435342778","0.54","6.59","77","0","NaN","0.0000","0.0000","0.0000","0.0000","0x96f245034302a5a582a1d8e989a754e6e2260bf5","0","0","0","0","0","0","0","0"
"327231","-276338","-276337","1","4318.412359863529399201","115390.288683","0","119703.083205","119708.70104286354","42.47900881341606","0.53","6.48","67","0","NaN","0.0000","0.0000","0.0000","0.0000","0x664d8f8f2417f52cbbf5bd82ba82eefc58a87f07","0","0","0","0","0","0","0","0"
"271987","-276340","-276339","1","8066.769214299604857401","7955.105403","8129.214376454604393526","7892.756817","16021.874617299603","2.8258268260332633","0.53","6.44","100","0","6.103138661117669e-7","0.0000","0.0000","0.0000","0.0000","0xf1bc5de15f4b56d9db4b3e6682832547d72844de","0","0","0","0","0","0","0","0"
"404353","-276330","-276328","2","296.102051152788210818","783.167335","0","1079.14364","1079.2693861527882","0.5735461121012468","0.53","6.47","98","0","NaN","0.0000","0.0000","0.0000","0.0000","0x96f245034302a5a582a1d8e989a754e6e2260bf5","0","0","0","0","0","0","0","0"
"166412","-276351","-276334","17","252.335466897739051665","283.452527","208.6951162261977597","327.019585","535.787993897739","0.18849022107805471","0.53","6.42","62","0","2.3741815180500225e-7","0.0000","0.0000","0.0000","0.0000","0x28165971e4d592ca6c45a3786786ec2f6b4b8d23","0","0","0","0","0","0","0","0"
"317952","-276338","-276337","1","27389.833248264420317136","22668.43816","0","50022.012706","50058.27140826442","8.724296930720985","0.52","6.36","100","0","7.154627890137988e-7","0.0000","0.0000","0.0000","0.0000","0xed78afd8acba4b56703c4c0ac6cdfa6b7433c1aa","0","0","0","0","0","0","0","0"
"244505","-276343","-276342","1","2628.498507425589056411","8103.769324","0","10727.515878","10732.26783142559","1.8712462631459714","0.52","6.36","72","0","NaN","0.0000","0.0000","0.0000","0.0000","0x97b73b8eaa8662381383a67e0dbcab67f78337dd","0","0","0","0","0","0","0","0"
"511964","-276314","-276313","1","9232.387499656238895023","433.008145","9664.960762412283289321","0","9665.395644656239","1.666107878498844","0.52","6.29","100","0","5.180022744077917e-7","0.0000","0.0000","0.0000","0.0000","0xb0bada5d45d939a03c6d211d24a61a4418d7cd13","true","-887272","887272","0","0","0","0","100"
"688746","-276317","-276316","1","221.324894932779900936","9186.188709","9400.613426535072885287","0","9407.51360393278","1.6410332712277493","0.52","6.37","100","0","NaN","0.0000","0.0000","0.0000","0.0000","0xb0bada5d45d939a03c6d211d24a61a4418d7cd13","0","0","0","0","0","0","0","0"
"511971","-276314","-276313","1","8270.900557579904081827","387.913452","8658.424417497649255215","0","8658.814009579904","1.4914545077802601","0.52","6.29","100","0","5.180022744077917e-7","0.0000","0.0000","0.0000","0.0000","0xb0bada5d45d939a03c6d211d24a61a4418d7cd13","true","-887272","887272","0","0","0","0","100"
"688737","-276317","-276316","1","198.229762583366578028","8227.614916","8419.664530942288948386","0","8425.844678583368","1.4716691984301615","0.52","6.38","100","0","NaN","0.0000","0.0000","0.0000","0.0000","0xb0bada5d45d939a03c6d211d24a61a4418d7cd13","0","0","0","0","0","0","0","0"
"293179","-276338","-276337","1","846.355639455199010269","4151.90709","5003.895475805447674547","0","4998.2627294551985","0.8645022222744554","0.52","6.31","89","0","NaN","0.0000","0.0000","0.0000","0.0000","0x29991b99815c3a97194445b19145b4b622bffd28","0","0","0","0","0","0","0","0"
"111020","-276357","-276354","3","89.904142201737215292","406.108271","0","495.740923","496.0124132017372","0.08637469773090838","0.52","6.36","30","0","3.1753710771909027e-9","0.0000","0.0000","0.0000","0.0000","0x154b4661a08eaffc746bdf7451a17ee50ee904cf","true","-887272","887272","0","0","1","1","100"
"231801","-276347","-276346","1","6009.36817309107889068","10897.33128","0","16893.400283","16906.699453091078","2.8713460433247002","0.51","6.20","100","0","3.180505858679794e-8","0.0000","0.0000","0.0000","0.0000","0xf1bc5de15f4b56d9db4b3e6682832547d72844de","0","0","0","0","0","0","0","0"
"447502","-276328","-276326","2","3547.84230077520421829","4959.225264","0","8506.219583","8507.067564775203","1.4483631274047002","0.51","6.21","100","0","8.791496419746636e-8","0.0000","0.0000","0.0000","0.0000","0x7617452156f474836604c1a79c79c0627be5fe74","0","0","0","0","0","1","0","0"
"512093","-276314","-276313","1","15654.82644466892507314","734.226911","16388.315951397513790787","0","16389.053355668926","2.749628136759366","0.50","6.12","100","0","5.180022744077917e-7","0.0000","0.0000","0.0000","0.0000","0xb0bada5d45d939a03c6d211d24a61a4418d7cd13","true","-887272","887272","0","0","0","0","100"
"324488","-276334","-276333","1","8711.093373793595305053","1522.940259","10235.541875875619642473","0","10234.033632793595","1.6981657197463957","0.50","6.06","97","0","NaN","0.0000","0.0000","0.0000","0.0000","0x7617452156f474836604c1a79c79c0627be5fe74","0","0","0","0","0","0","0","0"
"358614","-276329","-276328","1","2842.832165715575904937","6925.322036","0","9766.983529","9768.154201715575","1.6259239574688866","0.50","6.08","100","0","1.1342349282017494e-8","0.0000","0.0000","0.0000","0.0000","0xb0bada5d45d939a03c6d211d24a61a4418d7cd13","true","-887272","887272","0","0","0","0","100"
"654578","-276314","-276313","1","3456.450876634244438527","6037.563882","9487.772871682739216912","0","9494.014758634245","1.5670153931022373","0.50","6.02","100","0","8.930258199590924e-7","0.0000","0.0000","0.0000","0.0000","0xb0bada5d45d939a03c6d211d24a61a4418d7cd13","true","-887272","887272","0","0","0","0","100"
"679675","-276312","-276311","1","1085.772653829435001518","8353.248424","0","9440.430044","9439.021077829435","1.563100596025016","0.50","6.04","100","0","1.3603296267206133e-8","0.0000","0.0000","0.0000","0.0000","0xb0bada5d45d939a03c6d211d24a61a4418d7cd13","true","-887272","887272","0","0","0","0","100"
"698225","-276315","-276314","1","4533.9315562361359894","4826.955818","0","9365.325387","9360.887374236136","1.5545614043680183","0.50","6.06","100","0","5.991819262973763e-8","0.0000","0.0000","0.0000","0.0000","0xb0bada5d45d939a03c6d211d24a61a4418d7cd13","0","0","0","0","0","0","0","0"
"194313","-276344","-276341","3","5655.055080232222897062","3042.283599","8703.260842591397297427","0","8697.338679232224","1.4428986952979805","0.50","6.06","22","0","NaN","0.0000","0.0000","0.0000","0.0000","0x7617452156f474836604c1a79c79c0627be5fe74","0","0","0","0","0","1","1","0"
"679676","-276312","-276311","1","972.397865003629335908","7481.014469","0","8454.674178","8453.41233400363","1.3988232363921982","0.50","6.04","100","0","1.3603296267206133e-8","0.0000","0.0000","0.0000","0.0000","0xb0bada5d45d939a03c6d211d24a61a4418d7cd13","true","-887272","887272","0","0","0","0","100"
"698226","-276315","-276314","1","4063.089684521996763883","4325.683824","0","8392.750641","8388.773508521997","1.3919887988949864","0.50","6.06","100","0","8.330626410923969e-7","0.0000","0.0000","0.0000","0.0000","0xb0bada5d45d939a03c6d211d24a61a4418d7cd13","0","0","0","0","0","0","0","0"
"695803","-276317","-276316","1","8142.891236813807942012","256.01751","8398.728540198689341368","0","8398.908746813808","1.3872270391515966","0.50","6.03","100","0","1.284137240986638e-7","0.0000","0.0000","0.0000","0.0000","0xb0bada5d45d939a03c6d211d24a61a4418d7cd13","0","0","0","0","0","0","0","0"
"358616","-276329","-276328","1","1150.983624653161421198","2803.870153","0","3954.379804","3954.853777653161","0.6565543895152658","0.50","6.06","100","0","1.1342349282017494e-8","0.0000","0.0000","0.0000","0.0000","0xb0bada5d45d939a03c6d211d24a61a4418d7cd13","true","-887272","887272","0","0","0","0","50"
"358618","-276329","-276328","1","810.736692150400726437","1975.006737","0","2785.409569","2785.7434291504005","0.461754259338419","0.50","6.05","100","0","1.1342349282017494e-8","0.0000","0.0000","0.0000","0.0000","0xb0bada5d45d939a03c6d211d24a61a4418d7cd13","true","-887272","887272","0","0","0","0","100"
"342096","-276338","-276328","10","215.369012644748084784","177.229749","0","392.454191","392.5987616447481","0.13211354420726773","0.50","6.14","100","0","NaN","0.0000","0.0000","0.0000","0.0000","0xd33a97de61e09d26937dd8cf5f7fb511b82ddcc6","0","0","0","0","0","0","0","0"
"363327","-276328","-276327","1","0.795991785370685893","4.46018","0","5.255928","5.256171785370686","0.0008789702325949209","0.50","6.10","100","0","NaN","0.0000","0.0000","0.0000","0.0000","0xacf89c236462a336917817b1d91fde5488ffb3ac","0","0","0","0","0","0","0","0"
"196712","-276347","-276346","1","1344.179867873174111879","14543.5384","14954.828624040857711299","963.457891","15887.718267873173","2.5741112372246757","0.49","5.91","89","0","NaN","0.0000","0.0000","0.0000","0.0000","0xb0bada5d45d939a03c6d211d24a61a4418d7cd13","true","-887272","887272","0","0","0","0","100"
"654580","-276314","-276313","1","3092.277287658731463501","5401.44279","8488.135838961549155894","0","8493.72007765873","1.4010472872183737","0.49","6.02","100","0","4.137287845651372e-7","0.0000","0.0000","0.0000","0.0000","0xb0bada5d45d939a03c6d211d24a61a4418d7cd13","true","-887272","887272","0","0","0","0","100"
"365298","-276327","-276326","1","129.933048929147555961","24.109647","0","154.011578","154.04269592914756","0.050812828035323936","0.49","6.02","75","0","9.304311099356255e-7","0.0000","0.0000","0.0000","0.0000","0xe129b33bf847531bc898f30806ae7ba1e75ddf59","0","0","0","0","0","0","0","0"
"113835","-276355","-276352","3","10757.177209766594059995","19836.689025","14781.740287848917767113","15823.867046","30593.866234766596","4.88223664677432","0.48","5.82","100","0","NaN","0.0000","0.0000","0.0000","0.0000","0x97b73b8eaa8662381383a67e0dbcab67f78337dd","0","0","0","0","0","0","0","0"
"247855","-276340","-276339","1","7206.937767855771326172","9782.415657","17004.708593026872318282","0","16989.35342485577","2.700207939405757","0.48","5.80","64","0","NaN","0.0000","0.0000","0.0000","0.0000","0xf1bc5de15f4b56d9db4b3e6682832547d72844de","0","0","0","0","0","0","0","0"
"334452","-276338","-276337","1","2296.797163576972809744","7557.640636","0","9851.433414","9854.437799576972","1.5788669636023491","0.48","5.85","93","0","NaN","0.0000","0.0000","0.0000","0.0000","0xb0bada5d45d939a03c6d211d24a61a4418d7cd13","true","-887272","887272","0","0","0","0","100"
"334454","-276338","-276337","1","925.176525501686482695","3044.305268","0","3968.271592","3969.4817935016863","0.6357282900177087","0.48","5.85","93","0","NaN","0.0000","0.0000","0.0000","0.0000","0xb0bada5d45d939a03c6d211d24a61a4418d7cd13","true","-887272","887272","0","0","0","0","50"
"334455","-276338","-276337","1","653.334904691036209401","2149.806915","0","2802.287207","2803.1418196910363","0.4487887831146268","0.48","5.84","93","0","NaN","0.0000","0.0000","0.0000","0.0000","0xb0bada5d45d939a03c6d211d24a61a4418d7cd13","true","-887272","887272","0","0","0","0","100"
"664905","-276316","-276314","2","72.888645557418401549","978.857056","0","1051.818304","1051.7457015574184","0.3365074663988088","0.48","5.84","98","0","NaN","0.0000","0.0000","0.0000","0.0000","0xf50ba81a48d10ff5ddb1beef871008e1ddc4aaee","0","0","0","0","0","0","0","0"
"296946","-276339","-276337","2","197.695296837375303792","42.707806","0","240.130569","240.40310283737531","0.15319879014283708","0.48","5.81","88","0","0.000002889341665923695","0.0000","0.0000","0.0000","0.0000","0xfd1d918196c4586a7d58cb75f1acae330ff5f348","0","0","0","0","0","0","0","0"
"298750","-276338","-276337","1","49628.907325277893481432","1461.932758","51092.882140417807053624","0","51090.84008327789","8.014662174307341","0.47","5.73","83","0","5.197779096022259e-7","0.0000","0.0000","0.0000","0.0000","0xb0bada5d45d939a03c6d211d24a61a4418d7cd13","true","-887272","887272","0","0","0","0","100"
"366442","-276327","-276326","1","3973.053539819445655057","45430.801815","0","49403.054092","49403.85535481945","7.760902665599331","0.47","5.73","76","0","1.8243184740640572e-10","0.0000","0.0000","0.0000","0.0000","0x1265156d15eccf173f39c41bbe028c95cc420388","0","0","0","0","0","0","0","0"
"298753","-276338","-276337","1","9614.154485973929486558","281.294183","9895.841590977407721967","0","9895.44866897393","1.5529045169291698","0.47","5.73","83","0","7.971223681124684e-9","0.0000","0.0000","0.0000","0.0000","0xb0bada5d45d939a03c6d211d24a61a4418d7cd13","true","-887272","887272","0","0","0","0","100"
"393854","-276328","-276327","1","1118.365571894055690475","8621.196246","9742.606310702817918268","0","9739.561817894055","1.536275036238457","0.47","5.76","98","0","0.0000010263937699761527","0.0000","0.0000","0.0000","0.0000","0xb0bada5d45d939a03c6d211d24a61a4418d7cd13","true","-887272","887272","0","0","0","0","100"
"480742","-276321","-276320","1","3011.162152738866205826","6681.149715","0","9693.477674","9692.311867738867","1.5313523052409275","0.47","5.77","100","0","8.73663363876176e-9","0.0000","0.0000","0.0000","0.0000","0xb0bada5d45d939a03c6d211d24a61a4418d7cd13","true","-887272","887272","0","0","0","0","100"
"677381","-276305","-276304","1","5383.786187885424175399","4070.863412","0","9465.287958","9454.649599885424","1.4777905941735603","0.47","5.71","100","0","NaN","0.0000","0.0000","0.0000","0.0000","0xb0bada5d45d939a03c6d211d24a61a4418d7cd13","true","-887272","887272","0","0","0","0","100"
"680186","-276310","-276309","1","4687.854554303705329742","4741.315363","9422.405589080463079005","0","9429.169917303705","1.4747530927172903","0.47","5.71","100","0","NaN","0.0000","0.0000","0.0000","0.0000","0xb0bada5d45d939a03c6d211d24a61a4418d7cd13","true","-887272","887272","0","0","0","0","100"
"710575","-276316","-276315","1","7860.140826739948390185","1377.860671","0","9244.764545","9238.001497739948","1.442916131149227","0.47","5.70","100","0","NaN","0.0000","0.0000","0.0000","0.0000","0xb0bada5d45d939a03c6d211d24a61a4418d7cd13","0","0","0","0","0","0","0","0"
"719330","-276316","-276315","1","2.18124281129375598","9202.799597","0","9204.982808","9204.980839811293","1.4340950527366982","0.47","5.69","64","0","NaN","0.0000","0.0000","0.0000","0.0000","0xb0bada5d45d939a03c6d211d24a61a4418d7cd13","0","0","0","0","0","0","0","0"
"480744","-276321","-276320","1","2697.308476857399429077","5984.772938","0","8683.125708","8682.081414857399","1.37023573900954","0.47","5.76","100","0","8.73663363876176e-9","0.0000","0.0000","0.0000","0.0000","0xb0bada5d45d939a03c6d211d24a61a4418d7cd13","true","-887272","887272","0","0","0","0","100"
"677382","-276305","-276304","1","4821.251913431381027731","3645.51216","0","8476.290864","8466.76407343138","1.3224682281430917","0.47","5.70","100","0","NaN","0.0000","0.0000","0.0000","0.0000","0xb0bada5d45d939a03c6d211d24a61a4418d7cd13","true","-887272","887272","0","0","0","0","100"
"680188","-276310","-276309","1","4198.588563729277255343","4246.469729","8438.999949947911032075","0","8445.058292729278","1.3198919229452306","0.47","5.70","100","0","NaN","0.0000","0.0000","0.0000","0.0000","0xb0bada5d45d939a03c6d211d24a61a4418d7cd13","true","-887272","887272","0","0","0","0","100"
"691004","-276318","-276317","1","5636.044923521401038667","2783.83671","0","8423.654168","8419.881633521401","1.3160683670941837","0.47","5.71","100","0","2.3373836199880316e-8","0.0000","0.0000","0.0000","0.0000","0xb0bada5d45d939a03c6d211d24a61a4418d7cd13","0","0","0","0","0","0","0","0"
"710576","-276316","-276315","1","7042.954267096122561043","1234.610156","0","8283.624344","8277.564423096122","1.2921620724823402","0.47","5.70","100","0","NaN","0.0000","0.0000","0.0000","0.0000","0xb0bada5d45d939a03c6d211d24a61a4418d7cd13","0","0","0","0","0","0","0","0"
"719331","-276316","-276315","1","1.955447576642541544","8250.155405","0","8252.112618","8252.110852576641","1.2847961565907544","0.47","5.68","62","0","NaN","0.0000","0.0000","0.0000","0.0000","0xb0bada5d45d939a03c6d211d24a61a4418d7cd13","0","0","0","0","0","0","0","0"
"298755","-276338","-276337","1","3872.344329341285266177","113.29836","3985.800948464696760011","0","3985.6426893412854","0.6252303065980995","0.47","5.73","83","0","7.971223681124684e-9","0.0000","0.0000","0.0000","0.0000","0xb0bada5d45d939a03c6d211d24a61a4418d7cd13","true","-887272","887272","0","0","0","0","50"
"393859","-276328","-276327","1","328.815601745769814274","2499.842631","2829.541163354306888545","0","2828.65823274577","0.44429834826804165","0.47","5.73","98","0","0.0000010263937699761527","0.0000","0.0000","0.0000","0.0000","0xb0bada5d45d939a03c6d211d24a61a4418d7cd13","true","-887272","887272","0","0","0","0","100"
"298756","-276338","-276337","1","2742.435971868097735647","80.239119","2822.787171830604717142","0","2822.6750908680974","0.4426883550376667","0.47","5.72","83","0","7.971223681124684e-9","0.0000","0.0000","0.0000","0.0000","0xb0bada5d45d939a03c6d211d24a61a4418d7cd13","true","-887272","887272","0","0","0","0","100"
"196717","-276347","-276346","1","235.91127860457230049","2552.474428","2794.138987932804016214","0","2788.385706604572","0.43261273971023084","0.47","5.66","89","0","NaN","0.0000","0.0000","0.0000","0.0000","0xb0bada5d45d939a03c6d211d24a61a4418d7cd13","true","-887272","887272","0","0","0","0","100"
"307929","-276339","-276338","1","2885.682749046785676297","6992.540222","0","9874.151617","9878.222971046785","1.5049263315961052","0.46","5.56","100","0","1.433091201263892e-7","0.0000","0.0000","0.0000","0.0000","0xb0bada5d45d939a03c6d211d24a61a4418d7cd13","true","-887272","887272","0","0","0","0","100"
"695802","-276317","-276316","1","9092.333441083418685156","285.868557","9378.000779795553106158","0","9378.20199808342","1.4472624728192467","0.46","5.63","100","0","7.353877506943718e-7","0.0000","0.0000","0.0000","0.0000","0xb0bada5d45d939a03c6d211d24a61a4418d7cd13","0","0","0","0","0","0","0","0"
"701092","-276313","-276312","1","5371.908251550444041203","3976.148689","9343.590891760537073913","0","9348.056940550445","1.4328173594213347","0.46","5.59","100","0","7.394464707211057e-7","0.0000","0.0000","0.0000","0.0000","0xb0bada5d45d939a03c6d211d24a61a4418d7cd13","0","0","0","0","0","0","0","0"
"691022","-276318","-276317","1","5770.759542573605767843","3630.243199","0","9404.881478","9401.002741573606","1.4288205984638664","0.46","5.55","100","0","NaN","0.0000","0.0000","0.0000","0.0000","0xb0bada5d45d939a03c6d211d24a61a4418d7cd13","0","0","0","0","0","0","0","0"
"701093","-276313","-276312","1","8286.825739897111045887","90.010012","8376.736514306994717002","0","8376.835751897112","1.2838897737420754","0.46","5.59","100","0","7.394464707211057e-7","0.0000","0.0000","0.0000","0.0000","0xb0bada5d45d939a03c6d211d24a61a4418d7cd13","0","0","0","0","0","0","0","0"
"298845","-276338","-276337","1","4736.285572273967513214","268.218773","5004.878664949123600522","0","5004.504345273967","0.760572855567613","0.46","5.55","81","0","5.312729034478991e-7","0.0000","0.0000","0.0000","0.0000","0x29991b99815c3a97194445b19145b4b622bffd28","0","0","0","0","0","0","0","0"
"307932","-276339","-276338","1","1162.237676936410371767","2816.315725","0","3976.913623","3978.5534019364104","0.6043925043214519","0.46","5.54","100","0","1.433091201263892e-7","0.0000","0.0000","0.0000","0.0000","0xb0bada5d45d939a03c6d211d24a61a4418d7cd13","true","-887272","887272","0","0","0","0","50"
"101213","-276356","-276355","1","19211.221507600984808315","14094.422304","33350.202889863319770316","0","33305.64381160098","9.954485739520457","0.45","5.45","66","0","6.017651155154624e-7","0.0000","0.0000","0.0000","0.0000","0x664d8f8f2417f52cbbf5bd82ba82eefc58a87f07","0","0","0","0","0","0","0","0"
"340547","-276335","-276333","2","3929.21377636768950424","6233.368017","10169.042561322383431884","0","10162.58179336769","1.5344900768851735","0.45","5.51","100","0","NaN","0.0000","0.0000","0.0000","0.0000","0x7617452156f474836604c1a79c79c0627be5fe74","0","0","0","0","0","1","0","0"
"702901","-276314","-276313","1","8964.196052772751462389","361.854585","9325.687325832064746085","0","9326.05063777275","1.3945363316778048","0.45","5.46","77","0","NaN","0.0000","0.0000","0.0000","0.0000","0xb0bada5d45d939a03c6d211d24a61a4418d7cd13","0","0","0","0","0","0","0","0"
"710206","-276315","-276314","1","5164.339642855199657789","4078.184829","9238.75532885952824338","0","9242.524471855198","1.3839783414833104","0.45","5.47","60","0","6.21447682203069e-7","0.0000","0.0000","0.0000","0.0000","0xb0bada5d45d939a03c6d211d24a61a4418d7cd13","0","0","0","0","0","0","0","0"
"702902","-276314","-276313","1","8036.615316766342941673","324.411256","8360.700854927596448383","0","8361.026572766343","1.2487439253497519","0.45","5.45","77","0","NaN","0.0000","0.0000","0.0000","0.0000","0xb0bada5d45d939a03c6d211d24a61a4418d7cd13","0","0","0","0","0","0","0","0"
"710207","-276315","-276314","1","4627.43563730361480743","3654.201528","8278.259876311538199792","0","8281.637165303615","1.239397176225746","0.45","5.46","60","0","6.276849595643341e-7","0.0000","0.0000","0.0000","0.0000","0xb0bada5d45d939a03c6d211d24a61a4418d7cd13","0","0","0","0","0","0","0","0"
"307933","-276339","-276338","1","823.093901541020902514","1994.50796","0","2816.440574","2817.6018615410208","0.42725624488257735","0.45","5.53","100","0","1.433091201263892e-7","0.0000","0.0000","0.0000","0.0000","0xb0bada5d45d939a03c6d211d24a61a4418d7cd13","true","-887272","887272","0","0","0","0","100"
"307946","-276339","-276338","1","14912.414095795359713082","36135.523008","0","51026.897467","51047.93710379535","7.550447036038863","0.44","5.40","100","0","4.619193916255426e-8","0.0000","0.0000","0.0000","0.0000","0xb0bada5d45d939a03c6d211d24a61a4418d7cd13","true","-887272","887272","0","0","0","0","100"
"334449","-276338","-276337","1","9503.858619404931582724","31272.569141","5102.575977133488729041","35668.106025","40776.42776040493","6.0286457066007495","0.44","5.40","93","0","NaN","0.0000","0.0000","0.0000","0.0000","0xb0bada5d45d939a03c6d211d24a61a4418d7cd13","true","-887272","887272","0","0","0","0","100"
"708171","-276317","-276316","1","1616.139864163077621405","7653.40275","0","9270.826146","9269.542614163078","1.3622175628628872","0.44","5.36","100","0","9.527600930425706e-10","0.0000","0.0000","0.0000","0.0000","0xb0bada5d45d939a03c6d211d24a61a4418d7cd13","0","0","0","0","0","0","0","0"
"551901","-276319","-276318","1","7181.157098763042372417","1461.247577","8641.658068816939315702","0","8642.404675763042","1.2665702716056653","0.44","5.35","100","0","6.879589231623129e-7","0.0000","0.0000","0.0000","0.0000","0xb0bada5d45d939a03c6d211d24a61a4418d7cd13","true","-887272","887272","0","0","0","0","100"
"708172","-276317","-276316","1","1448.833341863995221916","6861.104864","0","8311.088864","8309.938205863995","1.2204997016163532","0.44","5.36","100","0","9.527600930425706e-10","0.0000","0.0000","0.0000","0.0000","0xb0bada5d45d939a03c6d211d24a61a4418d7cd13","0","0","0","0","0","0","0","0"
"691038","-276317","-276316","1","497.286146438383857818","0","0","497.660548","497.28614643838387","0.07248346178405819","0.44","5.32","45","0","NaN","0.0000","0.0000","0.0000","0.0000","0xfa1457caf448c66ce3c2e619ccd4fcfd317b61f6","0","0","0","0","0","0","0","0"
"232823","-276346","-276345","1","7407.769518932310215835","9520.495131","0","16912.577673","16928.26464993231","2.413616934327771","0.43","5.20","84","0","4.4292980394544657e-8","0.0000","0.0000","0.0000","0.0000","0xf1bc5de15f4b56d9db4b3e6682832547d72844de","0","0","0","0","0","0","0","0"
"241431","-276345","-276341","4","3846.500648551183146567","7084.704199","0","10924.411935","10931.204847551184","1.5703940687218085","0.43","5.24","97","0","NaN","0.0000","0.0000","0.0000","0.0000","0x7617452156f474836604c1a79c79c0627be5fe74","0","0","0","0","0","2","1","0"
"551954","-276319","-276318","1","7632.347421824986482936","2018.50286","9649.814910686228775041","0","9650.850281824987","1.3878003401120433","0.43","5.25","100","0","5.717192386178738e-7","0.0000","0.0000","0.0000","0.0000","0xb0bada5d45d939a03c6d211d24a61a4418d7cd13","true","-887272","887272","0","0","0","0","100"
"589300","-276315","-276313","2","4017.501052008982200757","3988.81979","8002.523729750025001625","0","8006.320842008982","1.1499029829352994","0.43","5.24","100","0","4.2019685508876137e-7","0.0000","0.0000","0.0000","0.0000","0x7617452156f474836604c1a79c79c0627be5fe74","0","0","0","0","0","1","0","0"
"699120","-276310","-276308","2","52.791696492451099422","10.945095","63.721263499202874417","0","63.736791492451104","0.046047209183142604","0.43","5.27","1","0","NaN","0.0000","0.0000","0.0000","0.0000","0xfff81df58b94d3d4a4e07a77d6bf2f5c3034b092","0","0","0","0","0","0","0","0"
"222944","-276346","-276345","1","55.885524692561107472","15.49383","59.61792983645580047","11.769545","71.37935469256111","0.010233523821184956","0.43","5.23","100","0","4.417133325773648e-10","0.0000","0.0000","0.0000","0.0000","0xa7bf8f67045ef716ee87ded1faadff10f226c02d","true","-887272","887272","0","0","0","0","100"
"579566","-276319","-276317","2","23.840271252445072035","15.024184","0","38.879747","38.86445525244507","0.005618867051351948","0.43","5.28","61","0","NaN","0.0000","0.0000","0.0000","0.0000","0xac55759ea0df2067c3b9723eac3896ef4fd31f49","0","0","0","0","0","0","0","0"
"346856","-276332","-276331","1","15415.642487626339893859","15345.105711","30772.604805610141422082","0","30760.748198626337","4.336293078453934","0.42","5.15","100","0","6.09704187137794e-7","0.0000","0.0000","0.0000","0.0000","0xb0bada5d45d939a03c6d211d24a61a4418d7cd13","true","-887272","887272","0","0","0","0","100"
"346859","-276332","-276331","1","4928.703576941423048669","4906.151493","9838.645875379867448735","0","9834.855069941423","1.3829129705397267","0.42","5.13","100","0","6.09704187137794e-7","0.0000","0.0000","0.0000","0.0000","0xb0bada5d45d939a03c6d211d24a61a4418d7cd13","true","-887272","887272","0","0","0","0","100"
"557036","-276320","-276319","1","9544.862897341226776774","101.793901","9646.615768279988073744","0","9646.656798341228","1.3648788851055915","0.42","5.16","73","0","NaN","0.0000","0.0000","0.0000","0.0000","0xb0bada5d45d939a03c6d211d24a61a4418d7cd13","true","-887272","887272","0","0","0","0","100"
"540009","-276319","-276318","1","8977.081721936357420821","681.043067","9657.780171203830485842","0","9658.124788936359","1.3563414843178412","0.42","5.13","100","0","NaN","0.0000","0.0000","0.0000","0.0000","0xb0bada5d45d939a03c6d211d24a61a4418d7cd13","true","-887272","887272","0","0","0","0","100"
"557037","-276320","-276319","1","8546.814928298744475114","91.149935","8637.928123500208275968","0","8637.964863298745","1.22135541306187","0.42","5.16","73","0","NaN","0.0000","0.0000","0.0000","0.0000","0xb0bada5d45d939a03c6d211d24a61a4418d7cd13","true","-887272","887272","0","0","0","0","100"
"540016","-276319","-276318","1","8040.999383253397499714","610.027518","8650.718218425220065211","0","8651.026901253397","1.2138956169398294","0.42","5.12","100","0","NaN","0.0000","0.0000","0.0000","0.0000","0xb0bada5d45d939a03c6d211d24a61a4418d7cd13","true","-887272","887272","0","0","0","0","100"
"346860","-276332","-276331","1","1985.392438296576005952","1976.307953","3963.227412466712296077","0","3961.700391296576","0.5566874467056643","0.42","5.13","100","0","0.000003108414714514396","0.0000","0.0000","0.0000","0.0000","0xb0bada5d45d939a03c6d211d24a61a4418d7cd13","true","-887272","887272","0","0","0","0","50"
"346861","-276332","-276331","1","1395.137572319169782257","1395.738749","2791.954670475020546516","0","2790.8763213191696","0.39187328835168334","0.42","5.13","100","0","0.0000031378542764137762","0.0000","0.0000","0.0000","0.0000","0xb0bada5d45d939a03c6d211d24a61a4418d7cd13","true","-887272","887272","0","0","0","0","100"
"416388","-276329","-276328","1","596.186771937838153356","404.882042","1001.262030970443548007","0","1001.0688139378381","0.28237192885627793","0.42","5.15","89","0","NaN","0.0000","0.0000","0.0000","0.0000","0xbee3d63539911929c671e6c39d1be5a0eaaaa6c7","0","0","0","0","0","0","0","0"
"77339","-276355","-276354","1","9610.52437365223699641","20003.587281","29675.479463371117618614","0","29614.11165465224","4.031070349114108","0.41","4.97","81","0","NaN","0.0000","0.0000","0.0000","0.0000","0x664d8f8f2417f52cbbf5bd82ba82eefc58a87f07","0","0","0","0","0","0","0","0"
"121720","-276353","-276352","1","3321.721500317894013566","11910.337099","15266.148019739452608217","0","15232.058599317894","2.085986094597195","0.41","5.00","78","0","0.0000014517689939097522","0.0000","0.0000","0.0000","0.0000","0x97b73b8eaa8662381383a67e0dbcab67f78337dd","0","0","0","0","0","0","0","0"
"691985","-276317","-276316","1","6625.801454621954519218","2771.296461","0","9402.18413","9397.097915621955","1.287764117702497","0.41","5.00","94","0","9.05985730881298e-8","0.0000","0.0000","0.0000","0.0000","0xb0bada5d45d939a03c6d211d24a61a4418d7cd13","0","0","0","0","0","0","0","0"
"691986","-276317","-276316","1","5934.982212839589132651","2482.355578","0","8421.893707","8417.337790839589","1.152603664012873","0.41","5.00","94","0","9.05985730881298e-8","0.0000","0.0000","0.0000","0.0000","0xb0bada5d45d939a03c6d211d24a61a4418d7cd13","0","0","0","0","0","0","0","0"
"386859","-276328","-276326","2","647.138361181490692898","387.713075","1034.990978647561339848","0","1034.8514361814907","0.2826849409487928","0.41","4.99","99","0","NaN","0.0000","0.0000","0.0000","0.0000","0x154b4661a08eaffc746bdf7451a17ee50ee904cf","true","-887272","887272","0","0","1","0","100"
"218051","-276347","-276346","1","20193.191933012457926408","58502.240591","0","78650.853754","78695.43252401246","10.412697310735203","0.40","4.83","100","0","NaN","0.0000","0.0000","0.0000","0.0000","0x1bc8c6c06a43e3fbb2ebc613e0ebc0ecb95b5937","0","0","0","0","0","0","0","0"
"505106","-276315","-276313","2","7818.128013861853723766","1355.214613","9172.09997756066282398","0","9173.342626861853","2.456113798862982","0.40","4.89","77","0","NaN","0.0000","0.0000","0.0000","0.0000","0x7617452156f474836604c1a79c79c0627be5fe74","0","0","0","0","0","1","0","0"
"624490","-276321","-276320","1","5433.095717744737038405","4088.683271","9520.454087194330080423","0","9521.778988744736","1.2803353957545593","0.40","4.91","100","0","NaN","0.0000","0.0000","0.0000","0.0000","0xb0bada5d45d939a03c6d211d24a61a4418d7cd13","true","-887272","887272","0","0","0","0","100"
"684903","-276316","-276315","1","7306.154443615408429019","2107.192303","0","9419.660427","9413.346746615407","1.2707958680258096","0.40","4.93","100","0","7.438348825772323e-8","0.0000","0.0000","0.0000","0.0000","0xb0bada5d45d939a03c6d211d24a61a4418d7cd13","0","0","0","0","0","0","0","0"
"676839","-276308","-276307","1","4570.4856197110672998","4887.918041","0","9466.081106","9458.403660711068","1.2553462385682772","0.40","4.84","94","0","NaN","0.0000","0.0000","0.0000","0.0000","0xb0bada5d45d939a03c6d211d24a61a4418d7cd13","true","-887272","887272","0","0","0","0","100"
"624495","-276321","-276320","1","4860.565439338851988681","3657.824863","8517.205016634165811565","0","8518.390302338852","1.1442586684903988","0.40","4.90","100","0","NaN","0.0000","0.0000","0.0000","0.0000","0xb0bada5d45d939a03c6d211d24a61a4418d7cd13","true","-887272","887272","0","0","0","0","100"
"684905","-276316","-276315","1","6543.341417296247652624","1887.186861","0","8436.182767","8430.528278296248","1.1371731508133545","0.40","4.92","100","0","7.438348825772323e-8","0.0000","0.0000","0.0000","0.0000","0xb0bada5d45d939a03c6d211d24a61a4418d7cd13","0","0","0","0","0","0","0","0"
"103083","-276356","-276355","1","485.57310649413646907","520.288867","690.340298752102209689","316.167982","1005.8619734941365","0.13286528628823924","0.40","4.82","100","0","NaN","0.0000","0.0000","0.0000","0.0000","0x3c9c796c1952ef0dac2a0c3419b2fd93c7fea15b","true","-887272","887272","0","0","0","0","100"
"270178","-276341","-276340","1","4.762713148041691767","14.458263","0","19.213316","19.220976148041693","0.002589410341331701","0.40","4.92","100","0","2.3731759890566195e-7","0.0000","0.0000","0.0000","0.0000","0xf0e6ab264de1b35979f71a9084ad4e23d42aa3c0","0","0","0","0","0","0","0","0"
"429443","-276330","-276329","1","739.754168762346560868","8990.236235","9734.946540730523149486","0","9729.990403762347","1.2612376314766056","0.39","4.73","97","0","0.0000010545019524244026","0.0000","0.0000","0.0000","0.0000","0xb0bada5d45d939a03c6d211d24a61a4418d7cd13","true","-887272","887272","0","0","0","0","100"
"493937","-276320","-276319","1","5541.117156047195374725","4144.516201","9683.87640270716250483","0","9685.633357047196","1.252085773685442","0.39","4.72","84","0","NaN","0.0000","0.0000","0.0000","0.0000","0xb0bada5d45d939a03c6d211d24a61a4418d7cd13","true","-887272","887272","0","0","0","0","100"
"429446","-276330","-276329","1","662.868439826249023537","8055.843574","8723.153038856438256823","0","8718.712013826249","1.1289171437366","0.39","4.73","97","0","0.0000010545019524244026","0.0000","0.0000","0.0000","0.0000","0xb0bada5d45d939a03c6d211d24a61a4418d7cd13","true","-887272","887272","0","0","0","0","100"
"493942","-276320","-276319","1","5053.737772847557220539","3622.170589","8674.374725142617917906","0","8675.908361847558","1.1202782551570092","0.39","4.71","85","0","NaN","0.0000","0.0000","0.0000","0.0000","0xb0bada5d45d939a03c6d211d24a61a4418d7cd13","true","-887272","887272","0","0","0","0","100"
"676845","-276308","-276307","1","8326.379751667997311537","137.696504","0","8477.854257","8464.076255667997","1.112652422637094","0.39","4.80","94","0","NaN","0.0000","0.0000","0.0000","0.0000","0xb0bada5d45d939a03c6d211d24a61a4418d7cd13","true","-887272","887272","0","0","0","0","100"
"226779","-276350","-276349","1","21280.646944032957517821","8101.643539","0","29328.44596","29382.290483032957","7.353524212543633","0.38","4.57","25","0","0.0000035841844936435052","0.0000","0.0000","0.0000","0.0000","0x1bc8c6c06a43e3fbb2ebc613e0ebc0ecb95b5937","0","0","0","0","0","0","0","0"
"406614","-276330","-276328","2","4440.642114098204268983","4486.315973","8929.413043662948511526","0","8926.958087098203","3.428841135088814","0.38","4.67","98","0","NaN","0.0000","0.0000","0.0000","0.0000","0x7617452156f474836604c1a79c79c0627be5fe74","0","0","0","0","0","1","0","0"
"138822","-276341","-276340","1","5770.285196162289587175","13001.560275","18793.480170573917274007","0","18771.84547116229","2.3888838716132974","0.38","4.64","74","0","NaN","0.0000","0.0000","0.0000","0.0000","0x664d8f8f2417f52cbbf5bd82ba82eefc58a87f07","0","0","0","0","0","0","0","0"
"449456","-276328","-276323","5","5004.516541454129024654","3062.097164","0","8066.351262","8066.613705454129","2.0513298486102123","0.38","4.64","97","0","NaN","0.0000","0.0000","0.0000","0.0000","0x6b73f63cf407beb818d011b0f1ea144ffa56fb7b","0","0","0","0","0","0","0","0"
"272821","-276340","-276339","1","5962.144581057267256303","5138.526513","0","11091.587334","11100.671094057267","1.4012111704741184","0.38","4.61","81","0","NaN","0.0000","0.0000","0.0000","0.0000","0x86462590436713cf5292ae561ebaa94f75cd6e07","0","0","0","0","0","0","0","0"
"596618","-276317","-276316","1","6032.356698505390984291","3572.595312","0","9609.605924","9604.95201050539","1.2324106643322188","0.38","4.68","100","0","4.842350964651132e-8","0.0000","0.0000","0.0000","0.0000","0xb0bada5d45d939a03c6d211d24a61a4418d7cd13","true","-887272","887272","0","0","0","0","100"
"462178","-276325","-276324","1","3936.673574445063712036","5768.814174","0","9705.418324","9705.487748445064","1.231544419596309","0.38","4.63","100","0","4.826128385815309e-8","0.0000","0.0000","0.0000","0.0000","0xb0bada5d45d939a03c6d211d24a61a4418d7cd13","true","-887272","887272","0","0","0","0","100"
"379806","-276327","-276326","1","116.949217886194042374","9629.096611","9748.433596748945348123","0","9746.045828886196","1.2276269686795929","0.38","4.60","96","0","NaN","0.0000","0.0000","0.0000","0.0000","0xb0bada5d45d939a03c6d211d24a61a4418d7cd13","true","-887272","887272","0","0","0","0","100"
"436061","-276329","-276328","1","8835.067574488532673461","886.84391","0","9718.000438","9721.911484488532","1.2264249084100993","0.38","4.60","100","0","9.281060364685345e-8","0.0000","0.0000","0.0000","0.0000","0xb0bada5d45d939a03c6d211d24a61a4418d7cd13","true","-887272","887272","0","0","0","0","100"
"437625","-276328","-276327","1","6479.929927736962882975","3238.445","0","9716.232536","9718.374927736962","1.2200528007037628","0.38","4.58","100","0","NaN","0.0000","0.0000","0.0000","0.0000","0xb0bada5d45d939a03c6d211d24a61a4418d7cd13","true","-887272","887272","0","0","0","0","100"
"599483","-276316","-276315","1","8579.246085064966259784","1020.218412","0","9606.827884","9599.464497064966","1.2008590941775854","0.38","4.57","100","0","1.0067607858488259e-7","0.0000","0.0000","0.0000","0.0000","0xb0bada5d45d939a03c6d211d24a61a4418d7cd13","true","-887272","887272","0","0","0","0","100"
"596620","-276317","-276316","1","5397.823516515565412946","3196.800182","0","8598.788074","8594.623698515567","1.1018125160390575","0.38","4.68","100","0","4.842350964651132e-8","0.0000","0.0000","0.0000","0.0000","0xb0bada5d45d939a03c6d211d24a61a4418d7cd13","true","-887272","887272","0","0","0","0","100"
"462183","-276325","-276324","1","3526.493175630288797422","5167.734492","0","8694.165477","8694.227667630288","1.1017826482452862","0.38","4.63","100","0","4.826128385815309e-8","0.0000","0.0000","0.0000","0.0000","0xb0bada5d45d939a03c6d211d24a61a4418d7cd13","true","-887272","887272","0","0","0","0","100"
"436063","-276329","-276328","1","7914.136085553990791202","794.40291","0","8705.035621","8708.53899555399","1.0968614553517129","0.38","4.60","100","0","9.281060364685345e-8","0.0000","0.0000","0.0000","0.0000","0xb0bada5d45d939a03c6d211d24a61a4418d7cd13","true","-887272","887272","0","0","0","0","100"
"437627","-276328","-276327","1","5804.442725724573827063","2900.859844","0","8703.383507","8705.302569724574","1.092658180573135","0.38","4.58","100","0","NaN","0.0000","0.0000","0.0000","0.0000","0xb0bada5d45d939a03c6d211d24a61a4418d7cd13","true","-887272","887272","0","0","0","0","100"
"599470","-276316","-276315","1","7677.483037720135845961","912.983434","0","8597.055894","8590.466471720136","1.082990096999257","0.38","4.60","100","0","1.0067607858488259e-7","0.0000","0.0000","0.0000","0.0000","0xb0bada5d45d939a03c6d211d24a61a4418d7cd13","true","-887272","887272","0","0","0","0","100"
"361211","-276329","-276326","3","219.58109133698880944","426.724247","0","646.250823","646.3053383369888","0.8190385125573642","0.38","4.63","83","0","NaN","0.0000","0.0000","0.0000","0.0000","0x4334703b0b74e2045926f82f4158a103fce1df4f","0","0","0","0","0","0","0","0"
"379809","-276327","-276326","1","33.738432559645517511","2777.877719","2812.30499366104305039","0","2811.6161515596455","0.3538390987567352","0.38","4.59","96","0","NaN","0.0000","0.0000","0.0000","0.0000","0xb0bada5d45d939a03c6d211d24a61a4418d7cd13","true","-887272","887272","0","0","0","0","100"
"715540","-276320","-276319","1","495.4942350821411979","0","0","495.718557","495.4942350821412","0.06358683512717743","0.38","4.68","91","0","6.685805353789931e-7","0.0000","0.0000","0.0000","0.0000","0xfa1457caf448c66ce3c2e619ccd4fcfd317b61f6","0","0","0","0","0","0","0","0"
"692802","-276316","-276315","1","0","497.65557","497.231449027737061832","0","497.65557","0.06272074315269165","0.38","4.60","97","0","NaN","0.0000","0.0000","0.0000","0.0000","0xfa1457caf448c66ce3c2e619ccd4fcfd317b61f6","0","0","0","0","0","0","0","0"
"712741","-276320","-276319","1","495.821357749151327892","0","0","496.045827","495.82135774915133","0.06217132654662891","0.38","4.58","97","0","0.000001000691818298094","0.0000","0.0000","0.0000","0.0000","0xfa1457caf448c66ce3c2e619ccd4fcfd317b61f6","0","0","0","0","0","0","0","0"
"194621","-276344","-276343","1","41404.352879227913776421","13524.586248","54955.680558324246489331","0","54928.93912722791","6.760202841820991","0.37","4.49","23","0","NaN","0.0000","0.0000","0.0000","0.0000","0x664d8f8f2417f52cbbf5bd82ba82eefc58a87f07","0","0","0","0","0","0","0","0"
"227688","-276350","-276349","1","7359.460049068449911986","9539.036274","0","16879.98136","16898.49632306845","2.0652874114629163","0.37","4.46","43","0","0.0000011621996920396782","0.0000","0.0000","0.0000","0.0000","0xf1bc5de15f4b56d9db4b3e6682832547d72844de","0","0","0","0","0","0","0","0"
"434127","-276331","-276330","1","278.30265570105434619","9448.927953","0","9727.064023","9727.230608701055","1.2106215231714947","0.37","4.54","100","0","NaN","0.0000","0.0000","0.0000","0.0000","0xb0bada5d45d939a03c6d211d24a61a4418d7cd13","true","-887272","887272","0","0","0","0","100"
"434129","-276331","-276330","1","249.373215244016532045","8466.715987","0","8715.939933","8716.089202244017","1.0831421827774939","0.37","4.54","100","0","NaN","0.0000","0.0000","0.0000","0.0000","0xb0bada5d45d939a03c6d211d24a61a4418d7cd13","true","-887272","887272","0","0","0","0","100"
"327324","-276339","-276337","2","1079.042182837263459445","7211.237566","0","8288.866815","8290.279748837263","1.0307605190033369","0.37","4.54","91","0","4.3081360701080484e-8","0.0000","0.0000","0.0000","0.0000","0x7617452156f474836604c1a79c79c0627be5fe74","0","0","0","0","0","1","0","0"
"282867","-276341","-276340","1","3028.130876262990918551","2375.37529","0","5398.588619","5403.5061662629905","0.6603873521655665","0.37","4.46","100","0","1.3211443050664684e-8","0.0000","0.0000","0.0000","0.0000","0x664d8f8f2417f52cbbf5bd82ba82eefc58a87f07","0","0","0","0","0","0","0","0"
"370895","-276326","-276324","2","911.197681201213780912","127.70062","0","1038.820799","1038.8983012012138","0.1293869210438299","0.37","4.55","100","0","4.701881883839576e-7","0.0000","0.0000","0.0000","0.0000","0x154b4661a08eaffc746bdf7451a17ee50ee904cf","true","-887272","887272","0","0","0","1","100"
"678066","-276304","-276303","1","0","498.352745","497.33090443557395279","0","498.352745","0.06128257981155324","0.37","4.49","51","0","0.00000544377999345258","0.0000","0.0000","0.0000","0.0000","0xfa1457caf448c66ce3c2e619ccd4fcfd317b61f6","0","0","0","0","0","0","0","0"
"325061","-276334","-276333","1","41237.914086023229093345","37823.95636","79098.705261767258082569","0","79061.87044602323","9.581797436879825","0.36","4.42","29","0","0.0000015191147451076858","0.0000","0.0000","0.0000","0.0000","0x1bc8c6c06a43e3fbb2ebc613e0ebc0ecb95b5937","0","0","0","0","0","0","0","0"
"372355","-276325","-276324","1","9570.572718388687901082","188.969323","0","9759.098115","9759.542041388688","1.1828365003018462","0.36","4.42","100","0","1.2083185563227516e-7","0.0000","0.0000","0.0000","0.0000","0xb0bada5d45d939a03c6d211d24a61a4418d7cd13","true","-887272","887272","0","0","0","0","100"
"372359","-276325","-276324","1","3874.71637596189071205","76.505613","0","3951.042262","3951.2219889618905","0.47758339171429776","0.36","4.41","100","0","1.2083185563227516e-7","0.0000","0.0000","0.0000","0.0000","0xb0bada5d45d939a03c6d211d24a61a4418d7cd13","true","-887272","887272","0","0","0","0","50"
"372361","-276325","-276324","1","2760.865108953887132961","54.51281","0","2815.249857","2815.3779189538873","0.339793780625191","0.36","4.41","100","0","1.2083185563227516e-7","0.0000","0.0000","0.0000","0.0000","0xb0bada5d45d939a03c6d211d24a61a4418d7cd13","true","-887272","887272","0","0","0","0","100"
"372362","-276325","-276324","1","2163.680449449260599263","42.721501","0","2206.301589","2206.4019504492608","0.2659119357968494","0.36","4.40","100","0","1.2083185563227516e-7","0.0000","0.0000","0.0000","0.0000","0xb0bada5d45d939a03c6d211d24a61a4418d7cd13","true","-887272","887272","0","0","0","0","100"
"370844","-276326","-276325","1","690.333534495923892969","182.289292","47.914632317472298031","824.619294","872.6228264959238","0.10540737904309425","0.36","4.41","100","0","1.7421497577885248e-8","0.0000","0.0000","0.0000","0.0000","0x5370b3ca55bb561e7bc050c81848873b9bcebbec","0","0","0","0","0","0","0","0"
"708181","-276316","-276315","1","495.999880953437155184","0","0","496.422951","495.9998809534371","0.06031074600206741","0.36","4.44","31","0","0.00004408357973106902","0.0000","0.0000","0.0000","0.0000","0xfa1457caf448c66ce3c2e619ccd4fcfd317b61f6","0","0","0","0","0","0","0","0"
"275372","-276340","-276339","1","34538.032683933776479239","43749.840097","0","78235.43832","78287.87278093377","27.551154446693275","0.35","4.28","51","0","NaN","0.0000","0.0000","0.0000","0.0000","0x1bc8c6c06a43e3fbb2ebc613e0ebc0ecb95b5937","0","0","0","0","0","0","0","0"
"224267","-276354","-276345","9","3252.272926480120844638","35042.174045","0","38287.509528","38294.44697148012","8.941414667250427","0.35","4.26","87","0","1.6966361648940165e-8","0.0000","0.0000","0.0000","0.0000","0x4334703b0b74e2045926f82f4158a103fce1df4f","0","0","0","0","0","0","0","0"
"234572","-276347","-276344","3","3620.088851951369373083","7188.665632","0","10801.35022","10808.754483951368","2.506427833699469","0.35","4.23","62","0","6.052392476085799e-7","0.0000","0.0000","0.0000","0.0000","0x7617452156f474836604c1a79c79c0627be5fe74","0","0","0","0","0","1","1","0"
"132542","-276354","-276353","1","14270.253074489970147163","5888.711072","20176.550088725577696563","0","20158.96414648997","2.3689209439731047","0.35","4.29","92","0","NaN","0.0000","0.0000","0.0000","0.0000","0x97b73b8eaa8662381383a67e0dbcab67f78337dd","0","0","0","0","0","0","0","0"
"194393","-276344","-276342","2","5682.837708632527579272","3256.313356","8296.644186246163874483","647.608048","8939.151064632528","1.0438780171415338","0.35","4.26","100","0","NaN","0.0000","0.0000","0.0000","0.0000","0x97b73b8eaa8662381383a67e0dbcab67f78337dd","0","0","0","0","0","0","0","0"
"618399","-276318","-276317","1","498.515925575326095065","0","498.515925575326095064","0","498.5159255753261","0.05848399428007771","0.35","4.28","58","0","0.0000022096640628355146","0.0000","0.0000","0.0000","0.0000","0xfa1457caf448c66ce3c2e619ccd4fcfd317b61f6","0","0","0","0","0","0","0","0"
"106050","-276356","-276355","1","113.495038120379748559","22.653599","136.220991469776890435","0","136.14863712037976","0.015946910266179545","0.35","4.28","55","0","5.712138095859132e-7","0.0000","0.0000","0.0000","0.0000","0x154b4661a08eaffc746bdf7451a17ee50ee904cf","0","0","0","0","0","0","0","0"
"243705","-276343","-276342","1","12163.580322883290568547","35000","0","47141.582417","47163.58032288329","10.75485788600487","0.34","4.16","30","0","5.229175314980239e-7","0.0000","0.0000","0.0000","0.0000","0x1bc8c6c06a43e3fbb2ebc613e0ebc0ecb95b5937","0","0","0","0","0","0","0","0"
"138984","-276341","-276340","1","8273.25850020732193414","13825.296021","22121.599511369221928967","0","22098.55452120732","2.50022554437012","0.34","4.13","85","0","NaN","0.0000","0.0000","0.0000","0.0000","0x97b73b8eaa8662381383a67e0dbcab67f78337dd","0","0","0","0","0","0","0","0"
"388077","-276328","-276326","2","5640.543330268958869149","3798.46979","9440.369752606319763117","0","9439.013120268959","2.115535247539957","0.34","4.09","58","0","0.0000017578263622475276","0.0000","0.0000","0.0000","0.0000","0x7617452156f474836604c1a79c79c0627be5fe74","0","0","0","0","0","1","0","0"
"621054","-276318","-276317","1","5618.695240311503373874","3907.009346","9523.270836737178708988","0","9525.704586311504","1.0719104955694678","0.34","4.11","87","0","7.638324528436158e-7","0.0000","0.0000","0.0000","0.0000","0xb0bada5d45d939a03c6d211d24a61a4418d7cd13","true","-887272","887272","0","0","0","0","100"
"725815","-276317","-276316","1","553.626349689982793525","8622.04191","0","9176.111108","9175.668259689983","1.0353267208752375","0.34","4.12","100","0","4.5412562599267403e-10","0.0000","0.0000","0.0000","0.0000","0xb0bada5d45d939a03c6d211d24a61a4418d7cd13","0","0","0","0","0","0","0","0"
"621058","-276318","-276317","1","5026.729582014100078035","3495.380798","8519.933042302710753499","0","8522.110380014099","0.9571605098033149","0.34","4.10","87","0","7.638324528436158e-7","0.0000","0.0000","0.0000","0.0000","0xb0bada5d45d939a03c6d211d24a61a4418d7cd13","true","-887272","887272","0","0","0","0","100"
"464830","-276325","-276323","2","1196.634083954740796297","6855.658883","0","8052.39801","8052.292966954741","0.9040698214497411","0.34","4.10","77","0","1.6240897515729102e-9","0.0000","0.0000","0.0000","0.0000","0x7617452156f474836604c1a79c79c0627be5fe74","0","0","0","0","0","1","0","0"
"105758","-276356","-276355","1","422.24083717056422053","81.302503","468.024603692174793801","35.664349","503.54334017056425","0.056964941219992946","0.34","4.13","91","0","5.478453024565511e-7","0.0000","0.0000","0.0000","0.0000","0x3c9c796c1952ef0dac2a0c3419b2fd93c7fea15b","true","-887272","887272","0","0","0","0","100"
"721500","-276320","-276318","2","255.136228106655139006","32.164215","19.372591290445390699","268.047429","287.30044310665517","0.0329993951364913","0.34","4.19","100","0","2.0560335656227835e-7","0.0000","0.0000","0.0000","0.0000","0x227f982ea2d57ce251bb5bb39a41629f818ff834","0","0","0","0","0","0","0","0"
"305145","-276338","-276337","1","32968.722689708114015811","18110.04527","51103.768804837846581092","0","51078.767959708115","5.6325608236889515","0.33","4.02","94","0","6.863593471351237e-7","0.0000","0.0000","0.0000","0.0000","0xb0bada5d45d939a03c6d211d24a61a4418d7cd13","true","-887272","887272","0","0","0","0","100"
"218573","-276347","-276346","1","2807.260551724991846714","8278.322095","0","11079.38577","11085.582646724992","1.207547375343615","0.33","3.98","100","0","NaN","0.0000","0.0000","0.0000","0.0000","0xb30b74b2441f519d28cc78a16eae3603cd7822f0","0","0","0","0","0","0","0","0"
"305132","-276338","-276337","1","6381.84968577946219245","3503.57757","9890.263953222725423644","0","9885.427255779463","1.0990295791360536","0.33","4.06","100","0","6.860521151175192e-7","0.0000","0.0000","0.0000","0.0000","0xb0bada5d45d939a03c6d211d24a61a4418d7cd13","true","-887272","887272","0","0","0","0","100"
"714292","-276315","-276314","1","5224.319194101727145313","3994.672223","9215.30104080649134958","0","9218.991417101728","1.01550337616933","0.33","4.02","93","0","0.0000010231911984348585","0.0000","0.0000","0.0000","0.0000","0xb0bada5d45d939a03c6d211d24a61a4418d7cd13","0","0","0","0","0","0","0","0"
"714293","-276315","-276314","1","4683.807654340318920514","3581.380777","8261.879863831936905384","0","8265.188431340319","0.9093242277825941","0.33","4.02","93","0","0.0000010231911984348585","0.0000","0.0000","0.0000","0.0000","0xb0bada5d45d939a03c6d211d24a61a4418d7cd13","0","0","0","0","0","0","0","0"
"305133","-276338","-276337","1","2570.383613763973080978","1411.117281","3983.448945501015751922","0","3981.5008947639735","0.44228325622193027","0.33","4.05","100","0","6.860521151175192e-7","0.0000","0.0000","0.0000","0.0000","0xb0bada5d45d939a03c6d211d24a61a4418d7cd13","true","-887272","887272","0","0","0","0","50"
"305134","-276338","-276337","1","1820.349727020142366302","999.355483","2821.084822402427573588","0","2819.7052100201427","0.31305743526620733","0.33","4.05","100","0","6.860521151175192e-7","0.0000","0.0000","0.0000","0.0000","0xb0bada5d45d939a03c6d211d24a61a4418d7cd13","true","-887272","887272","0","0","0","0","100"
"202238","-276351","-276350","1","1512.070418331241377584","1275.586519","2791.072816968788133803","0","2787.6569373312414","0.3055650811504399","0.33","4.00","100","0","NaN","0.0000","0.0000","0.0000","0.0000","0xb0bada5d45d939a03c6d211d24a61a4418d7cd13","true","-887272","887272","0","0","0","0","100"
"247225","-276339","-276338","1","9061.148127204952712691","878.99181","9941.453123645453183032","0","9940.139937204953","1.0582144497143715","0.32","3.89","100","0","NaN","0.0000","0.0000","0.0000","0.0000","0xb0bada5d45d939a03c6d211d24a61a4418d7cd13","true","-887272","887272","0","0","0","0","100"
"561361","-276320","-276319","1","9239.643537652801514917","402.110551","0","9645.95636","9641.7540886528","1.0197261786795335","0.32","3.86","100","0","3.7390094353995096e-7","0.0000","0.0000","0.0000","0.0000","0xb0bada5d45d939a03c6d211d24a61a4418d7cd13","true","-887272","887272","0","0","0","0","100"
"678093","-276304","-276303","1","2665.584278331505551918","6786.291655","9438.056708009818526212","0","9451.875933331507","1.0161927081626","0.32","3.92","91","0","NaN","0.0000","0.0000","0.0000","0.0000","0xb0bada5d45d939a03c6d211d24a61a4418d7cd13","true","-887272","887272","0","0","0","0","100"
"644436","-276320","-276319","1","1897.550573331657206655","7612.268758","0","9510.754367","9509.819331331657","1.0060157517125037","0.32","3.86","100","0","2.1434853891832972e-9","0.0000","0.0000","0.0000","0.0000","0xb0bada5d45d939a03c6d211d24a61a4418d7cd13","true","-887272","887272","0","0","0","0","100"
"712831","-276320","-276319","1","5271.895139213414180725","3957.45166","0","9231.846555","9229.346799213414","0.975064743858202","0.32","3.86","100","0","7.965648141095016e-8","0.0000","0.0000","0.0000","0.0000","0xb0bada5d45d939a03c6d211d24a61a4418d7cd13","0","0","0","0","0","0","0","0"
"408329","-276330","-276329","1","4399.913736650523915539","4324.942685","0","8722.5579","8724.856421650524","0.9414525606927587","0.32","3.94","100","0","8.944116558495807e-8","0.0000","0.0000","0.0000","0.0000","0xad14641448a909cc0dec88c0a0543e7e9fe3a581","true","-887272","887272","0","0","0","0","100"
"561364","-276320","-276319","1","8272.512766294093431325","360.020887","0","8636.296066","8632.533653294095","0.9121141134231185","0.32","3.86","100","0","3.7390094353995096e-7","0.0000","0.0000","0.0000","0.0000","0xb0bada5d45d939a03c6d211d24a61a4418d7cd13","true","-887272","887272","0","0","0","0","100"
"678094","-276304","-276303","1","2387.602479798823643357","6078.579813","8453.804212347504581135","0","8466.182292798823","0.9092427653626879","0.32","3.92","92","0","NaN","0.0000","0.0000","0.0000","0.0000","0xb0bada5d45d939a03c6d211d24a61a4418d7cd13","true","-887272","887272","0","0","0","0","100"
"644438","-276320","-276319","1","1697.681863916056910624","6810.469663","0","8508.988076","8508.151526916057","0.899140283138584","0.32","3.86","100","0","2.1434853891832972e-9","0.0000","0.0000","0.0000","0.0000","0xb0bada5d45d939a03c6d211d24a61a4418d7cd13","true","-887272","887272","0","0","0","0","100"
"712821","-276320","-276319","1","4988.563856709668422172","3281.746438","0","8272.667725","8270.310294709669","0.8882988847100995","0.32","3.92","100","0","8.306541010583146e-8","0.0000","0.0000","0.0000","0.0000","0xb0bada5d45d939a03c6d211d24a61a4418d7cd13","0","0","0","0","0","0","0","0"
"726176","-276316","-276315","1","4406.502212934799996811","3826.779238","8230.12247958299180514","0","8233.281450934799","0.867741890101942","0.32","3.85","97","0","NaN","0.0000","0.0000","0.0000","0.0000","0xb0bada5d45d939a03c6d211d24a61a4418d7cd13","0","0","0","0","0","0","0","0"
"247230","-276339","-276338","1","2585.15758669046262002","250.77753","2836.309770519915445984","0","2835.9351166904626","0.29790245138183324","0.32","3.83","100","0","NaN","0.0000","0.0000","0.0000","0.0000","0xb0bada5d45d939a03c6d211d24a61a4418d7cd13","true","-887272","887272","0","0","0","0","100"
"376623","-276327","-276325","2","164.279972493726600397","870.703578","1035.169218145652172088","0","1034.9835504937266","0.1110994693536139","0.32","3.92","91","0","NaN","0.0000","0.0000","0.0000","0.0000","0xb0bada5d45d939a03c6d211d24a61a4418d7cd13","true","-887272","887272","0","0","1","0","100"
"559981","-276320","-276319","1","499.473969732601197885","0","0","499.700093","499.4739697326012","0.053717537330736684","0.32","3.93","80","0","NaN","0.0000","0.0000","0.0000","0.0000","0xfa1457caf448c66ce3c2e619ccd4fcfd317b61f6","0","0","0","0","0","0","0","0"
"376161","-276326","-276325","1","3036.636217660375462233","47892.076249","50935.912596567054369828","0","50928.71246666037","5.342595885243764","0.31","3.83","100","0","0.0000010531214567066627","0.0000","0.0000","0.0000","0.0000","0xb0bada5d45d939a03c6d211d24a61a4418d7cd13","true","-887272","887272","0","0","0","0","100"
"291550","-276339","-276338","1","33002.386126315524615881","18004.19693","0","50959.435925","51006.583056315525","5.298936410899707","0.31","3.79","100","0","1.2026012408128395e-7","0.0000","0.0000","0.0000","0.0000","0xb0bada5d45d939a03c6d211d24a61a4418d7cd13","true","-887272","887272","0","0","0","0","100"
"376162","-276326","-276325","1","581.35759710189210176","9168.836954","9751.573000781516016347","0","9750.194551101893","1.0221394756051865","0.31","3.83","100","0","0.0000010531214567066627","0.0000","0.0000","0.0000","0.0000","0xb0bada5d45d939a03c6d211d24a61a4418d7cd13","true","-887272","887272","0","0","0","0","100"
"380568","-276327","-276326","1","6647.552421133454607538","2793.695631","9442.037505421921638776","0","9441.248052133455","0.9861547591108014","0.31","3.81","69","0","7.759791920136649e-7","0.0000","0.0000","0.0000","0.0000","0x7617452156f474836604c1a79c79c0627be5fe74","0","0","0","0","0","0","0","0"
"708659","-276316","-276315","1","3885.900974584319319003","5379.635983","0","9268.964355","9265.53695758432","0.9543006903548122","0.31","3.76","75","0","1.0664491512102359e-8","0.0000","0.0000","0.0000","0.0000","0xb0bada5d45d939a03c6d211d24a61a4418d7cd13","0","0","0","0","0","0","0","0"
"694028","-276316","-276315","1","1790.290409355688969242","6626.600182","8411.313610532356086527","0","8416.890591355688","0.8660500360658516","0.31","3.76","80","0","0.000002013874378370417","0.0000","0.0000","0.0000","0.0000","0xb0bada5d45d939a03c6d211d24a61a4418d7cd13","0","0","0","0","0","0","0","0"
"708660","-276316","-276315","1","3483.594116197752432497","4822.68292","0","8309.349595","8306.277036197753","0.8544255196237736","0.31","3.75","74","0","8.739908796684404e-8","0.0000","0.0000","0.0000","0.0000","0xb0bada5d45d939a03c6d211d24a61a4418d7cd13","0","0","0","0","0","0","0","0"
"376164","-276326","-276325","1","235.360242309251925831","3711.966091","3947.884393016779121577","0","3947.326333309252","0.41365590168963007","0.31","3.82","100","0","0.0000010531214567066627","0.0000","0.0000","0.0000","0.0000","0xb0bada5d45d939a03c6d211d24a61a4418d7cd13","true","-887272","887272","0","0","0","0","50"
"291552","-276339","-276338","1","2580.123978150601592303","1407.566715","0","3984.004733","3987.6906931506014","0.4129446833393214","0.31","3.78","100","0","4.911403506113743e-8","0.0000","0.0000","0.0000","0.0000","0xb0bada5d45d939a03c6d211d24a61a4418d7cd13","true","-887272","887272","0","0","0","0","50"
"272086","-276339","-276338","1","1421.652994661067138935","1409.961656","2833.69216101443575804","0","2831.614650661067","0.2958959368647338","0.31","3.81","76","0","6.369675231709948e-7","0.0000","0.0000","0.0000","0.0000","0xb0bada5d45d939a03c6d211d24a61a4418d7cd13","true","-887272","887272","0","0","0","0","100"
"376166","-276326","-276325","1","167.70002805602463051","2644.868188","2812.965847481328311769","0","2812.5682160560245","0.29460730053623446","0.31","3.82","100","0","0.0000010531214567066627","0.0000","0.0000","0.0000","0.0000","0xb0bada5d45d939a03c6d211d24a61a4418d7cd13","true","-887272","887272","0","0","0","0","100"
"291554","-276339","-276338","1","1827.307779861369354821","996.873651","0","2821.570942","2824.1814308613693","0.2917763857255533","0.31","3.77","100","0","4.911403506113743e-8","0.0000","0.0000","0.0000","0.0000","0xb0bada5d45d939a03c6d211d24a61a4418d7cd13","true","-887272","887272","0","0","0","0","100"
"376186","-276326","-276325","1","131.424348838740437643","2072.749083","2204.485050457736125857","0","2204.1734318387407","0.22746939186285434","0.31","3.77","100","0","0.0000010531214567066627","0.0000","0.0000","0.0000","0.0000","0xb0bada5d45d939a03c6d211d24a61a4418d7cd13","true","-887272","887272","0","0","0","0","100"
"274907","-276340","-276339","1","12.036742505355046756","7.192054","19.240158454498335531","0","19.228796505355046","0.001973543865327075","0.31","3.75","100","0","NaN","0.0000","0.0000","0.0000","0.0000","0xf0e6ab264de1b35979f71a9084ad4e23d42aa3c0","0","0","0","0","0","0","0","0"
"225892","-276351","-276348","3","4029.817535194875003399","7034.442265","0","11054.391681","11064.259800194875","2.2198187382107735","0.30","3.66","40","0","NaN","0.0000","0.0000","0.0000","0.0000","0x7617452156f474836604c1a79c79c0627be5fe74","0","0","0","0","0","1","1","0"
"707588","-276312","-276311","1","805.95830205732519393","8483.557168","0","9290.562473","9289.515470057324","0.9391850173103984","0.30","3.69","98","0","NaN","0.0000","0.0000","0.0000","0.0000","0xb0bada5d45d939a03c6d211d24a61a4418d7cd13","0","0","0","0","0","0","0","0"
"707589","-276312","-276311","1","722.556090695305001572","7605.661344","0","8329.156091","8328.217434695305","0.841123742927567","0.30","3.69","98","0","NaN","0.0000","0.0000","0.0000","0.0000","0xb0bada5d45d939a03c6d211d24a61a4418d7cd13","0","0","0","0","0","0","0","0"
"247248","-276339","-276338","1","15578.614959506407722697","1349.257604","16929.888834610919693726","0","16927.872563506407","1.6113085043679132","0.29","3.47","100","0","NaN","0.0000","0.0000","0.0000","0.0000","0xf1bc5de15f4b56d9db4b3e6682832547d72844de","0","0","0","0","0","0","0","0"
"546204","-276319","-276318","1","9502.783633303847099836","151.325719","9654.033193304418363764","0","9654.109352303847","0.9349975124563283","0.29","3.54","100","0","5.876253816872179e-7","0.0000","0.0000","0.0000","0.0000","0xb0bada5d45d939a03c6d211d24a61a4418d7cd13","true","-887272","887272","0","0","0","0","100"
"652329","-276317","-276316","1","6685.924743462178942457","2812.777899","0","9503.835416","9498.70264246218","0.918303402788832","0.29","3.53","79","0","0.000003885317256813181","0.0000","0.0000","0.0000","0.0000","0xb0bada5d45d939a03c6d211d24a61a4418d7cd13","true","-887272","887272","0","0","0","0","100"
"546208","-276319","-276318","1","8509.950847023223374144","135.515495","8645.398140248740508871","0","8645.466342023223","0.836532089110112","0.29","3.53","100","0","5.876253816872179e-7","0.0000","0.0000","0.0000","0.0000","0xb0bada5d45d939a03c6d211d24a61a4418d7cd13","true","-887272","887272","0","0","0","0","100"
"652331","-276317","-276316","1","1528.994092591690751824","6972.556806","0","8502.764798","8501.55089859169","0.8205494704300561","0.29","3.52","79","0","0.0000035108497997704546","0.0000","0.0000","0.0000","0.0000","0xb0bada5d45d939a03c6d211d24a61a4418d7cd13","true","-887272","887272","0","0","0","0","100"
"146102","-276342","-276341","1","297.335105820744777889","693.914795","0","990.741224","991.2499008207449","0.09603930458832251","0.29","3.54","100","0","NaN","0.0000","0.0000","0.0000","0.0000","0x2294373be13bf67ab063010c29b3901677b7b067","true","-887272","887272","0","0","0","0","100"
"201444","-276350","-276349","1","60.746871536489906937","10.718761","71.493426992551224617","0","71.4656325364899","0.006999922773998802","0.29","3.58","53","0","NaN","0.0000","0.0000","0.0000","0.0000","0xa7bf8f67045ef716ee87ded1faadff10f226c02d","true","-887272","887272","0","0","0","0","100"
"121611","-276353","-276352","1","36921.27914515474992117","40321.68088","77358.54319705657522742","0","77242.96002515475","7.2391644394302235","0.28","3.42","98","0","9.591032190670035e-7","0.0000","0.0000","0.0000","0.0000","0x664d8f8f2417f52cbbf5bd82ba82eefc58a87f07","0","0","0","0","0","0","0","0"
"372502","-276325","-276324","1","34348.298408861430969149","16621.946033","0","50968.851142","50970.24444186143","4.80516358745042","0.28","3.44","100","0","8.258969064200983e-8","0.0000","0.0000","0.0000","0.0000","0xb0bada5d45d939a03c6d211d24a61a4418d7cd13","true","-887272","887272","0","0","0","0","100"
"376459","-276326","-276325","1","9299.466310845089754823","19995.669539","29298.399777664895892207","0","29295.135849845086","2.701674251387235","0.28","3.37","87","0","NaN","0.0000","0.0000","0.0000","0.0000","0x1265156d15eccf173f39c41bbe028c95cc420388","0","0","0","0","0","0","0","0"
"310761","-276338","-276336","2","6277.832294164371567589","4198.234576","7423.062803681073329826","3054.523927","10476.066870164372","1.9355195421289846","0.28","3.37","100","0","6.154998288820934e-7","0.0000","0.0000","0.0000","0.0000","0x7617452156f474836604c1a79c79c0627be5fe74","0","0","0","0","0","1","0","0"
"272091","-276339","-276338","1","4983.01280786809013164","4942.033685","9932.328342372135724578","0","9925.04649286809","0.9422032857820405","0.28","3.47","77","0","6.369675231709948e-7","0.0000","0.0000","0.0000","0.0000","0xb0bada5d45d939a03c6d211d24a61a4418d7cd13","true","-887272","887272","0","0","0","0","100"
"291614","-276339","-276338","1","6405.605241948183480188","3494.528481","0","9890.982689","9900.133722948183","0.9156645907980818","0.28","3.38","100","0","4.911403506113743e-8","0.0000","0.0000","0.0000","0.0000","0xb0bada5d45d939a03c6d211d24a61a4418d7cd13","true","-887272","887272","0","0","0","0","100"
"618360","-276319","-276318","1","3992.096472988967789299","5536.149936","0","9530.569124","9528.246408988967","0.8813731511691224","0.28","3.38","100","0","1.6935468583056945e-7","0.0000","0.0000","0.0000","0.0000","0xb0bada5d45d939a03c6d211d24a61a4418d7cd13","true","-887272","887272","0","0","0","0","100"
"706404","-276315","-276314","1","1134.670930847496056134","8159.461711","0","9295.263887","9294.132641847496","0.8756588146644546","0.28","3.44","100","0","1.0919931625608115e-9","0.0000","0.0000","0.0000","0.0000","0xb0bada5d45d939a03c6d211d24a61a4418d7cd13","0","0","0","0","0","0","0","0"
"711546","-276315","-276314","1","7110.377252038120847347","2126.030536","9234.465273804694580252","0","9236.407788038121","0.8476641570253032","0.28","3.35","83","0","5.416261439350478e-7","0.0000","0.0000","0.0000","0.0000","0xb0bada5d45d939a03c6d211d24a61a4418d7cd13","0","0","0","0","0","0","0","0"
"618361","-276319","-276318","1","3571.607946828214965627","4953.02587","0","8526.71188","8524.633816828216","0.7877861905978744","0.28","3.37","100","0","1.6935468583056945e-7","0.0000","0.0000","0.0000","0.0000","0xb0bada5d45d939a03c6d211d24a61a4418d7cd13","true","-887272","887272","0","0","0","0","100"
"706405","-276315","-276314","1","1017.445496200426988805","7316.564977","0","8335.024847","8334.010473200427","0.7841524564453093","0.28","3.43","100","0","1.1766476681884797e-9","0.0000","0.0000","0.0000","0.0000","0xb0bada5d45d939a03c6d211d24a61a4418d7cd13","0","0","0","0","0","0","0","0"
"379808","-276327","-276326","1","47.350735694115014931","3898.65633","3662.272327043125536171","284.618397","3946.0070656941148","0.36995375668847097","0.28","3.42","100","0","NaN","0.0000","0.0000","0.0000","0.0000","0xb0bada5d45d939a03c6d211d24a61a4418d7cd13","true","-887272","887272","0","0","0","0","50"
"406749","-276330","-276328","2","430.950742837986752214","428.218846","246.022314295996784398","613.059249","859.1695888379868","0.08031469540143722","0.28","3.41","100","0","NaN","0.0000","0.0000","0.0000","0.0000","0x83fe9748fac353106c5c988b93ce229f895e0b02","0","0","0","0","0","0","0","0"
"83279","-276356","-276355","1","6661.643339269048694979","8828.650867","6521.51983359021659095","8968.33512","15490.294206269049","1.413932434609676","0.27","3.33","100","0","8.956835273465913e-10","0.0000","0.0000","0.0000","0.0000","0x97b73b8eaa8662381383a67e0dbcab67f78337dd","true","-887272","887272","0","0","0","0","100"
"543652","-276320","-276319","1","109.998095487945237641","9550.560025","0","9660.613358","9660.558120487945","0.8827553332373553","0.27","3.34","100","0","NaN","0.0000","0.0000","0.0000","0.0000","0xb0bada5d45d939a03c6d211d24a61a4418d7cd13","true","-887272","887272","0","0","0","0","100"
"559897","-276321","-276320","1","4417.995979833761284385","5227.835826","0","9647.509723","9645.83180583376","0.8813015092880288","0.27","3.33","100","0","NaN","0.0000","0.0000","0.0000","0.0000","0xb0bada5d45d939a03c6d211d24a61a4418d7cd13","true","-887272","887272","0","0","0","0","100"
"694045","-276316","-276315","1","1889.314474152686551594","7507.595387","9390.587060602961226781","0","9396.909861152686","0.8567399937845728","0.27","3.33","85","0","NaN","0.0000","0.0000","0.0000","0.0000","0xb0bada5d45d939a03c6d211d24a61a4418d7cd13","0","0","0","0","0","0","0","0"
"543658","-276320","-276319","1","98.516887537435301892","8553.706714","0","8652.273074","8652.223601537435","0.7897087887976388","0.27","3.33","100","0","NaN","0.0000","0.0000","0.0000","0.0000","0xb0bada5d45d939a03c6d211d24a61a4418d7cd13","true","-887272","887272","0","0","0","0","100"
"367099","-276329","-276324","5","1221.469684898332253007","1751.367952","1883.724798799904074729","1089.283965","2972.837636898332","0.7889240276761716","0.27","3.23","100","0","NaN","0.0000","0.0000","0.0000","0.0000","0x729aab0dcf1f346e6bbaaaac9c6d3a1f07997165","0","0","0","0","0","0","0","0"
"559898","-276321","-276320","1","3956.003711706077412672","4681.15816","0","8638.664328","8637.161871706077","0.7878403116486054","0.27","3.33","100","0","NaN","0.0000","0.0000","0.0000","0.0000","0xb0bada5d45d939a03c6d211d24a61a4418d7cd13","true","-887272","887272","0","0","0","0","100"
"711548","-276315","-276314","1","6370.978739561996625476","1904.947497","8274.185721126044432885","0","8275.926236561998","0.7585142539808496","0.27","3.35","83","0","0.0000012607197064085085","0.0000","0.0000","0.0000","0.0000","0xb0bada5d45d939a03c6d211d24a61a4418d7cd13","0","0","0","0","0","0","0","0"
"197282","-276348","-276347","1","2753.147993651186889944","39.48552","2792.72825492032854307","0","2792.633513651187","0.24962907378565677","0.27","3.26","0","0","NaN","0.0000","0.0000","0.0000","0.0000","0xb0bada5d45d939a03c6d211d24a61a4418d7cd13","true","-887272","887272","0","0","0","0","100"
"697515","-276320","-276319","1","497.052483663970757901","0","0","497.277511","497.05248366397075","0.045206313463371804","0.27","3.32","94","0","0.0000022252936937583456","0.0000","0.0000","0.0000","0.0000","0xfa1457caf448c66ce3c2e619ccd4fcfd317b61f6","0","0","0","0","0","0","0","0"
"404818","-276329","-276328","1","179.999999508166704399","250.833271","430.950742406620133825","0","430.8332705081667","0.03948210061841356","0.27","3.34","100","0","8.373713500375857e-7","0.0000","0.0000","0.0000","0.0000","0x83fe9748fac353106c5c988b93ce229f895e0b02","0","0","0","0","0","0","0","0"
"364596","-276328","-276323","5","34928.254297709161401188","12144.565051","47076.86210471728726948","0","47072.819348709156","16.21346620205721","0.26","3.14","84","0","NaN","0.0000","0.0000","0.0000","0.0000","0xef8fc0eb8d482d69ff9ac662117b927aab18ee18","0","0","0","0","0","0","0","0"
"688571","-276317","-276316","1","0","43574.645165","43541.862948822320940138","0","43574.645165","7.617900977403089","0.26","3.19","90","0","0.000001649190084496155","0.0000","0.0000","0.0000","0.0000","0x83fe9748fac353106c5c988b93ce229f895e0b02","0","0","0","0","0","0","0","0"
"379802","-276327","-276326","1","12523.048480777124368231","50964.119769","58914.672176519201925278","4583.835288","63487.168249777125","5.510293153666456","0.26","3.17","76","0","NaN","0.0000","0.0000","0.0000","0.0000","0xb0bada5d45d939a03c6d211d24a61a4418d7cd13","true","-887272","887272","0","0","0","0","100"
"588572","-276315","-276314","1","1928.041637556033056812","7695.909274","0","9625.865576","9623.950911556032","0.8480055995849777","0.26","3.22","100","0","1.7762156190315181e-7","0.0000","0.0000","0.0000","0.0000","0xb0bada5d45d939a03c6d211d24a61a4418d7cd13","true","-887272","887272","0","0","0","0","100"
"358221","-276330","-276329","1","8766.919924922868071558","1006.740684","0","9768.908682","9773.660608922868","0.8345732580153203","0.26","3.12","100","0","NaN","0.0000","0.0000","0.0000","0.0000","0xb0bada5d45d939a03c6d211d24a61a4418d7cd13","true","-887272","887272","0","0","0","0","100"
"498365","-276320","-276319","1","7346.228286529314794947","2334.542468","0","9684.185151","9680.770754529314","0.8307753349232347","0.26","3.13","100","0","7.082363584487439e-8","0.0000","0.0000","0.0000","0.0000","0xb0bada5d45d939a03c6d211d24a61a4418d7cd13","true","-887272","887272","0","0","0","0","100"
"588576","-276315","-276314","1","1726.08673383804825398","6889.792546","0","8617.59339","8615.879279838047","0.7578775351878264","0.26","3.21","100","0","3.482470090077072e-7","0.0000","0.0000","0.0000","0.0000","0xb0bada5d45d939a03c6d211d24a61a4418d7cd13","true","-887272","887272","0","0","0","0","100"
"498367","-276320","-276319","1","6580.416155203993497641","2091.176638","0","8674.651254","8671.592793203992","0.7428877540946957","0.26","3.13","100","0","7.082363584487439e-8","0.0000","0.0000","0.0000","0.0000","0xb0bada5d45d939a03c6d211d24a61a4418d7cd13","true","-887272","887272","0","0","0","0","100"
"196843","-276347","-276346","1","24955.6805582540419259","24395.208208","49406.204872619622458942","0","49350.888766254044","4.031007150042535","0.25","2.98","54","0","NaN","0.0000","0.0000","0.0000","0.0000","0x664d8f8f2417f52cbbf5bd82ba82eefc58a87f07","0","0","0","0","0","0","0","0"
"106678","-276356","-276355","1","33022.065461029274277525","5435.38348","0","38353.917114","38457.44894102927","3.1753831208164125","0.25","3.01","56","0","NaN","0.0000","0.0000","0.0000","0.0000","0x97b73b8eaa8662381383a67e0dbcab67f78337dd","0","0","0","0","0","0","0","0"
"305015","-276340","-276338","2","2843.240951218711541989","7957.251923","0","10796.448168","10800.492874218711","0.8880014855696421","0.25","3.00","100","0","9.994397531798427e-8","0.0000","0.0000","0.0000","0.0000","0x7617452156f474836604c1a79c79c0627be5fe74","0","0","0","0","0","1","0","0"
"347499","-276332","-276331","1","4482.503085180314420922","5429.929991","0","9909.207187","9912.433076180314","0.821166770598616","0.25","3.02","100","0","NaN","0.0000","0.0000","0.0000","0.0000","0x7617452156f474836604c1a79c79c0627be5fe74","0","0","0","0","0","0","0","0"
"671913","-276313","-276312","1","1994.978616899251136261","7490.781952","9477.210518353083164056","0","9485.760568899252","0.8014667028636507","0.25","3.08","90","0","1.290283435650963e-7","0.0000","0.0000","0.0000","0.0000","0xb0bada5d45d939a03c6d211d24a61a4418d7cd13","true","-887272","887272","0","0","0","0","100"
"679387","-276309","-276308","1","4590.173056764010681833","4846.453915","9429.226146060617679951","0","9436.62697176401","0.7713985901796749","0.25","2.98","94","0","7.285999914508068e-7","0.0000","0.0000","0.0000","0.0000","0xb0bada5d45d939a03c6d211d24a61a4418d7cd13","true","-887272","887272","0","0","0","0","100"
"671914","-276313","-276312","1","1784.584918707628096147","6700.791872","8477.728442401814654099","0","8485.376790707627","0.7160308679080063","0.25","3.08","90","0","1.290283435650963e-7","0.0000","0.0000","0.0000","0.0000","0xb0bada5d45d939a03c6d211d24a61a4418d7cd13","true","-887272","887272","0","0","0","0","100"
"214492","-276354","-276351","3","2209.077387821850438946","2586.161621","0","4789.136647","4795.239008821851","0.3973993573321377","0.25","3.02","49","0","0.00000214056807834595","0.0000","0.0000","0.0000","0.0000","0xb30b74b2441f519d28cc78a16eae3603cd7822f0","0","0","0","0","0","0","0","0"
"358223","-276330","-276329","1","3549.490435226198704555","407.602266","0","3955.168774","3957.0927012261986","0.33615932349562977","0.25","3.10","100","0","NaN","0.0000","0.0000","0.0000","0.0000","0xb0bada5d45d939a03c6d211d24a61a4418d7cd13","true","-887272","887272","0","0","0","0","50"
"358225","-276330","-276329","1","2500.214141842292875179","287.109649","0","2785.968601","2787.323790842293","0.23615202408046349","0.25","3.09","100","0","NaN","0.0000","0.0000","0.0000","0.0000","0xb0bada5d45d939a03c6d211d24a61a4418d7cd13","true","-887272","887272","0","0","0","0","100"
"142726","-276342","-276340","2","14265.643944747057007099","11644.398883","2587.121397292765334463","23303.524736","25910.042827747056","2.089393162577046","0.24","2.94","100","0","NaN","0.0000","0.0000","0.0000","0.0000","0x97b73b8eaa8662381383a67e0dbcab67f78337dd","0","0","0","0","0","0","0","0"
"697576","-276320","-276319","1","7970.183885650283148707","1393.711643","0","9367.563135","9363.895528650282","0.75853598809186","0.24","2.96","100","0","9.65346691472746e-8","0.0000","0.0000","0.0000","0.0000","0xb0bada5d45d939a03c6d211d24a61a4418d7cd13","0","0","0","0","0","0","0","0"
"679388","-276309","-276308","1","4111.028355494346969765","4340.557365","8444.957429154462476137","0","8451.585720494346","0.6899632887136924","0.24","2.98","94","0","7.285999914508068e-7","0.0000","0.0000","0.0000","0.0000","0xb0bada5d45d939a03c6d211d24a61a4418d7cd13","true","-887272","887272","0","0","0","0","100"
"697577","-276320","-276319","1","7143.218427131288874844","1249.103764","0","8395.609256","8392.322191131288","0.6790040077835537","0.24","2.95","100","0","9.65346691472746e-8","0.0000","0.0000","0.0000","0.0000","0xb0bada5d45d939a03c6d211d24a61a4418d7cd13","0","0","0","0","0","0","0","0"
"678651","-276305","-276304","1","2484.610890987904086853","5979.157346","8452.192753586802910999","0","8463.768236987904","0.6744486389797483","0.24","2.91","97","0","0.0000018663112610894927","0.0000","0.0000","0.0000","0.0000","0xb0bada5d45d939a03c6d211d24a61a4418d7cd13","true","-887272","887272","0","0","0","0","100"
"292533","-276338","-276337","1","3387.98433887842457541","2654.022175","968.437471613993067134","5070.345103","6042.006513878425","0.4753536836011492","0.24","2.87","100","0","6.012879083527878e-9","0.0000","0.0000","0.0000","0.0000","0x86462590436713cf5292ae561ebaa94f75cd6e07","0","0","0","0","0","0","0","0"
"276787","-276341","-276340","1","605.82387705734995957","2222.796146","0","2827.646658","2828.62002305735","0.22418121832833368","0.24","2.89","100","0","NaN","0.0000","0.0000","0.0000","0.0000","0xb0bada5d45d939a03c6d211d24a61a4418d7cd13","true","-887272","887272","0","0","0","0","100"
"110888","-276375","-276335","40","488.01056040568273978","509.297548","488.010560405682739777","509.297547","997.3081084056828","0.07931708477314654","0.24","2.90","100","0","0.00","0.0000","0.0000","0.0000","0.0000","0x3c9c796c1952ef0dac2a0c3419b2fd93c7fea15b","0","0","0","0","0","0","0","0"
"201954","-276351","-276349","2","41.463885074271171275","52.10047","93.702159134516139736","0","93.56435507427116","0.007590200489517089","0.24","2.96","41","0","0.0000014996707653480712","0.0000","0.0000","0.0000","0.0000","0x9252c1a75e3cae382ac6c8fffa4e21c87ad95fab","0","0","0","0","0","1","0","0"
"196853","-276347","-276346","1","48.853223568878252277","22.665824","71.570815080479091041","0","71.51904756887825","0.005699907776622457","0.24","2.91","72","0","5.838106331701454e-7","0.0000","0.0000","0.0000","0.0000","0xa7bf8f67045ef716ee87ded1faadff10f226c02d","true","-887272","887272","0","0","0","0","100"
"84129","-276356","-276355","1","20094.48457906927338678","5588.22498","25700.498258180297043626","0","25682.709559069273","3.914621940337405","0.23","2.78","73","0","NaN","0.0000","0.0000","0.0000","0.0000","0x664d8f8f2417f52cbbf5bd82ba82eefc58a87f07","0","0","0","0","0","0","0","0"
"614864","-276319","-276317","2","10066.756019511421905764","213.619207","10280.267352359266090759","0","10280.375226511422","1.5931714458335156","0.23","2.83","36","0","NaN","0.0000","0.0000","0.0000","0.0000","0x7617452156f474836604c1a79c79c0627be5fe74","0","0","0","0","0","1","0","0"
"351070","-276331","-276330","1","3740.450472898079198947","6682.363309","0","10420.513134","10422.81378189808","1.5701899593301905","0.23","2.75","65","0","2.0977515280407033e-7","0.0000","0.0000","0.0000","0.0000","0x7617452156f474836604c1a79c79c0627be5fe74","0","0","0","0","0","0","0","0"
"563122","-276319","-276318","1","1295.050119537581627423","8347.87106","0","9643.693124","9642.921179537581","0.7536087507088665","0.23","2.85","100","0","3.886742039327373e-8","0.0000","0.0000","0.0000","0.0000","0xb0bada5d45d939a03c6d211d24a61a4418d7cd13","true","-887272","887272","0","0","0","0","100"
"678656","-276305","-276304","1","2997.170604420525182655","6451.332053","9436.020676988582825602","0","9448.502657420526","0.7333239489674152","0.23","2.83","99","0","NaN","0.0000","0.0000","0.0000","0.0000","0xb0bada5d45d939a03c6d211d24a61a4418d7cd13","true","-887272","887272","0","0","0","0","100"
"685280","-276315","-276314","1","9397.399182838629456448","10.79926","9408.188699212355367592","0","9408.19844283863","0.7146436886694306","0.23","2.77","80","0","4.977486867119296e-7","0.0000","0.0000","0.0000","0.0000","0xb0bada5d45d939a03c6d211d24a61a4418d7cd13","0","0","0","0","0","0","0","0"
"563125","-276319","-276318","1","1159.492575548085922379","7474.069436","0","8634.253153","8633.562011548085","0.673617384137869","0.23","2.85","100","0","1.1647587339069787e-7","0.0000","0.0000","0.0000","0.0000","0xb0bada5d45d939a03c6d211d24a61a4418d7cd13","true","-887272","887272","0","0","0","0","100"
"685281","-276315","-276314","1","8416.811057533854460278","9.672393","8426.474722868584580741","0","8426.483450533855","0.6394754290855832","0.23","2.77","80","0","4.977486867119296e-7","0.0000","0.0000","0.0000","0.0000","0xb0bada5d45d939a03c6d211d24a61a4418d7cd13","0","0","0","0","0","0","0","0"
"713968","-276317","-276316","1","1406.897952360597471425","6862.432544","0","8270.448145","8269.330496360597","0.630511347198144","0.23","2.78","100","0","5.334055419581318e-9","0.0000","0.0000","0.0000","0.0000","0xb0bada5d45d939a03c6d211d24a61a4418d7cd13","0","0","0","0","0","0","0","0"
"292500","-276342","-276332","10","440.180993996642216828","346.320887","0","786.028072","786.5018809966423","0.43093491525169914","0.23","2.86","81","0","0.000013279215904660191","0.0000","0.0000","0.0000","0.0000","0xd550ac5225eddc5ae90730bc2ef7d334cd9bd4b4","0","0","0","0","0","0","0","0"
"684918","-276315","-276314","1","497.296092312743694113","0","497.296092312743694112","0","497.29609231274367","0.03852018092941722","0.23","2.83","34","0","1.8565561310524004e-7","0.0000","0.0000","0.0000","0.0000","0xfa1457caf448c66ce3c2e619ccd4fcfd317b61f6","0","0","0","0","0","0","0","0"
"494001","-276321","-276320","1","0","499.994999","0","499.994998","499.994999","0.03818052280635433","0.23","2.79","96","0","NaN","0.0000","0.0000","0.0000","0.0000","0xfa1457caf448c66ce3c2e619ccd4fcfd317b61f6","0","0","0","0","0","0","0","0"
"496697","-276321","-276320","1","865.976975871134058051","8819.47473","0","9685.796565","9685.451705871134","0.7008813933068916","0.22","2.64","100","0","NaN","0.0000","0.0000","0.0000","0.0000","0xb0bada5d45d939a03c6d211d24a61a4418d7cd13","true","-887272","887272","0","0","0","0","100"
"713970","-276317","-276316","1","1569.254017069618068887","7654.357459","0","9224.858102","9223.611476069618","0.6910390066587215","0.22","2.73","100","0","5.334055419581318e-9","0.0000","0.0000","0.0000","0.0000","0xb0bada5d45d939a03c6d211d24a61a4418d7cd13","0","0","0","0","0","0","0","0"
"696907","-276317","-276316","1","5108.516328702528188419","4261.496608","9366.923029915956572799","0","9370.01293670253","0.6790053006169147","0.22","2.65","100","0","0.0000022648433573024818","0.0000","0.0000","0.0000","0.0000","0xb0bada5d45d939a03c6d211d24a61a4418d7cd13","0","0","0","0","0","0","0","0"
"705961","-276316","-276315","1","6385.60526801693715807","2913.504912","0","9304.656934","9299.110180016936","0.6759974489307993","0.22","2.65","100","0","6.671309060735098e-8","0.0000","0.0000","0.0000","0.0000","0xb0bada5d45d939a03c6d211d24a61a4418d7cd13","0","0","0","0","0","0","0","0"
"496672","-276321","-276320","1","775.713708260229093641","7900.195546","0","8676.218167","8675.909254260228","0.649647989873177","0.22","2.73","100","0","NaN","0.0000","0.0000","0.0000","0.0000","0xb0bada5d45d939a03c6d211d24a61a4418d7cd13","true","-887272","887272","0","0","0","0","100"
"696908","-276317","-276316","1","4578.636970124208758771","3819.474122","8395.341684651869914763","0","8398.111092124209","0.6079130242141135","0.22","2.64","100","0","0.0000022648433573024818","0.0000","0.0000","0.0000","0.0000","0xb0bada5d45d939a03c6d211d24a61a4418d7cd13","0","0","0","0","0","0","0","0"
"705962","-276316","-276315","1","5726.102724768849125869","2612.599388","0","8343.676","8338.70211276885","0.6054825752376155","0.22","2.65","100","0","6.671309060735098e-8","0.0000","0.0000","0.0000","0.0000","0xb0bada5d45d939a03c6d211d24a61a4418d7cd13","0","0","0","0","0","0","0","0"
"400546","-276331","-276326","5","142.844767795741490608","105.76845","0","248.564522","248.6132177957415","0.1101901083293401","0.22","2.70","93","0","0.000004270333875400212","0.0000","0.0000","0.0000","0.0000","0x4334703b0b74e2045926f82f4158a103fce1df4f","0","0","0","0","0","0","0","0"
"679697","-276311","-276310","1","497.311011495268648323","0","497.311011495268648322","0","497.31101149526864","0.03639222902990173","0.22","2.67","58","0","0.0000027625942644604606","0.0000","0.0000","0.0000","0.0000","0xfa1457caf448c66ce3c2e619ccd4fcfd317b61f6","0","0","0","0","0","0","0","0"
"679188","-276306","-276305","1","497.325931125783853927","0","497.325931125783853926","0","497.3259311257839","0.03609918148039029","0.22","2.65","100","0","7.501174903445929e-7","0.0000","0.0000","0.0000","0.0000","0xfa1457caf448c66ce3c2e619ccd4fcfd317b61f6","0","0","0","0","0","0","0","0"
"348311","-276332","-276330","2","34316.193180656066603676","12763.48072","0","47056.682964","47079.67390065607","6.578926217755372","0.21","2.55","59","0","6.201719471299327e-7","0.0000","0.0000","0.0000","0.0000","0xef8fc0eb8d482d69ff9ac662117b927aab18ee18","0","0","0","0","0","0","0","0"
"217824","-276347","-276346","1","6370.197627069733501923","11138.880056","0","17494.980701","17509.077683069732","1.2236512690589745","0.21","2.55","100","0","NaN","0.0000","0.0000","0.0000","0.0000","0xb0bada5d45d939a03c6d211d24a61a4418d7cd13","true","-887272","887272","0","0","0","0","100"
"235354","-276345","-276344","1","9466.334848752205342914","7482.232164","0","16929.406443","16948.567012752206","1.173194471332921","0.21","2.53","65","0","7.2782335713839075e-9","0.0000","0.0000","0.0000","0.0000","0xf1bc5de15f4b56d9db4b3e6682832547d72844de","0","0","0","0","0","0","0","0"
"202276","-276351","-276350","1","10580.08210578824800123","6180.811264","16777.469604405984769862","0","16760.893369788246","1.1632320300663592","0.21","2.53","100","0","NaN","0.0000","0.0000","0.0000","0.0000","0xf1bc5de15f4b56d9db4b3e6682832547d72844de","0","0","0","0","0","0","0","0"
"276794","-276341","-276340","1","2123.67051498097866455","7791.846467","0","9912.104925","9915.516981980978","0.6860430396462531","0.21","2.53","100","0","NaN","0.0000","0.0000","0.0000","0.0000","0xb0bada5d45d939a03c6d211d24a61a4418d7cd13","true","-887272","887272","0","0","0","0","100"
"382464","-276327","-276326","1","2960.422403662494154524","522.517006","3483.090877297075003532","0","3482.939409662494","0.2420883139040218","0.21","2.54","60","0","3.636579926080685e-8","0.0000","0.0000","0.0000","0.0000","0x96f245034302a5a582a1d8e989a754e6e2260bf5","0","0","0","0","0","0","0","0"
"437031","-276330","-276325","5","250.215482030585582203","71.640841","0","321.783351","321.8563230305856","0.0898261932433952","0.21","2.55","54","0","0.000005625348931115326","0.0000","0.0000","0.0000","0.0000","0xf9c29c8fd2c62b7e0ca1dc0b928d980ab9a2f244","0","0","0","0","0","0","0","0"
"394396","-276328","-276327","1","35.900000359378597951","302.68119","338.687946189224057414","0","338.58119035937864","0.04727998349415091","0.21","2.55","24","0","NaN","0.0000","0.0000","0.0000","0.0000","0x281e5c38bacea0f32e48edc9952de4c068f9012e","0","0","0","0","0","0","0","0"
"714309","-276316","-276315","1","0","496.035905","495.613164367747202291","0","496.035905","0.03540118019719641","0.21","2.60","100","0","NaN","0.0000","0.0000","0.0000","0.0000","0xfa1457caf448c66ce3c2e619ccd4fcfd317b61f6","0","0","0","0","0","0","0","0"
"368002","-276327","-276325","2","24.211991418885071103","43.601048","67.823079312645177581","0","67.81303941888507","0.009502048926270382","0.21","2.56","94","0","0.0000013417144506533418","0.0000","0.0000","0.0000","0.0000","0xf3b8d66a259e3f2adfdf51913b553ae4d4215e06","0","0","0","0","0","0","0","0"
"704371","-276318","-276317","1","4343.395563628630610967","4971.979993","0","9318.326978","9315.37555662863","0.6183085441302628","0.20","2.42","100","0","0.000001970868046541341","0.0000","0.0000","0.0000","0.0000","0xb0bada5d45d939a03c6d211d24a61a4418d7cd13","0","0","0","0","0","0","0","0"
"704372","-276318","-276317","1","3894.939743923195639389","4458.622798","0","8356.209229","8353.562541923196","0.553769980964404","0.20","2.42","100","0","2.0722248361693119e-7","0.0000","0.0000","0.0000","0.0000","0xb0bada5d45d939a03c6d211d24a61a4418d7cd13","0","0","0","0","0","0","0","0"
"229858","-276351","-276350","1","415.442152390603674431","2423.693025","2845.577473726953008557","0","2839.1351773906035","0.18486538681080322","0.20","2.38","100","0","NaN","0.0000","0.0000","0.0000","0.0000","0xb0bada5d45d939a03c6d211d24a61a4418d7cd13","true","-887272","887272","0","0","0","0","100"
"276783","-276341","-276340","1","96.180192379772851943","255.09231","0","351.117568","351.27250237977285","0.023566968448522158","0.20","2.45","100","0","NaN","0.0000","0.0000","0.0000","0.0000","0xc7ddb3a9b3230eabbb5d3953146df05eb9d1de50","0","0","0","0","0","0","0","0"
"229865","-276351","-276350","1","1456.048059525452123485","8494.596674","9973.223793029770100758","0","9950.644733525452","0.6205991248055437","0.19","2.28","100","0","NaN","0.0000","0.0000","0.0000","0.0000","0xb0bada5d45d939a03c6d211d24a61a4418d7cd13","true","-887272","887272","0","0","0","0","100"
"676405","-276313","-276312","1","949.392045401921611383","8532.834097","9472.439690524530438159","0","9482.226142401922","0.61329521398485","0.19","2.36","100","0","9.1378415945087e-7","0.0000","0.0000","0.0000","0.0000","0xb0bada5d45d939a03c6d211d24a61a4418d7cd13","true","-887272","887272","0","0","0","0","100"
"676406","-276313","-276312","1","849.145100858541199153","7631.846407","8472.238413354016956241","0","8480.991507858542","0.5475112773260293","0.19","2.36","100","0","9.1378415945087e-7","0.0000","0.0000","0.0000","0.0000","0xb0bada5d45d939a03c6d211d24a61a4418d7cd13","true","-887272","887272","0","0","0","0","100"
"136225","-276350","-276349","1","738.210562506122725435","3000","0","3736.362124","3738.2105625061226","0.23463397287473364","0.19","2.29","22","0","NaN","0.0000","0.0000","0.0000","0.0000","0x664d8f8f2417f52cbbf5bd82ba82eefc58a87f07","0","0","0","0","0","0","0","0"
"331755","-276338","-276337","1","6.671830193745156155","332.027214","0","338.690387","338.6990441937452","0.0659688170638898","0.19","2.37","35","0","NaN","0.0000","0.0000","0.0000","0.0000","0x281e5c38bacea0f32e48edc9952de4c068f9012e","0","0","0","0","0","0","0","0"
"367281","-276328","-276326","2","34.116713144536623252","912.41375","0","946.523608","946.5304631445367","0.06148848765691108","0.19","2.37","100","0","3.457978348109236e-8","0.0000","0.0000","0.0000","0.0000","0x9424ad1e800c42b2e574c715ca4409d035c385a4","0","0","0","0","0","0","0","0"
"332688","-276336","-276335","1","68776.085365699924929347","10445.168002","79233.697348635066853328","0","79221.25336769993","4.663589702297538","0.18","2.15","93","0","7.823401260154128e-7","0.0000","0.0000","0.0000","0.0000","0x1bc8c6c06a43e3fbb2ebc613e0ebc0ecb95b5937","0","0","0","0","0","0","0","0"
"430634","-276330","-276329","1","33270.182717348602758717","39507.819609","0","72760.700324","72778.0023263486","4.247450293662243","0.18","2.13","71","0","3.992774888494921e-7","0.0000","0.0000","0.0000","0.0000","0x1265156d15eccf173f39c41bbe028c95cc420388","0","0","0","0","0","0","0","0"
"272149","-276339","-276338","1","23782.583541937625733993","27477.145249","51300.162628016691786473","0","51259.72879093763","3.1349365441327706","0.18","2.23","87","0","6.507485883489039e-7","0.0000","0.0000","0.0000","0.0000","0xb0bada5d45d939a03c6d211d24a61a4418d7cd13","true","-887272","887272","0","0","0","0","100"
"332662","-276336","-276335","1","45557.806934162738165642","4613.277571","50176.590012576761704836","0","50171.08450516274","3.0318832414861165","0.18","2.21","97","0","6.897202697864202e-7","0.0000","0.0000","0.0000","0.0000","0xb0bada5d45d939a03c6d211d24a61a4418d7cd13","true","-887272","887272","0","0","0","0","100"
"332665","-276336","-276335","1","37083.488387491612242736","3754.463078","40842.432065189202327932","0","40837.95146549161","2.4554525256942465","0.18","2.19","97","0","6.897202697864202e-7","0.0000","0.0000","0.0000","0.0000","0xb0bada5d45d939a03c6d211d24a61a4418d7cd13","true","-887272","887272","0","0","0","0","100"
"195741","-276344","-276343","1","14068.710865754064792275","1853.795172","15926.201410104765751798","0","15922.506037754065","0.9334482381747091","0.18","2.14","100","0","5.785306900207843e-7","0.0000","0.0000","0.0000","0.0000","0xb0bada5d45d939a03c6d211d24a61a4418d7cd13","true","-887272","887272","0","0","0","0","100"
"459494","-276327","-276326","1","613.957518586962441848","9096.655216","0","9710.489644","9710.61273458696","0.5967683998756688","0.18","2.24","100","0","NaN","0.0000","0.0000","0.0000","0.0000","0xb0bada5d45d939a03c6d211d24a61a4418d7cd13","true","-887272","887272","0","0","0","0","100"
"332674","-276336","-276335","1","8490.902954356516806112","1379.708873","9872.255072601565466757","0","9870.611827356517","0.5883051474452038","0.18","2.18","97","0","7.220756326198341e-7","0.0000","0.0000","0.0000","0.0000","0xb0bada5d45d939a03c6d211d24a61a4418d7cd13","true","-887272","887272","0","0","0","0","100"
"714928","-276316","-276315","1","6405.155892159343083707","2811.066438","9213.924254010137587282","0","9216.222330159344","0.5569467916942283","0.18","2.21","100","0","NaN","0.0000","0.0000","0.0000","0.0000","0xb0bada5d45d939a03c6d211d24a61a4418d7cd13","0","0","0","0","0","0","0","0"
"700857","-276312","-276311","1","6875.90375961373866289","2473.155502","9346.054230718324292874","0","9349.059261613738","0.5488986576368277","0.18","2.14","93","0","6.323559453846883e-7","0.0000","0.0000","0.0000","0.0000","0xb0bada5d45d939a03c6d211d24a61a4418d7cd13","0","0","0","0","0","0","0","0"
"459495","-276327","-276326","1","549.936190198746050305","8148.088038","0","8697.913973","8698.024228198747","0.5326152516303216","0.18","2.24","100","0","NaN","0.0000","0.0000","0.0000","0.0000","0xb0bada5d45d939a03c6d211d24a61a4418d7cd13","true","-887272","887272","0","0","0","0","100"
"714930","-276316","-276315","1","5742.404731212358831482","2520.201145","8260.545585475635631012","0","8262.605876212358","0.498472579521723","0.18","2.20","100","0","NaN","0.0000","0.0000","0.0000","0.0000","0xb0bada5d45d939a03c6d211d24a61a4418d7cd13","0","0","0","0","0","0","0","0"
"700859","-276312","-276311","1","6164.867217297705832732","2217.406731","8379.579667252153962451","0","8382.273948297705","0.49100276956097305","0.18","2.14","93","0","0.0000011606855365720037","0.0000","0.0000","0.0000","0.0000","0xb0bada5d45d939a03c6d211d24a61a4418d7cd13","0","0","0","0","0","0","0","0"
"217059","-276350","-276349","1","4193.689928436769042795","3499.203716","0","7682.320214","7692.893644436769","0.45520235617078364","0.18","2.16","53","0","4.068009484825552e-7","0.0000","0.0000","0.0000","0.0000","0xac096613877c0cde45ee6548f815ef752b440ecb","0","0","0","0","0","0","0","0"
"290239","-276341","-276338","3","2927.40792225619585559","2171.736456","0","5094.805257","5099.144378256196","0.3054325252991609","0.18","2.19","100","0","5.666451530217387e-7","0.0000","0.0000","0.0000","0.0000","0x66c0d9152209b51977047b9dc3b0b5bf2339b67c","true","-887272","887272","1","1","1","1","100"
"332679","-276336","-276335","1","3177.215403666484230697","798.194175","3976.357795600250066456","0","3975.4095786664843","0.23635323861126045","0.18","2.17","97","0","NaN","0.0000","0.0000","0.0000","0.0000","0xb0bada5d45d939a03c6d211d24a61a4418d7cd13","true","-887272","887272","0","0","0","0","50"
"400094","-276331","-276327","4","232.920341128887682639","267.235522","0","500.064936","500.1558631288877","0.20861210398496177","0.18","2.17","64","0","NaN","0.0000","0.0000","0.0000","0.0000","0xf9c29c8fd2c62b7e0ca1dc0b928d980ab9a2f244","0","0","0","0","0","0","0","0"
"332682","-276336","-276335","1","2243.691216768734987779","563.67008","2808.030909840915674989","0","2807.361296768735","0.1661136766962904","0.18","2.16","97","0","NaN","0.0000","0.0000","0.0000","0.0000","0xb0bada5d45d939a03c6d211d24a61a4418d7cd13","true","-887272","887272","0","0","0","0","100"
"195742","-276344","-276343","1","2469.405481670055549756","325.38674","2795.440850236432337756","0","2794.7922216700554","0.16324894911420834","0.18","2.13","100","0","5.785306900207843e-7","0.0000","0.0000","0.0000","0.0000","0xb0bada5d45d939a03c6d211d24a61a4418d7cd13","true","-887272","887272","0","0","0","0","100"
"302443","-276340","-276337","3","2714.044850495742578957","5589.052553","0","8299.428703","8303.097403495743","3.27029240247117","0.17","2.05","55","0","NaN","0.0000","0.0000","0.0000","0.0000","0x3517bb8ca2b127da5839f6268300e19ceeeef947","0","0","0","0","0","0","0","0"
"241479","-276343","-276342","1","3570.525557099750046073","13408.094983","0","16972.171665","16978.62054009975","0.9687555916320668","0.17","2.08","100","0","1.3602262649570207e-7","0.0000","0.0000","0.0000","0.0000","0xf1bc5de15f4b56d9db4b3e6682832547d72844de","0","0","0","0","0","0","0","0"
"569558","-276319","-276318","1","310.967163981407718557","9328.797287","0","9639.951398","9639.764450981407","0.542192054907082","0.17","2.05","100","0","NaN","0.0000","0.0000","0.0000","0.0000","0xb0bada5d45d939a03c6d211d24a61a4418d7cd13","true","-887272","887272","0","0","0","0","100"
"712308","-276316","-276315","1","8219.387397029455570261","1012.742279","9231.311625396174547842","0","9232.129676029455","0.5329930948010636","0.17","2.11","100","0","NaN","0.0000","0.0000","0.0000","0.0000","0xb0bada5d45d939a03c6d211d24a61a4418d7cd13","0","0","0","0","0","0","0","0"
"643490","-276316","-276315","1","6994.667947296871523097","1512.274404","8505.715659861558265679","0","8506.942351296871","0.4897028175479769","0.17","2.10","96","0","4.657143670705466e-7","0.0000","0.0000","0.0000","0.0000","0xb0bada5d45d939a03c6d211d24a61a4418d7cd13","true","-887272","887272","0","0","0","0","100"
"569561","-276319","-276318","1","278.412513028426447434","8352.180542","0","8630.760431","8630.593055028427","0.48445833172937414","0.17","2.05","100","0","NaN","0.0000","0.0000","0.0000","0.0000","0xb0bada5d45d939a03c6d211d24a61a4418d7cd13","true","-887272","887272","0","0","0","0","100"
"712309","-276316","-276315","1","8267.915790147980677682","3.791156","8271.703904485674014637","0","8271.70694614798","0.4766363113915081","0.17","2.10","100","0","NaN","0.0000","0.0000","0.0000","0.0000","0xb0bada5d45d939a03c6d211d24a61a4418d7cd13","0","0","0","0","0","0","0","0"
"330701","-276338","-276337","1","493.699999929666408728","3897.563638","0","4390.620812","4391.263637929666","0.2505159571759577","0.17","2.08","84","0","2.1060273525108641e-7","0.0000","0.0000","0.0000","0.0000","0x83fe9748fac353106c5c988b93ce229f895e0b02","0","0","0","0","0","0","0","0"
"272186","-276339","-276338","1","666.247072911221420912","801.279957","1468.705748957854503158","0","1467.5270299112212","0.08441640205241761","0.17","2.10","54","0","0.0000011498266783149802","0.0000","0.0000","0.0000","0.0000","0x86462590436713cf5292ae561ebaa94f75cd6e07","0","0","0","0","0","0","0","0"
"715368","-276320","-276319","1","495.603252151469497883","0","0","495.827623","495.6032521514695","0.028824414845287166","0.17","2.12","100","0","1.4779369950090882e-7","0.0000","0.0000","0.0000","0.0000","0xfa1457caf448c66ce3c2e619ccd4fcfd317b61f6","0","0","0","0","0","0","0","0"
"117153","-276354","-276353","1","9759.211812224398057582","40003.314254","11566.922959773782446813","38200.871378","49762.526066224396","2.5761325631074143","0.16","1.89","100","0","5.180906481605518e-7","0.0000","0.0000","0.0000","0.0000","0x664d8f8f2417f52cbbf5bd82ba82eefc58a87f07","0","0","0","0","0","0","0","0"
"97911","-276358","-276357","1","12475.22286510759921878","11816.334849","0","24250.173511","24291.5577141076","1.2611540470165343","0.16","1.89","82","0","3.0459967881313332e-9","0.0000","0.0000","0.0000","0.0000","0x664d8f8f2417f52cbbf5bd82ba82eefc58a87f07","0","0","0","0","0","0","0","0"
"696696","-276318","-276317","1","9247.216194365762151947","122.185591","0","9375.444622","9369.401785365762","0.5107720649104469","0.16","1.99","100","0","1.2234209201267277e-7","0.0000","0.0000","0.0000","0.0000","0xb0bada5d45d939a03c6d211d24a61a4418d7cd13","0","0","0","0","0","0","0","0"
"614132","-276322","-276321","1","3775.437699054326085833","5770.391135","0","9546.896872","9545.828834054326","0.5082521869359077","0.16","1.94","100","0","0.0000012946865024510146","0.0000","0.0000","0.0000","0.0000","0xb0bada5d45d939a03c6d211d24a61a4418d7cd13","true","-887272","887272","0","0","0","0","100"
"697998","-276319","-276318","1","2649.44917948323106309","6715.634365","0","9366.643106","9365.08354448323","0.48599066346160125","0.16","1.89","100","0","4.1283455542995284e-7","0.0000","0.0000","0.0000","0.0000","0xb0bada5d45d939a03c6d211d24a61a4418d7cd13","0","0","0","0","0","0","0","0"
"696697","-276318","-276317","1","8200.108827690134912183","197.673107","0","8403.144816","8397.781934690136","0.45710357635482474","0.16","1.99","100","0","1.203753097200888e-7","0.0000","0.0000","0.0000","0.0000","0xb0bada5d45d939a03c6d211d24a61a4418d7cd13","0","0","0","0","0","0","0","0"
"614133","-276322","-276321","1","3379.124599386309694809","5164.664917","0","8544.745441","8543.78951638631","0.4537425140724014","0.16","1.94","100","0","2.5292805627685766e-7","0.0000","0.0000","0.0000","0.0000","0xb0bada5d45d939a03c6d211d24a61a4418d7cd13","true","-887272","887272","0","0","0","0","100"
"697999","-276319","-276318","1","2374.357633522456293484","6018.351981","0","8394.107247","8392.709614522457","0.43448380783147966","0.16","1.89","100","0","4.1283455542995284e-7","0.0000","0.0000","0.0000","0.0000","0xb0bada5d45d939a03c6d211d24a61a4418d7cd13","0","0","0","0","0","0","0","0"
"708912","-276317","-276316","1","495.885817771865147824","0","0","496.259165","495.88581777186516","0.026598566715127663","0.16","1.96","24","0","NaN","0.0000","0.0000","0.0000","0.0000","0xfa1457caf448c66ce3c2e619ccd4fcfd317b61f6","0","0","0","0","0","0","0","0"
"197696","-276349","-276345","4","52658.472069881535034608","2157.114992","54820.963550272605467442","0","54815.58706188154","5.5228067575194775","0.15","1.84","12","0","NaN","0.0000","0.0000","0.0000","0.0000","0x4334703b0b74e2045926f82f4158a103fce1df4f","0","0","0","0","0","0","0","0"
"166853","-276343","-276340","3","6077.455886989775133727","10521.05249","8338.028244058903982132","8264.380223","16598.508376989776","0.8252701413816919","0.15","1.81","100","0","NaN","0.0000","0.0000","0.0000","0.0000","0xf1bc5de15f4b56d9db4b3e6682832547d72844de","0","0","0","0","0","0","0","0"
"76444","-276360","-276359","1","394.846527555535419911","15092.172575","0","15485.6396","15487.019102555536","0.7805822413959578","0.15","1.84","60","0","NaN","0.0000","0.0000","0.0000","0.0000","0x97b73b8eaa8662381383a67e0dbcab67f78337dd","0","0","0","0","0","0","0","0"
"222844","-276348","-276344","4","4948.995227550980658815","6121.328484","11084.336410583914874483","0","11070.32371155098","0.5632314351610909","0.15","1.86","89","0","0.0000013658723152509822","0.0000","0.0000","0.0000","0.0000","0x7617452156f474836604c1a79c79c0627be5fe74","0","0","0","0","0","2","1","0"
"97369","-276367","-276347","20","5452.702984972992484852","5474.266154","5748.132031822399826059","5179.816468","10926.969138972992","0.5303777948461911","0.15","1.77","100","0","0.0000027255444345897217","0.0000","0.0000","0.0000","0.0000","0x6dd1e0028ef0a634b01e13b2291949255610b38f","0","0","0","0","0","0","0","0"
"374258","-276325","-276324","1","1462.819186921210840387","8300.772414","9764.046863475815882543","0","9763.59160092121","0.5002393594552909","0.15","1.87","41","0","2.372746443768392e-7","0.0000","0.0000","0.0000","0.0000","0x7617452156f474836604c1a79c79c0627be5fe74","0","0","0","0","0","0","0","0"
"615091","-276318","-276317","1","245.225035059953694015","9295.276609","0","9540.673685","9540.501644059954","0.48207733365538336","0.15","1.84","100","0","1.6686652060116103e-11","0.0000","0.0000","0.0000","0.0000","0xb0bada5d45d939a03c6d211d24a61a4418d7cd13","true","-887272","887272","0","0","0","0","100"
"549294","-276320","-276319","1","5450.660141490972726291","4203.884963","0","9657.131436","9654.545104490973","0.47661359182719615","0.15","1.80","100","0","NaN","0.0000","0.0000","0.0000","0.0000","0xb0bada5d45d939a03c6d211d24a61a4418d7cd13","true","-887272","887272","0","0","0","0","100"
"518976","-276315","-276314","1","914.918721595680649346","8756.308002","9662.93088169898520156","0","9671.22672359568","0.47142543912806634","0.15","1.78","100","0","NaN","0.0000","0.0000","0.0000","0.0000","0xb0bada5d45d939a03c6d211d24a61a4418d7cd13","true","-887272","887272","0","0","0","0","100"
"615093","-276318","-276317","1","219.453449120550591645","8318.402368","0","8538.009778","8537.85581712055","0.4302858283783501","0.15","1.84","100","0","1.6686652060116103e-11","0.0000","0.0000","0.0000","0.0000","0xb0bada5d45d939a03c6d211d24a61a4418d7cd13","true","-887272","887272","0","0","0","0","100"
"549296","-276320","-276319","1","4881.156327967193825962","3764.64853","0","8648.12096","8645.804857967194","0.4260086976430373","0.15","1.80","100","0","NaN","0.0000","0.0000","0.0000","0.0000","0xb0bada5d45d939a03c6d211d24a61a4418d7cd13","true","-887272","887272","0","0","0","0","100"
"518979","-276315","-276314","1","819.618446369266327763","7844.228554","8656.415274592755896849","0","8663.847000369267","0.42186396307475493","0.15","1.78","100","0","NaN","0.0000","0.0000","0.0000","0.0000","0xb0bada5d45d939a03c6d211d24a61a4418d7cd13","true","-887272","887272","0","0","0","0","100"
"715322","-276321","-276320","1","2119.7833384818194505","6142.193804","0","8262.803579","8261.97714248182","0.41920420738155445","0.15","1.85","90","0","1.0528659055708545e-7","0.0000","0.0000","0.0000","0.0000","0xb0bada5d45d939a03c6d211d24a61a4418d7cd13","0","0","0","0","0","0","0","0"
"387111","-276329","-276324","5","4629.624206950799398295","2516.046817","4664.005879747134755885","2481.676229","7145.671023950799","0.35129356917925325","0.15","1.79","100","0","NaN","0.0000","0.0000","0.0000","0.0000","0xc6c9075752ba4b7e4cb8c390879216d2b1a4769b","0","0","0","0","0","0","0","0"
"77117","-276355","-276354","1","3404.209797006711111185","821.091222","1124.944939515735791943","3093.413035","4225.301019006711","0.21581128138640288","0.15","1.86","100","0","2.7061720642151954e-7","0.0000","0.0000","0.0000","0.0000","0xa056c95d109e69667f23b0bd4c5b94a58cbb412a","0","0","0","0","0","0","0","0"
"374297","-276325","-276324","1","477.48762697458186","2970.352054","3448.000908925796265426","0","3447.839680974582","0.1694273154033246","0.15","1.79","28","0","9.190014971238725e-7","0.0000","0.0000","0.0000","0.0000","0x96f245034302a5a582a1d8e989a754e6e2260bf5","0","0","0","0","0","0","0","0"
"373965","-276325","-276324","1","130.6168757583330044","781.936609","717.869550145096740633","194.716355","912.553484758333","0.044846456791776075","0.15","1.79","76","0","NaN","0.0000","0.0000","0.0000","0.0000","0x5370b3ca55bb561e7bc050c81848873b9bcebbec","0","0","0","0","0","0","0","0"
"615977","-276317","-276316","1","0","498.896242","498.5209107863195205","0","498.896242","0.025679363838353685","0.15","1.88","50","0","0.0000019566777864632456","0.0000","0.0000","0.0000","0.0000","0xfa1457caf448c66ce3c2e619ccd4fcfd317b61f6","0","0","0","0","0","0","0","0"
"512092","-276315","-276314","1","0","499.969992","499.493949194512807219","0","499.969992","0.025252540146129286","0.15","1.84","44","0","0.000002073322025175628","0.0000","0.0000","0.0000","0.0000","0xfa1457caf448c66ce3c2e619ccd4fcfd317b61f6","0","0","0","0","0","0","0","0"
"380255","-276327","-276326","1","37031.728724652668714652","17583.921655","54620.596400177598075946","0","54615.65037965267","7.6939772273322165","0.14","1.71","21","0","NaN","0.0000","0.0000","0.0000","0.0000","0x1265156d15eccf173f39c41bbe028c95cc420388","0","0","0","0","0","0","0","0"
"217122","-276350","-276349","1","9127.773713715000789212","8401.310393","0","17506.080986","17529.084106715003","0.8132638475323423","0.14","1.69","73","0","1.3951062527439717e-10","0.0000","0.0000","0.0000","0.0000","0x25b6f5f1525f0074d53570ea2fb4cd9ee545b296","0","0","0","0","0","0","0","0"
"715327","-276321","-276320","1","2364.419675605706326489","6851.041622","0","9216.38311","9215.461297605707","0.4426255809471958","0.14","1.75","92","0","1.0528659055708545e-7","0.0000","0.0000","0.0000","0.0000","0xb0bada5d45d939a03c6d211d24a61a4418d7cd13","0","0","0","0","0","0","0","0"
"671412","-276314","-276313","1","2509.580691957139773066","6977.605035","0","9489.921035","9487.18572695714","0.441794244188299","0.14","1.70","100","0","2.7171431771222387e-8","0.0000","0.0000","0.0000","0.0000","0xb0bada5d45d939a03c6d211d24a61a4418d7cd13","true","-887272","887272","0","0","0","0","100"
"710007","-276317","-276316","1","56.391159203601002052","9191.904488","0","9248.340907","9248.2956472036","0.4361320091802537","0.14","1.72","100","0","3.570004292186013e-8","0.0000","0.0000","0.0000","0.0000","0xb0bada5d45d939a03c6d211d24a61a4418d7cd13","0","0","0","0","0","0","0","0"
"643593","-276316","-276315","1","7818.152773948716521922","1690.315025","9507.096688737681010317","0","9508.467798948717","0.42882773928138296","0.14","1.65","100","0","4.657143670705466e-7","0.0000","0.0000","0.0000","0.0000","0xb0bada5d45d939a03c6d211d24a61a4418d7cd13","true","-887272","887272","0","0","0","0","100"
"671414","-276314","-276313","1","2244.939654266045847508","6241.800587","0","8489.187104","8486.740241266045","0.39418018677052036","0.14","1.70","100","0","2.7171431771222387e-8","0.0000","0.0000","0.0000","0.0000","0xb0bada5d45d939a03c6d211d24a61a4418d7cd13","true","-887272","887272","0","0","0","0","100"
"710008","-276317","-276316","1","50.531612086907862046","8236.783185","0","8287.355354","8287.314797086909","0.38998630876954626","0.14","1.72","100","0","3.570004292186013e-8","0.0000","0.0000","0.0000","0.0000","0xb0bada5d45d939a03c6d211d24a61a4418d7cd13","0","0","0","0","0","0","0","0"
"612713","-276316","-276314","2","2204.575241120774813366","2676.147312","4878.428981376674584924","0","4880.722553120775","0.22170527200541446","0.14","1.66","58","0","NaN","0.0000","0.0000","0.0000","0.0000","0x7617452156f474836604c1a79c79c0627be5fe74","0","0","0","0","0","1","0","0"
"271960","-276340","-276339","1","1904.583421343561165228","928.493113","0","2830.163084","2833.0765343435614","0.13454929606163668","0.14","1.73","100","0","1.5288681431968598e-7","0.0000","0.0000","0.0000","0.0000","0xb0bada5d45d939a03c6d211d24a61a4418d7cd13","true","-887272","887272","0","0","0","0","100"
"224831","-276346","-276345","1","2436.66597716141144016","408.973652","2846.536281486111763294","0","2845.6396291614114","0.13287509457544855","0.14","1.70","81","0","0.0000011049042347721638","0.0000","0.0000","0.0000","0.0000","0xb0bada5d45d939a03c6d211d24a61a4418d7cd13","true","-887272","887272","0","0","0","0","100"
"431680","-276330","-276329","1","1143.051640049390761161","1211.320352","0","2353.775933","2354.3719920493904","0.10682325646987023","0.14","1.66","45","0","NaN","0.0000","0.0000","0.0000","0.0000","0x96f245034302a5a582a1d8e989a754e6e2260bf5","0","0","0","0","0","0","0","0"
"236713","-276348","-276344","4","14.731185683786507781","434.290419","0","448.992115","449.0216046837865","0.04086080049711544","0.14","1.66","40","0","1.8524404232778124e-9","0.0000","0.0000","0.0000","0.0000","0x4334703b0b74e2045926f82f4158a103fce1df4f","0","0","0","0","0","0","0","0"
"195803","-276344","-276343","1","63.289201387470252854","8.466807","71.772884693449129826","0","71.75600838747025","0.0032499027014859494","0.14","1.65","100","0","NaN","0.0000","0.0000","0.0000","0.0000","0xa7bf8f67045ef716ee87ded1faadff10f226c02d","true","-887272","887272","0","0","0","0","100"
"336312","-276338","-276337","1","51716.961807651704612147","21953.181504","0","73601.282779","73670.14331165171","6.352240807264836","0.13","1.57","30","0","NaN","0.0000","0.0000","0.0000","0.0000","0x1bc8c6c06a43e3fbb2ebc613e0ebc0ecb95b5937","0","0","0","0","0","0","0","0"
"276396","-276340","-276339","1","69999.99999830993566744","37657.644505","107717.181929399832827278","0","107657.64450330994","4.725937356171118","0.13","1.60","20","0","NaN","0.0000","0.0000","0.0000","0.0000","0x664d8f8f2417f52cbbf5bd82ba82eefc58a87f07","0","0","0","0","0","0","0","0"
"615958","-276316","-276315","1","8236.103158397055745686","1295.714036","9530.768872903703787137","0","9531.817194397056","0.4134936543221223","0.13","1.58","74","0","5.309583772650228e-7","0.0000","0.0000","0.0000","0.0000","0xb0bada5d45d939a03c6d211d24a61a4418d7cd13","true","-887272","887272","0","0","0","0","100"
"601588","-276314","-276313","1","9417.060932575031535278","178.727445","9595.609109403257312903","0","9595.788377575032","0.40407331811271235","0.13","1.54","23","0","3.5092411199144635e-7","0.0000","0.0000","0.0000","0.0000","0xb0bada5d45d939a03c6d211d24a61a4418d7cd13","true","-887272","887272","0","0","0","0","100"
"704730","-276312","-276311","1","7740.100401845134215436","1562.168159","9300.377964708756645681","0","9302.268560845134","0.39563242825798806","0.13","1.55","93","0","NaN","0.0000","0.0000","0.0000","0.0000","0xb0bada5d45d939a03c6d211d24a61a4418d7cd13","0","0","0","0","0","0","0","0"
"615961","-276316","-276315","1","7369.479003684919784149","1159.375641","8527.916630843585478367","0","8528.85464468492","0.36868271708252703","0.13","1.58","74","0","6.350312831138183e-7","0.0000","0.0000","0.0000","0.0000","0xb0bada5d45d939a03c6d211d24a61a4418d7cd13","true","-887272","887272","0","0","0","0","100"
"601590","-276314","-276313","1","8426.489263508690686182","159.927275","8586.256127696399726681","0","8586.41653850869","0.3604117971514898","0.13","1.53","23","0","3.5092411199144635e-7","0.0000","0.0000","0.0000","0.0000","0xb0bada5d45d939a03c6d211d24a61a4418d7cd13","true","-887272","887272","0","0","0","0","100"
"332846","-276337","-276335","2","3382.965447302775633765","4776.019885","8164.905189189321430118","0","8158.9853323027755","0.35550208562514996","0.13","1.59","39","0","2.530392784194646e-7","0.0000","0.0000","0.0000","0.0000","0x7617452156f474836604c1a79c79c0627be5fe74","0","0","0","0","0","1","0","0"
"704732","-276312","-276311","1","6941.61787167824368904","1401.012112","8340.934424803416194212","0","8342.629983678244","0.35412004087062005","0.13","1.55","93","0","NaN","0.0000","0.0000","0.0000","0.0000","0xb0bada5d45d939a03c6d211d24a61a4418d7cd13","0","0","0","0","0","0","0","0"
"609555","-276313","-276312","1","498.760250848823795603","0","498.760250848823795602","0","498.7602508488238","0.021528263063515556","0.13","1.58","77","0","4.538876718918061e-7","0.0000","0.0000","0.0000","0.0000","0xfa1457caf448c66ce3c2e619ccd4fcfd317b61f6","0","0","0","0","0","0","0","0"
"137339","-276354","-276105","249","49.673979496240126504","51.104682","49.673979496240126503","51.104681","100.77866149624012","0.004300613256072264","0.13","1.56","100","0","0.00","0.0000","0.0000","0.0000","0.0000","0x97b73b8eaa8662381383a67e0dbcab67f78337dd","0","0","0","0","0","0","0","0"
"119786","-276354","-276353","1","13967.048728068255964774","38200.871378","0","52127.327158","52167.92010606826","2.0334248256490617","0.12","1.42","100","0","5.0520054806213466e-8","0.0000","0.0000","0.0000","0.0000","0x664d8f8f2417f52cbbf5bd82ba82eefc58a87f07","0","0","0","0","0","0","0","0"
"702664","-276315","-276314","1","4533.833707382148062454","4801.409077","9330.787693871258972049","0","9335.242784382148","0.36555193530910285","0.12","1.43","100","0","NaN","0.0000","0.0000","0.0000","0.0000","0xb0bada5d45d939a03c6d211d24a61a4418d7cd13","0","0","0","0","0","0","0","0"
"702665","-276315","-276314","1","4064.667825154583959361","4304.554214","8365.227966097101161804","0","8369.222039154583","0.3266772452525931","0.12","1.42","100","0","NaN","0.0000","0.0000","0.0000","0.0000","0xb0bada5d45d939a03c6d211d24a61a4418d7cd13","0","0","0","0","0","0","0","0"
"364279","-276328","-276327","1","504.363370318676484009","1703.659845","0","2207.867512","2208.023215318676","0.08494800961216144","0.12","1.40","100","0","NaN","0.0000","0.0000","0.0000","0.0000","0xa1eca898ad4a4909c527c78b559ffdad005e761d","true","-887272","887272","0","0","0","0","100"
"702313","-276316","-276315","1","496.674878188198395152","0","0","497.098524","496.6748781881984","0.020327848323883638","0.12","1.49","100","0","4.6701270628446423e-7","0.0000","0.0000","0.0000","0.0000","0xfa1457caf448c66ce3c2e619ccd4fcfd317b61f6","0","0","0","0","0","0","0","0"
"276844","-276341","-276340","1","178.747717698402354088","114.449522","0","292.906521","293.1972396984023","0.011318881585836393","0.12","1.41","100","0","0.0006567584137306959","0.0000","0.0000","0.0000","0.0000","0xf0e6ab264de1b35979f71a9084ad4e23d42aa3c0","0","0","0","0","0","0","0","0"
"100472","-276384","-276328","56","8838.31712974732389297","8637.04027","8838.317129747323892969","8637.040269","17475.35739974732","0.6680562944423705","0.11","1.40","100","0","0.00","0.0000","0.0000","0.0000","0.0000","0x6dd1e0028ef0a634b01e13b2291949255610b38f","0","0","0","0","0","0","0","0"
"194747","-276344","-276343","1","13349.333163041314024297","2579.117484","15933.585205268714277824","0","15928.450647041314","0.581555265678124","0.11","1.33","0","0","NaN","0.0000","0.0000","0.0000","0.0000","0x97b73b8eaa8662381383a67e0dbcab67f78337dd","0","0","0","0","0","0","0","0"
"461054","-276326","-276325","1","1956.980175220827089547","7750.808988","0","9707.578937","9707.789163220827","0.3671899429887813","0.11","1.38","100","0","7.546726576990181e-8","0.0000","0.0000","0.0000","0.0000","0xb0bada5d45d939a03c6d211d24a61a4418d7cd13","true","-887272","887272","0","0","0","0","100"
"616700","-276317","-276316","1","1065.647844348713476864","8469.680583","9529.003812476597392937","0","9535.328427348713","0.3555187632688892","0.11","1.36","84","0","NaN","0.0000","0.0000","0.0000","0.0000","0xb0bada5d45d939a03c6d211d24a61a4418d7cd13","true","-887272","887272","0","0","0","0","100"
"679221","-276306","-276305","1","8132.215086298791597791","1301.297684","9431.160278683129462345","0","9433.512770298792","0.34551311736034795","0.11","1.34","100","0","7.072864072199536e-7","0.0000","0.0000","0.0000","0.0000","0xb0bada5d45d939a03c6d211d24a61a4418d7cd13","true","-887272","887272","0","0","0","0","100"
"617487","-276318","-276317","1","1655.733634601254701357","7876.538573","9527.201963110096775129","0","9532.272207601254","0.3418417664423654","0.11","1.31","100","0","NaN","0.0000","0.0000","0.0000","0.0000","0xb0bada5d45d939a03c6d211d24a61a4418d7cd13","true","-887272","887272","0","0","0","0","100"
"703341","-276316","-276315","1","6913.796685239977908306","2411.169813","9323.000933704480866131","0","9324.966498239977","0.33353824358106615","0.11","1.31","55","0","NaN","0.0000","0.0000","0.0000","0.0000","0xb0bada5d45d939a03c6d211d24a61a4418d7cd13","0","0","0","0","0","0","0","0"
"461060","-276326","-276325","1","1753.083967707281656649","6943.258366","0","8696.154011","8696.342333707282","0.3267150222776125","0.11","1.37","100","0","7.546726576990181e-8","0.0000","0.0000","0.0000","0.0000","0xb0bada5d45d939a03c6d211d24a61a4418d7cd13","true","-887272","887272","0","0","0","0","100"
"616701","-276317","-276316","1","1021.247749619784954107","7510.299225","8525.941747006976055248","0","8531.546974619785","0.3168581104104258","0.11","1.36","84","0","NaN","0.0000","0.0000","0.0000","0.0000","0xb0bada5d45d939a03c6d211d24a61a4418d7cd13","true","-887272","887272","0","0","0","0","100"
"676680","-276314","-276313","1","5874.099689762666869352","2597.925189","0","8478.30125","8472.024878762666","0.31134421500518566","0.11","1.34","100","0","0.000001712283537180781","0.0000","0.0000","0.0000","0.0000","0xb0bada5d45d939a03c6d211d24a61a4418d7cd13","true","-887272","887272","0","0","0","0","100"
"679222","-276306","-276305","1","7284.221896111215934837","1165.603834","8447.71854638497711523","0","8449.825730111215","0.30861712938445834","0.11","1.33","100","0","7.072864072199536e-7","0.0000","0.0000","0.0000","0.0000","0xb0bada5d45d939a03c6d211d24a61a4418d7cd13","true","-887272","887272","0","0","0","0","100"
"617490","-276318","-276317","1","1481.380001096556150971","7047.115838","8523.959506299475430959","0","8528.495839096555","0.3050930271650305","0.11","1.31","100","0","NaN","0.0000","0.0000","0.0000","0.0000","0xb0bada5d45d939a03c6d211d24a61a4418d7cd13","true","-887272","887272","0","0","0","0","100"
"703342","-276316","-276315","1","8320.235378016076307269","38.301564","8358.506204606409621795","0","8358.536942016075","0.2982473613501767","0.11","1.30","55","0","NaN","0.0000","0.0000","0.0000","0.0000","0xb0bada5d45d939a03c6d211d24a61a4418d7cd13","0","0","0","0","0","0","0","0"
"530213","-276316","-276315","1","4726.379615686537354149","268.09752","4907.559147114709947152","86.771875","4994.477135686538","0.18717983433508129","0.11","1.37","100","0","NaN","0.0000","0.0000","0.0000","0.0000","0x86462590436713cf5292ae561ebaa94f75cd6e07","0","0","0","0","0","0","0","0"
"379811","-276327","-276326","1","26.440290291561194839","2176.980011","1852.677787909317859818","351.180711","2203.4203012915614","0.07731692757913398","0.11","1.28","100","0","NaN","0.0000","0.0000","0.0000","0.0000","0xb0bada5d45d939a03c6d211d24a61a4418d7cd13","true","-887272","887272","0","0","0","0","100"
"677209","-276308","-276307","1","2.786699595718484727","1704.361428","0","1707.152875","1707.1481275957185","0.06359800747527153","0.11","1.36","19","0","3.119847491461769e-7","0.0000","0.0000","0.0000","0.0000","0xf50ba81a48d10ff5ddb1beef871008e1ddc4aaee","0","0","0","0","0","0","0","0"
"283627","-276341","-276340","1","540.544299591451146298","447.449479","0","987.116317","987.9937785914511","0.036468770043187625","0.11","1.35","100","0","NaN","0.0000","0.0000","0.0000","0.0000","0x1ba6090ce91454055904202970a63da3f132c8e9","0","0","0","0","0","0","0","0"
"195691","-276345","-276344","1","37.866247003367556801","33.854709","0","71.644405","71.72095600336755","0.0025930869033129024","0.11","1.32","100","0","7.851319594465167e-9","0.0000","0.0000","0.0000","0.0000","0xa7bf8f67045ef716ee87ded1faadff10f226c02d","true","-887272","887272","0","0","0","0","100"
"271967","-276340","-276339","1","6675.752446197712143558","3254.459795","0","9920.000311","9930.212241197713","0.3474446307445862","0.10","1.28","100","0","1.5288681431968598e-7","0.0000","0.0000","0.0000","0.0000","0xb0bada5d45d939a03c6d211d24a61a4418d7cd13","true","-887272","887272","0","0","0","0","100"
"322591","-276338","-276337","1","4367.168997937281664435","5865.493827","0","10226.908013","10232.66282493728","0.34605959729728997","0.10","1.23","81","0","3.0361021474689665e-7","0.0000","0.0000","0.0000","0.0000","0x7617452156f474836604c1a79c79c0627be5fe74","0","0","0","0","0","0","0","0"
"225054","-276346","-276345","1","8409.853553845595962616","1563.29998","9976.579963533656327035","0","9973.153533845596","0.3276595479876421","0.10","1.20","56","0","0.000001114283121328441","0.0000","0.0000","0.0000","0.0000","0xb0bada5d45d939a03c6d211d24a61a4418d7cd13","true","-887272","887272","0","0","0","0","100"
"587741","-276318","-276317","1","7296.988826967510808353","2326.178582","0","9628.019265","9623.16740896751","0.3241692751868453","0.10","1.23","76","0","NaN","0.0000","0.0000","0.0000","0.0000","0xb0bada5d45d939a03c6d211d24a61a4418d7cd13","true","-887272","887272","0","0","0","0","100"
"247102","-276342","-276341","1","2261.101714597323710481","7670.415856","0","9927.657462","9931.517570597323","0.3236910478403784","0.10","1.19","100","0","NaN","0.0000","0.0000","0.0000","0.0000","0xb0bada5d45d939a03c6d211d24a61a4418d7cd13","true","-887272","887272","0","0","0","0","100"
"695646","-276321","-276320","1","822.69842177134159821","8565.718489","0","9388.744608","9388.416910771342","0.3113321593438106","0.10","1.21","79","0","NaN","0.0000","0.0000","0.0000","0.0000","0xb0bada5d45d939a03c6d211d24a61a4418d7cd13","0","0","0","0","0","0","0","0"
"713829","-276319","-276318","1","2664.037279013999641551","6565.357175","0","9230.961838","9229.394454014","0.3051519581959775","0.10","1.21","65","0","0.0000010116400717130603","0.0000","0.0000","0.0000","0.0000","0xb0bada5d45d939a03c6d211d24a61a4418d7cd13","0","0","0","0","0","0","0","0"
"702318","-276316","-276315","1","8330.166475924970261947","1009.91886","0","9347.235714","9340.08533592497","0.3021063470778209","0.10","1.18","100","0","3.7308504063915393e-7","0.0000","0.0000","0.0000","0.0000","0xb0bada5d45d939a03c6d211d24a61a4418d7cd13","0","0","0","0","0","0","0","0"
"587743","-276318","-276317","1","6532.687114054728594416","2082.529823","0","8619.560599","8615.216937054727","0.28890767553887786","0.10","1.22","76","0","NaN","0.0000","0.0000","0.0000","0.0000","0xb0bada5d45d939a03c6d211d24a61a4418d7cd13","true","-887272","887272","0","0","0","0","100"
"695647","-276321","-276320","1","736.791178361124410675","7671.27498","0","8408.359637","8408.066158361125","0.27776176666070573","0.10","1.21","79","0","NaN","0.0000","0.0000","0.0000","0.0000","0xb0bada5d45d939a03c6d211d24a61a4418d7cd13","0","0","0","0","0","0","0","0"
"713831","-276319","-276318","1","2387.246699479457674271","5883.223696","0","8271.87493","8270.470395479457","0.272221657374642","0.10","1.20","65","0","0.0000026486260074065626","0.0000","0.0000","0.0000","0.0000","0xb0bada5d45d939a03c6d211d24a61a4418d7cd13","0","0","0","0","0","0","0","0"
"702319","-276316","-276315","1","7467.603515507412653319","905.344888","0","8379.358381","8372.948403507413","0.26991294503581265","0.10","1.18","100","0","3.7308504063915393e-7","0.0000","0.0000","0.0000","0.0000","0xb0bada5d45d939a03c6d211d24a61a4418d7cd13","0","0","0","0","0","0","0","0"
"197255","-276351","-276350","1","14.334710231881333054","2772.313764","0","2786.611287","2786.648474231881","0.09536038722598725","0.10","1.25","0","0","0","0.0000","0.0000","0.0000","0.0000","0xb0bada5d45d939a03c6d211d24a61a4418d7cd13","true","-887272","887272","0","0","0","0","100"
"247104","-276342","-276341","1","645.098913512535516678","2188.392014","0","2832.389627","2833.4909275125356","0.0913397313281118","0.10","1.18","100","0","NaN","0.0000","0.0000","0.0000","0.0000","0xb0bada5d45d939a03c6d211d24a61a4418d7cd13","true","-887272","887272","0","0","0","0","100"
"351252","-276331","-276330","1","15019.989994950023150556","60594.138043","0","75605.009878","75614.12803795002","10.935560823621701","0.09","1.06","14","0","0.0000011555664980456015","0.0000","0.0000","0.0000","0.0000","0x1bc8c6c06a43e3fbb2ebc613e0ebc0ecb95b5937","0","0","0","0","0","0","0","0"
"111670","-276356","-276348","8","21045.859844881836517613","17352.599831","20732.31798389767853241","17665.255038","38398.45967588184","1.1699898277986112","0.09","1.11","100","0","NaN","0.0000","0.0000","0.0000","0.0000","0x97b73b8eaa8662381383a67e0dbcab67f78337dd","0","0","0","0","0","0","0","0"
"249004","-276340","-276339","1","12946.293652939213126897","18018.414354","30992.985748665312797823","0","30964.708006939214","0.8888723873904207","0.09","1.05","100","0","NaN","0.0000","0.0000","0.0000","0.0000","0x97b73b8eaa8662381383a67e0dbcab67f78337dd","0","0","0","0","0","0","0","0"
"112857","-276353","-276352","1","4822.979831094336933029","10511.097881","15364.213142210446518107","0","15334.077712094337","0.46064445191409387","0.09","1.10","21","0","NaN","0.0000","0.0000","0.0000","0.0000","0x664d8f8f2417f52cbbf5bd82ba82eefc58a87f07","0","0","0","0","0","0","0","0"
"609625","-276313","-276312","1","9498.438773129964458385","55.695241","9554.072622824537239875","0","9554.134014129964","0.2921771483862444","0.09","1.12","100","0","NaN","0.0000","0.0000","0.0000","0.0000","0xb0bada5d45d939a03c6d211d24a61a4418d7cd13","true","-887272","887272","0","0","0","0","100"
"479835","-276322","-276321","1","8492.477664576320015908","1200.718459","0","9695.394459","9693.19612357632","0.29041514284638636","0.09","1.09","100","0","1.2288703388207978e-7","0.0000","0.0000","0.0000","0.0000","0xb0bada5d45d939a03c6d211d24a61a4418d7cd13","true","-887272","887272","0","0","0","0","100"
"392973","-276327","-276326","1","9520.804617825376477352","223.433033","9744.3038400388103563","0","9744.237650825376","0.2895383523524095","0.09","1.08","100","0","5.668621461119017e-7","0.0000","0.0000","0.0000","0.0000","0xb0bada5d45d939a03c6d211d24a61a4418d7cd13","true","-887272","887272","0","0","0","0","100"
"676679","-276314","-276313","1","6567.703879382141986877","2904.683993","0","9479.405347","9472.387872382142","0.28591763882608995","0.09","1.10","100","0","0.000015012974574624138","0.0000","0.0000","0.0000","0.0000","0xb0bada5d45d939a03c6d211d24a61a4418d7cd13","true","-887272","887272","0","0","0","0","100"
"603644","-276315","-276314","1","3288.810477288057896801","6302.79792","0","9594.850918","9591.608397288059","0.2791544967409607","0.09","1.06","100","0","7.304279403541614e-9","0.0000","0.0000","0.0000","0.0000","0xb0bada5d45d939a03c6d211d24a61a4418d7cd13","true","-887272","887272","0","0","0","0","100"
"609626","-276313","-276312","1","8503.213224766747054518","49.859616","8553.01788190743733664","0","8553.072840766747","0.26032537511810594","0.09","1.11","100","0","NaN","0.0000","0.0000","0.0000","0.0000","0xb0bada5d45d939a03c6d211d24a61a4418d7cd13","true","-887272","887272","0","0","0","0","100"
"479838","-276322","-276321","1","7607.342897174686030924","1075.572689","0","8684.884798","8682.915586174686","0.25917541625251894","0.09","1.09","100","0","1.2288703388207978e-7","0.0000","0.0000","0.0000","0.0000","0xb0bada5d45d939a03c6d211d24a61a4418d7cd13","true","-887272","887272","0","0","0","0","100"
"603645","-276315","-276314","1","2942.763452947505295888","5639.620616","0","8585.285414","8582.384068947506","0.24868185539837742","0.09","1.06","100","0","4.688137877906229e-7","0.0000","0.0000","0.0000","0.0000","0xb0bada5d45d939a03c6d211d24a61a4418d7cd13","true","-887272","887272","0","0","0","0","100"
"271102","-276342","-276340","2","498.044839330500950459","7486.517961","0","7983.764823","7984.562800330501","0.23931853790649607","0.09","1.09","100","0","2.8439126609214327e-7","0.0000","0.0000","0.0000","0.0000","0xea869669210a69b035b382e0f2a498b87dc6a45c","0","0","0","0","0","0","0","0"
"392976","-276327","-276326","1","2746.578641135744232344","64.456359","2811.05409407094781203","0","2811.035000135744","0.08340240872404547","0.09","1.08","100","0","5.668621461119017e-7","0.0000","0.0000","0.0000","0.0000","0xb0bada5d45d939a03c6d211d24a61a4418d7cd13","true","-887272","887272","0","0","0","0","100"
"485026","-276330","-276320","10","0","1500.011839","0","1500.011838","1500.011839","0.04708432850863153","0.09","1.15","89","0","8.809505347429081e-8","0.0000","0.0000","0.0000","0.0000","0xbee3d63539911929c671e6c39d1be5a0eaaaa6c7","0","0","0","0","0","0","0","0"
"366210","-276327","-276326","1","933.724531433752563511","521.488365","75.472140030185612054","1379.54165","1455.2128964337526","0.04199793720178551","0.09","1.05","100","0","4.293591038262434e-8","0.0000","0.0000","0.0000","0.0000","0x86462590436713cf5292ae561ebaa94f75cd6e07","0","0","0","0","0","0","0","0"
"354079","-276331","-276330","1","63.690840311513557613","274.863227","0","338.515436","338.55406731151356","0.02998868065441092","0.09","1.08","17","0","0.000004738231695888828","0.0000","0.0000","0.0000","0.0000","0x281e5c38bacea0f32e48edc9952de4c068f9012e","0","0","0","0","0","0","0","0"
"708011","-276312","-276311","1","496.009801101112295647","0","496.009801101112295646","0","496.0098011011123","0.015237769712860566","0.09","1.12","0","0","NaN","0.0000","0.0000","0.0000","0.0000","0xfa1457caf448c66ce3c2e619ccd4fcfd317b61f6","0","0","0","0","0","0","0","0"
"75474","-276558","-276158","400","489.544667349246644416","498.304295","0","0","987.8489623492467","2.036010455322393","0.08","0.99","94","0","NaN","0.0000","0.0000","0.0000","0.0000","0x6e74053a3798e0fc9a9775f7995316b27f21c4d2","0","0","0","0","0","0","0","0"
"276965","-276340","-276339","1","46753.59069886684068653","4605.746873","0","51287.262274","51359.33757186684","1.4334953715923295","0.08","1.02","97","0","NaN","0.0000","0.0000","0.0000","0.0000","0xb0bada5d45d939a03c6d211d24a61a4418d7cd13","true","-887272","887272","0","0","0","0","100"
"138459","-276343","-276336","7","10340.553131127164075577","12638.68705","14151.250262358341634428","8833.968002","22979.240181127163","0.595679525340358","0.08","0.95","100","0","NaN","0.0000","0.0000","0.0000","0.0000","0x97b73b8eaa8662381383a67e0dbcab67f78337dd","0","0","0","0","0","0","0","0"
"276966","-276340","-276339","1","9033.797976823450987708","889.929226","0","9909.800707","9923.727202823451","0.2765856882029069","0.08","1.02","97","0","NaN","0.0000","0.0000","0.0000","0.0000","0xb0bada5d45d939a03c6d211d24a61a4418d7cd13","true","-887272","887272","0","0","0","0","100"
"371643","-276327","-276325","2","1587.343671651810274101","8425.881825","0","10013.045818","10013.22549665181","0.2601091854904922","0.08","0.95","100","0","9.148142243731172e-8","0.0000","0.0000","0.0000","0.0000","0x7617452156f474836604c1a79c79c0627be5fe74","0","0","0","0","0","1","0","0"
"680795","-276311","-276310","1","3585.789579276576146313","5841.455683","9419.460621404478130318","0","9427.245262276576","0.2577605041860786","0.08","1.00","94","0","NaN","0.0000","0.0000","0.0000","0.0000","0xb0bada5d45d939a03c6d211d24a61a4418d7cd13","true","-887272","887272","0","0","0","0","100"
"504688","-276318","-276317","1","705.922913578722525618","8973.445519","0","9679.862017","9679.368432578724","0.24760897999100254","0.08","0.93","0","0","NaN","0.0000","0.0000","0.0000","0.0000","0xb0bada5d45d939a03c6d211d24a61a4418d7cd13","true","-887272","887272","0","0","0","0","100"
"504671","-276318","-276317","1","632.347194468435139704","8038.176676","0","8670.96601","8670.523870468434","0.2426767178102074","0.08","1.02","0","0","NaN","0.0000","0.0000","0.0000","0.0000","0xb0bada5d45d939a03c6d211d24a61a4418d7cd13","true","-887272","887272","0","0","0","0","100"
"680793","-276311","-276310","1","3211.614102993392202641","5231.902497","8436.544282778779540242","0","8443.516599993392","0.2383193860117053","0.08","1.03","92","0","NaN","0.0000","0.0000","0.0000","0.0000","0xb0bada5d45d939a03c6d211d24a61a4418d7cd13","true","-887272","887272","0","0","0","0","100"
"276984","-276340","-276339","1","2577.068412220916334029","253.869802","0","2826.965406","2830.9382142209165","0.0780632123325529","0.08","1.01","98","0","NaN","0.0000","0.0000","0.0000","0.0000","0xb0bada5d45d939a03c6d211d24a61a4418d7cd13","true","-887272","887272","0","0","0","0","100"
"304170","-276340","-276338","2","336.828858939070291665","2500","0","2836.354552","2836.8288589390704","0.07448179682746604","0.08","0.96","100","0","NaN","0.0000","0.0000","0.0000","0.0000","0x3517bb8ca2b127da5839f6268300e19ceeeef947","0","0","0","0","0","0","0","0"
"704381","-276317","-276316","1","496.55569394567879783","0","0","496.929545","496.5556939456788","0.013494026580094593","0.08","0.99","0","0","0.0000035564891143202715","0.0000","0.0000","0.0000","0.0000","0xfa1457caf448c66ce3c2e619ccd4fcfd317b61f6","0","0","0","0","0","0","0","0"
"707952","-276311","-276310","1","0","496.686113","496.014761248740931635","0","496.686113","0.013486023136954153","0.08","0.99","89","0","NaN","0.0000","0.0000","0.0000","0.0000","0xfa1457caf448c66ce3c2e619ccd4fcfd317b61f6","0","0","0","0","0","0","0","0"
"344433","-276334","-276333","1","41864.84141703636095297","77625.510165","0","119452.070397","119490.35158203635","2.8329504929623885","0.07","0.87","25","0","NaN","0.0000","0.0000","0.0000","0.0000","0x664d8f8f2417f52cbbf5bd82ba82eefc58a87f07","0","0","0","0","0","0","0","0"
"374631","-276325","-276324","1","4634.134787028974121778","46789.282312","0","51423.408471","51423.41709902898","1.2010015421012252","0.07","0.85","100","0","NaN","0.0000","0.0000","0.0000","0.0000","0x1265156d15eccf173f39c41bbe028c95cc420388","0","0","0","0","0","0","0","0"
"346362","-276335","-276334","1","22269.514272527723999883","8515.455427","0","30761.966862","30784.969699527726","0.7611459128028422","0.07","0.90","100","0","8.874745383025129e-8","0.0000","0.0000","0.0000","0.0000","0xb0bada5d45d939a03c6d211d24a61a4418d7cd13","true","-887272","887272","0","0","0","0","100"
"215673","-276353","-276352","1","5821.639679713110067252","11067.969941","0","16873.24813","16889.60962071311","0.4078216742610249","0.07","0.88","100","0","4.443845291746129e-9","0.0000","0.0000","0.0000","0.0000","0xf1bc5de15f4b56d9db4b3e6682832547d72844de","0","0","0","0","0","0","0","0"
"346366","-276335","-276334","1","7120.211513584776706296","2722.638807","0","9835.495644","9842.850320584777","0.2403759766122969","0.07","0.89","100","0","8.874745383025129e-8","0.0000","0.0000","0.0000","0.0000","0xb0bada5d45d939a03c6d211d24a61a4418d7cd13","true","-887272","887272","0","0","0","0","100"
"346368","-276335","-276334","1","2868.205424194054366753","1096.749357","0","3961.992126","3964.9547811940547","0.09644944433673838","0.07","0.89","100","0","8.874745383025129e-8","0.0000","0.0000","0.0000","0.0000","0xb0bada5d45d939a03c6d211d24a61a4418d7cd13","true","-887272","887272","0","0","0","0","50"
"346371","-276335","-276334","1","2025.386190741259963864","774.470679","0","2797.764788","2799.85686974126","0.0677897186598094","0.07","0.88","100","0","8.874745383025129e-8","0.0000","0.0000","0.0000","0.0000","0xb0bada5d45d939a03c6d211d24a61a4418d7cd13","true","-887272","887272","0","0","0","0","100"
"674138","-276315","-276313","2","13.753809270026377236","1110.045085","2.371843226451550177","1121.439524","1123.7988942700263","0.05066164398246237","0.07","0.82","89","0","NaN","0.0000","0.0000","0.0000","0.0000","0xf50ba81a48d10ff5ddb1beef871008e1ddc4aaee","0","0","0","0","0","0","0","0"
"721543","-276318","-276317","1","495.172279516216095096","0","0","495.49554","495.1722795162161","0.022097917105262106","0.07","0.81","67","0","4.773570427829554e-8","0.0000","0.0000","0.0000","0.0000","0xfa1457caf448c66ce3c2e619ccd4fcfd317b61f6","0","0","0","0","0","0","0","0"
"705980","-276315","-276314","1","496.2280872225059941","0","0","496.701017","496.228087222506","0.011619019699248336","0.07","0.85","54","0","0.000001651256642531962","0.0000","0.0000","0.0000","0.0000","0xfa1457caf448c66ce3c2e619ccd4fcfd317b61f6","0","0","0","0","0","0","0","0"
"614852","-276319","-276318","1","0","498.901232","0","498.901231","498.901232","0.011381648114393019","0.07","0.83","100","0","NaN","0.0000","0.0000","0.0000","0.0000","0xfa1457caf448c66ce3c2e619ccd4fcfd317b61f6","0","0","0","0","0","0","0","0"
"277121","-276340","-276339","1","178.224271322641309354","172.660584","0","350.613687","350.88485532264133","0.00842322063311278","0.07","0.88","51","0","0.0000034974027673939645","0.0000","0.0000","0.0000","0.0000","0xc7ddb3a9b3230eabbb5d3953146df05eb9d1de50","0","0","0","0","0","0","0","0"
"278116","-276338","-276337","1","2152.226728538381707397","49120.445306","0","51269.877274","51272.67203453838","1.0381723692622702","0.06","0.74","0","0","9.093182762320851e-7","0.0000","0.0000","0.0000","0.0000","0xb0bada5d45d939a03c6d211d24a61a4418d7cd13","true","-887272","887272","0","0","0","0","100"
"101149","-276367","-276347","20","8118.058717881879211841","9351.836274","7475.245771924125827422","9992.603049","17469.89499188188","0.34045895947925864","0.06","0.71","85","0","2.786674446753068e-7","0.0000","0.0000","0.0000","0.0000","0x6dd1e0028ef0a634b01e13b2291949255610b38f","0","0","0","0","0","10","9","0"
"247140","-276342","-276341","1","1251.953522930685927909","15732.702259","0","16982.52808","16984.655781930687","0.32580189995444125","0.06","0.70","100","0","0.0003538312466910831","0.0000","0.0000","0.0000","0.0000","0xf1bc5de15f4b56d9db4b3e6682832547d72844de","0","0","0","0","0","0","0","0"
"603152","-276316","-276315","1","4725.740396696270464646","4872.915865","0","9602.807154","9598.65626169627","0.2047430724892746","0.06","0.78","100","0","8.923617400569128e-9","0.0000","0.0000","0.0000","0.0000","0xb0bada5d45d939a03c6d211d24a61a4418d7cd13","true","-887272","887272","0","0","0","0","100"
"278119","-276338","-276337","1","415.84811901822993027","9490.935372","0","9906.243493","9906.78349101823","0.19627276546998654","0.06","0.72","0","0","0.000002880564220486548","0.0000","0.0000","0.0000","0.0000","0xb0bada5d45d939a03c6d211d24a61a4418d7cd13","true","-887272","887272","0","0","0","0","100"
"706299","-276314","-276313","1","9142.004619992797809682","146.401358","9288.259155311859418627","0","9288.405977992797","0.18932713676147847","0.06","0.74","94","0","NaN","0.0000","0.0000","0.0000","0.0000","0xb0bada5d45d939a03c6d211d24a61a4418d7cd13","0","0","0","0","0","0","0","0"
"697429","-276321","-276320","1","7792.229680475333122243","1574.20436","0","9369.247753","9366.434040475333","0.18869210384833868","0.06","0.74","100","0","5.9288562948012213e-8","0.0000","0.0000","0.0000","0.0000","0xb0bada5d45d939a03c6d211d24a61a4418d7cd13","0","0","0","0","0","0","0","0"
"603153","-276316","-276315","1","4228.450740060543570557","4360.138934","0","8592.303768","8588.589674060542","0.1823421689570241","0.06","0.77","100","0","8.923617400569128e-9","0.0000","0.0000","0.0000","0.0000","0xb0bada5d45d939a03c6d211d24a61a4418d7cd13","true","-887272","887272","0","0","0","0","100"
"680098","-276311","-276310","1","14.137759652954814923","9424.245397","0","9438.402998","9438.383156652955","0.18170573572084572","0.06","0.70","100","0","NaN","0.0000","0.0000","0.0000","0.0000","0xb0bada5d45d939a03c6d211d24a61a4418d7cd13","true","-887272","887272","0","0","0","0","100"
"680095","-276311","-276310","1","12.66245359477221444","8440.804833","0","8453.485057","8453.467286594772","0.1703249613253731","0.06","0.74","100","0","NaN","0.0000","0.0000","0.0000","0.0000","0xb0bada5d45d939a03c6d211d24a61a4418d7cd13","true","-887272","887272","0","0","0","0","100"
"697430","-276321","-276320","1","6983.939340845238115972","1410.911666","0","8397.372852","8394.851006845238","0.16842121416979403","0.06","0.73","100","0","5.9288562948012213e-8","0.0000","0.0000","0.0000","0.0000","0xb0bada5d45d939a03c6d211d24a61a4418d7cd13","0","0","0","0","0","0","0","0"
"706301","-276314","-276313","1","8197.837631716623604301","131.281334","8328.987306573031177039","0","8329.118965716623","0.16828262541979536","0.06","0.74","94","0","NaN","0.0000","0.0000","0.0000","0.0000","0xb0bada5d45d939a03c6d211d24a61a4418d7cd13","0","0","0","0","0","0","0","0"
"613823","-276316","-276315","1","8482.480213148294983028","66.667514","8549.094215062504994636","0","8549.147727148296","0.1583388406240172","0.06","0.68","100","0","NaN","0.0000","0.0000","0.0000","0.0000","0xb0bada5d45d939a03c6d211d24a61a4418d7cd13","true","-887272","887272","0","0","0","0","100"
"197254","-276352","-276350","2","1552.184384970666343277","5915.60231","0","7463.728442","7467.786694970667","0.1399021418459511","0.06","0.68","0","0","3.2398239646624916e-8","0.0000","0.0000","0.0000","0.0000","0xb0bada5d45d939a03c6d211d24a61a4418d7cd13","true","-887272","887272","0","0","1","0","100"
"72018","-276356","-276355","1","5081.647273184431610596","990.383449","6075.191986556891816725","0","6072.030722184431","0.1145250043728912","0.06","0.69","63","0","0.000003385761226937234","0.0000","0.0000","0.0000","0.0000","0xa056c95d109e69667f23b0bd4c5b94a58cbb412a","0","0","0","0","0","0","0","0"
"278122","-276338","-276337","1","213.942107661666388508","4882.818088","0","5096.482381","5096.760195661666","0.10024184303639262","0.06","0.72","0","0","0.000002880564220486548","0.0000","0.0000","0.0000","0.0000","0xb0bada5d45d939a03c6d211d24a61a4418d7cd13","true","-276425","-275371","1","1","0","0","100"
"278128","-276338","-276337","1","118.628265075330336729","2707.462522","0","2825.936743","2826.0907870753304","0.05495383025354322","0.06","0.71","0","0","0.000002880564220486548","0.0000","0.0000","0.0000","0.0000","0xb0bada5d45d939a03c6d211d24a61a4418d7cd13","true","-887272","887272","0","0","0","0","100"
"195295","-276346","-276343","3","409.268845712764056377","391.72852","408.24281603319258528","392.752447","800.9973657127641","0.01725510736051263","0.06","0.79","100","0","5.148266923882261e-7","0.0000","0.0000","0.0000","0.0000","0xd050e74eab1acbe57b48e762e3506b5c51cd314d","true","-887272","887272","0","0","1","1","100"
"590366","-276315","-276314","1","0","499.680099","499.204332214032416913","0","499.680099","0.010139498528792779","0.06","0.74","96","0","0.0000033944414168374237","0.0000","0.0000","0.0000","0.0000","0xfa1457caf448c66ce3c2e619ccd4fcfd317b61f6","0","0","0","0","0","0","0","0"
"708879","-276314","-276313","1","0","496.417986","495.89573563772684814","0","496.417986","0.00916344596857253","0.06","0.67","0","0","NaN","0.0000","0.0000","0.0000","0.0000","0xfa1457caf448c66ce3c2e619ccd4fcfd317b61f6","0","0","0","0","0","0","0","0"
"277403","-276340","-276338","2","11.138998961259477509","10.9","0","22.022883","22.03899896125948","0.000467976927840467","0.06","0.78","79","0","0.0006281159478316312","0.0000","0.0000","0.0000","0.0000","0x9f59efa58903d3235ef451f15172f1173e130756","0","0","0","0","0","0","0","0"
"334127","-276337","-276336","1","17605.845717053568781156","32528.801703","50175.817090755875669636","0","50134.647420053574","0.7894281359034172","0.05","0.57","100","0","NaN","0.0000","0.0000","0.0000","0.0000","0xb0bada5d45d939a03c6d211d24a61a4418d7cd13","true","-887272","887272","0","0","0","0","100"
"113085","-276353","-276352","1","14469.730127739243873782","23918.97796","38457.343551992586818011","0","38388.70808773924","0.6352334795010179","0.05","0.60","42","0","NaN","0.0000","0.0000","0.0000","0.0000","0x97b73b8eaa8662381383a67e0dbcab67f78337dd","0","0","0","0","0","0","0","0"
"334130","-276337","-276336","1","14326.733412505652712267","26470.269248","40830.504425438775375614","0","40797.002660505656","0.6339553094585293","0.05","0.57","100","0","NaN","0.0000","0.0000","0.0000","0.0000","0xb0bada5d45d939a03c6d211d24a61a4418d7cd13","true","-887272","887272","0","0","0","0","100"
"254296","-276341","-276340","1","1707.160673651278857417","15273.921821","2110.856002564161871075","14870.874488","16981.08249465128","0.30320522474885603","0.05","0.65","100","0","NaN","0.0000","0.0000","0.0000","0.0000","0xf1bc5de15f4b56d9db4b3e6682832547d72844de","0","0","0","0","0","0","0","0"
"337673","-276339","-276337","2","1417.2354656162048214","8745.309054","0","10160.687429","10162.544519616204","0.18296398221830187","0.05","0.66","94","0","2.8108535499171694e-7","0.0000","0.0000","0.0000","0.0000","0x7617452156f474836604c1a79c79c0627be5fe74","0","0","0","0","0","1","0","0"
"595872","-276317","-276316","1","1663.691186139318529163","7949.093493","9606.87316831959308604","0","9612.784679139319","0.17293628306440453","0.05","0.66","100","0","0.000014539987780448627","0.0000","0.0000","0.0000","0.0000","0xb0bada5d45d939a03c6d211d24a61a4418d7cd13","true","-887272","887272","0","0","0","0","100"
"694480","-276319","-276318","1","2372.508639560003265187","7021.191893","0","9395.10068","9393.700532560004","0.16870884656634996","0.05","0.66","100","0","NaN","0.0000","0.0000","0.0000","0.0000","0xb0bada5d45d939a03c6d211d24a61a4418d7cd13","0","0","0","0","0","0","0","0"
"723128","-276318","-276317","1","3674.076660302997198596","5513.510976","0","9190.096442","9187.587636302997","0.1666420704444494","0.05","0.66","100","0","4.320099833421409e-9","0.0000","0.0000","0.0000","0.0000","0xb0bada5d45d939a03c6d211d24a61a4418d7cd13","0","0","0","0","0","0","0","0"
"613825","-276316","-276315","1","9475.348222192666752283","74.470897","9549.759343556978261045","0","9549.819119192665","0.16647355571013553","0.05","0.64","100","0","NaN","0.0000","0.0000","0.0000","0.0000","0xb0bada5d45d939a03c6d211d24a61a4418d7cd13","true","-887272","887272","0","0","0","0","100"
"595206","-276315","-276314","1","451.203766669327039739","9169.771165","9612.265501107321371949","0","9620.974931669327","0.1652031562140282","0.05","0.63","100","0","NaN","0.0000","0.0000","0.0000","0.0000","0xb0bada5d45d939a03c6d211d24a61a4418d7cd13","true","-887272","887272","0","0","0","0","100"
"587227","-276318","-276317","1","7743.438020211909218496","1884.856535","9627.140629067522180301","0","9628.294555211909","0.1631346819932629","0.05","0.62","100","0","NaN","0.0000","0.0000","0.0000","0.0000","0xb0bada5d45d939a03c6d211d24a61a4418d7cd13","true","-887272","887272","0","0","0","0","100"
"685592","-276317","-276316","1","1524.625707788877676122","7887.772824","0","9413.610328","9412.398531788876","0.15942758015113834","0.05","0.62","100","0","NaN","0.0000","0.0000","0.0000","0.0000","0xb0bada5d45d939a03c6d211d24a61a4418d7cd13","0","0","0","0","0","0","0","0"
"595876","-276317","-276316","1","1489.370733578596065879","7116.19278","8600.271406918727638549","0","8605.563513578596","0.1539596397725187","0.05","0.65","100","0","0.000014539987780448627","0.0000","0.0000","0.0000","0.0000","0xb0bada5d45d939a03c6d211d24a61a4418d7cd13","true","-887272","887272","0","0","0","0","100"
"334133","-276337","-276336","1","3462.519935281922028551","6397.399346","9868.016069684979101227","0","9859.919281281922","0.15194157925939233","0.05","0.56","100","0","NaN","0.0000","0.0000","0.0000","0.0000","0xb0bada5d45d939a03c6d211d24a61a4418d7cd13","true","-887272","887272","0","0","0","0","100"
"707961","-276311","-276310","1","5662.886795523509712174","3615.220769","9273.331240189184296638","0","9278.10756452351","0.15073234606882577","0.05","0.59","100","0","NaN","0.0000","0.0000","0.0000","0.0000","0xb0bada5d45d939a03c6d211d24a61a4418d7cd13","0","0","0","0","0","0","0","0"
"603408","-276315","-276314","1","252.96726569185116045","9346.874404","0","9600.095086","9599.841669691852","0.15032873902450639","0.05","0.57","100","0","1.702318286334048e-8","0.0000","0.0000","0.0000","0.0000","0xb0bada5d45d939a03c6d211d24a61a4418d7cd13","true","-887272","887272","0","0","0","0","100"
"694482","-276319","-276318","1","2125.097619802622317112","6289.004782","0","8415.356538","8414.102401802622","0.1500546275597939","0.05","0.65","100","0","NaN","0.0000","0.0000","0.0000","0.0000","0xb0bada5d45d939a03c6d211d24a61a4418d7cd13","0","0","0","0","0","0","0","0"
"723129","-276318","-276317","1","3293.71009587035216072","4942.71308","0","8238.672252","8236.423175870354","0.148121200826613","0.05","0.66","100","0","2.442148927528365e-7","0.0000","0.0000","0.0000","0.0000","0xb0bada5d45d939a03c6d211d24a61a4418d7cd13","0","0","0","0","0","0","0","0"
"595207","-276315","-276314","1","455.51543668259328848","8157.576757","8605.346585639663117038","0","8613.092193682593","0.14701016214051776","0.05","0.62","100","0","NaN","0.0000","0.0000","0.0000","0.0000","0xb0bada5d45d939a03c6d211d24a61a4418d7cd13","true","-887272","887272","0","0","0","0","100"
"587232","-276318","-276317","1","6932.550678693101357901","1687.475695","8618.993285373973653915","0","8620.026373693101","0.1452465975965584","0.05","0.62","100","0","NaN","0.0000","0.0000","0.0000","0.0000","0xb0bada5d45d939a03c6d211d24a61a4418d7cd13","true","-887272","887272","0","0","0","0","100"
"654361","-276311","-276310","1","3726.610003117972855696","5769.605374","9488.529964563388746741","0","9496.215377117973","0.14347085213752647","0.05","0.55","100","0","0.0000023055399145377464","0.0000","0.0000","0.0000","0.0000","0xb0bada5d45d939a03c6d211d24a61a4418d7cd13","true","-887272","887272","0","0","0","0","100"
"685593","-276317","-276316","1","1365.369465762409391008","7063.847941","0","8430.302623","8429.21740676241","0.14183162653884193","0.05","0.61","100","0","NaN","0.0000","0.0000","0.0000","0.0000","0xb0bada5d45d939a03c6d211d24a61a4418d7cd13","0","0","0","0","0","0","0","0"
"712665","-276321","-276320","1","7949.210054306407468523","1281.584154","0","9233.652986","9230.794208306406","0.1413264012299387","0.05","0.56","100","0","1.0993155274974242e-7","0.0000","0.0000","0.0000","0.0000","0xb0bada5d45d939a03c6d211d24a61a4418d7cd13","0","0","0","0","0","0","0","0"
"708102","-276314","-276313","1","7426.724905103887695445","880.874341","8306.71186867308257807","0","8307.599246103888","0.13765864747990164","0.05","0.60","0","0","NaN","0.0000","0.0000","0.0000","0.0000","0xb0bada5d45d939a03c6d211d24a61a4418d7cd13","0","0","0","0","0","0","0","0"
"707962","-276311","-276310","1","5076.782806301570557546","3241.04848","8313.549307492283516792","0","8317.83128630157","0.13446912592791294","0.05","0.59","100","0","NaN","0.0000","0.0000","0.0000","0.0000","0xb0bada5d45d939a03c6d211d24a61a4418d7cd13","0","0","0","0","0","0","0","0"
"603411","-276315","-276314","1","226.346981699208226449","8363.282909","0","8589.856639","8589.629890699207","0.1334091691718989","0.05","0.57","100","0","1.5850615264767498e-7","0.0000","0.0000","0.0000","0.0000","0xb0bada5d45d939a03c6d211d24a61a4418d7cd13","true","-887272","887272","0","0","0","0","100"
"614879","-276319","-276318","1","7905.378544136454614702","631.073293","0","8540.850907","8536.451837136454","0.1307354429457648","0.05","0.56","100","0","NaN","0.0000","0.0000","0.0000","0.0000","0xb0bada5d45d939a03c6d211d24a61a4418d7cd13","true","-887272","887272","0","0","0","0","100"
"218029","-276347","-276346","1","5596.942544512266576716","2103.549289","1764.967445940973971072","5926.931191","7700.4918335122675","0.12811325251958103","0.05","0.61","100","0","3.769749734594541e-7","0.0000","0.0000","0.0000","0.0000","0xac096613877c0cde45ee6548f815ef752b440ecb","0","0","0","0","0","0","0","0"
"712667","-276321","-276320","1","1563.473485770095097603","6709.977613","0","8274.065934","8273.451098770096","0.1248570952242205","0.05","0.55","100","0","2.7044355643823792e-8","0.0000","0.0000","0.0000","0.0000","0xb0bada5d45d939a03c6d211d24a61a4418d7cd13","0","0","0","0","0","0","0","0"
"334135","-276337","-276336","1","1394.762838662067769496","2576.98296","3975.007324888103634056","0","3971.7457986620675","0.060817128221897006","0.05","0.56","100","0","NaN","0.0000","0.0000","0.0000","0.0000","0xb0bada5d45d939a03c6d211d24a61a4418d7cd13","true","-887272","887272","0","0","0","0","50"
"334136","-276337","-276336","1","984.950996565081515435","1819.808977","2807.063192017430535779","0","2804.7599735650815","0.04273675805847128","0.05","0.56","100","0","NaN","0.0000","0.0000","0.0000","0.0000","0xb0bada5d45d939a03c6d211d24a61a4418d7cd13","true","-887272","887272","0","0","0","0","100"
"680966","-276313","-276312","1","497.306038385137545631","0","497.30603838513754563","0","497.3060383851375","0.017671318865199376","0.05","0.65","3","0","6.1047045196716e-7","0.0000","0.0000","0.0000","0.0000","0xfa1457caf448c66ce3c2e619ccd4fcfd317b61f6","0","0","0","0","0","0","0","0"
"284044","-276340","-276339","1","862.470424532327852548","83.529164","802.769538312226254274","143.135482","945.9995885323278","0.014419025535348639","0.05","0.56","100","0","3.3446578839857466e-10","0.0000","0.0000","0.0000","0.0000","0x1ba6090ce91454055904202970a63da3f132c8e9","0","0","0","0","0","0","0","0"
"145348","-276440","-276240","200","253.226554975136372097","252.904618","253.226554975136372096","252.904617","506.13117297513634","0.007765608207468233","0.05","0.56","100","0","0.00","0.0000","0.0000","0.0000","0.0000","0x27467efdeca3af0c193dff4669cc4c10f5b981f0","0","0","0","0","0","0","0","0"
"278156","-276338","-276337","1","12.294387326425935171","280.5958","293.269074378147984223","0","292.8901873264259","0.005027274887677594","0.05","0.63","0","0","9.6226351331552e-7","0.0000","0.0000","0.0000","0.0000","0xf0e6ab264de1b35979f71a9084ad4e23d42aa3c0","0","0","0","0","0","0","0","0"
"375858","-276325","-276324","1","5097.87533097198663638","45845.147166","50945.422865299714929862","0","50943.022496971986","0.656442302437002","0.04","0.47","100","0","NaN","0.0000","0.0000","0.0000","0.0000","0xb0bada5d45d939a03c6d211d24a61a4418d7cd13","true","-887272","887272","0","0","0","0","100"
"345984","-276338","-276337","1","1303.440721277559048435","29466.340426","0","30768.088547","30769.781147277557","0.36019093936445473","0.04","0.43","93","0","1.6160883742344367e-8","0.0000","0.0000","0.0000","0.0000","0xb0bada5d45d939a03c6d211d24a61a4418d7cd13","true","-887272","887272","0","0","0","0","100"
"121483","-276354","-276352","2","1754.69775003417041715","13460.630397","1754.697750034170417149","13460.630396","15215.328147034172","0.18801218015467022","0.04","0.45","100","0","0.00","0.0000","0.0000","0.0000","0.0000","0x97b73b8eaa8662381383a67e0dbcab67f78337dd","0","0","0","0","0","0","0","0"
"702591","-276314","-276313","1","5376.172117767563575304","3961.432935","9333.551443942785284013","0","9337.605052767563","0.13827845310116002","0.04","0.54","100","0","NaN","0.0000","0.0000","0.0000","0.0000","0xb0bada5d45d939a03c6d211d24a61a4418d7cd13","0","0","0","0","0","0","0","0"
"683703","-276313","-276312","1","7924.645234858096839071","1493.014343","9416.00249425713454374","0","9417.659577858098","0.1362198164574785","0.04","0.53","100","0","NaN","0.0000","0.0000","0.0000","0.0000","0xb0bada5d45d939a03c6d211d24a61a4418d7cd13","0","0","0","0","0","0","0","0"
"614893","-276319","-276318","1","8832.280400276621744311","705.066335","0","9542.261594","9537.346735276622","0.1309422570231956","0.04","0.50","100","0","NaN","0.0000","0.0000","0.0000","0.0000","0xb0bada5d45d939a03c6d211d24a61a4418d7cd13","true","-887272","887272","0","0","0","0","100"
"435584","-276329","-276328","1","1458.863870817009797299","8266.057989","9728.682375560765388226","0","9724.92185981701","0.12902896867273744","0.04","0.48","100","0","NaN","0.0000","0.0000","0.0000","0.0000","0xb0bada5d45d939a03c6d211d24a61a4418d7cd13","true","-887272","887272","0","0","0","0","100"
"654362","-276311","-276310","1","3333.972298146726422186","5161.716539","8488.813164114728607865","0","8495.688837146727","0.12732873631378563","0.04","0.55","100","0","0.0000023055399145377464","0.0000","0.0000","0.0000","0.0000","0xb0bada5d45d939a03c6d211d24a61a4418d7cd13","true","-887272","887272","0","0","0","0","100"
"596320","-276320","-276319","1","4883.28059234306740075","4724.766108","0","9610.377566","9608.046700343068","0.1264632837279969","0.04","0.48","0","0","NaN","0.0000","0.0000","0.0000","0.0000","0xb0bada5d45d939a03c6d211d24a61a4418d7cd13","true","-887272","887272","0","0","0","0","100"
"375860","-276325","-276324","1","976.013404614852316519","8777.279801","9753.752767983834192477","0","9753.293205614853","0.12514599910510785","0.04","0.47","100","0","NaN","0.0000","0.0000","0.0000","0.0000","0xb0bada5d45d939a03c6d211d24a61a4418d7cd13","true","-887272","887272","0","0","0","0","100"
"702592","-276314","-276313","1","4819.415840123495875323","3551.187019","8366.969041948030676235","0","8370.602859123497","0.12329565360390414","0.04","0.54","100","0","NaN","0.0000","0.0000","0.0000","0.0000","0xb0bada5d45d939a03c6d211d24a61a4418d7cd13","0","0","0","0","0","0","0","0"
"719974","-276308","-276307","1","7791.466256903946514624","1399.980501","9189.194367150335678183","0","9191.446757903946","0.12271811227879481","0.04","0.49","100","0","NaN","0.0000","0.0000","0.0000","0.0000","0xb0bada5d45d939a03c6d211d24a61a4418d7cd13","0","0","0","0","0","0","0","0"
"704624","-276317","-276316","1","5160.636791848043874966","3190.645949","0","8355.266736","8351.282740848044","0.12266657280036641","0.04","0.54","0","0","NaN","0.0000","0.0000","0.0000","0.0000","0xb0bada5d45d939a03c6d211d24a61a4418d7cd13","0","0","0","0","0","0","0","0"
"683705","-276313","-276312","1","7097.532443282352862746","1337.185126","8433.233439277647531205","0","8434.717569282353","0.12099470990958708","0.04","0.52","100","0","NaN","0.0000","0.0000","0.0000","0.0000","0xb0bada5d45d939a03c6d211d24a61a4418d7cd13","0","0","0","0","0","0","0","0"
"708000","-276313","-276312","1","6924.604396119561440843","1388.806778","0","8321.454828","8313.411174119561","0.1198148133749736","0.04","0.53","100","0","NaN","0.0000","0.0000","0.0000","0.0000","0xb0bada5d45d939a03c6d211d24a61a4418d7cd13","0","0","0","0","0","0","0","0"
"708005","-276313","-276312","1","7724.003670970063126139","1549.135234","0","9282.111145","9273.138904970063","0.11942640269539015","0.04","0.47","100","0","NaN","0.0000","0.0000","0.0000","0.0000","0xb0bada5d45d939a03c6d211d24a61a4418d7cd13","0","0","0","0","0","0","0","0"
"435586","-276329","-276328","1","1306.966830319089313125","7405.39527","8715.731071225311730317","0","8712.36210031909","0.1138682273698461","0.04","0.48","100","0","NaN","0.0000","0.0000","0.0000","0.0000","0xb0bada5d45d939a03c6d211d24a61a4418d7cd13","true","-887272","887272","0","0","0","0","100"
"708118","-276314","-276313","1","8556.288721599560500642","710.035806","9265.610291938836694955","0","9266.32452759956","0.11332545168274315","0.04","0.45","0","0","NaN","0.0000","0.0000","0.0000","0.0000","0xb0bada5d45d939a03c6d211d24a61a4418d7cd13","0","0","0","0","0","0","0","0"
"596321","-276320","-276319","1","4371.613709732707498363","4229.708267","0","8603.408616","8601.321976732706","0.11205458148570359","0.04","0.48","0","0","NaN","0.0000","0.0000","0.0000","0.0000","0xb0bada5d45d939a03c6d211d24a61a4418d7cd13","true","-887272","887272","0","0","0","0","100"
"375294","-276325","-276323","2","3199.65564286468070102","3009.981479","6209.784256006157088574","0","6209.637121864681","0.09044820456196746","0.04","0.53","9","0","0.00000108265150178255","0.0000","0.0000","0.0000","0.0000","0x621ee6524245f054cc69a384e07dcba527fd653a","0","0","0","0","0","0","0","0"
"76701","-276360","-276356","4","3095.010660233340236652","944.007384","0","4028.666117","4039.0180442333403","0.06034945484958547","0.04","0.55","69","0","NaN","0.0000","0.0000","0.0000","0.0000","0xa056c95d109e69667f23b0bd4c5b94a58cbb412a","0","0","0","0","0","0","0","0"
"375863","-276325","-276324","1","395.138313254270355241","3553.47531","3948.799676743347478262","0","3948.6136232542704","0.05052558047608302","0.04","0.47","100","0","NaN","0.0000","0.0000","0.0000","0.0000","0xb0bada5d45d939a03c6d211d24a61a4418d7cd13","true","-887272","887272","0","0","0","0","50"
"375866","-276325","-276324","1","281.547033373634875972","2531.949948","2813.629549657046992914","0","2813.4969813736348","0.03591750861167472","0.04","0.47","100","0","NaN","0.0000","0.0000","0.0000","0.0000","0xb0bada5d45d939a03c6d211d24a61a4418d7cd13","true","-887272","887272","0","0","0","0","100"
"375868","-276325","-276324","1","220.645449944373061227","1984.262554","2205.011896314295502938","0","2204.908003944373","0.028057588577735267","0.04","0.46","100","0","NaN","0.0000","0.0000","0.0000","0.0000","0xb0bada5d45d939a03c6d211d24a61a4418d7cd13","true","-887272","887272","0","0","0","0","100"
"99312","-276461","-276240","221","500.977712217913839965","499.982033","501.035067675013073788","499.924829","1000.9597452179139","0.01311797287560904","0.04","0.48","100","0","NaN","0.0000","0.0000","0.0000","0.0000","0x3c9c796c1952ef0dac2a0c3419b2fd93c7fea15b","true","-887272","887272","0","0","110","110","100"
"271989","-276340","-276339","1","201.527485055317820737","319.785106","0","521.005302","521.3125910553179","0.006576890576504728","0.04","0.46","100","0","7.403945234685239e-8","0.0000","0.0000","0.0000","0.0000","0xc3068c798da3f91d2d5ad1b0e2c9bc58243eb3f2","0","0","0","0","0","0","0","0"
"601908","-276314","-276313","1","0","499.505245","498.979746725329127254","0","499.505245","0.006535157805772919","0.04","0.48","0","0","0.000003940468018548415","0.0000","0.0000","0.0000","0.0000","0xfa1457caf448c66ce3c2e619ccd4fcfd317b61f6","0","0","0","0","0","0","0","0"
"396030","-276328","-276327","1","5634.121760318368729004","70605.009878","0","76237.435826","76239.13163831836","15.252268998425656","0.03","0.41","9","0","NaN","0.0000","0.0000","0.0000","0.0000","0x1bc8c6c06a43e3fbb2ebc613e0ebc0ecb95b5937","0","0","0","0","0","0","0","0"
"334218","-276337","-276336","1","48784.472726031595307196","29968.724161","78791.528913412742622124","0","78753.19688703159","0.7962122510952999","0.03","0.37","21","0","NaN","0.0000","0.0000","0.0000","0.0000","0x1bc8c6c06a43e3fbb2ebc613e0ebc0ecb95b5937","0","0","0","0","0","0","0","0"
"252771","-276341","-276340","1","4130.161697947867341149","10168.106391","4354.54134844843745489","9944.106008","14298.268088947867","0.3928276307295262","0.03","0.33","96","0","NaN","0.0000","0.0000","0.0000","0.0000","0x86462590436713cf5292ae561ebaa94f75cd6e07","0","0","0","0","0","0","0","0"
"510946","-276315","-276314","1","4279.870801903660108607","28534.449878","2139.935400951830054299","30676.517859","32814.320679903656","0.337039953376727","0.03","0.37","100","0","2.925060194058915e-9","0.0000","0.0000","0.0000","0.0000","0x97b73b8eaa8662381383a67e0dbcab67f78337dd","0","0","0","0","0","0","0","0"
"372125","-276326","-276325","1","449.01160854678695322","30087.791066","0","30536.758616","30536.802674546787","0.2985064592693144","0.03","0.36","100","0","1.9130252937316072e-10","0.0000","0.0000","0.0000","0.0000","0x97b73b8eaa8662381383a67e0dbcab67f78337dd","0","0","0","0","0","0","0","0"
"345989","-276338","-276337","1","416.761732055412930198","9421.558551","0","9837.779091","9838.320283055413","0.11420863789424773","0.03","0.42","93","0","1.6160883742344367e-8","0.0000","0.0000","0.0000","0.0000","0xb0bada5d45d939a03c6d211d24a61a4418d7cd13","true","-887272","887272","0","0","0","0","100"
"704686","-276310","-276309","1","5041.612913397605435479","4266.480184","9302.015678550293009591","0","9308.093097397606","0.09914716121024589","0.03","0.39","100","0","NaN","0.0000","0.0000","0.0000","0.0000","0xb0bada5d45d939a03c6d211d24a61a4418d7cd13","0","0","0","0","0","0","0","0"
"678043","-276302","-276301","1","4509.65811072341666391","4942.12324","9440.779360403086569247","0","9451.781350723417","0.09713960526698705","0.03","0.38","100","0","6.352458115088666e-7","0.0000","0.0000","0.0000","0.0000","0xb0bada5d45d939a03c6d211d24a61a4418d7cd13","true","-887272","887272","0","0","0","0","100"
"708895","-276316","-276315","1","1580.679604975865146217","6710.165808","8285.190708269342254838","0","8290.845412975865","0.09245086305309608","0.03","0.41","0","0","NaN","0.0000","0.0000","0.0000","0.0000","0xb0bada5d45d939a03c6d211d24a61a4418d7cd13","0","0","0","0","0","0","0","0"
"435361","-276331","-276329","2","7410.467065268728077338","1101.684771","0","8507.822592","8512.151836268727","0.09102196607600926","0.03","0.39","19","0","4.523047492099863e-7","0.0000","0.0000","0.0000","0.0000","0x7617452156f474836604c1a79c79c0627be5fe74","0","0","0","0","0","1","0","0"
"696609","-276317","-276316","1","9081.724182368503454463","288.9875","9370.508263111578093651","0","9370.711682368503","0.09037563184833541","0.03","0.35","100","0","NaN","0.0000","0.0000","0.0000","0.0000","0xb0bada5d45d939a03c6d211d24a61a4418d7cd13","0","0","0","0","0","0","0","0"
"704687","-276310","-276309","1","8227.595957302130334647","115.264399","8342.698723397418988671","0","8342.86035630213","0.08787828766101467","0.03","0.38","100","0","NaN","0.0000","0.0000","0.0000","0.0000","0xb0bada5d45d939a03c6d211d24a61a4418d7cd13","0","0","0","0","0","0","0","0"
"702538","-276313","-276312","1","1127.167016542260587609","8217.791254","9335.54156520046189668","0","9344.95827054226","0.0871860097206945","0.03","0.34","0","0","NaN","0.0000","0.0000","0.0000","0.0000","0xb0bada5d45d939a03c6d211d24a61a4418d7cd13","0","0","0","0","0","0","0","0"
"678045","-276302","-276301","1","4039.474574412321399022","4426.850258","8456.46992580272003794","0","8466.324832412321","0.08598448214862102","0.03","0.37","100","0","6.352458115088666e-7","0.0000","0.0000","0.0000","0.0000","0xb0bada5d45d939a03c6d211d24a61a4418d7cd13","true","-887272","887272","0","0","0","0","100"
"695745","-276316","-276315","1","6691.789574916081879194","2690.450994","9380.043549580094790912","0","9382.24056891608","0.085271669249295","0.03","0.33","100","0","NaN","0.0000","0.0000","0.0000","0.0000","0xb0bada5d45d939a03c6d211d24a61a4418d7cd13","0","0","0","0","0","0","0","0"
"702540","-276313","-276312","1","1010.45236005204940904","7366.8644","8368.875125407944757495","0","8377.31676005205","0.07711125376569014","0.03","0.34","0","0","NaN","0.0000","0.0000","0.0000","0.0000","0xb0bada5d45d939a03c6d211d24a61a4418d7cd13","0","0","0","0","0","0","0","0"
"695746","-276316","-276315","1","5993.024171812923968939","2409.510589","8400.567157104064651207","0","8402.534760812923","0.07554251534031134","0.03","0.33","100","0","NaN","0.0000","0.0000","0.0000","0.0000","0xb0bada5d45d939a03c6d211d24a61a4418d7cd13","0","0","0","0","0","0","0","0"
"606350","-276312","-276310","2","2888.900120411175818089","3875.884221","6759.904406360223729824","0","6764.784341411176","0.07457565148516027","0.03","0.40","7","0","0.000001802253768445894","0.0000","0.0000","0.0000","0.0000","0x7617452156f474836604c1a79c79c0627be5fe74","0","0","0","0","0","1","0","0"
"281239","-276339","-276338","1","758.994412643576488949","4335.155806","5100.461262759180972627","0","5094.150218643576","0.04951812287378718","0.03","0.35","0","0","NaN","0.0000","0.0000","0.0000","0.0000","0x66c0d9152209b51977047b9dc3b0b5bf2339b67c","0","0","0","0","0","0","0","0"
"345990","-276338","-276337","1","167.884300637497132684","3795.290322","0","3962.956614","3963.174622637497","0.045867202135922054","0.03","0.42","93","0","1.6160883742344367e-8","0.0000","0.0000","0.0000","0.0000","0xb0bada5d45d939a03c6d211d24a61a4418d7cd13","true","-887272","887272","0","0","0","0","50"
"345992","-276338","-276337","1","118.552324898814061223","2680.062934","0","2798.461311","2798.6152588988143","0.032276574030917424","0.03","0.42","93","0","1.6160883742344367e-8","0.0000","0.0000","0.0000","0.0000","0xb0bada5d45d939a03c6d211d24a61a4418d7cd13","true","-887272","887272","0","0","0","0","100"
"230820","-276351","-276350","1","1303.765840578183120391","1536.328407","0","2836.682662","2840.094247578183","0.029046848521786885","0.03","0.37","0","0","0","0.0000","0.0000","0.0000","0.0000","0xb0bada5d45d939a03c6d211d24a61a4418d7cd13","true","-887272","887272","0","0","0","0","100"
"76507","-276360","-276359","1","42.257454867121531389","964.981192","63.304812263042973826","944.007384","1007.2386468671215","0.008534056600277479","0.03","0.31","100","0","NaN","0.0000","0.0000","0.0000","0.0000","0xa056c95d109e69667f23b0bd4c5b94a58cbb412a","0","0","0","0","0","0","0","0"
"375337","-276325","-276324","1","10.302942887998671947","328.364113","338.683104965712251759","0","338.66705588799863","0.006769562703454124","0.03","0.36","5","0","0.0000011794476173498936","0.0000","0.0000","0.0000","0.0000","0x281e5c38bacea0f32e48edc9952de4c068f9012e","0","0","0","0","0","0","0","0"
"375597","-276324","-276323","1","49935.082776004872778301","1019.967949","50955.047007560571959608","0","50955.05072500487","0.3569475824262279","0.02","0.26","0","0","4.187483915174539e-7","0.0000","0.0000","0.0000","0.0000","0xb0bada5d45d939a03c6d211d24a61a4418d7cd13","true","-887272","887272","0","0","0","0","100"
"276913","-276341","-276340","1","31204.808477526180163567","20143.042302","0","51297.101875","51347.85077952618","0.3123561091011331","0.02","0.22","100","0","NaN","0.0000","0.0000","0.0000","0.0000","0xb0bada5d45d939a03c6d211d24a61a4418d7cd13","true","-887272","887272","0","0","0","0","100"
"142528","-276518","-276164","354","13796.859091416621464138","13757.787918","13796.859091416621464137","13757.787917","27554.64700941662","0.19266633291794322","0.02","0.26","100","0","0.00","0.0000","0.0000","0.0000","0.0000","0xcb71eb21f53a2f4de0f26dc90518df10be13d1ec","0","0","0","0","0","0","0","0"
"121053","-276354","-276353","1","7823.058817973093206524","7404.573496","0","15204.799971","15227.632313973092","0.11446418024469025","0.02","0.27","100","0","NaN","0.0000","0.0000","0.0000","0.0000","0x97b73b8eaa8662381383a67e0dbcab67f78337dd","0","0","0","0","0","0","0","0"
"230823","-276351","-276350","1","4569.461600171563109194","5384.550998","0","9942.055616","9954.012598171563","0.07680811442881277","0.02","0.28","0","0","0","0.0000","0.0000","0.0000","0.0000","0xb0bada5d45d939a03c6d211d24a61a4418d7cd13","true","-887272","887272","0","0","0","0","100"
"679172","-276309","-276308","1","2493.141779000962567309","6952.885535","0","9449.992944","9446.027314000963","0.07186362899830434","0.02","0.28","0","0","3.684621052713055e-7","0.0000","0.0000","0.0000","0.0000","0xb0bada5d45d939a03c6d211d24a61a4418d7cd13","true","-887272","887272","0","0","0","0","100"
"375601","-276324","-276323","1","9560.655812975301894575","195.284797","9755.939898178335716234","0","9755.940609975301","0.06767960059167329","0.02","0.25","0","0","4.187483915174539e-7","0.0000","0.0000","0.0000","0.0000","0xb0bada5d45d939a03c6d211d24a61a4418d7cd13","true","-887272","887272","0","0","0","0","100"
"604064","-276309","-276308","1","946.066093547480476262","8642.378541","9575.079807126228397675","0","9588.44463454748","0.06699923324609104","0.02","0.26","0","0","NaN","0.0000","0.0000","0.0000","0.0000","0xb0bada5d45d939a03c6d211d24a61a4418d7cd13","true","-887272","887272","0","0","0","0","100"
"230864","-276350","-276349","1","6893.018462766889565457","3064.437953","0","9940.026644","9957.45641576689","0.06667085731767802","0.02","0.24","0","0","1.7958079467916832e-8","0.0000","0.0000","0.0000","0.0000","0xb0bada5d45d939a03c6d211d24a61a4418d7cd13","true","-887272","887272","0","0","0","0","100"
"614067","-276317","-276316","1","4293.101581172864891287","5255.999973","9545.26544917667154742","0","9549.101554172865","0.06366236803403263","0.02","0.24","0","0","NaN","0.0000","0.0000","0.0000","0.0000","0xb0bada5d45d939a03c6d211d24a61a4418d7cd13","true","-887272","887272","0","0","0","0","100"
"679173","-276309","-276308","1","430.735642889284513346","8033.434902","0","8464.860279","8464.170544889284","0.06334484444414482","0.02","0.27","0","0","3.2150649920126284e-7","0.0000","0.0000","0.0000","0.0000","0xb0bada5d45d939a03c6d211d24a61a4418d7cd13","true","-887272","887272","0","0","0","0","100"
"345973","-276338","-276336","2","5172.121339410002083093","4746.076293","0","9911.739572","9918.197632410003","0.05917924728121238","0.02","0.22","46","0","0.000001977042529688333","0.0000","0.0000","0.0000","0.0000","0x7617452156f474836604c1a79c79c0627be5fe74","0","0","0","0","0","1","0","0"
"604067","-276309","-276308","1","846.513392352567880359","7732.957799","8567.512719099688758337","0","8579.471191352568","0.05864697849687488","0.02","0.25","0","0","NaN","0.0000","0.0000","0.0000","0.0000","0xb0bada5d45d939a03c6d211d24a61a4418d7cd13","true","-887272","887272","0","0","0","0","100"
"704351","-276315","-276314","1","9313.70647624146016383","0.056103","9313.762528394436143007","0","9313.76257924146","0.057779018458327204","0.02","0.23","0","0","7.806331248083609e-7","0.0000","0.0000","0.0000","0.0000","0xb0bada5d45d939a03c6d211d24a61a4418d7cd13","0","0","0","0","0","0","0","0"
"614769","-276318","-276317","1","6510.640680705679009378","3031.170054","9539.936566935726620976","0","9541.81073470568","0.056152463652022276","0.02","0.21","100","0","NaN","0.0000","0.0000","0.0000","0.0000","0xb0bada5d45d939a03c6d211d24a61a4418d7cd13","true","-887272","887272","0","0","0","0","100"
"614069","-276317","-276316","1","8542.856061958345909869","0.429511","8543.285271285037935287","0","8543.285572958346","0.05567721060219519","0.02","0.24","0","0","NaN","0.0000","0.0000","0.0000","0.0000","0xb0bada5d45d939a03c6d211d24a61a4418d7cd13","true","-887272","887272","0","0","0","0","100"
"464275","-276326","-276324","2","283.850380964953344406","8163.83966","0","8447.689837","8447.690040964953","0.055358093279241155","0.02","0.24","100","0","NaN","0.0000","0.0000","0.0000","0.0000","0x7617452156f474836604c1a79c79c0627be5fe74","0","0","0","0","0","1","0","0"
"435764","-276330","-276329","1","3876.192924808468968217","5845.436858","0","9719.625303","9721.629782808468","0.0518271931713154","0.02","0.19","100","0","NaN","0.0000","0.0000","0.0000","0.0000","0xb0bada5d45d939a03c6d211d24a61a4418d7cd13","true","-887272","887272","0","0","0","0","100"
"704352","-276315","-276314","1","484.378392509057463988","7875.329693","8352.232461028951273623","0","8359.708085509057","0.05094132469766368","0.02","0.22","0","0","NaN","0.0000","0.0000","0.0000","0.0000","0xb0bada5d45d939a03c6d211d24a61a4418d7cd13","0","0","0","0","0","0","0","0"
"708876","-276307","-276306","1","4997.019593740636256452","4257.20071","9246.880679148604469054","0","9254.220303740636","0.049593120701672135","0.02","0.20","100","0","NaN","0.0000","0.0000","0.0000","0.0000","0xb0bada5d45d939a03c6d211d24a61a4418d7cd13","0","0","0","0","0","0","0","0"
"614771","-276318","-276317","1","8527.979779924387532638","10.762011","8538.735306864069609681","0","8538.741790924389","0.04895689056361585","0.02","0.21","100","0","7.455979833537185e-7","0.0000","0.0000","0.0000","0.0000","0xb0bada5d45d939a03c6d211d24a61a4418d7cd13","true","-887272","887272","0","0","0","0","100"
"707943","-276310","-276309","1","2654.453868627537557833","6630.273035","9275.197685381481073552","0","9284.726903627537","0.046793007650599266","0.02","0.18","0","0","6.908151717333055e-7","0.0000","0.0000","0.0000","0.0000","0xb0bada5d45d939a03c6d211d24a61a4418d7cd13","0","0","0","0","0","0","0","0"
"435765","-276330","-276329","1","3472.207666912232554703","5236.212714","0","8706.624812","8708.420380912234","0.0462209313812895","0.02","0.19","100","0","NaN","0.0000","0.0000","0.0000","0.0000","0xb0bada5d45d939a03c6d211d24a61a4418d7cd13","true","-887272","887272","0","0","0","0","100"
"702266","-276317","-276316","1","40.280001005271005433","8342.307813","0","8382.620145","8382.58781400527","0.045853968129468535","0.02","0.20","100","0","1.0600409439120995e-10","0.0000","0.0000","0.0000","0.0000","0xb0bada5d45d939a03c6d211d24a61a4418d7cd13","0","0","0","0","0","0","0","0"
"720011","-276308","-276307","1","8233.167876734698182218","4.892429","8238.052471439167785092","0","8238.060305734698","0.043372732718723356","0.02","0.19","100","0","NaN","0.0000","0.0000","0.0000","0.0000","0xb0bada5d45d939a03c6d211d24a61a4418d7cd13","0","0","0","0","0","0","0","0"
"708877","-276307","-276306","1","4479.078001775369952411","3815.941421","8288.440551022968049786","0","8295.01942277537","0.04296983434777748","0.02","0.19","100","0","NaN","0.0000","0.0000","0.0000","0.0000","0xb0bada5d45d939a03c6d211d24a61a4418d7cd13","0","0","0","0","0","0","0","0"
"375604","-276324","-276323","1","3870.655306630182570426","79.061537","3949.716554674035379596","0","3949.7168436301827","0.02725237981233603","0.02","0.25","0","0","4.187483915174539e-7","0.0000","0.0000","0.0000","0.0000","0xb0bada5d45d939a03c6d211d24a61a4418d7cd13","true","-887272","887272","0","0","0","0","50"
"165619","-276343","-276183","160","2546.217343875489095973","15.655789","2546.217343875489095971","15.655788","2561.873132875489","0.019601631147070545","0.02","0.28","100","0","0.00","0.0000","0.0000","0.0000","0.0000","0x4334703b0b74e2045926f82f4158a103fce1df4f","0","0","0","0","0","0","0","0"
"375607","-276324","-276323","1","2757.960340450156213298","56.333764","2814.29389880084085417","0","2814.2941044501563","0.019303899058484737","0.02","0.25","0","0","4.187483915174539e-7","0.0000","0.0000","0.0000","0.0000","0xb0bada5d45d939a03c6d211d24a61a4418d7cd13","true","-887272","887272","0","0","0","0","100"
"230866","-276350","-276349","1","1966.715725831361786987","874.345303","0","2836.087966","2841.061028831362","0.01873385729942166","0.02","0.24","0","0","1.7958079467916832e-8","0.0000","0.0000","0.0000","0.0000","0xb0bada5d45d939a03c6d211d24a61a4418d7cd13","true","-887272","887272","0","0","0","0","100"
"375609","-276324","-276323","1","2161.390819948495833457","44.148307","2205.538965985406990882","0","2205.539126948496","0.015009519222369636","0.02","0.25","0","0","4.187483915174539e-7","0.0000","0.0000","0.0000","0.0000","0xb0bada5d45d939a03c6d211d24a61a4418d7cd13","true","-887272","887272","0","0","0","0","100"
"179252","-276342","-276341","1","116.38496796524232724","2677.776896","0","2793.964253","2794.161863965242","0.014069106290444075","0.02","0.18","100","0","0","0.0000","0.0000","0.0000","0.0000","0xb0bada5d45d939a03c6d211d24a61a4418d7cd13","true","-887272","887272","0","0","0","0","100"
"678588","-276304","-276303","1","1100.10664790593937378","100.366209","1200.271652363434710847","0","1200.4728569059394","0.008885740829941341","0.02","0.27","0","0","7.154133618847425e-7","0.0000","0.0000","0.0000","0.0000","0xf50ba81a48d10ff5ddb1beef871008e1ddc4aaee","0","0","0","0","0","0","0","0"
"375743","-276325","-276323","2","352.839766644308697568","682.450822","1035.312042584435554357","0","1035.2905886443086","0.008428808653621956","0.02","0.30","43","0","0.0000015937706709934218","0.0000","0.0000","0.0000","0.0000","0x154b4661a08eaffc746bdf7451a17ee50ee904cf","true","-887272","887272","0","0","1","0","100"
"276598","-276340","-276339","1","259.35016360171123859","92.467799","351.964558246323048356","0","351.81796260171126","0.002086687925893354","0.02","0.22","100","0","NaN","0.0000","0.0000","0.0000","0.0000","0xc7ddb3a9b3230eabbb5d3953146df05eb9d1de50","0","0","0","0","0","0","0","0"
"278045","-276339","-276338","1","17230.642183720518680533","34070.962309","0","51277.256501","51301.60449272052","0.23464364480418184","0.01","0.17","0","0","0.0006161423447004211","0.0000","0.0000","0.0000","0.0000","0xb0bada5d45d939a03c6d211d24a61a4418d7cd13","true","-887272","887272","0","0","0","0","100"
"135675","-276354","-276353","1","28438.326551376494933943","4558.229625","0","32913.062221","32996.5561763765","0.13759385218227793","0.01","0.15","0","0","0.000009148771229483543","0.0000","0.0000","0.0000","0.0000","0x5388a7f24e86c9c9d855a98c2f5a339afa6a3acc","0","0","0","0","0","0","0","0"
"345901","-276337","-276336","1","12691.632729517882440612","18100.559952","30815.156684964717323721","0","30792.19268151788","0.1306521230995072","0.01","0.15","100","0","NaN","0.0000","0.0000","0.0000","0.0000","0xb0bada5d45d939a03c6d211d24a61a4418d7cd13","true","-887272","887272","0","0","0","0","100"
"375750","-276324","-276323","1","28132.682993253416931342","22037.180251","50169.321033020551490916","0","50169.863244253414","0.12968329641871623","0.01","0.09","0","0","NaN","0.0000","0.0000","0.0000","0.0000","0x1265156d15eccf173f39c41bbe028c95cc420388","0","0","0","0","0","0","0","0"
"281293","-276340","-276339","1","21342.678027773816900799","29903.600111","51293.177874589298875212","0","51246.27813877382","0.11991769854643786","0.01","0.09","0","0","NaN","0.0000","0.0000","0.0000","0.0000","0x97b73b8eaa8662381383a67e0dbcab67f78337dd","0","0","0","0","0","0","0","0"
"346722","-276334","-276333","1","10360.499661570105404621","20404.613829","0","30755.646892","30765.113490570107","0.10782212390972651","0.01","0.13","0","0","9.920904098237315e-8","0.0000","0.0000","0.0000","0.0000","0xb0bada5d45d939a03c6d211d24a61a4418d7cd13","true","-887272","887272","0","0","0","0","100"
"138397","-276546","-276146","400","12507.82621577789553905","12799.475267","12305.379754127256766921","13001.560275","25307.301482777897","0.10179658331058938","0.01","0.15","100","0","9.855249949453082e-8","0.0000","0.0000","0.0000","0.0000","0x664d8f8f2417f52cbbf5bd82ba82eefc58a87f07","0","0","0","0","0","0","0","0"
"111145","-276355","-276354","1","20059.256764662738629871","16872.77996","0","36871.462677","36932.03672466274","0.09980244065227166","0.01","0.10","0","0","3.519562530307496e-7","0.0000","0.0000","0.0000","0.0000","0x97b73b8eaa8662381383a67e0dbcab67f78337dd","0","0","0","0","0","0","0","0"
"344266","-276334","-276333","1","2104.95515088147457528","27675.763009","2104.955150881474575278","27675.763008","29780.71815988147","0.08936062430260551","0.01","0.11","100","0","0.00","0.0000","0.0000","0.0000","0.0000","0x664d8f8f2417f52cbbf5bd82ba82eefc58a87f07","0","0","0","0","0","0","0","0"
"349567","-276332","-276331","1","8620.500772910687921138","22113.600662","0","30727.97153","30734.101434910688","0.08824504797706685","0.01","0.10","100","0","NaN","0.0000","0.0000","0.0000","0.0000","0xb0bada5d45d939a03c6d211d24a61a4418d7cd13","true","-887272","887272","0","0","0","0","100"
"349529","-276335","-276334","1","14942.333655453703744072","15807.160235","0","30734.236764","30749.493890453705","0.08113977200728861","0.01","0.10","0","0","NaN","0.0000","0.0000","0.0000","0.0000","0xb0bada5d45d939a03c6d211d24a61a4418d7cd13","true","-887272","887272","0","0","0","0","100"
"379540","-276326","-276325","1","4997.958218319606019544","4763.864341","9762.646517365553880605","0","9761.822559319608","0.04404300421114126","0.01","0.16","53","0","NaN","0.0000","0.0000","0.0000","0.0000","0x7617452156f474836604c1a79c79c0627be5fe74","0","0","0","0","0","0","0","0"
"595741","-276316","-276315","1","8050.852666121032133465","1559.789055","9609.377692852206330383","0","9610.641721121032","0.04352498175019542","0.01","0.17","0","0","6.803727803372794e-7","0.0000","0.0000","0.0000","0.0000","0xb0bada5d45d939a03c6d211d24a61a4418d7cd13","true","-887272","887272","0","0","0","0","100"
"138167","-276345","-276344","1","7136.0662689570333592","8612.676824","0","15734.343602","15748.743092957033","0.04258507301469946","0.01","0.10","100","0","7.005196422937843e-9","0.0000","0.0000","0.0000","0.0000","0x97b73b8eaa8662381383a67e0dbcab67f78337dd","0","0","0","0","0","0","0","0"
"702274","-276317","-276316","1","44.929173774315386816","9305.188382","0","9350.153619","9350.117555774315","0.04115994318507077","0.01","0.16","100","0","1.0600409439120995e-10","0.0000","0.0000","0.0000","0.0000","0xb0bada5d45d939a03c6d211d24a61a4418d7cd13","0","0","0","0","0","0","0","0"
"278050","-276339","-276338","1","3329.271006947030857664","6583.124749","0","9907.691284","9912.395755947031","0.041017789737833966","0.01","0.15","0","0","0.0006161423447004211","0.0000","0.0000","0.0000","0.0000","0xb0bada5d45d939a03c6d211d24a61a4418d7cd13","true","-887272","887272","0","0","0","0","100"
"707944","-276310","-276309","1","2379.744775405563306589","5944.106922","8315.308656711673100371","0","8323.851697405564","0.04090342599791015","0.01","0.18","0","0","6.908151717333055e-7","0.0000","0.0000","0.0000","0.0000","0xb0bada5d45d939a03c6d211d24a61a4418d7cd13","0","0","0","0","0","0","0","0"
"518972","-276315","-276314","1","1551.423437807589401419","14848.030915","1551.423437807589401418","14848.030914","16399.45435280759","0.040525197220308805","0.01","0.09","100","0","0.00","0.0000","0.0000","0.0000","0.0000","0xb0bada5d45d939a03c6d211d24a61a4418d7cd13","true","-887272","887272","0","0","0","0","100"
"345904","-276337","-276336","1","4058.197401666122174427","5787.722268","9853.262496322542234709","0","9845.919669666122","0.03890715405692733","0.01","0.14","100","0","NaN","0.0000","0.0000","0.0000","0.0000","0xb0bada5d45d939a03c6d211d24a61a4418d7cd13","true","-887272","887272","0","0","0","0","100"
"595745","-276316","-276315","1","7207.463232654325339006","1396.38902","8602.720641177824781227","0","8603.852252654326","0.037807409597629266","0.01","0.16","0","0","6.803727803372794e-7","0.0000","0.0000","0.0000","0.0000","0xb0bada5d45d939a03c6d211d24a61a4418d7cd13","true","-887272","887272","0","0","0","0","100"
"230946","-276349","-276348","1","6262.302117466360305706","3691.084531","0","9938.196072","9953.38664846636","0.03645355583811951","0.01","0.13","0","0","4.920915896988731e-8","0.0000","0.0000","0.0000","0.0000","0xb0bada5d45d939a03c6d211d24a61a4418d7cd13","true","-887272","887272","0","0","0","0","100"
"606686","-276319","-276318","1","8561.060782543864988305","0.980619","0","8566.773739","8562.041401543866","0.035679599036332624","0.01","0.15","100","0","9.88834125692506e-8","0.0000","0.0000","0.0000","0.0000","0xb0bada5d45d939a03c6d211d24a61a4418d7cd13","true","-887272","887272","0","0","0","0","100"
"603608","-276311","-276310","1","7675.560996268201605848","1913.415727","9586.466926839501901253","0","9588.976723268202","0.035601515234268154","0.01","0.14","100","0","NaN","0.0000","0.0000","0.0000","0.0000","0xb0bada5d45d939a03c6d211d24a61a4418d7cd13","true","-887272","887272","0","0","0","0","100"
"606614","-276312","-276311","1","3676.773751415476835354","5901.074609","9570.574619355234068236","0","9577.848360415477","0.03519900187380256","0.01","0.13","0","0","6.742007396809413e-7","0.0000","0.0000","0.0000","0.0000","0xb0bada5d45d939a03c6d211d24a61a4418d7cd13","true","-887272","887272","0","0","0","0","100"
"346723","-276334","-276333","1","3312.500405297130459327","6523.844775","0","9833.318481","9836.34518029713","0.03385881273456739","0.01","0.13","0","0","9.920904098237315e-8","0.0000","0.0000","0.0000","0.0000","0xb0bada5d45d939a03c6d211d24a61a4418d7cd13","true","-887272","887272","0","0","0","0","100"
"603610","-276311","-276310","1","8559.797006683625034511","18.03371","8577.807239756481540433","0","8577.830716683624","0.0306982320520102","0.01","0.13","100","0","NaN","0.0000","0.0000","0.0000","0.0000","0xb0bada5d45d939a03c6d211d24a61a4418d7cd13","true","-887272","887272","0","0","0","0","100"
"606616","-276312","-276311","1","3289.64941802537171414","5279.755559","8562.897081880481960115","0","8569.404977025371","0.030637616415744844","0.01","0.13","0","0","0.000007438271198978441","0.0000","0.0000","0.0000","0.0000","0xb0bada5d45d939a03c6d211d24a61a4418d7cd13","true","-887272","887272","0","0","0","0","100"
"719290","-276307","-276306","1","7321.268449493398596665","1879.546066","9197.598062795441052029","0","9200.814515493399","0.030473722598590585","0.01","0.12","0","0","NaN","0.0000","0.0000","0.0000","0.0000","0xb0bada5d45d939a03c6d211d24a61a4418d7cd13","0","0","0","0","0","0","0","0"
"704665","-276317","-276316","1","26.319705646610624413","9289.991389","0","9316.332222","9316.311094646611","0.029746186238996022","0.01","0.12","0","0","0","0.0000","0.0000","0.0000","0.0000","0xb0bada5d45d939a03c6d211d24a61a4418d7cd13","0","0","0","0","0","0","0","0"
"706275","-276313","-276312","1","483.361967107662053321","8817.283259","9290.511310438466887292","0","9300.645226107661","0.028981253883044053","0.01","0.11","0","0","0.0000019204694501340214","0.0000","0.0000","0.0000","0.0000","0xb0bada5d45d939a03c6d211d24a61a4418d7cd13","0","0","0","0","0","0","0","0"
"606698","-276319","-276318","1","68.436244522121516257","9501.391146","0","9569.868618","9569.827390522121","0.028839963970944175","0.01","0.11","100","0","2.1760371282653068e-11","0.0000","0.0000","0.0000","0.0000","0xb0bada5d45d939a03c6d211d24a61a4418d7cd13","true","-887272","887272","0","0","0","0","100"
"708853","-276315","-276314","1","8278.075089530794679174","980.400255","0","9266.408597","9258.475344530794","0.028675144439990613","0.01","0.11","0","0","4.6509296414143364e-8","0.0000","0.0000","0.0000","0.0000","0xb0bada5d45d939a03c6d211d24a61a4418d7cd13","0","0","0","0","0","0","0","0"
"676820","-276314","-276313","1","48.435293041112431917","9418.428455","0","9466.917168","9466.863748041113","0.02809140663216354","0.01","0.11","0","0","6.407117059126222e-8","0.0000","0.0000","0.0000","0.0000","0xb0bada5d45d939a03c6d211d24a61a4418d7cd13","true","-887272","887272","0","0","0","0","100"
"349570","-276332","-276331","1","2742.057443109438475551","7034.01866","0","9774.126267","9776.076103109437","0.02735505097042067","0.01","0.10","100","0","NaN","0.0000","0.0000","0.0000","0.0000","0xb0bada5d45d939a03c6d211d24a61a4418d7cd13","true","-887272","887272","0","0","0","0","100"
"719293","-276307","-276306","1","8234.801021606948827542","11.175492","8245.957502107718440824","0","8245.976513606949","0.026094787500079833","0.01","0.12","0","0","NaN","0.0000","0.0000","0.0000","0.0000","0xb0bada5d45d939a03c6d211d24a61a4418d7cd13","0","0","0","0","0","0","0","0"
"706276","-276313","-276312","1","433.439801798389432622","7906.624369","8330.976897289095741675","0","8340.064170798389","0.024940814061495953","0.01","0.11","0","0","0.0000019204694501340214","0.0000","0.0000","0.0000","0.0000","0xb0bada5d45d939a03c6d211d24a61a4418d7cd13","0","0","0","0","0","0","0","0"
"349530","-276335","-276334","1","4777.91924232223158477","5003.159674","0","9776.19973","9781.078916322233","0.02420130392006114","0.01","0.09","0","0","0","0.0000","0.0000","0.0000","0.0000","0xb0bada5d45d939a03c6d211d24a61a4418d7cd13","true","-887272","887272","0","0","0","0","100"
"587630","-276319","-276318","1","4544.779079386513917153","5083.547275","0","9630.958575","9628.326354386514","0.02286376667350816","0.01","0.09","100","0","6.341449587665693e-8","0.0000","0.0000","0.0000","0.0000","0xb0bada5d45d939a03c6d211d24a61a4418d7cd13","true","-887272","887272","0","0","0","0","100"
"604030","-276313","-276312","1","4847.796090750883780543","4737.466005","0","9590.972683","9585.262095750884","0.02083716099139243","0.01","0.08","0","0","3.046296548347982e-9","0.0000","0.0000","0.0000","0.0000","0xb0bada5d45d939a03c6d211d24a61a4418d7cd13","true","-887272","887272","0","0","0","0","100"
"379574","-276326","-276325","1","2852.333158906025346147","2380.267537","5233.016009064729758661","0","5232.600695906025","0.020042177068674557","0.01","0.07","0","0","0.0000035452500823929256","0.0000","0.0000","0.0000","0.0000","0x38b5bce574236dd97354924bea4340c8f4279d73","0","0","0","0","0","0","0","0"
"587632","-276319","-276318","1","4068.812170378165493317","4551.156098","0","8622.324821","8619.968268378165","0.01959551494746848","0.01","0.08","100","0","6.341449587665693e-8","0.0000","0.0000","0.0000","0.0000","0xb0bada5d45d939a03c6d211d24a61a4418d7cd13","true","-887272","887272","0","0","0","0","100"
"708045","-276312","-276311","1","606.382329785499733473","8672.56034","9268.114717297027942378","0","9278.9426697855","0.01870047049587022","0.01","0.07","0","0","0.000002971934809359311","0.0000","0.0000","0.0000","0.0000","0xb0bada5d45d939a03c6d211d24a61a4418d7cd13","0","0","0","0","0","0","0","0"
"604032","-276313","-276312","1","2595.794415062395663494","5982.918432","0","8581.797034","8578.712847062396","0.017487254382869886","0.01","0.07","0","0","3.046296548347982e-9","0.0000","0.0000","0.0000","0.0000","0xb0bada5d45d939a03c6d211d24a61a4418d7cd13","true","-887272","887272","0","0","0","0","100"
"702877","-276318","-276317","1","5795.530198128024509025","3536.588957","0","9336.012457","9332.119155128024","0.017426015466773675","0.01","0.07","0","0","1.9592383271316294e-8","0.0000","0.0000","0.0000","0.0000","0xb0bada5d45d939a03c6d211d24a61a4418d7cd13","0","0","0","0","0","0","0","0"
"708888","-276314","-276313","1","4109.941781649503357214","5140.408035","9245.056051178517371261","0","9250.349816649505","0.017360568915475633","0.01","0.07","0","0","0.000004528737818088047","0.0000","0.0000","0.0000","0.0000","0xb0bada5d45d939a03c6d211d24a61a4418d7cd13","0","0","0","0","0","0","0","0"
"708046","-276312","-276311","1","0.465838730893903733","8318.89356","8308.945854075715159115","0","8319.359398730894","0.016019781054851207","0.01","0.07","0","0","NaN","0.0000","0.0000","0.0000","0.0000","0xb0bada5d45d939a03c6d211d24a61a4418d7cd13","0","0","0","0","0","0","0","0"
"345905","-276337","-276336","1","1634.789728790228492776","2331.505341","3969.253027821859554189","0","3966.295069790229","0.015292063115810377","0.01","0.14","100","0","NaN","0.0000","0.0000","0.0000","0.0000","0xb0bada5d45d939a03c6d211d24a61a4418d7cd13","true","-887272","887272","0","0","0","0","50"
"708889","-276314","-276313","1","3683.904233860374216838","4607.552109","8286.711330383870907918","0","8291.456342860374","0.01489863259274951","0.01","0.07","0","0","6.549026876356834e-7","0.0000","0.0000","0.0000","0.0000","0xb0bada5d45d939a03c6d211d24a61a4418d7cd13","0","0","0","0","0","0","0","0"
"702879","-276318","-276317","1","2110.517058319421584309","6258.11213","0","8370.085933","8368.629188319423","0.014401562576267004","0.01","0.06","0","0","3.001332515850663e-9","0.0000","0.0000","0.0000","0.0000","0xb0bada5d45d939a03c6d211d24a61a4418d7cd13","0","0","0","0","0","0","0","0"
"346724","-276334","-276333","1","1334.353875143992350544","2627.959696","0","3961.094344","3962.3135711439922","0.013532640705210873","0.01","0.12","0","0","9.920904098237315e-8","0.0000","0.0000","0.0000","0.0000","0xb0bada5d45d939a03c6d211d24a61a4418d7cd13","true","-887272","887272","0","0","0","0","50"
"349571","-276332","-276331","1","1110.19853561629985064","2847.9189","0","3957.327989","3958.1174356163","0.010803440576094381","0.01","0.10","100","0","NaN","0.0000","0.0000","0.0000","0.0000","0xb0bada5d45d939a03c6d211d24a61a4418d7cd13","true","-887272","887272","0","0","0","0","50"
"278051","-276339","-276338","1","923.150336679298345086","1904.508732","0","2826.355031","2827.6590686792983","0.010795639387259182","0.01","0.14","0","0","0.0006159810338579597","0.0000","0.0000","0.0000","0.0000","0xb0bada5d45d939a03c6d211d24a61a4418d7cd13","true","-887272","887272","0","0","0","0","100"
"345906","-276337","-276336","1","1154.423249787893901858","1646.416004","2802.928045675605780676","0","2800.8392537878935","0.010479770770521033","0.01","0.14","100","0","NaN","0.0000","0.0000","0.0000","0.0000","0xb0bada5d45d939a03c6d211d24a61a4418d7cd13","true","-887272","887272","0","0","0","0","100"
"230947","-276349","-276348","1","1786.750730216796320618","1053.134751","0","2835.551328","2839.8854812167965","0.009684670127987453","0.01","0.12","0","0","4.920915896988731e-8","0.0000","0.0000","0.0000","0.0000","0xb0bada5d45d939a03c6d211d24a61a4418d7cd13","true","-887272","887272","0","0","0","0","100"
"346725","-276334","-276333","1","942.253543102484334155","1855.732861","0","2797.125447","2797.9864041024844","0.009429311137522529","0.01","0.12","0","0","9.920904098237315e-8","0.0000","0.0000","0.0000","0.0000","0xb0bada5d45d939a03c6d211d24a61a4418d7cd13","true","-887272","887272","0","0","0","0","100"
"349533","-276335","-276334","1","1934.484588010209809677","2025.679964","0","3958.189067","3960.1645520102097","0.00922762945106124","0.01","0.09","0","0","0","0.0000","0.0000","0.0000","0.0000","0xb0bada5d45d939a03c6d211d24a61a4418d7cd13","true","-887272","887272","0","0","0","0","50"
"349573","-276332","-276331","1","782.01397258248542534","2006.048739","0","2787.506633","2788.0627115824855","0.007483924452271217","0.01","0.10","100","0","NaN","0.0000","0.0000","0.0000","0.0000","0xb0bada5d45d939a03c6d211d24a61a4418d7cd13","true","-887272","887272","0","0","0","0","100"
"281287","-276340","-276339","1","923.285633376109121808","1901.829327","2828.090989838485980768","0","2825.114960376109","0.0072063335721304","0.01","0.09","0","0","0.0000012867399590277273","0.0000","0.0000","0.0000","0.0000","0xb0bada5d45d939a03c6d211d24a61a4418d7cd13","true","-887272","887272","0","0","0","0","100"
"349534","-276335","-276334","1","1362.636068407537166984","1426.87339","0","2788.117942","2789.509458407537","0.006279923384645457","0.01","0.08","0","0","0","0.0000","0.0000","0.0000","0.0000","0xb0bada5d45d939a03c6d211d24a61a4418d7cd13","true","-887272","887272","0","0","0","0","100"
"281266","-276340","-276339","1","75.050114900106905294","998.396617","1074.99621585818472049","0","1073.446731900107","0.003342142769274342","0.01","0.11","0","0","NaN","0.0000","0.0000","0.0000","0.0000","0x86462590436713cf5292ae561ebaa94f75cd6e07","0","0","0","0","0","0","0","0"
"281247","-276339","-276338","1","192.537393755477545735","1099.717714","1293.856057598655033881","0","1292.2551077554774","0.0027567886024277423","0.01","0.08","0","0","NaN","0.0000","0.0000","0.0000","0.0000","0x86462590436713cf5292ae561ebaa94f75cd6e07","0","0","0","0","0","0","0","0"
"407527","-276331","-276328","3","285.252888088853749855","361.08523","299.197332153533101673","347.148215","646.3381180888538","0.0019597129917909607","0.01","0.11","100","0","NaN","0.0000","0.0000","0.0000","0.0000","0x4500720c4e0e29ab62e13e8526cce1887c789347","0","0","0","0","0","0","0","0"
"197273","-276526","-276175","351","156.123208697139844218","160.25682","156.128976546529216044","160.251065","316.38002869713984","0.0009415531996155597","0.01","0.11","100","0","NaN","0.0000","0.0000","0.0000","0.0000","0x87e34ac2abd359b1b3d965d2cbb7e451f86465bf","true","-887272","887272","0","0","175","175","100"
"76479","-276360","-276359","1","2.166273066843110107","367.137675","2.166273066843110106","367.137674","369.30394806684313","0.0007532715665232421","0.01","0.07","100","0","0.00","0.0000","0.0000","0.0000","0.0000","0xa056c95d109e69667f23b0bd4c5b94a58cbb412a","0","0","0","0","0","0","0","0"
"399130","-276329","-276328","1","26.709308287600694784","18.37335","26.709308287600694783","18.373349","45.082658287600694","0.00010734795873180101","0.01","0.09","100","0","0.00","0.0000","0.0000","0.0000","0.0000","0x512e0c58285804fc7193665fee3c5551dc5366d2","0","0","0","0","0","0","0","0"
"345866","-276335","-276334","1","2662.284950879711446319","28128.596384","30820.477561237519205364","0","30790.881334879712","0.03674376753647059","0.00","0.04","0","0","NaN","0.0000","0.0000","0.0000","0.0000","0xb0bada5d45d939a03c6d211d24a61a4418d7cd13","true","-887272","887272","0","0","0","0","100"
"634853","-276322","-276321","1","10511.814742381754429906","10566.322665","10461.898331540968800791","10616.251699","21078.137407381753","0.02012790209961897","0.00","0.03","100","0","0","0.0000","0.0000","0.0000","0.0000","0x97b73b8eaa8662381383a67e0dbcab67f78337dd","0","0","0","0","0","0","0","0"
"346789","-276334","-276333","1","2.019327752592146388","9908.617044","0","9910.63456","9910.636371752593","0.015884801130167124","0.00","0.06","0","0","2.9946225499344337e-7","0.0000","0.0000","0.0000","0.0000","0x7617452156f474836604c1a79c79c0627be5fe74","0","0","0","0","0","0","0","0"
"708867","-276314","-276313","1","155.558170956150836982","9108.162233","0","9263.891883","9263.72040395615","0.014844606962618764","0.00","0.06","0","0","0.000030554017382833365","0.0000","0.0000","0.0000","0.0000","0xb0bada5d45d939a03c6d211d24a61a4418d7cd13","0","0","0","0","0","0","0","0"
"281336","-276340","-276339","1","6697.781658813214981667","3210.82334","9913.68551115780370518","0","9908.604998813214","0.013714742238434559","0.00","0.05","0","0","NaN","0.0000","0.0000","0.0000","0.0000","0xb0bada5d45d939a03c6d211d24a61a4418d7cd13","true","-887272","887272","0","0","0","0","100"
"345869","-276335","-276334","1","2177.416892883663851261","7670.675819","9856.215263348057016132","0","9848.092711883664","0.009078628171136372","0.00","0.03","0","0","NaN","0.0000","0.0000","0.0000","0.0000","0xb0bada5d45d939a03c6d211d24a61a4418d7cd13","true","-887272","887272","0","0","0","0","100"
"248975","-276341","-276338","3","5041.956412187967733951","5702.52146","5039.481438532021687432","5704.99263","10744.477872187967","0.008442762848129993","0.00","0.03","100","0","0","0.0000","0.0000","0.0000","0.0000","0x97b73b8eaa8662381383a67e0dbcab67f78337dd","0","0","0","0","0","0","0","0"
"281339","-276340","-276339","1","4117.350025667344742347","1973.800317","6094.273503244678665577","0","6091.150342667345","0.008111474880880352","0.00","0.05","0","0","NaN","0.0000","0.0000","0.0000","0.0000","0xb0bada5d45d939a03c6d211d24a61a4418d7cd13","true","-887272","887272","0","0","0","0","50"
"708859","-276315","-276314","1","2217.186722829814396608","6088.334576","0","8307.715707","8305.521298829815","0.007821942343686219","0.00","0.03","0","0","1.577562969146129e-7","0.0000","0.0000","0.0000","0.0000","0xb0bada5d45d939a03c6d211d24a61a4418d7cd13","0","0","0","0","0","0","0","0"
"97894","-276360","-276359","1","225.275394994417107564","7787.998082","0","8012.486709","8013.273476994417","0.005578103037208276","0.00","0.03","0","0","NaN","0.0000","0.0000","0.0000","0.0000","0x664d8f8f2417f52cbbf5bd82ba82eefc58a87f07","0","0","0","0","0","0","0","0"
"435547","-276330","-276329","1","46.432866891238270174","9679.485169","0","9725.894937","9725.918035891238","0.003772254699191452","0.00","0.01","100","0","0","0.0000","0.0000","0.0000","0.0000","0xb0bada5d45d939a03c6d211d24a61a4418d7cd13","true","-887272","887272","0","0","0","0","100"
"345872","-276335","-276334","1","877.063160004460174","3089.746936","3970.081858374791039645","0","3966.8100960044603","0.003352486841672084","0.00","0.03","0","0","NaN","0.0000","0.0000","0.0000","0.0000","0xb0bada5d45d939a03c6d211d24a61a4418d7cd13","true","-887272","887272","0","0","0","0","50"
"435548","-276330","-276329","1","41.598382859220676218","8671.679285","0","8713.256973","8713.27766785922","0.0031746355308947573","0.00","0.01","100","0","0","0.0000","0.0000","0.0000","0.0000","0xb0bada5d45d939a03c6d211d24a61a4418d7cd13","true","-887272","887272","0","0","0","0","100"
"708872","-276314","-276313","1","47.269244884974935664","8256.367164","0","8303.688542","8303.636408884975","0.002576349973566496","0.00","0.01","0","0","0.000011386485654352185","0.0000","0.0000","0.0000","0.0000","0xb0bada5d45d939a03c6d211d24a61a4418d7cd13","0","0","0","0","0","0","0","0"
"345875","-276335","-276334","1","619.349767549007884433","2181.865724","2803.525889882840202621","0","2801.2154915490078","0.002081605567013419","0.00","0.03","0","0","NaN","0.0000","0.0000","0.0000","0.0000","0xb0bada5d45d939a03c6d211d24a61a4418d7cd13","true","-887272","887272","0","0","0","0","100"
"278337","-276330","-276329","1","32239.35081156766095749","19043.453647","51293.829114836435226294","0","51282.804458567654","0.002047946593035737","0.00","0.00","0","0","NaN","0.0000","0.0000","0.0000","0.0000","0xb0bada5d45d939a03c6d211d24a61a4418d7cd13","true","-887272","887272","0","0","0","0","100"
"706271","-276315","-276314","1","311.620926686758011599","8990.221572","0","9302.154561","9301.842498686758","0.001757504968881712","0.00","0.01","100","0","2.4991120284312274e-10","0.0000","0.0000","0.0000","0.0000","0xb0bada5d45d939a03c6d211d24a61a4418d7cd13","0","0","0","0","0","0","0","0"
"202465","-276365","-276364","1","2610.554764126621427668","179.503168","0","2779.522361","2790.057932126622","0.0017427003603290242","0.00","0.02","0","0","0","0.0000","0.0000","0.0000","0.0000","0xb0bada5d45d939a03c6d211d24a61a4418d7cd13","true","-887272","887272","0","0","0","0","100"
"469790","-276323","-276318","5","947.789726188932884848","375.200987","945.346996248705617153","377.644315","1322.990713188933","0.001672716108270307","0.00","0.05","100","0","5.706546346573305e-12","0.0000","0.0000","0.0000","0.0000","0xdcc5b9ba5ab98dc38477831ff359d81f911423eb","0","0","0","0","0","0","0","0"
"216052","-276352","-276351","1","11983.656486005495377329","4929.319063","6483.606504540500357626","10414.249479","16912.975549005496","0.001667886252654789","0.00","0.00","100","0","1.1035639069234549e-8","0.0000","0.0000","0.0000","0.0000","0xf1bc5de15f4b56d9db4b3e6682832547d72844de","0","0","0","0","0","0","0","0"
"217515","-276348","-276347","1","13354.706149752903654354","4182.751965","12723.359691878459746656","4812.602019","17537.458114752902","0.001077298946432427","0.00","0.00","100","0","NaN","0.0000","0.0000","0.0000","0.0000","0x25b6f5f1525f0074d53570ea2fb4cd9ee545b296","0","0","0","0","0","0","0","0"
"706272","-276315","-276314","1","279.436368382427826401","8061.70142","0","8341.41762","8341.137788382428","0.0005818340233823831","0.00","0.00","100","0","2.4991120284312274e-10","0.0000","0.0000","0.0000","0.0000","0xb0bada5d45d939a03c6d211d24a61a4418d7cd13","0","0","0","0","0","0","0","0"
"111116","-277980","-274957","3023","998.187710339195158614","1151.04","996.632450408908428764","1152.590689","2149.2277103391953","0.00056229635994716","0.00","0.01","100","0","3.519562530307496e-7","0.0000","0.0000","0.0000","0.0000","0xb4427e29283f9dd0430c4fdf094795768f5158ca","0","0","0","0","0","0","0","0"
"614473","-276321","-276320","1","498.730325976361498015","0","0","498.906222","498.7303259763615","0.000482726890564235","0.00","0.04","0","0","0.0000011345663963879815","0.0000","0.0000","0.0000","0.0000","0xfa1457caf448c66ce3c2e619ccd4fcfd317b61f6","0","0","0","0","0","0","0","0"
"469897","-276322","-276320","2","299.595816622929560596","80.221765","296.532430004816648056","83.285904","379.81758162292954","0.00047900409024922703","0.00","0.05","100","0","4.94640683967873e-7","0.0000","0.0000","0.0000","0.0000","0xdcc5b9ba5ab98dc38477831ff359d81f911423eb","0","0","0","0","0","0","0","0"
"214050","-276354","-276353","1","494.091661244590021047","1499.01034","0","1991.666492","1993.1020012445902","0.000462470015608179","0.00","0.01","45","0","NaN","0.0000","0.0000","0.0000","0.0000","0x3bee932e51d6306e3a3d8725ad7cc133a0b0fc5e","true","-887272","887272","0","0","0","0","50"
"340430","-276332","-276331","1","1675.003363342538029289","20744.132483","22434.721613086455864769","0","22419.13584634254","0.00039163990454818705","0.00","0.00","0","0","NaN","0.0000","0.0000","0.0000","0.0000","0xb0bada5d45d939a03c6d211d24a61a4418d7cd13","true","-887272","887272","0","0","0","0","100"
"606685","-276320","-276319","1","1088.97557320316546119","8484.80916","0","9574.32601","9573.784733203167","0.00016168675371763398","0.00","0.00","0","0","1.3802335940837906e-7","0.0000","0.0000","0.0000","0.0000","0xb0bada5d45d939a03c6d211d24a61a4418d7cd13","true","-887272","887272","0","0","0","0","100"
"715520","-276319","-276315","4","200.190225724250492769","67.634563","267.787390510702178287","0","267.8247887242505","0.000132608012744623","0.00","0.02","0","0","NaN","0.0000","0.0000","0.0000","0.0000","0xfcbe02c757d572c7bdea24a9c4443f74563e9d73","0","0","0","0","0","0","0","0"
"676808","-276302","-276301","1","7593.485742960603927694","1868.077795","9457.435194322749047714","0","9461.563537960603","0.000127418951177332","0.00","0.00","0","0","NaN","0.0000","0.0000","0.0000","0.0000","0xb0bada5d45d939a03c6d211d24a61a4418d7cd13","true","-887272","887272","0","0","0","0","100"
"713966","-276312","-276311","1","2644.446170761253582722","6582.221666","9218.522519256970964997","0","9226.667836761255","0.000124310618110557","0.00","0.00","0","0","NaN","0.0000","0.0000","0.0000","0.0000","0xb0bada5d45d939a03c6d211d24a61a4418d7cd13","0","0","0","0","0","0","0","0"
"725797","-276307","-276306","1","8512.788975707269924333","658.382043","9170.048682957644386061","0","9171.17101870727","0.000124310445518108","0.00","0.00","0","0","NaN","0.0000","0.0000","0.0000","0.0000","0xb0bada5d45d939a03c6d211d24a61a4418d7cd13","0","0","0","0","0","0","0","0"
"696597","-276323","-276322","1","5021.619404422283981014","4356.09304","0","9378.595618","9377.712444422283","0.00009732016651836699","0.00","0.00","0","0","0.0000010668163463734004","0.0000","0.0000","0.0000","0.0000","0xb0bada5d45d939a03c6d211d24a61a4418d7cd13","0","0","0","0","0","0","0","0"
"699141","-276310","-276309","1","6143.283649973098297139","3212.271592","9350.997937391270480036","0","9355.5552419731","0.000096989728934098","0.00","0.00","0","0","NaN","0.0000","0.0000","0.0000","0.0000","0xb0bada5d45d939a03c6d211d24a61a4418d7cd13","0","0","0","0","0","0","0","0"
"703485","-276316","-276315","1","496.56065955402605515","0","496.560659554026055149","0","496.5606595540261","0.000096850519215608","0.00","0.01","0","0","NaN","0.0000","0.0000","0.0000","0.0000","0xfa1457caf448c66ce3c2e619ccd4fcfd317b61f6","0","0","0","0","0","0","0","0"
"208055","-276355","-276339","16","36881.326345979270507157","23902.105721","25712.023209605820349283","35042.090897","60783.43206697927","0.00006489615729240001","0.00","0.00","100","0","NaN","0.0000","0.0000","0.0000","0.0000","0x4334703b0b74e2045926f82f4158a103fce1df4f","0","0","0","0","0","0","0","0"
"252442","-276342","-276339","3","2275.101831763039862797","3586.589827","2739.549342063908785131","3122.895584","5861.69165876304","0.000060753600392605","0.00","0.00","100","0","NaN","0.0000","0.0000","0.0000","0.0000","0x86462590436713cf5292ae561ebaa94f75cd6e07","0","0","0","0","0","0","0","0"
"281338","-276341","-276336","5","375.207693982896372534","134.990075","386.199223053407912249","124.015791","510.1977689828964","0.000042668935327824996","0.00","0.00","100","0","NaN","0.0000","0.0000","0.0000","0.0000","0xfe2e4d5957e3c3b5bcf8aa54335fe00c15741cd2","0","0","0","0","0","0","0","0"
"197279","-276523","-276172","351","23.941569114502969626","23.752984","23.942438604130197248","23.752116","47.694553114502966","0.00003341642629631666","0.00","0.03","100","0","NaN","0.0000","0.0000","0.0000","0.0000","0x87e34ac2abd359b1b3d965d2cbb7e451f86465bf","true","-887272","887272","0","0","175","175","100"
"200822","-276350","-276349","1","38.291075348326821825","6.702116","0","44.896064","44.99319134832682","0.000032796661558498","0.00","0.01","8","0","2.796499032342581e-7","0.0000","0.0000","0.0000","0.0000","0x60583f22ada7b1352bb2faf694b3eaaf942696dd","0","0","0","0","0","0","0","0"
"713982","-276318","-276313","5","159.364902346124312809","92.578676","159.364902346124312808","92.578675","251.94357834612433","0.00001536148712983","0.00","0.00","100","0","0.00","0.0000","0.0000","0.0000","0.0000","0xc39afd8c9eacb1c95c14e4ba1d3489b55c392570","0","0","0","0","0","0","0","0"
"201939","-276358","-276342","16","46.187986207318287524","47.411017","46.18761560195813765","47.411385","93.59900320731829","0.000010896085944284067","0.00","0.00","100","0","0","0.0000","0.0000","0.0000","0.0000","0x9252c1a75e3cae382ac6c8fffa4e21c87ad95fab","0","0","0","0","0","0","0","0"
"116468","-887272","887272","1774544","0.050140207674733949","0.049995","0","0","0.10013520767473394","0","0.00","0.00","95","0","0.00","0.0000","3.402567868363881e+38","3.402567868363881e+38","1.7012839341819405e+38","0x76ad57497ed1b891c7c32ef817bbb94be9c748a9","0","0","0","0","0","0","0","0"
"142194","-887272","887272","1774544","0.000000001000854017","0.000001","0","0","0.000001001000854017","0","0.00","0.00","95","0","NaN","0.0000","3.402567868363881e+38","3.402567868363881e+38","1.7012839341819405e+38","0x86ac14073f47e50debd5c530902209e3b2ad1639","0","0","0","0","0","0","0","0"
"143981","-887272","887272","1774544","0.000000001000808179","0.000001","0","0","0.0000010010008081789999","0","0.00","0.00","94","0","NaN","0.0000","3.402567868363881e+38","3.402567868363881e+38","1.7012839341819405e+38","0x6b9bdcd8a0230e25b2125ac573a124341d0ee738","0","0","0","0","0","0","0","0"
"165397","-276397","-276288","109","3.366985234171581806","3.420036","0","0","6.787021234171582","0","0.00","0.00","95","0","0.00007014220712031616","0.0000","0.0000","0.0000","0.0000","0x05e5dc207b2b34a52d2f48b34213eb884509f8c9","0","0","0","0","0","0","0","0"
"197248","-276348","-276346","2","7484.165244649359629239","0","7484.165244649359629238","0","7484.16524464936","0","0.00","0.00","0","0","0.00","0.0000","0.0000","0.0000","0.0000","0x97b73b8eaa8662381383a67e0dbcab67f78337dd","true","-887272","887272","0","0","1","0","100"
"202460","-276352","-276350","2","71.572130751825926844","0","71.572130751825926842","0","71.57213075182592","0","0.00","0.00","0","0","0.000010288434537653046","0.0000","0.0000","0.0000","0.0000","0xa7bf8f67045ef716ee87ded1faadff10f226c02d","true","-887272","887272","0","0","1","0","100"
"202471","-276354","-276353","1","702.126233653011865581","2147.177903","0","2847.26426","2849.3041366530115","0","0.00","0.00","100","0","NaN","0.0000","0.0000","0.0000","0.0000","0xb0bada5d45d939a03c6d211d24a61a4418d7cd13","true","-887272","887272","0","0","0","0","100"
"202524","-276356","-276352","4","3489.619924006006784386","6564.439309","0","10044.069919","10054.059233006006","0","0.00","0.00","87","0","0.000002414303001962992","0.0000","0.0000","0.0000","0.0000","0x7617452156f474836604c1a79c79c0627be5fe74","0","0","0","0","0","2","1","0"
"203216","-276356","-276352","4","31.299182250101530996","62.21101","8.275504253230783883","85.168435","93.51019225010154","0","0.00","0.00","100","0","1.1918553921574926e-7","0.0000","0.0000","0.0000","0.0000","0x9252c1a75e3cae382ac6c8fffa4e21c87ad95fab","0","0","0","0","0","2","1","0"
"205904","-276354","-276353","1","2150.171600887240975327","7857.905813","0","10001.833934","10008.07741388724","0","0.00","0.00","100","0","NaN","0.0000","0.0000","0.0000","0.0000","0x10eb84abd429fa4df8dcabbc7c2803822a5b82d9","true","-887272","887272","0","0","0","0","100"
"207634","-276354","-276353","1","207.213999168406162412","528.344353","0","734.955974","735.5583521684061","0","0.00","0.00","100","0","NaN","0.0000","0.0000","0.0000","0.0000","0x8a1a66ccd6b5652a19e927308529c3a5bc7a9605","0","0","0","0","0","0","0","0"
"207647","-276354","-276353","1","1.798205224197995978","4.581954","0","6.37493","6.380159224197996","0","0.00","0.00","100","0","1.0893226320973781e-7","0.0000","0.0000","0.0000","0.0000","0x8a1a66ccd6b5652a19e927308529c3a5bc7a9605","0","0","0","0","0","0","0","0"
"207651","-276354","-276353","1","2.001766663023934514","5.102108","0","7.098054","7.103874663023935","0","0.00","0.00","100","0","1.0949509077207153e-7","0.0000","0.0000","0.0000","0.0000","0x8a1a66ccd6b5652a19e927308529c3a5bc7a9605","0","0","0","0","0","0","0","0"
"207799","-276354","-276353","1","203.189258952398738602","89.655983","0","292.250389","292.84524195239874","0","0.00","0.00","100","0","NaN","0.0000","0.0000","0.0000","0.0000","0x8a1a66ccd6b5652a19e927308529c3a5bc7a9605","0","0","0","0","0","0","0","0"
"207801","-276354","-276353","1","33.738783015251871223","14.887026","0","48.527036","48.62580901525187","0","0.00","0.00","100","0","NaN","0.0000","0.0000","0.0000","0.0000","0x8a1a66ccd6b5652a19e927308529c3a5bc7a9605","0","0","0","0","0","0","0","0"
"210800","-276355","-276353","2","382.051642238509579801","422.116868","0","803.045159","804.1685102385096","0","0.00","0.00","100","0","2.06984651640596e-8","0.0000","0.0000","0.0000","0.0000","0xd050e74eab1acbe57b48e762e3506b5c51cd314d","true","-887272","887272","0","0","1","0","100"
"211794","-276354","-276353","1","3693.391898564302470588","2498.456184","0","6181.053309","6191.848082564303","0","0.00","0.00","100","0","NaN","0.0000","0.0000","0.0000","0.0000","0x5b68b0e0d01b47e66a5ee927a0c556f53d13225b","0","0","0","0","0","0","0","0"
"214131","-276354","-276353","1","901.064442256996918174","3303.836546","0","4202.284588","4204.900988256997","0","0.00","0.00","100","0","NaN","0.0000","0.0000","0.0000","0.0000","0xb30b74b2441f519d28cc78a16eae3603cd7822f0","0","0","0","0","0","0","0","0"
"214182","-276354","-276353","1","2340.815740673374912388","13404.683712","0","15738.710124","15745.499452673375","0","0.00","0.00","100","0","5.278333325975382e-9","0.0000","0.0000","0.0000","0.0000","0x469078adbec54d115290dcc044111f5e9bf780ba","true","-887272","887272","0","0","0","0","50"
"214309","-276354","-276352","2","1844.173509485642546005","1429.436102","0","3268.354799","3273.6096114856427","0","0.00","0.00","100","0","2.7793770618345093e-7","0.0000","0.0000","0.0000","0.0000","0x92422f23bad585bacec3cceab7f7df8225471bab","0","0","0","0","0","0","0","0"
"214472","-276353","-276352","1","6448.421070259777532017","9309.045475","0","15739.322773","15757.466545259778","0","0.00","0.00","100","0","1.9989621069527175e-8","0.0000","0.0000","0.0000","0.0000","0xb0bada5d45d939a03c6d211d24a61a4418d7cd13","true","-887272","887272","0","0","0","0","50"
"214474","-276353","-276352","1","4097.063932855408642428","5914.183665","0","9999.719781","10011.247597855408","0","0.00","0.00","100","0","1.9989621069527175e-8","0.0000","0.0000","0.0000","0.0000","0xb0bada5d45d939a03c6d211d24a61a4418d7cd13","true","-887272","887272","0","0","0","0","100"
"214476","-276353","-276352","1","1166.321344641221670495","1683.605323","0","2846.645015","2849.9266676412217","0","0.00","0.00","100","0","2.92130664103496e-7","0.0000","0.0000","0.0000","0.0000","0xb0bada5d45d939a03c6d211d24a61a4418d7cd13","true","-887272","887272","0","0","0","0","100"
"214506","-276353","-276352","1","2293.040114839070945247","3893.106223","0","6179.698868","6186.146337839071","0","0.00","0.00","100","0","2.9500223375222845e-7","0.0000","0.0000","0.0000","0.0000","0xb0bada5d45d939a03c6d211d24a61a4418d7cd13","true","-887272","887272","0","0","0","0","50"
"215104","-276353","-276352","1","376.12540332431666587","713.11801","0","1088.186315","1089.2434133243166","0","0.00","0.00","100","0","4.91595875118378e-8","0.0000","0.0000","0.0000","0.0000","0x8a1a66ccd6b5652a19e927308529c3a5bc7a9605","0","0","0","0","0","0","0","0"
"215115","-276353","-276352","1","100.662397697000348828","190.824385","100.296611078636561753","191.189137","291.48678269700036","0","0.00","0.00","100","0","2.262412479581144e-10","0.0000","0.0000","0.0000","0.0000","0x8a1a66ccd6b5652a19e927308529c3a5bc7a9605","0","0","0","0","0","0","0","0"
"216028","-276352","-276351","1","14249.831070665783107227","1527.749035","0","15738.555392","15777.580105665784","0","0.00","0.00","100","0","NaN","0.0000","0.0000","0.0000","0.0000","0xb0bada5d45d939a03c6d211d24a61a4418d7cd13","true","-887272","887272","0","0","0","0","50"
"216034","-276352","-276351","1","9052.292354469446086506","968.657836","0","9996.15943","10020.950190469446","0","0.00","0.00","100","0","NaN","0.0000","0.0000","0.0000","0.0000","0xb0bada5d45d939a03c6d211d24a61a4418d7cd13","true","-887272","887272","0","0","0","0","100"
"216036","-276352","-276351","1","5594.978610896937995758","598.545916","0","6178.202017","6193.524526896938","0","0.00","0.00","100","0","5.272449143944868e-10","0.0000","0.0000","0.0000","0.0000","0xb0bada5d45d939a03c6d211d24a61a4418d7cd13","true","-887272","887272","0","0","0","0","50"
"216042","-276352","-276351","1","2577.338966399484922873","275.721468","0","2846.002086","2853.060434399485","0","0.00","0.00","100","0","5.272449143944868e-10","0.0000","0.0000","0.0000","0.0000","0xb0bada5d45d939a03c6d211d24a61a4418d7cd13","true","-887272","887272","0","0","0","0","100"
"216079","-276352","-276351","1","728.679688207206318589","361.49039","0","1088.183041","1090.1700782072064","0","0.00","0.00","100","0","4.954725518757641e-9","0.0000","0.0000","0.0000","0.0000","0x8a1a66ccd6b5652a19e927308529c3a5bc7a9605","0","0","0","0","0","0","0","0"
"216661","-276350","-276349","1","13119.342377500672174911","2652.609588","10005.93283528082271469","5758.026358","15771.951965500672","0","0.00","0.00","100","0","NaN","0.0000","0.0000","0.0000","0.0000","0xb0bada5d45d939a03c6d211d24a61a4418d7cd13","true","-887272","887272","0","0","0","0","50"
"216662","-276350","-276349","1","8331.224340046434555237","1683.287404","0","9993.3872","10014.511744046435","0","0.00","0.00","73","0","3.7345552206247135e-7","0.0000","0.0000","0.0000","0.0000","0xb0bada5d45d939a03c6d211d24a61a4418d7cd13","true","-887272","887272","0","0","0","0","100"
"216665","-276350","-276349","1","5149.499356028578255512","1040.4338","0","6176.876153","6189.933156028578","0","0.00","0.00","73","0","3.7539593655822046e-8","0.0000","0.0000","0.0000","0.0000","0xb0bada5d45d939a03c6d211d24a61a4418d7cd13","true","-887272","887272","0","0","0","0","50"
"216667","-276350","-276349","1","2372.109723961855659304","479.274385","0","2845.369418","2851.384108961856","0","0.00","0.00","73","0","3.717476326769997e-8","0.0000","0.0000","0.0000","0.0000","0xb0bada5d45d939a03c6d211d24a61a4418d7cd13","true","-887272","887272","0","0","0","0","100"
"216695","-276350","-276349","1","879.866749616981104826","210.243948","0","1087.880807","1090.110697616981","0","0.00","0.00","59","0","NaN","0.0000","0.0000","0.0000","0.0000","0x8a1a66ccd6b5652a19e927308529c3a5bc7a9605","0","0","0","0","0","0","0","0"
"217083","-276350","-276349","1","39.022420365537438578","32.560204","0","71.484237","71.58262436553744","0","0.00","0.00","20","0","2.0096924124857196e-7","0.0000","0.0000","0.0000","0.0000","0xa7bf8f67045ef716ee87ded1faadff10f226c02d","true","-887272","887272","0","0","0","0","100"
"217470","-276351","-276347","4","1203.691272278535684344","9860.653881","0","11061.55091","11064.345153278537","0","0.00","0.00","73","0","NaN","0.0000","0.0000","0.0000","0.0000","0x7617452156f474836604c1a79c79c0627be5fe74","0","0","0","0","0","2","1","0"
"217471","-276348","-276347","1","2678.885107622876976082","7290.038386","0","9962.740663","9968.923493622877","0","0.00","0.00","100","0","NaN","0.0000","0.0000","0.0000","0.0000","0xb0bada5d45d939a03c6d211d24a61a4418d7cd13","true","-887272","887272","0","0","0","0","100"
"217474","-276348","-276347","1","1660.830989927954643946","4516.99594","0","6173.993745","6177.826929927955","0","0.00","0.00","100","0","NaN","0.0000","0.0000","0.0000","0.0000","0xb0bada5d45d939a03c6d211d24a61a4418d7cd13","true","-887272","887272","0","0","0","0","50"
"217475","-276348","-276347","1","765.342878230570475249","2081.518646","0","2845.095119","2846.8615242305705","0","0.00","0.00","100","0","NaN","0.0000","0.0000","0.0000","0.0000","0xb0bada5d45d939a03c6d211d24a61a4418d7cd13","true","-887272","887272","0","0","0","0","100"
"217559","-276348","-276347","1","12723.458633998683545759","4812.639444","0","17506.44258","17536.098077998686","0","0.00","0.00","100","0","0.0000014509704104881394","0.0000","0.0000","0.0000","0.0000","0x25b6f5f1525f0074d53570ea2fb4cd9ee545b296","0","0","0","0","0","0","0","0"
"217644","-276345","-276344","1","9068.87904233948041387","8454.375369","17540.799386613398641789","0","17523.25441133948","0","0.00","0.00","0","0","NaN","0.0000","0.0000","0.0000","0.0000","0xb0bada5d45d939a03c6d211d24a61a4418d7cd13","true","-887272","887272","0","0","0","0","100"
"217649","-276345","-276344","1","5161.330526780653147081","4811.104724","9982.419520497071278674","0","9972.435250780654","0","0.00","0.00","0","0","NaN","0.0000","0.0000","0.0000","0.0000","0xb0bada5d45d939a03c6d211d24a61a4418d7cd13","true","-887272","887272","0","0","0","0","100"
"217650","-276345","-276344","1","3198.61131053199548652","2981.443995","6186.242564133420732563","0","6180.055305531996","0","0.00","0.00","0","0","NaN","0.0000","0.0000","0.0000","0.0000","0xb0bada5d45d939a03c6d211d24a61a4418d7cd13","true","-887272","887272","0","0","0","0","50"
"217663","-276345","-276344","1","1473.950156190028162609","1373.877416","2850.678719108670815463","0","2847.827572190028","0","0.00","0.00","0","0","NaN","0.0000","0.0000","0.0000","0.0000","0xb0bada5d45d939a03c6d211d24a61a4418d7cd13","true","-887272","887272","0","0","0","0","100"
"217721","-276345","-276344","1","577.98366026550526907","509.738019","1088.779867700764466707","0","1087.7216792655054","0","0.00","0.00","0","0","NaN","0.0000","0.0000","0.0000","0.0000","0x8a1a66ccd6b5652a19e927308529c3a5bc7a9605","0","0","0","0","0","0","0","0"
"217788","-276346","-276345","1","15669.859251610382879283","1863.300526","17537.248467364993499098","0","17533.159777610384","0","0.00","0.00","0","0","NaN","0.0000","0.0000","0.0000","0.0000","0xb0bada5d45d939a03c6d211d24a61a4418d7cd13","true","-887272","887272","0","0","0","0","100"
"217792","-276346","-276345","1","8918.591527837992245238","1060.301207","9981.219382555688872789","0","9978.892734837993","0","0.00","0.00","0","0","NaN","0.0000","0.0000","0.0000","0.0000","0xb0bada5d45d939a03c6d211d24a61a4418d7cd13","true","-887272","887272","0","0","0","0","100"
"217794","-276346","-276345","1","5526.478085118775278846","657.024303","5526.478085118775278845","657.024302","6183.502388118775","0","0.00","0.00","0","0","0.00","0.0000","0.0000","0.0000","0.0000","0xb0bada5d45d939a03c6d211d24a61a4418d7cd13","true","-887272","887272","0","0","0","0","50"
"217796","-276346","-276345","1","2546.649115247598072773","302.762507","2850.075982327167815096","0","2849.411622247598","0","0.00","0.00","0","0","NaN","0.0000","0.0000","0.0000","0.0000","0xb0bada5d45d939a03c6d211d24a61a4418d7cd13","true","-887272","887272","0","0","0","0","100"
"217828","-276347","-276346","1","1035.213649525041286296","1810.166866","0","2843.08963","2845.380515525041","0","0.00","0.00","100","0","NaN","0.0000","0.0000","0.0000","0.0000","0xb0bada5d45d939a03c6d211d24a61a4418d7cd13","true","-887272","887272","0","0","0","0","100"
"217919","-276347","-276346","1","727.885388048173164132","343.083758","0","1069.346895","1070.9691460481731","0","0.00","0.00","100","0","NaN","0.0000","0.0000","0.0000","0.0000","0x8a1a66ccd6b5652a19e927308529c3a5bc7a9605","0","0","0","0","0","0","0","0"
"218321","-276347","-276346","1","449.077801965136126825","1508.046644","487.273356535914517089","1469.935831","1957.1244459651361","0","0.00","0.00","100","0","NaN","0.0000","0.0000","0.0000","0.0000","0x3bee932e51d6306e3a3d8725ad7cc133a0b0fc5e","true","-887272","887272","0","0","0","0","50"
"218553","-276347","-276346","1","18.109919076579650798","53.404286","0","71.474227","71.51420507657966","0","0.00","0.00","100","0","NaN","0.0000","0.0000","0.0000","0.0000","0xa7bf8f67045ef716ee87ded1faadff10f226c02d","true","-887272","887272","0","0","0","0","100"
"221559","-276344","-276343","1","2600.181409540435979486","247.788766","2848.464485743580594749","0","2847.9701755404362","0","0.00","0.00","0","0","NaN","0.0000","0.0000","0.0000","0.0000","0xb0bada5d45d939a03c6d211d24a61a4418d7cd13","true","-887272","887272","0","0","0","0","100"
"221660","-276346","-276345","1","2378.175978373022773989","468.555805","2847.758576377979862216","0","2846.7317833730226","0","0.00","0.00","100","0","7.492149345367238e-7","0.0000","0.0000","0.0000","0.0000","0xb0bada5d45d939a03c6d211d24a61a4418d7cd13","true","-887272","887272","0","0","0","0","100"
"221699","-276347","-276345","2","820.165749445947094227","1195.829911","780.48751686522607075","1235.42183","2015.9956604459471","0","0.00","0.00","100","0","6.677910668884124e-7","0.0000","0.0000","0.0000","0.0000","0xcb8db65e9aefbb6386cc5b757516412b79067004","0","0","0","0","0","0","0","0"
"224711","-276347","-276346","1","390.294811492466255348","2451.463835","0","2840.899345","2841.758646492466","0","0.00","0.00","100","0","9.504874665111629e-9","0.0000","0.0000","0.0000","0.0000","0xb0bada5d45d939a03c6d211d24a61a4418d7cd13","true","-887272","887272","0","0","0","0","100"
"342894","-276335","-276330","5","360.313132810766469906","124.212651","0","0","484.5257838107665","0","0.00","0.00","5","0","0.000029588463190677317","0.0000","0.0000","0.0000","0.0000","0x5bcbaba9704f625bdb7eb1d8a3c305737916e6ff","0","0","0","0","0","0","0","0"
"400122","-276328","-276326","2","5233.016011174110931451","0","5233.01601117411093145","0","5233.016011174111","0","0.00","0.00","0","0","NaN","0.0000","0.0000","0.0000","0.0000","0x38b5bce574236dd97354924bea4340c8f4279d73","0","0","0","0","0","0","0","0"
"493184","-276322","-276321","1","0","500","0","499.999999","500","0","0.00","0.00","100","0","NaN","0.0000","0.0000","0.0000","0.0000","0xfa1457caf448c66ce3c2e619ccd4fcfd317b61f6","0","0","0","0","0","0","0","0"
"500073","-276320","-276319","1","0","499.989998","0","499.989997","499.989998","0","0.00","0.00","100","0","NaN","0.0000","0.0000","0.0000","0.0000","0xfa1457caf448c66ce3c2e619ccd4fcfd317b61f6","0","0","0","0","0","0","0","0"
"504793","-276319","-276318","1","0","499.984997","0","499.984996","499.984997","0","0.00","0.00","0","0","NaN","0.0000","0.0000","0.0000","0.0000","0xfa1457caf448c66ce3c2e619ccd4fcfd317b61f6","0","0","0","0","0","0","0","0"
"505198","-276317","-276316","1","0","499.979996","0","499.979995","499.979996","0","0.00","0.00","0","0","0.00","0.0000","0.0000","0.0000","0.0000","0xfa1457caf448c66ce3c2e619ccd4fcfd317b61f6","0","0","0","0","0","0","0","0"
"505301","-276316","-276315","1","0","499.974994","0","499.974993","499.974994","0","0.00","0.00","95","0","6.606796221220179e-8","0.0000","0.0000","0.0000","0.0000","0xfa1457caf448c66ce3c2e619ccd4fcfd317b61f6","0","0","0","0","0","0","0","0"
"532066","-276316","-276315","1","499.488954254529895162","0","499.488954254529895161","0","499.4889542545299","0","0.00","0.00","0","0","NaN","0.0000","0.0000","0.0000","0.0000","0xfa1457caf448c66ce3c2e619ccd4fcfd317b61f6","0","0","0","0","0","0","0","0"
"540145","-276318","-276317","1","499.483959363225255059","0","499.483959363225255058","0","499.48395936322527","0","0.00","0.00","0","0","5.426527560636885e-7","0.0000","0.0000","0.0000","0.0000","0xfa1457caf448c66ce3c2e619ccd4fcfd317b61f6","0","0","0","0","0","0","0","0"
"588645","-276317","-276316","1","0","499.690097","0","499.690096","499.690097","0","0.00","0.00","0","0","6.064038160502605e-11","0.0000","0.0000","0.0000","0.0000","0xfa1457caf448c66ce3c2e619ccd4fcfd317b61f6","0","0","0","0","0","0","0","0"
"588942","-276316","-276315","1","0","499.685098","0","499.685097","499.685098","0","0.00","0.00","77","0","1.2200581656074405e-7","0.0000","0.0000","0.0000","0.0000","0xfa1457caf448c66ce3c2e619ccd4fcfd317b61f6","0","0","0","0","0","0","0","0"
"596063","-276316","-276315","1","499.199340170219595131","0","499.19934017021959513","0","499.1993401702196","0","0.00","0.00","0","0","NaN","0.0000","0.0000","0.0000","0.0000","0xfa1457caf448c66ce3c2e619ccd4fcfd317b61f6","0","0","0","0","0","0","0","0"
"596469","-276318","-276317","1","499.194348175056795082","0","0","499.520234","499.1943481750568","0","0.00","0.00","96","0","0.0000016122608248458903","0.0000","0.0000","0.0000","0.0000","0xfa1457caf448c66ce3c2e619ccd4fcfd317b61f6","0","0","0","0","0","0","0","0"
"599535","-276317","-276316","1","0","499.515238","0","499.515237","499.515238","0","0.00","0.00","100","0","1.0067607858488259e-7","0.0000","0.0000","0.0000","0.0000","0xfa1457caf448c66ce3c2e619ccd4fcfd317b61f6","0","0","0","0","0","0","0","0"
"601578","-276315","-276314","1","0","499.510241","0","499.51024","499.510241","0","0.00","0.00","100","0","1.0463045985176223e-7","0.0000","0.0000","0.0000","0.0000","0xfa1457caf448c66ce3c2e619ccd4fcfd317b61f6","0","0","0","0","0","0","0","0"
"604099","-276313","-276312","1","0","499.445308","0","499.445307","499.445308","0","0.00","0.00","0","0","0.00","0.0000","0.0000","0.0000","0.0000","0xfa1457caf448c66ce3c2e619ccd4fcfd317b61f6","0","0","0","0","0","0","0","0"
"610103","-276314","-276313","1","498.755263245207095769","0","498.755263245207095768","0","498.7552632452071","0","0.00","0.00","0","0","0.0000012265216842166637","0.0000","0.0000","0.0000","0.0000","0xfa1457caf448c66ce3c2e619ccd4fcfd317b61f6","0","0","0","0","0","0","0","0"
"613892","-276315","-276314","1","498.750275692322154072","0","498.750275692322154071","0","498.75027569232213","0","0.00","0.00","0","0","NaN","0.0000","0.0000","0.0000","0.0000","0xfa1457caf448c66ce3c2e619ccd4fcfd317b61f6","0","0","0","0","0","0","0","0"
"614115","-276316","-276315","1","498.745288189074995154","0","498.745288189074995153","0","498.745288189075","0","0.00","0.00","0","0","NaN","0.0000","0.0000","0.0000","0.0000","0xfa1457caf448c66ce3c2e619ccd4fcfd317b61f6","0","0","0","0","0","0","0","0"
"614182","-276318","-276317","1","498.740300734433695062","0","498.740300734433695061","0","498.7403007344337","0","0.00","0.00","0","0","1.2937173554661285e-8","0.0000","0.0000","0.0000","0.0000","0xfa1457caf448c66ce3c2e619ccd4fcfd317b61f6","0","0","0","0","0","0","0","0"
"614323","-276320","-276319","1","498.735313330618037885","0","498.735313330618037884","0","498.73531333061806","0","0.00","0.00","100","0","NaN","0.0000","0.0000","0.0000","0.0000","0xfa1457caf448c66ce3c2e619ccd4fcfd317b61f6","0","0","0","0","0","0","0","0"
"624747","-276320","-276319","1","498.510940415262297867","0","498.510940415262297866","0","498.5109404152623","0","0.00","0.00","0","0","NaN","0.0000","0.0000","0.0000","0.0000","0xfa1457caf448c66ce3c2e619ccd4fcfd317b61f6","0","0","0","0","0","0","0","0"
"642244","-276320","-276319","1","0","498.626922","0","498.626921","498.626922","0","0.00","0.00","0","0","0.00","0.0000","0.0000","0.0000","0.0000","0xfa1457caf448c66ce3c2e619ccd4fcfd317b61f6","0","0","0","0","0","0","0","0"
"644519","-276318","-276317","1","498.187025783068295063","0","498.187025783068295062","0","498.1870257830683","0","0.00","0.00","0","0","5.270999525741615e-7","0.0000","0.0000","0.0000","0.0000","0xfa1457caf448c66ce3c2e619ccd4fcfd317b61f6","0","0","0","0","0","0","0","0"
"652406","-276318","-276317","1","0","498.452437","0","498.452436","498.452437","0","0.00","0.00","79","0","0.000004119500041088742","0.0000","0.0000","0.0000","0.0000","0xfa1457caf448c66ce3c2e619ccd4fcfd317b61f6","0","0","0","0","0","0","0","0"
"654413","-276316","-276315","1","0","498.447451","0","498.44745","498.447451","0","0.00","0.00","0","0","4.4737291648999644e-8","0.0000","0.0000","0.0000","0.0000","0xfa1457caf448c66ce3c2e619ccd4fcfd317b61f6","0","0","0","0","0","0","0","0"
"676866","-276312","-276311","1","0","498.377671","0","498.37767","498.377671","0","0.00","0.00","0","0","2.536032495115137e-8","0.0000","0.0000","0.0000","0.0000","0xfa1457caf448c66ce3c2e619ccd4fcfd317b61f6","0","0","0","0","0","0","0","0"
"676912","-276310","-276309","1","0","498.372686","0","498.372685","498.372686","0","0.00","0.00","0","0","0.00","0.0000","0.0000","0.0000","0.0000","0xfa1457caf448c66ce3c2e619ccd4fcfd317b61f6","0","0","0","0","0","0","0","0"
"676949","-276309","-276308","1","0","498.367701","0","498.3677","498.367701","0","0.00","0.00","85","0","0.000008402085338587995","0.0000","0.0000","0.0000","0.0000","0xfa1457caf448c66ce3c2e619ccd4fcfd317b61f6","0","0","0","0","0","0","0","0"
"677405","-276307","-276306","1","0","498.362715","0","498.362714","498.362715","0","0.00","0.00","0","0","0.00","0.0000","0.0000","0.0000","0.0000","0xfa1457caf448c66ce3c2e619ccd4fcfd317b61f6","0","0","0","0","0","0","0","0"
"677440","-276306","-276305","1","0","498.35773","0","498.357729","498.35773","0","0.00","0.00","86","0","NaN","0.0000","0.0000","0.0000","0.0000","0xfa1457caf448c66ce3c2e619ccd4fcfd317b61f6","0","0","0","0","0","0","0","0"
"679412","-276308","-276307","1","497.320957865744137513","0","497.320957865744137512","0","497.32095786574416","0","0.00","0.00","0","0","7.309639116215294e-7","0.0000","0.0000","0.0000","0.0000","0xfa1457caf448c66ce3c2e619ccd4fcfd317b61f6","0","0","0","0","0","0","0","0"
"679685","-276310","-276309","1","497.315984655418644079","0","497.315984655418644078","0","497.3159846554186","0","0.00","0.00","0","0","0.00","0.0000","0.0000","0.0000","0.0000","0xfa1457caf448c66ce3c2e619ccd4fcfd317b61f6","0","0","0","0","0","0","0","0"
"683847","-276314","-276313","1","497.301065323648645786","0","497.301065323648645785","0","497.30106532364863","0","0.00","0.00","0","0","NaN","0.0000","0.0000","0.0000","0.0000","0xfa1457caf448c66ce3c2e619ccd4fcfd317b61f6","0","0","0","0","0","0","0","0"
"695654","-276320","-276319","1","497.221504445919657909","0","0","497.446608","497.22150444591966","0","0.00","0.00","0","0","NaN","0.0000","0.0000","0.0000","0.0000","0xfa1457caf448c66ce3c2e619ccd4fcfd317b61f6","0","0","0","0","0","0","0","0"
"695757","-276318","-276317","1","0","497.441633","0","497.441632","497.441633","0","0.00","0.00","100","0","0.00","0.0000","0.0000","0.0000","0.0000","0xfa1457caf448c66ce3c2e619ccd4fcfd317b61f6","0","0","0","0","0","0","0","0"
"697478","-276319","-276318","1","497.057454239085949243","0","497.057454239085949242","0","497.0574542390859","0","0.00","0.00","0","0","1.86106685617915e-10","0.0000","0.0000","0.0000","0.0000","0xfa1457caf448c66ce3c2e619ccd4fcfd317b61f6","0","0","0","0","0","0","0","0"
"698238","-276318","-276317","1","0","497.272537","0","497.272536","497.272537","0","0.00","0.00","0","0","0.00","0.0000","0.0000","0.0000","0.0000","0xfa1457caf448c66ce3c2e619ccd4fcfd317b61f6","0","0","0","0","0","0","0","0"
"698248","-276316","-276315","1","0","497.267563","0","497.267562","497.267563","0","0.00","0.00","87","0","5.991819262973763e-8","0.0000","0.0000","0.0000","0.0000","0xfa1457caf448c66ce3c2e619ccd4fcfd317b61f6","0","0","0","0","0","0","0","0"
"698676","-276316","-276315","1","0","18322.248812","0","18322.248811","18322.248812","0","0.00","0.00","79","0","9.519862009810254e-7","0.0000","0.0000","0.0000","0.0000","0x83fe9748fac353106c5c988b93ce229f895e0b02","0","0","0","0","0","0","0","0"
"699167","-276315","-276314","1","0","18322.248811","0","18322.24881","18322.248811","0","0.00","0.00","54","0","NaN","0.0000","0.0000","0.0000","0.0000","0x83fe9748fac353106c5c988b93ce229f895e0b02","0","0","0","0","0","0","0","0"
"702303","-276315","-276314","1","496.679844987136434126","0","496.679844987136434125","0","496.67984498713645","0","0.00","0.00","0","0","0","0.0000","0.0000","0.0000","0.0000","0xfa1457caf448c66ce3c2e619ccd4fcfd317b61f6","0","0","0","0","0","0","0","0"
"703344","-276315","-276314","1","496.565625210766154092","0","496.565625210766154091","0","496.56562521076614","0","0.00","0.00","0","0","NaN","0.0000","0.0000","0.0000","0.0000","0xfa1457caf448c66ce3c2e619ccd4fcfd317b61f6","0","0","0","0","0","0","0","0"
"704701","-276315","-276314","1","0","496.924575","0","496.924574","496.924575","0","0.00","0.00","0","0","0.00","0.0000","0.0000","0.0000","0.0000","0xfa1457caf448c66ce3c2e619ccd4fcfd317b61f6","0","0","0","0","0","0","0","0"
"704723","-276313","-276312","1","0","496.919605","0","496.919604","496.919605","0","0.00","0.00","100","0","0.00","0.0000","0.0000","0.0000","0.0000","0xfa1457caf448c66ce3c2e619ccd4fcfd317b61f6","0","0","0","0","0","0","0","0"
"704727","-276311","-276310","1","0","496.914635","496.242974364234427948","0","496.914635","0","0.00","0.00","0","0","NaN","0.0000","0.0000","0.0000","0.0000","0xfa1457caf448c66ce3c2e619ccd4fcfd317b61f6","0","0","0","0","0","0","0","0"
"704893","-276313","-276312","1","496.238011934474695625","0","496.238011934474695624","0","496.2380119344747","0","0.00","0.00","0","0","0.00","0.0000","0.0000","0.0000","0.0000","0xfa1457caf448c66ce3c2e619ccd4fcfd317b61f6","0","0","0","0","0","0","0","0"
"704914","-276314","-276313","1","496.233049553252695804","0","496.233049553252695803","0","496.23304955325267","0","0.00","0.00","0","0","NaN","0.0000","0.0000","0.0000","0.0000","0xfa1457caf448c66ce3c2e619ccd4fcfd317b61f6","0","0","0","0","0","0","0","0"
"707587","-276313","-276312","1","0","496.691081","0","496.69108","496.691081","0","0.00","0.00","95","0","NaN","0.0000","0.0000","0.0000","0.0000","0xfa1457caf448c66ce3c2e619ccd4fcfd317b61f6","0","0","0","0","0","0","0","0"
"708898","-276315","-276314","1","495.8907766801193941","0","495.890776680119394099","0","495.8907766801194","0","0.00","0.00","0","0","NaN","0.0000","0.0000","0.0000","0.0000","0xfa1457caf448c66ce3c2e619ccd4fcfd317b61f6","0","0","0","0","0","0","0","0"
"712722","-276318","-276317","1","495.826316013115095092","0","495.826316013115095091","0","495.8263160131151","0","0.00","0.00","0","0","0","0.0000","0.0000","0.0000","0.0000","0xfa1457caf448c66ce3c2e619ccd4fcfd317b61f6","0","0","0","0","0","0","0","0"
"713959","-276318","-276317","1","0","496.040866","0","496.040865","496.040866","0","0.00","0.00","93","0","3.1566267377769464e-7","0.0000","0.0000","0.0000","0.0000","0xfa1457caf448c66ce3c2e619ccd4fcfd317b61f6","0","0","0","0","0","0","0","0"
"715324","-276318","-276317","1","495.608208234355095121","0","495.60820823435509512","0","495.6082082343551","0","0.00","0.00","0","0","2.389866082808112e-10","0.0000","0.0000","0.0000","0.0000","0xfa1457caf448c66ce3c2e619ccd4fcfd317b61f6","0","0","0","0","0","0","0","0"
"717144","-276318","-276317","1","0","495.713599","0","495.713598","495.713599","0","0.00","0.00","90","0","NaN","0.0000","0.0000","0.0000","0.0000","0xfa1457caf448c66ce3c2e619ccd4fcfd317b61f6","0","0","0","0","0","0","0","0"
"721498","-276316","-276315","1","495.177231290275895179","0","495.177231290275895178","0","495.17723129027587","0","0.00","0.00","0","0","1.6940303604329188e-7","0.0000","0.0000","0.0000","0.0000","0xfa1457caf448c66ce3c2e619ccd4fcfd317b61f6","0","0","0","0","0","0","0","0"
"725126","-276317","-276316","1","469.183628935936789482","265.045365","0","0","734.2289939359368","0","0.00","0.00","100","0","NaN","0.0000","0.0000","0.0000","0.0000","0x378617b463949a7150347ce356c634102eeb6028","0","0","0","0","0","0","0","0"
"726175","-276316","-276315","1","4908.3877267605228578","4262.63629","0","0","9171.024016760522","0","0.00","0.00","78","0","NaN","0.0000","0.0000","0.0000","0.0000","0xb0bada5d45d939a03c6d211d24a61a4418d7cd13","0","0","0","0","0","0","0","0"
"726182","-276317","-276316","1","0","495.490584","0","0","495.490584","0","0.00","0.00","98","0","NaN","0.0000","0.0000","0.0000","0.0000","0xfa1457caf448c66ce3c2e619ccd4fcfd317b61f6","0","0","0","0","0","0","0","0"
"726805","-276317","-276316","1","3047.252018610196692712","5185.4128","0","0","8232.664818610196","0","0.00","0.00","97","0","0.00","0.0000","0.0000","0.0000","0.0000","0xb0bada5d45d939a03c6d211d24a61a4418d7cd13","0","0","0","0","0","0","0","0"