id	tick_lower	tick_upper	ticks	deposited_token0	deposited_token1	collected_token0	collected_token1	total_deposited_usd	total_profit_usd	apr_30d	apr	in_range	in_range_swaps	impermanent_loss	price_lower	price_upper	price_range	price_mid	wallet	auto_rebalance	cutoff_tick_low	cutoff_tick_high	buffer_ticks_below	buffer_ticks_above	tick_spaces_below	tick_spaces_above	dust_bp
172140	-276341	-276340	1	481.9388890236736	2313.811823	2799.7677247821525	0.0	2795.7507120236737	9.30988867232484	9.99	121.55	64	0	9.752987861766371e-07	0.0	0.0	0.0	0.0	0xf47856c417b9cb17ac257de2ae86d39018022f9d	true	-887272	887272	0	0	0	0	100
206987	-276354	-276353	1	15.68121767605182	38.780377	32.58228939186812	21.928945	54.461594676051824	0.1276774887319145	7.03	85.57	100	0	1.8013757152601784e-08	0.0	0.0	0.0	0.0	0x5b68b0e0d01b47e66a5ee927a0c556f53d13225b	0	0	0	0	0	0	0	0
109924	-276366	-276349	17	1.8588946118457967	2.409134	1.0556511652377367	3.209909	4.268028611845796	0.0083588654945927	5.88	71.48	100	0		0.0	0.0	0.0	0.0	0x1dcb7879c4d213cb57042c9ee20e6d27ed098ba0	0	0	0	0	0	0	0	0
204428	-276354	-276352	2	510.36141258565266	294.157656	780.2066141988344	25.109308	804.5190685856526	1.435865218263778	5.35	65.14	100	0	8.941855478283856e-07	0.0	0.0	0.0	0.0	0xd050e74eab1acbe57b48e762e3506b5c51cd314d	true	-887272	887272	0	0	0	1	100
197308	-276349	-276348	1	98.0739800779332	2687.658115	2792.3222085781936	0.0	2785.732095077933	3.2732293593657875	3.52	42.89	57	0		0.0	0.0	0.0	0.0	0xb0bada5d45d939a03c6d211d24a61a4418d7cd13	true	-887272	887272	0	0	0	0	100
184956	-276342	-276341	1	33.403609396759485	38.129945	71.6011256663837	0.0	71.53355439675948	0.0720335978943039	3.02	36.76	54	0		0.0	0.0	0.0	0.0	0xa7bf8f67045ef716ee87ded1faadff10f226c02d	true	-887272	887272	0	0	0	0	100
110335	-276357	-276356	1	246.86347456359513	249.775124	0.0	495.844305	496.6385985635951	0.4882543579965328	2.95	35.88	66	0	4.4862352721608556e-07	0.0	0.0	0.0	0.0	0x154b4661a08eaffc746bdf7451a17ee50ee904cf	0	0	0	0	0	0	0	0
177788	-276341	-276340	1	43.49956235871232	27.982495	71.52904147242695	0.0	71.48205735871232	0.0699896153021884	2.94	35.74	31	0	7.73775488127626e-08	0.0	0.0	0.0	0.0	0xa7bf8f67045ef716ee87ded1faadff10f226c02d	true	-887272	887272	0	0	0	0	100
359422	-276328	-276327	1	5279.273478371951	4487.934356	0.0	9765.49572	9767.20783437195	9.534992031290331	2.93	35.63	100	0		0.0	0.0	0.0	0.0	0xb0bada5d45d939a03c6d211d24a61a4418d7cd13	true	-887272	887272	0	0	0	0	100
359425	-276328	-276327	1	2137.4192592427	1817.029818	0.0	3953.755893	3954.4490772427	3.8586879342617593	2.93	35.62	100	0		0.0	0.0	0.0	0.0	0xb0bada5d45d939a03c6d211d24a61a4418d7cd13	true	-887272	887272	0	0	0	0	50
359429	-276328	-276327	1	1510.8337882975543	1306.882935	0.0	2817.226846	2817.7167232975544	2.7256220497377446	2.9	35.31	100	0		0.0	0.0	0.0	0.0	0xb0bada5d45d939a03c6d211d24a61a4418d7cd13	true	-887272	887272	0	0	0	0	100
180800	-276342	-276341	1	1844.1641755961225	951.945872	2797.8062344386494	0.0	2796.110047596122	4.748766558856066	2.55	30.99	66	0		0.0	0.0	0.0	0.0	0xb0bada5d45d939a03c6d211d24a61a4418d7cd13	true	-887272	887272	0	0	0	0	100
197472	-276349	-276348	1	60.229297803530606	11.239755	71.49706712978184	0.0	71.46905280353062	0.0602481545589651	2.53	30.77	38	0		0.0	0.0	0.0	0.0	0xa7bf8f67045ef716ee87ded1faadff10f226c02d	true	-887272	887272	0	0	0	0	100
169215	-276342	-276341	1	22.35680553907571	1354.08203	0.0	1376.400904	1376.438835539076	1.1415607763027902	2.49	30.27	73	0	8.62341642537956e-08	0.0	0.0	0.0	0.0	0xf47856c417b9cb17ac257de2ae86d39018022f9d	true	-887272	887272	0	0	0	0	100
202578	-276355	-276352	3	34.13912453526645	37.455157	0.0	71.496488	71.59428153526645	0.1116318951627324	2.34	28.46	90	0	4.4436874180320274e-07	0.0	0.0	0.0	0.0	0xa7bf8f67045ef716ee87ded1faadff10f226c02d	true	-887272	887272	0	0	1	1	100
207507	-276354	-276353	1	0.2881859831649164	0.712728	0.893760544847288	0.108939	1.0009139831649163	0.0007219523286212	2.16	26.33	100	0	4.6150216981288856e-08	0.0	0.0	0.0	0.0	0xcb8db65e9aefbb6386cc5b757516412b79067004	0	0	0	0	0	0	0	0
199803	-276350	-276349	1	1635.875985313492	1152.756408	2791.606331383184	0.0	2788.632393313492	1.889062337120775	2.03	24.73	94	0		0.0	0.0	0.0	0.0	0xb0bada5d45d939a03c6d211d24a61a4418d7cd13	true	-887272	887272	0	0	0	0	100
197280	-276349	-276347	2	3687.063323945872	3783.99449	7480.32678513649	0.0	7471.057813945872	4.7671773359909935	1.91	23.29	56	0		0.0	0.0	0.0	0.0	0xb0bada5d45d939a03c6d211d24a61a4418d7cd13	true	-887272	887272	0	0	1	0	100
225613	-276350	-276349	1	917.5848064520655	9034.27092	9974.93907183843	0.0	9951.855726452066	6.177792001991757	1.86	22.66	100	0	8.941754447988615e-07	0.0	0.0	0.0	0.0	0xb0bada5d45d939a03c6d211d24a61a4418d7cd13	true	-887272	887272	0	0	0	0	100
225614	-276350	-276349	1	261.8050797355762	2577.65604	2846.0472543761525	0.0	2839.461119735576	1.7617436974823932	1.86	22.65	100	0	8.941754447988615e-07	0.0	0.0	0.0	0.0	0xb0bada5d45d939a03c6d211d24a61a4418d7cd13	true	-887272	887272	0	0	0	0	100
241247	-276343	-276342	1	7899.18101702017	2045.371342	0.0	9930.055158	9944.552359020168	5.908268513380539	1.78	21.69	100	0	1.2236165414236666e-07	0.0	0.0	0.0	0.0	0xb0bada5d45d939a03c6d211d24a61a4418d7cd13	true	-887272	887272	0	0	0	0	100
241248	-276343	-276342	1	2253.664426876968	583.551716	0.0	2833.080039	2837.2161428769678	1.6842187375387685	1.78	21.67	100	0	1.2236165414236666e-07	0.0	0.0	0.0	0.0	0xb0bada5d45d939a03c6d211d24a61a4418d7cd13	true	-887272	887272	0	0	0	0	100
399111	-276329	-276328	1	1820.4085260037427	7916.891378	9740.916196086735	0.0	9737.299904003745	5.607936985377705	1.73	21.02	100	0		0.0	0.0	0.0	0.0	0xb0bada5d45d939a03c6d211d24a61a4418d7cd13	true	-887272	887272	0	0	0	0	100
399112	-276329	-276328	1	528.6960462989795	2299.28014	2829.0264556749075	0.0	2827.9761862989794	1.6274731973129564	1.73	21.01	100	0		0.0	0.0	0.0	0.0	0xb0bada5d45d939a03c6d211d24a61a4418d7cd13	true	-887272	887272	0	0	0	0	100
235213	-276345	-276344	1	9787.833674229578	163.678751	0.0	9931.502792	9951.512425229575	5.565645327359878	1.68	20.41	66	0	1.2805038140939473e-07	0.0	0.0	0.0	0.0	0xb0bada5d45d939a03c6d211d24a61a4418d7cd13	true	-887272	887272	0	0	0	0	100
235216	-276345	-276344	1	2792.596137559732	46.699675	0.0	2833.586803	2839.295812559732	1.5872155530868184	1.68	20.4	66	0	1.2805038140939473e-07	0.0	0.0	0.0	0.0	0xb0bada5d45d939a03c6d211d24a61a4418d7cd13	true	-887272	887272	0	0	0	0	100
232681	-276346	-276345	1	7117.830512201193	2831.317991	0.0	9933.982361	9949.148503201191	5.411258331168752	1.63	19.85	91	0	6.392478768546539e-08	0.0	0.0	0.0	0.0	0xb0bada5d45d939a03c6d211d24a61a4418d7cd13	true	-887272	887272	0	0	0	0	100
232683	-276346	-276345	1	2030.8252966330128	807.818083	0.0	2834.316248	2838.6433796330134	1.543012337499888	1.63	19.84	91	0	6.392478768546539e-08	0.0	0.0	0.0	0.0	0xb0bada5d45d939a03c6d211d24a61a4418d7cd13	true	-887272	887272	0	0	0	0	100
195017	-276345	-276344	1	2780.5644083439774	13123.273624	0.0	15898.265858	15903.838032343978	8.529629228152999	1.61	19.58	100	0		0.0	0.0	0.0	0.0	0xb0bada5d45d939a03c6d211d24a61a4418d7cd13	true	-887272	887272	0	0	0	0	100
195020	-276345	-276344	1	488.075137064632	2303.540804	0.0	2790.637852	2791.6159410646324	1.492031472168031	1.6	19.51	100	0		0.0	0.0	0.0	0.0	0xb0bada5d45d939a03c6d211d24a61a4418d7cd13	true	-887272	887272	0	0	0	0	100
399301	-276329	-276328	1	32015.68076131941	919.024142	32935.16079151176	0.0	32934.70490331941	16.994469943544306	1.55	18.83	100	0		0.0	0.0	0.0	0.0	0x97b73b8eaa8662381383a67e0dbcab67f78337dd	0	0	0	0	0	0	0	0
145364	-276365	-276315	50	253.078160255421	252.95901	256.1744335687936	249.86772	506.037170255421	0.2611036776223633	1.55	18.83	100	0		0.0	0.0	0.0	0.0	0x27467efdeca3af0c193dff4669cc4c10f5b981f0	0	0	0	0	0	25	24	0
451924	-276326	-276325	1	8172.088004428395	1542.103071	9714.483189542685	0.0	9714.191075428394	4.97156154087523	1.54	18.68	98	0		0.0	0.0	0.0	0.0	0xb0bada5d45d939a03c6d211d24a61a4418d7cd13	true	-887272	887272	0	0	0	0	100
145677	-276342	-276338	4	494.47466652434065	497.983419	819.3607443369475	173.636794	992.4580855243406	0.509415721099417	1.54	18.73	100	0		0.0	0.0	0.0	0.0	0x2294373be13bf67ab063010c29b3901677b7b067	true	-887272	887272	0	0	2	1	100
451925	-276326	-276325	1	7320.038275064883	1381.318153	8701.618084801905	0.0	8701.356428064884	4.451597108973769	1.53	18.67	98	0		0.0	0.0	0.0	0.0	0xb0bada5d45d939a03c6d211d24a61a4418d7cd13	true	-887272	887272	0	0	0	0	100
230954	-276347	-276346	1	7404.725718384255	2548.238073	0.0	9936.436984	9952.963791384256	5.056284247484533	1.52	18.54	100	0	7.082355812926266e-08	0.0	0.0	0.0	0.0	0xb0bada5d45d939a03c6d211d24a61a4418d7cd13	true	-887272	887272	0	0	0	0	100
230957	-276347	-276346	1	2112.692698338807	727.055151	0.0	2835.032472	2839.747849338807	1.4417408296246028	1.52	18.53	100	0	7.082355812926266e-08	0.0	0.0	0.0	0.0	0xb0bada5d45d939a03c6d211d24a61a4418d7cd13	true	-887272	887272	0	0	0	0	100
385996	-276328	-276327	1	1227.5233574732476	8516.294004	0.0	9743.444695	9743.817361473248	4.596715421658253	1.42	17.22	100	0	2.637734475285924e-09	0.0	0.0	0.0	0.0	0xb0bada5d45d939a03c6d211d24a61a4418d7cd13	true	-887272	887272	0	0	0	0	100
385999	-276328	-276327	1	354.123279659892	2456.831428	0.0	2810.847198	2810.954707659892	1.3248198791646315	1.41	17.2	100	0	2.637734475285924e-09	0.0	0.0	0.0	0.0	0xb0bada5d45d939a03c6d211d24a61a4418d7cd13	true	-887272	887272	0	0	0	0	100
446059	-276327	-276326	1	9688.343024477434	28.757574	0.0	9714.705977	9717.100598477433	4.515605636060776	1.39	16.96	100	0	7.21360304822838e-08	0.0	0.0	0.0	0.0	0xb0bada5d45d939a03c6d211d24a61a4418d7cd13	true	-887272	887272	0	0	0	0	100
446061	-276327	-276326	1	8678.296654604377	25.759488	0.0	8701.91117	8704.056142604377	4.043210968710552	1.39	16.95	100	0	7.21360304822838e-08	0.0	0.0	0.0	0.0	0xb0bada5d45d939a03c6d211d24a61a4418d7cd13	true	-887272	887272	0	0	0	0	100
247794	-276340	-276339	1	1312.838774290664	8613.546408	9939.780025228976	0.0	9926.385182290664	4.4183774452429	1.34	16.25	97	0		0.0	0.0	0.0	0.0	0xb0bada5d45d939a03c6d211d24a61a4418d7cd13	true	-887272	887272	0	0	0	0	100
247796	-276340	-276339	1	374.55177607546887	2457.437401	2835.810714274892	0.0	2831.989177075469	1.2595490569346874	1.33	16.23	97	0		0.0	0.0	0.0	0.0	0xb0bada5d45d939a03c6d211d24a61a4418d7cd13	true	-887272	887272	0	0	0	0	100
179262	-276341	-276340	1	2650.0064928665406	147.863587	2798.120864964817	0.0	2797.87007986654	1.243109641700313	1.33	16.22	59	0	9.327594585606392e-07	0.0	0.0	0.0	0.0	0xb0bada5d45d939a03c6d211d24a61a4418d7cd13	true	-887272	887272	0	0	0	0	100
680920	-276314	-276313	1	9270.112989751944	148.554828	0.0	9428.437905	9418.667817751942	8.296958237065933	1.32	16.08	90	0	8.728110456601713e-08	0.0	0.0	0.0	0.0	0xb0bada5d45d939a03c6d211d24a61a4418d7cd13	true	-887272	887272	0	0	0	0	100
680921	-276314	-276313	1	6961.171374438271	1476.034174	0.0	8444.597573	8437.20554843827	7.430124979183556	1.32	16.07	90	0	7.02343849745546e-08	0.0	0.0	0.0	0.0	0xb0bada5d45d939a03c6d211d24a61a4418d7cd13	true	-887272	887272	0	0	0	0	100
672641	-276314	-276313	1	1167.3255923621998	8316.674166	0.0	9485.28035	9483.9997583622	8.309773836039744	1.31	15.99	100	0		0.0	0.0	0.0	0.0	0xb0bada5d45d939a03c6d211d24a61a4418d7cd13	true	-887272	887272	0	0	0	0	100
672642	-276314	-276313	1	1044.1764550934672	7439.291493	0.0	8484.613441	8483.467948093466	7.432036241395782	1.31	15.99	100	0		0.0	0.0	0.0	0.0	0xb0bada5d45d939a03c6d211d24a61a4418d7cd13	true	-887272	887272	0	0	0	0	100
662071	-276315	-276314	1	9153.053962711281	330.450707	0.0	9492.243935	9483.504669711285	8.111990177854068	1.28	15.61	100	0	1.2589191911160924e-07	0.0	0.0	0.0	0.0	0xb0bada5d45d939a03c6d211d24a61a4418d7cd13	true	-887272	887272	0	0	0	0	100
662072	-276315	-276314	1	8187.957587802176	295.608043	0.0	8491.38343	8483.565630802177	7.255796988196123	1.28	15.61	100	0	1.2589191911160924e-07	0.0	0.0	0.0	0.0	0xb0bada5d45d939a03c6d211d24a61a4418d7cd13	true	-887272	887272	0	0	0	0	100
252383	-276341	-276340	1	482.4705396233685	9440.129386	0.0	9921.828732	9922.599925623368	12.614519805234576	1.27	15.47	96	0		0.0	0.0	0.0	0.0	0xb0bada5d45d939a03c6d211d24a61a4418d7cd13	true	-887272	887272	0	0	0	0	100
252385	-276341	-276340	1	137.6474377940328	2693.241381	0.0	2830.668799	2830.8888187940324	3.5977632818551064	1.27	15.46	97	0		0.0	0.0	0.0	0.0	0xb0bada5d45d939a03c6d211d24a61a4418d7cd13	true	-887272	887272	0	0	0	0	100
574817	-276319	-276318	1	2268.4740587124566	7364.669472	0.0	9634.48422	9633.143530712456	3.982307560016453	1.24	15.09	100	0		0.0	0.0	0.0	0.0	0xb0bada5d45d939a03c6d211d24a61a4418d7cd13	true	-887272	887272	0	0	0	0	100
574818	-276319	-276318	1	2030.9520387200316	6593.547068	0.0	8625.699418	8624.499106720032	3.5643652012347307	1.24	15.08	100	0		0.0	0.0	0.0	0.0	0xb0bada5d45d939a03c6d211d24a61a4418d7cd13	true	-887272	887272	0	0	0	0	100
194340	-276344	-276343	1	411.2500993890867	2380.998917	2796.90749276146	0.0	2792.2490163890866	1.1585904914537106	1.24	15.14	81	0		0.0	0.0	0.0	0.0	0xb0bada5d45d939a03c6d211d24a61a4418d7cd13	true	-887272	887272	0	0	0	0	100
292143	-276338	-276337	1	6015.357230256409	3881.740989	9902.449625804147	0.0	9897.098219256408	4.047060167107526	1.23	14.93	91	0		0.0	0.0	0.0	0.0	0xb0bada5d45d939a03c6d211d24a61a4418d7cd13	true	-887272	887272	0	0	0	0	100
364588	-276327	-276326	1	7110.083307318761	2655.328737	0.0	9763.750282	9765.412044318762	3.9891379966322926	1.23	14.91	100	0	7.54369455790993e-08	0.0	0.0	0.0	0.0	0xb0bada5d45d939a03c6d211d24a61a4418d7cd13	true	-887272	887272	0	0	0	0	100
292144	-276338	-276337	1	2422.9112692615267	1563.517116	3988.5838651402496	0.0	3986.428385261527	1.6262279011641765	1.22	14.89	91	0		0.0	0.0	0.0	0.0	0xb0bada5d45d939a03c6d211d24a61a4418d7cd13	true	-887272	887272	0	0	0	0	50
364589	-276327	-276326	1	2878.635786697177	1075.054117	0.0	3953.017111	3953.689903697177	1.6141517318813754	1.22	14.9	100	0	7.54369455790993e-08	0.0	0.0	0.0	0.0	0xb0bada5d45d939a03c6d211d24a61a4418d7cd13	true	-887272	887272	0	0	0	0	50
364590	-276327	-276326	1	2051.147751782952	766.020782	0.0	2816.68914	2817.168533782952	1.1496316040939922	1.22	14.89	100	0	7.54369455790993e-08	0.0	0.0	0.0	0.0	0xb0bada5d45d939a03c6d211d24a61a4418d7cd13	true	-887272	887272	0	0	0	0	100
292146	-276338	-276337	1	1715.957473809246	1107.316192	2824.800222827979	0.0	2823.2736658092463	1.1489459220778595	1.22	14.85	91	0		0.0	0.0	0.0	0.0	0xb0bada5d45d939a03c6d211d24a61a4418d7cd13	true	-887272	887272	0	0	0	0	100
193424	-276343	-276342	1	392.13555864746337	2400.776952	2797.3683351772856	0.0	2792.9125106474635	1.138994043715999	1.22	14.89	100	0		0.0	0.0	0.0	0.0	0xb0bada5d45d939a03c6d211d24a61a4418d7cd13	true	-887272	887272	0	0	0	0	100
364671	-276327	-276326	1	1567.277463034678	640.535655	0.0	2207.448242	2207.813118034678	0.8712983341339315	1.18	14.4	100	0		0.0	0.0	0.0	0.0	0xb0bada5d45d939a03c6d211d24a61a4418d7cd13	true	-887272	887272	0	0	0	0	100
99806	-276374	-276334	40	520.3389538611672	482.481836	559.3477667586892	443.595602	1002.820789861167	0.3833377238284747	1.15	13.95	100	0	9.638868148087454e-07	0.0	0.0	0.0	0.0	0x3c9c796c1952ef0dac2a0c3419b2fd93c7fea15b	true	-887272	887272	0	0	20	19	100
272519	-276340	-276339	1	24200.70868635157	27046.478488	51289.707063300295	0.0	51247.187174351566	19.267727496291197	1.13	13.72	100	0		0.0	0.0	0.0	0.0	0xb0bada5d45d939a03c6d211d24a61a4418d7cd13	true	-887272	887272	0	0	0	0	100
272522	-276340	-276339	1	4685.448834258622	5236.412402	9930.093423451552	0.0	9921.86123625862	3.728690691395546	1.13	13.72	100	0		0.0	0.0	0.0	0.0	0xb0bada5d45d939a03c6d211d24a61a4418d7cd13	true	-887272	887272	0	0	0	0	100
272525	-276340	-276339	1	1336.6184408868785	1493.791871	2832.758708721447	0.0	2830.410311886879	1.0632757539028668	1.13	13.71	100	0		0.0	0.0	0.0	0.0	0xb0bada5d45d939a03c6d211d24a61a4418d7cd13	true	-887272	887272	0	0	0	0	100
176471	-276342	-276339	3	3912.419490711088	4294.330218	8214.136797563515	0.0	8206.74970871109	5.992949127131614	1.1	13.33	67	0	2.2212442996e-06	0.0	0.0	0.0	0.0	0x7617452156f474836604c1a79c79c0627be5fe74	0	0	0	0	0	0	0	0
520814	-276316	-276315	1	1759.7589283761768	7908.167758	9661.25900439372	0.0	9667.926686376177	3.4914709253341067	1.08	13.18	100	0		0.0	0.0	0.0	0.0	0xb0bada5d45d939a03c6d211d24a61a4418d7cd13	true	-887272	887272	0	0	0	0	100
520816	-276316	-276315	1	1576.4405953455516	7084.354844	8654.822345881154	0.0	8660.795439345553	3.126597225176691	1.08	13.18	100	0		0.0	0.0	0.0	0.0	0xb0bada5d45d939a03c6d211d24a61a4418d7cd13	true	-887272	887272	0	0	0	0	100
278340	-276335	-276334	1	1952.5375854592637	7954.69997	9915.651306018393	0.0	9907.237555459264	3.4414574465237133	1.04	12.68	90	0		0.0	0.0	0.0	0.0	0xb0bada5d45d939a03c6d211d24a61a4418d7cd13	true	-887272	887272	0	0	0	0	100
278342	-276335	-276334	1	1004.5254196241556	4092.468378	5101.32243455999	0.0	5096.993797624155	1.7657923531538626	1.04	12.64	92	0		0.0	0.0	0.0	0.0	0xb0bada5d45d939a03c6d211d24a61a4418d7cd13	true	-276425	-275371	1	1	0	0	100
278344	-276335	-276334	1	556.9969796417514	2269.223338	2828.620493537875	0.0	2826.220317641751	0.9766030202112524	1.04	12.61	91	0		0.0	0.0	0.0	0.0	0xb0bada5d45d939a03c6d211d24a61a4418d7cd13	true	-887272	887272	0	0	0	0	100
278362	-276335	-276334	1	10101.259043049848	41152.825958	51297.61267752527	0.0	51254.085001049854	17.239869077787862	1.01	12.28	92	0		0.0	0.0	0.0	0.0	0xb0bada5d45d939a03c6d211d24a61a4418d7cd13	true	-887272	887272	0	0	0	0	100
292245	-276338	-276337	1	31776.286754619825	19229.472249	51032.28358671865	0.0	51005.75900361982	16.895311161736903	0.99	12.09	86	0		0.0	0.0	0.0	0.0	0xb0bada5d45d939a03c6d211d24a61a4418d7cd13	true	-887272	887272	0	0	0	0	100
196175	-276346	-276345	1	15718.149533008032	204.405859	15923.004884019836	0.0	15922.555392008033	5.272369569369157	0.99	12.09	97	0		0.0	0.0	0.0	0.0	0xb0bada5d45d939a03c6d211d24a61a4418d7cd13	true	-887272	887272	0	0	0	0	100
196179	-276346	-276345	1	2758.6464930932575	35.874675	2794.600057122748	0.0	2794.521168093258	0.9207659921479936	0.99	12.03	96	0		0.0	0.0	0.0	0.0	0xb0bada5d45d939a03c6d211d24a61a4418d7cd13	true	-887272	887272	0	0	0	0	100
171964	-276343	-276337	6	23.443444887387944	21.537663	45.019395256978896	0.0	44.98110788738795	0.0439165649369227	0.98	11.88	51	0		0.0	0.0	0.0	0.0	0x60583f22ada7b1352bb2faf694b3eaaf942696dd	0	0	0	0	0	0	0	0
100854	-276358	-276355	3	427.5705249446211	574.609396	161.22594279298377	840.106977	1002.179920944621	0.3228601968091732	0.97	11.76	79	0	3.9636716131497e-08	0.0	0.0	0.0	0.0	0x3c9c796c1952ef0dac2a0c3419b2fd93c7fea15b	true	-887272	887272	0	0	1	1	100
499967	-276319	-276318	1	1007.4632588598682	8674.181255	0.0	9682.24656	9681.644513859868	3.055468357660035	0.95	11.52	100	0	5.448985707090514e-09	0.0	0.0	0.0	0.0	0xb0bada5d45d939a03c6d211d24a61a4418d7cd13	true	-887272	887272	0	0	0	0	100
198496	-276350	-276347	3	5340.280209528722	3353.492296	8702.298786268375	0.0	8693.772505528721	2.7624632285264616	0.95	11.6	62	0		0.0	0.0	0.0	0.0	0x7617452156f474836604c1a79c79c0627be5fe74	0	0	0	0	0	1	1	0
499969	-276319	-276318	1	902.4378758406236	7769.920777	0.0	8672.897936	8672.358652840623	2.7346326797687337	0.95	11.51	100	0	5.448985707090514e-09	0.0	0.0	0.0	0.0	0xb0bada5d45d939a03c6d211d24a61a4418d7cd13	true	-887272	887272	0	0	0	0	100
340432	-276334	-276333	1	8226.957446395809	1630.924552	9859.495825142458	0.0	9857.88199839581	3.0138427236191583	0.92	11.16	100	0	6.745217162595907e-07	0.0	0.0	0.0	0.0	0xb0bada5d45d939a03c6d211d24a61a4418d7cd13	true	-887272	887272	0	0	0	0	100
340435	-276334	-276333	1	3313.8573367323183	656.944117	3971.451510417604	0.0	3970.8014537323184	1.2125817445525606	0.92	11.15	100	0	6.745217162595907e-07	0.0	0.0	0.0	0.0	0xb0bada5d45d939a03c6d211d24a61a4418d7cd13	true	-887272	887272	0	0	0	0	50
340438	-276334	-276333	1	2319.794838327653	484.235956	2804.5097774212186	0.0	2804.030794327653	0.8556540893843424	0.92	11.14	100	0	6.870736091180163e-07	0.0	0.0	0.0	0.0	0xb0bada5d45d939a03c6d211d24a61a4418d7cd13	true	-887272	887272	0	0	0	0	100
505111	-276315	-276314	1	6103.99533853302	2559.322578	0.0	8669.225514	8663.31791653302	2.620306679924861	0.91	11.04	100	0		0.0	0.0	0.0	0.0	0xb0bada5d45d939a03c6d211d24a61a4418d7cd13	true	-887272	887272	0	0	0	0	100
505159	-276315	-276314	1	6814.103942266574	2857.061498	0.0	9677.760299	9671.165440266574	2.8867897932699464	0.9	10.9	100	0		0.0	0.0	0.0	0.0	0xb0bada5d45d939a03c6d211d24a61a4418d7cd13	true	-887272	887272	0	0	0	0	100
252458	-276341	-276340	1	19042.726745203327	32251.643036	0.0	51263.617716	51294.36978120333	45.80312906553789	0.89	10.86	96	0		0.0	0.0	0.0	0.0	0x97b73b8eaa8662381383a67e0dbcab67f78337dd	0	0	0	0	0	0	0	0
453004	-276327	-276325	2	2849.5051032972938	5655.434893	0.0	8504.567163	8504.939996297293	2.5250106423835765	0.89	10.84	98	0	2.0930925881401666e-07	0.0	0.0	0.0	0.0	0x7617452156f474836604c1a79c79c0627be5fe74	0	0	0	0	0	1	0	0
281461	-276341	-276340	1	25493.17787499688	25461.853665	0.0	50913.670228	50955.03153999688	14.532041786930106	0.86	10.41	100	0		0.0	0.0	0.0	0.0	0x97b73b8eaa8662381383a67e0dbcab67f78337dd	0	0	0	0	0	0	0	0
634618	-276322	-276321	1	9156.67498489396	359.114407	0.0	9518.120224	9515.78939189396	2.709909816679294	0.85	10.39	82	0	4.638173412e-06	0.0	0.0	0.0	0.0	0xb0bada5d45d939a03c6d211d24a61a4418d7cd13	true	-887272	887272	0	0	0	0	100
634620	-276322	-276321	1	8191.882988504338	321.276359	0.0	8515.244592	8513.15934750434	2.4235139196611986	0.85	10.39	84	0	4.638173412e-06	0.0	0.0	0.0	0.0	0xb0bada5d45d939a03c6d211d24a61a4418d7cd13	true	-887272	887272	0	0	0	0	100
281526	-276341	-276340	1	3451.627213439353	2502.908274	0.0	5948.926854	5954.535487439352	1.654397324198663	0.83	10.14	100	0	1.4729284458780968e-08	0.0	0.0	0.0	0.0	0x3bee932e51d6306e3a3d8725ad7cc133a0b0fc5e	true	-887272	887272	0	0	0	0	50
278830	-276335	-276334	1	1327.60570429253	4762.870767	6095.519176364562	0.0	6090.47647129253	1.6539771429249877	0.81	9.91	92	0	3.7239468952e-06	0.0	0.0	0.0	0.0	0x3bee932e51d6306e3a3d8725ad7cc133a0b0fc5e	true	-887272	887272	0	0	0	0	50
369800	-276326	-276325	1	9002.23798909907	760.417544	0.0	9761.36422	9762.655533099072	2.6094902712925205	0.8	9.76	100	0	1.0524268123646153e-07	0.0	0.0	0.0	0.0	0xb0bada5d45d939a03c6d211d24a61a4418d7cd13	true	-887272	887272	0	0	0	0	100
369801	-276326	-276325	1	3644.6650579904017	307.864251	0.0	3952.006504	3952.529308990402	1.0557795135168462	0.8	9.75	100	0	1.0524268123646153e-07	0.0	0.0	0.0	0.0	0xb0bada5d45d939a03c6d211d24a61a4418d7cd13	true	-887272	887272	0	0	0	0	50
369803	-276326	-276325	1	2596.961019898642	219.364865	0.0	2815.953367	2816.325884898642	0.7519108742429809	0.8	9.74	100	0	1.0524268123646153e-07	0.0	0.0	0.0	0.0	0xb0bada5d45d939a03c6d211d24a61a4418d7cd13	true	-887272	887272	0	0	0	0	100
369806	-276326	-276325	1	2035.23820779038	171.916233	0.0	2206.862498	2207.15444079038	0.5888167225851477	0.8	9.74	100	0	1.0524268123646153e-07	0.0	0.0	0.0	0.0	0xb0bada5d45d939a03c6d211d24a61a4418d7cd13	true	-887272	887272	0	0	0	0	100
111108	-276360	-276350	10	453.6518524009824	543.383987	324.33662931569967	672.313559	997.0358394009824	0.2672805174573011	0.8	9.78	100	0	4.3697467866365975e-08	0.0	0.0	0.0	0.0	0x3c9c796c1952ef0dac2a0c3419b2fd93c7fea15b	0	0	0	0	0	5	4	0
112009	-276355	-276351	4	165.85692694766243	324.630171	133.6280239782317	356.768345	490.4870979476625	0.2610172620598094	0.8	9.71	100	0	7.365574816731168e-09	0.0	0.0	0.0	0.0	0x154b4661a08eaffc746bdf7451a17ee50ee904cf	true	-887272	887272	0	0	2	1	100
610029	-276315	-276314	1	8256.01463882989	1297.510362	9552.345602333951	0.0	9553.52500082989	2.5178721541166933	0.79	9.62	94	0	5.294123917032323e-07	0.0	0.0	0.0	0.0	0xb0bada5d45d939a03c6d211d24a61a4418d7cd13	true	-887272	887272	0	0	0	0	100
628076	-276323	-276322	1	3308.7580044302567	6209.704995	0.0	9519.07601	9518.462999430256	2.4994467137517877	0.79	9.58	100	0		0.0	0.0	0.0	0.0	0xb0bada5d45d939a03c6d211d24a61a4418d7cd13	true	-887272	887272	0	0	0	0	100
610031	-276315	-276314	1	7390.9104246374545	1161.551097	8551.405706087246	0.0	8552.461521637455	2.2528796605852786	0.79	9.61	94	0	5.294123917032323e-07	0.0	0.0	0.0	0.0	0xb0bada5d45d939a03c6d211d24a61a4418d7cd13	true	-887272	887272	0	0	0	0	100
628078	-276323	-276322	1	2960.281647944201	5555.702687	0.0	8516.532784	8515.984334944202	2.235408528277256	0.79	9.58	100	0		0.0	0.0	0.0	0.0	0xb0bada5d45d939a03c6d211d24a61a4418d7cd13	true	-887272	887272	0	0	0	0	100
281620	-276341	-276340	1	3153.0040095393288	1943.197831	0.0	5091.072328	5096.201840539328	1.33888035735165	0.79	9.59	100	0		0.0	0.0	0.0	0.0	0xb0bada5d45d939a03c6d211d24a61a4418d7cd13	true	-887272	887272	1	1	0	0	100
199802	-276351	-276349	2	5770.478416269616	10096.607291	15893.613344066373	0.089967	15867.085707269616	4.123520439211114	0.78	9.49	100	0		0.0	0.0	0.0	0.0	0xb0bada5d45d939a03c6d211d24a61a4418d7cd13	true	-887272	887272	0	0	1	0	100
284015	-276340	-276339	1	9072.281580929151	835.400625	0.0	9893.693953	9907.682205929152	2.565318578087477	0.78	9.45	100	0	1.2143794858587853e-07	0.0	0.0	0.0	0.0	0xb0bada5d45d939a03c6d211d24a61a4418d7cd13	true	-887272	887272	0	0	0	0	100
284018	-276340	-276339	1	2587.99924699293	238.310085	0.0	2822.31898	2826.3093319929303	0.7315384627431711	0.78	9.45	100	0	1.2143794858587853e-07	0.0	0.0	0.0	0.0	0xb0bada5d45d939a03c6d211d24a61a4418d7cd13	true	-887272	887272	0	0	0	0	100
196294	-276346	-276345	1	70.84241618450741	0.918415	71.76285061938877	0.0	71.7608311845074	0.0187471737572605	0.78	9.54	94	0	7.184464578813277e-07	0.0	0.0	0.0	0.0	0xa7bf8f67045ef716ee87ded1faadff10f226c02d	true	-887272	887272	0	0	0	0	100
284040	-276340	-276339	1	46709.76237568516	4332.801281	0.0	50970.544599	51042.56365668516	13.13350630539821	0.77	9.39	100	0	1.2100148660820764e-07	0.0	0.0	0.0	0.0	0xb0bada5d45d939a03c6d211d24a61a4418d7cd13	true	-887272	887272	0	0	0	0	100
327216	-276338	-276337	1	144.57998562556085	49975.948612	0.0	50120.340987	50120.52859762556	12.844782608608345	0.77	9.35	98	0		0.0	0.0	0.0	0.0	0xb0bada5d45d939a03c6d211d24a61a4418d7cd13	true	-887272	887272	0	0	0	0	100
327219	-276338	-276337	1	107.44488333201672	40701.61453	0.0	40808.920102	40809.05941333202	10.444202844699658	0.77	9.34	98	0		0.0	0.0	0.0	0.0	0xb0bada5d45d939a03c6d211d24a61a4418d7cd13	true	-887272	887272	0	0	0	0	100
327221	-276338	-276337	1	25.972347344497727	9838.686006	0.0	9864.624678	9864.658353344495	2.5232462939159213	0.77	9.34	98	0		0.0	0.0	0.0	0.0	0xb0bada5d45d939a03c6d211d24a61a4418d7cd13	true	-887272	887272	0	0	0	0	100
327227	-276338	-276337	1	10.461319552956052	3962.893185	0.0	3973.34094	3973.354504552956	1.0158197219599134	0.77	9.33	98	0		0.0	0.0	0.0	0.0	0xb0bada5d45d939a03c6d211d24a61a4418d7cd13	true	-887272	887272	0	0	0	0	50
327229	-276338	-276337	1	7.38752517597178	2798.497171	0.0	2805.875117	2805.884696175972	0.7171063325172014	0.77	9.33	97	0		0.0	0.0	0.0	0.0	0xb0bada5d45d939a03c6d211d24a61a4418d7cd13	true	-887272	887272	0	0	0	0	100
147088	-276341	-276340	1	753.1770182238547	240.48763	646.7195850064076	346.767672	993.6646482238548	0.254769236652215	0.77	9.36	91	0	4.2643666375852256e-11	0.0	0.0	0.0	0.0	0x2294373be13bf67ab063010c29b3901677b7b067	true	-887272	887272	0	0	0	0	100
281682	-276341	-276340	1	1566.707628508168	1258.706478	0.0	2822.870305	2825.414106508168	0.7189142165693957	0.76	9.29	100	0	1.2714018726711629e-08	0.0	0.0	0.0	0.0	0xb0bada5d45d939a03c6d211d24a61a4418d7cd13	true	-887272	887272	0	0	0	0	100
340446	-276334	-276333	1	22573.981332791587	8244.245023	30826.334926473275	0.0	30818.22635579159	7.721824515427883	0.75	9.15	100	0	5.512131640017515e-07	0.0	0.0	0.0	0.0	0xb0bada5d45d939a03c6d211d24a61a4418d7cd13	true	-887272	887272	0	0	0	0	100
284326	-276340	-276339	1	4357.450096783105	646.577329	0.0	4997.318594	5004.027425783106	1.2534973734786377	0.75	9.14	79	0	5.0648685245846536e-08	0.0	0.0	0.0	0.0	0x29991b99815c3a97194445b19145b4b622bffd28	0	0	0	0	0	0	0	0
292236	-276338	-276337	1	623.7453596525864	379.903266	999.5881165641114	4.578107	1003.6486256525866	0.5015420272937235	0.75	9.12	68	0		0.0	0.0	0.0	0.0	0xcb8db65e9aefbb6386cc5b757516412b79067004	0	0	0	0	0	0	0	0
193628	-276344	-276341	3	489.11256931321657	312.389681	802.1084767123884	0.0	801.5022503132166	0.1940077266337983	0.73	8.84	94	0		0.0	0.0	0.0	0.0	0xd050e74eab1acbe57b48e762e3506b5c51cd314d	0	0	0	0	0	0	0	0
464553	-276324	-276323	1	3725.437205659057	5975.834713	0.0	9701.582775	9701.271918659057	2.331090029670201	0.72	8.77	100	0	4.0115031296750203e-07	0.0	0.0	0.0	0.0	0xb0bada5d45d939a03c6d211d24a61a4418d7cd13	true	-887272	887272	0	0	0	0	100
464554	-276324	-276323	1	3337.24676140802	5353.152917	0.0	8690.678143	8690.39967840802	2.0867492105935583	0.72	8.76	100	0	4.0115031296750203e-07	0.0	0.0	0.0	0.0	0xb0bada5d45d939a03c6d211d24a61a4418d7cd13	true	-887272	887272	0	0	0	0	100
564959	-276319	-276317	2	593.8930038824273	7827.627494	0.0	8421.933725	8421.520497882428	3.930197038167864	0.7	8.52	94	0		0.0	0.0	0.0	0.0	0x7617452156f474836604c1a79c79c0627be5fe74	0	0	0	0	0	1	0	0
657837	-276316	-276315	1	1732.7129525974788	7760.169397	0.0	9494.431162	9492.88234959748	2.2035122116190298	0.7	8.47	100	0	3.6820102522483462e-09	0.0	0.0	0.0	0.0	0xb0bada5d45d939a03c6d211d24a61a4418d7cd13	true	-887272	887272	0	0	0	0	100
657840	-276316	-276315	1	1527.8095936268023	6964.5766	0.0	8493.75205	8492.386193626802	1.970243994198429	0.7	8.47	100	0		0.0	0.0	0.0	0.0	0xb0bada5d45d939a03c6d211d24a61a4418d7cd13	true	-887272	887272	0	0	0	0	100
309216	-276338	-276337	1	2186.7464291035667	7688.022435	0.0	9871.909701	9874.768864103567	4.552187653567054	0.69	8.41	99	0	1.4144081794e-06	0.0	0.0	0.0	0.0	0xb0bada5d45d939a03c6d211d24a61a4418d7cd13	true	-887272	887272	0	0	0	0	100
531923	-276317	-276316	1	392.7513359053336	9273.92524	9659.718425478688	0.0	9666.676575905334	2.2224519964192515	0.69	8.39	97	0		0.0	0.0	0.0	0.0	0xb0bada5d45d939a03c6d211d24a61a4418d7cd13	true	-887272	887272	0	0	0	0	100
531924	-276317	-276316	1	351.7976563485516	8306.897689	8652.462747801883	0.0	8658.695345348551	1.989824504306291	0.69	8.39	97	0		0.0	0.0	0.0	0.0	0xb0bada5d45d939a03c6d211d24a61a4418d7cd13	true	-887272	887272	0	0	0	0	100
309217	-276338	-276337	1	880.7308438845283	3096.416849	0.0	3975.99614	3977.1476928845286	1.83324764036328	0.69	8.41	99	0	1.4144081794e-06	0.0	0.0	0.0	0.0	0xb0bada5d45d939a03c6d211d24a61a4418d7cd13	true	-887272	887272	0	0	0	0	50
309218	-276338	-276337	1	615.4297702485239	2193.166931	0.0	2807.7921	2808.596701248524	1.2945384496613128	0.69	8.41	99	0	1.4129537317e-06	0.0	0.0	0.0	0.0	0xb0bada5d45d939a03c6d211d24a61a4418d7cd13	true	-887272	887272	0	0	0	0	100
387424	-276328	-276327	1	13959.880360256106	18973.804856	32940.67882684256	0.0	32933.685216256104	14.92409511276483	0.68	8.27	100	0	1.5591127167e-06	0.0	0.0	0.0	0.0	0x97b73b8eaa8662381383a67e0dbcab67f78337dd	0	0	0	0	0	0	0	0
296423	-276339	-276338	1	9438.469559057945	41572.394634	0.0	50997.598068	51010.86419305795	11.533843255436892	0.68	8.25	100	0		0.0	0.0	0.0	0.0	0xb0bada5d45d939a03c6d211d24a61a4418d7cd13	true	-887272	887272	0	0	0	0	100
543620	-276320	-276318	2	4191.063318841433	4229.738707	0.0	8423.119625	8420.802025841433	3.808718561787197	0.68	8.25	93	0		0.0	0.0	0.0	0.0	0x7617452156f474836604c1a79c79c0627be5fe74	0	0	0	0	0	1	0	0
296428	-276339	-276338	1	1829.5477951576663	8058.370318	0.0	9885.346614	9887.918113157666	2.2328920377866783	0.68	8.24	100	0		0.0	0.0	0.0	0.0	0xb0bada5d45d939a03c6d211d24a61a4418d7cd13	true	-887272	887272	0	0	0	0	100
349640	-276331	-276330	1	4386.509688842886	5386.918105	0.0	9770.71006	9773.427793842886	2.20101607672889	0.68	8.22	100	0		0.0	0.0	0.0	0.0	0xb0bada5d45d939a03c6d211d24a61a4418d7cd13	true	-887272	887272	0	0	0	0	100
296439	-276339	-276338	1	736.908911759448	3245.766477	0.0	3981.639635	3982.675388759448	0.8971282576822694	0.68	8.22	100	0		0.0	0.0	0.0	0.0	0xb0bada5d45d939a03c6d211d24a61a4418d7cd13	true	-887272	887272	0	0	0	0	50
349649	-276331	-276330	1	1775.9968572875184	2181.03921	0.0	3955.935719	3957.036067287519	0.890657737075465	0.68	8.22	100	0		0.0	0.0	0.0	0.0	0xb0bada5d45d939a03c6d211d24a61a4418d7cd13	true	-887272	887272	0	0	0	0	50
361674	-276328	-276326	2	5575.220515522959	4852.72076	0.0	10426.543166	10427.94127552296	4.690704522442051	0.67	8.21	100	0		0.0	0.0	0.0	0.0	0x7617452156f474836604c1a79c79c0627be5fe74	0	0	0	0	0	1	0	0
296441	-276339	-276338	1	521.8910609398883	2298.705421	0.0	2819.862944	2820.5964819398887	0.6344650236752951	0.67	8.21	100	0		0.0	0.0	0.0	0.0	0xb0bada5d45d939a03c6d211d24a61a4418d7cd13	true	-887272	887272	0	0	0	0	100
349655	-276331	-276330	1	1250.9945525876733	1536.302364	0.0	2786.521842	2787.296916587673	0.6271140793549989	0.67	8.21	100	0		0.0	0.0	0.0	0.0	0xb0bada5d45d939a03c6d211d24a61a4418d7cd13	true	-887272	887272	0	0	0	0	100
281951	-276341	-276340	1	5463.16689924052	4441.066459	0.0	9895.363824	9904.23335824052	2.19228552892631	0.66	8.08	100	0	1.2536827131981454e-08	0.0	0.0	0.0	0.0	0xb0bada5d45d939a03c6d211d24a61a4418d7cd13	true	-887272	887272	0	0	0	0	100
296473	-276339	-276338	1	1689.3534873501524	3312.679717	0.0	4999.638573	5002.033204350152	1.1068914548764703	0.66	8.08	100	0		0.0	0.0	0.0	0.0	0x29991b99815c3a97194445b19145b4b622bffd28	0	0	0	0	0	0	0	0
410387	-276329	-276328	1	5574.657420964413	4159.892385	9736.530219356346	0.0	9734.549805964412	4.21236565171873	0.65	7.9	99	0		0.0	0.0	0.0	0.0	0xb0bada5d45d939a03c6d211d24a61a4418d7cd13	true	-887272	887272	0	0	0	0	100
410388	-276329	-276328	1	4995.341653398862	3727.598332	8724.714595271627	0.0	8722.939985398862	3.77435300552352	0.65	7.9	99	0		0.0	0.0	0.0	0.0	0xb0bada5d45d939a03c6d211d24a61a4418d7cd13	true	-887272	887272	0	0	0	0	100
470902	-276323	-276321	2	1538.8296576393395	7644.799345	0.0	9184.06897	9183.62900263934	1.9817248352402603	0.65	7.88	84	0	5.162015259685404e-09	0.0	0.0	0.0	0.0	0x7617452156f474836604c1a79c79c0627be5fe74	0	0	0	0	0	1	0	0
590254	-276314	-276313	1	7545.482366505371	1062.583629	8606.994643438422	0.0	8608.06599550537	1.8527023422333115	0.65	7.86	97	0		0.0	0.0	0.0	0.0	0xb0bada5d45d939a03c6d211d24a61a4418d7cd13	true	-887272	887272	0	0	0	0	100
469779	-276322	-276321	1	5646.710371761645	4051.547215	9697.35209422472	0.0	9698.257586761643	2.0703469069966487	0.64	7.79	95	0	7.826078229911104e-07	0.0	0.0	0.0	0.0	0xb0bada5d45d939a03c6d211d24a61a4418d7cd13	true	-887272	887272	0	0	0	0	100
590288	-276314	-276313	1	3845.9806908786504	5773.852767	9613.874513026529	0.0	9619.83345787865	2.0523005526743234	0.64	7.79	98	0	8.659226446994239e-07	0.0	0.0	0.0	0.0	0xb0bada5d45d939a03c6d211d24a61a4418d7cd13	true	-887272	887272	0	0	0	0	100
604146	-276311	-276310	1	9438.47894642022	133.409621	9571.71481127805	0.0	9571.88856742022	2.037203176009766	0.64	7.77	100	0	7.694075820907642e-07	0.0	0.0	0.0	0.0	0xb0bada5d45d939a03c6d211d24a61a4418d7cd13	true	-887272	887272	0	0	0	0	100
469785	-276322	-276321	1	5058.277953078761	3629.343565	8686.81038552292	0.0	8687.621518078762	1.853151361068076	0.64	7.79	95	0	7.826078229911104e-07	0.0	0.0	0.0	0.0	0xb0bada5d45d939a03c6d211d24a61a4418d7cd13	true	-887272	887272	0	0	0	0	100
604147	-276311	-276310	1	8444.979254896036	119.366848	8564.190636424759	0.0	8564.346102896036	1.8216659700264155	0.64	7.76	100	0	7.694075820907642e-07	0.0	0.0	0.0	0.0	0xb0bada5d45d939a03c6d211d24a61a4418d7cd13	true	-887272	887272	0	0	0	0	100
99341	-276401	-276301	100	502.34065192323453	500.572778	529.9760938382874	473.015617	1002.9134299232346	0.2142538898069839	0.64	7.8	100	0		0.0	0.0	0.0	0.0	0x3c9c796c1952ef0dac2a0c3419b2fd93c7fea15b	true	-887272	887272	0	0	50	49	100
301644	-276339	-276338	1	56.69457662068149	50972.668639	0.0	51029.284049	51029.36321562069	10.68242100444192	0.63	7.64	100	0		0.0	0.0	0.0	0.0	0xb0bada5d45d939a03c6d211d24a61a4418d7cd13	true	-887272	887272	0	0	0	0	100
301645	-276339	-276338	1	10.975539184186568	9867.831375	0.0	9878.791588	9878.806914184186	2.067144687790322	0.63	7.64	100	0		0.0	0.0	0.0	0.0	0xb0bada5d45d939a03c6d211d24a61a4418d7cd13	true	-887272	887272	0	0	0	0	100
474912	-276323	-276322	1	4767.484785213312	4928.649483	0.0	9696.983188	9696.13426821331	2.049605427556904	0.63	7.72	87	0		0.0	0.0	0.0	0.0	0xb0bada5d45d939a03c6d211d24a61a4418d7cd13	true	-887272	887272	0	0	0	0	100
474914	-276323	-276322	1	4270.645723624234	4415.01479	0.0	8686.420964	8685.660513624234	1.8335834123165349	0.63	7.71	87	0		0.0	0.0	0.0	0.0	0xb0bada5d45d939a03c6d211d24a61a4418d7cd13	true	-887272	887272	0	0	0	0	100
284016	-276340	-276339	1	5454.010373016005	502.220267	1463.16790134635	4486.896881	5956.230640016006	1.2427840591339492	0.63	7.62	100	0	1.2143794858587853e-07	0.0	0.0	0.0	0.0	0xb0bada5d45d939a03c6d211d24a61a4418d7cd13	true	-887272	887272	0	0	0	0	50
273969	-276340	-276339	1	2547.7593123226234	2553.295594	0.0	5097.179571	5101.054906322624	1.073098060174812	0.63	7.68	85	0		0.0	0.0	0.0	0.0	0x66c0d9152209b51977047b9dc3b0b5bf2339b67c	true	-276425	-275371	1	1	0	0	100
301649	-276339	-276338	1	4.420605808202312	3974.455556	0.0	3978.869989	3978.876161808202	0.8320623445295379	0.63	7.63	100	0		0.0	0.0	0.0	0.0	0xb0bada5d45d939a03c6d211d24a61a4418d7cd13	true	-887272	887272	0	0	0	0	50
301651	-276339	-276338	1	3.1306960984568715	2814.730162	0.0	2817.856486	2817.860858098457	0.589120085201085	0.63	7.63	100	0		0.0	0.0	0.0	0.0	0xb0bada5d45d939a03c6d211d24a61a4418d7cd13	true	-887272	887272	0	0	0	0	100
285776	-276340	-276339	1	239.63204735360247	53.523122	0.0	292.786864	293.15516935360245	0.061331317113774	0.63	7.64	67	0	8.680455687581912e-07	0.0	0.0	0.0	0.0	0xf0e6ab264de1b35979f71a9084ad4e23d42aa3c0	0	0	0	0	0	0	0	0
217826	-276347	-276346	1	3625.45771985702	6339.448327	0.0	9956.88306	9964.90604685702	2.057535675721985	0.62	7.54	100	0		0.0	0.0	0.0	0.0	0xb0bada5d45d939a03c6d211d24a61a4418d7cd13	true	-887272	887272	0	0	0	0	100
570928	-276318	-276317	1	5206.816104720304	4426.825155	9630.87279005085	0.0	9633.641259720303	2.0031688660730484	0.62	7.59	99	0	7.792087086677668e-07	0.0	0.0	0.0	0.0	0xb0bada5d45d939a03c6d211d24a61a4418d7cd13	true	-887272	887272	0	0	0	0	100
646771	-276319	-276318	1	7098.3054481584	2405.659513	0.0	9507.97853	9503.9649611584	1.9706687130031444	0.62	7.57	100	0		0.0	0.0	0.0	0.0	0xb0bada5d45d939a03c6d211d24a61a4418d7cd13	true	-887272	887272	0	0	0	0	100
570930	-276318	-276317	1	4662.15192525936	3963.752705	8623.425759046564	0.0	8625.90463025936	1.7927185728521846	0.62	7.59	99	0	7.792087086677668e-07	0.0	0.0	0.0	0.0	0xb0bada5d45d939a03c6d211d24a61a4418d7cd13	true	-887272	887272	0	0	0	0	100
646775	-276319	-276318	1	6351.038918460471	2152.406276	0.0	8507.036239	8503.445194460472	1.7623420468014854	0.62	7.56	100	0		0.0	0.0	0.0	0.0	0xb0bada5d45d939a03c6d211d24a61a4418d7cd13	true	-887272	887272	0	0	0	0	100
230131	-276352	-276351	1	4592.907890049996	5363.553664	0.0	9943.98467	9956.461554049996	2.011344062505629	0.61	7.37	100	0		0.0	0.0	0.0	0.0	0xb0bada5d45d939a03c6d211d24a61a4418d7cd13	true	-887272	887272	0	0	0	0	100
483942	-276320	-276319	1	4968.707139972382	4721.036061	9687.727852806336	0.0	9689.743200972382	1.9355081548981763	0.6	7.29	87	0	8.215134794653522e-07	0.0	0.0	0.0	0.0	0xb0bada5d45d939a03c6d211d24a61a4418d7cd13	true	-887272	887272	0	0	0	0	100
483950	-276320	-276319	1	4450.78279641261	4228.928269	8677.905790969475	0.0	8679.711065412608	1.732075243751075	0.6	7.28	87	0	8.215134794653522e-07	0.0	0.0	0.0	0.0	0xb0bada5d45d939a03c6d211d24a61a4418d7cd13	true	-887272	887272	0	0	0	0	100
230132	-276352	-276351	1	1310.4507378029039	1530.331769	0.0	2837.222596	2840.782506802904	0.5720730138225444	0.6	7.35	100	0		0.0	0.0	0.0	0.0	0xb0bada5d45d939a03c6d211d24a61a4418d7cd13	true	-887272	887272	0	0	0	0	100
309215	-276338	-276337	1	11306.09346560206	39749.236148	2703.797980956676	48340.29001	51055.32961360207	20.16309289374364	0.59	7.21	99	0	3.2303922870013935e-07	0.0	0.0	0.0	0.0	0xb0bada5d45d939a03c6d211d24a61a4418d7cd13	true	-887272	887272	0	0	0	0	100
564816	-276318	-276317	1	885.7809794243805	8756.003599	9636.112391458033	0.0	9641.78457842438	1.899201885647336	0.59	7.19	79	0		0.0	0.0	0.0	0.0	0xb0bada5d45d939a03c6d211d24a61a4418d7cd13	true	-887272	887272	0	0	0	0	100
525976	-276317	-276315	2	2605.4270067715506	6570.375482	9170.717712386033	0.0	9175.802488771553	1.8051652547916928	0.59	7.18	78	0		0.0	0.0	0.0	0.0	0x7617452156f474836604c1a79c79c0627be5fe74	0	0	0	0	0	1	0	0
564817	-276318	-276317	1	883.6050332643708	7748.8565	8627.445845182263	0.0	8632.461533264372	1.6993883143126265	0.59	7.19	79	0		0.0	0.0	0.0	0.0	0xb0bada5d45d939a03c6d211d24a61a4418d7cd13	true	-887272	887272	0	0	0	0	100
301827	-276339	-276338	1	222.63547825383247	4773.82055	0.0	4996.144664	4996.456028253833	0.9852566693282672	0.59	7.2	100	0		0.0	0.0	0.0	0.0	0x29991b99815c3a97194445b19145b4b622bffd28	0	0	0	0	0	0	0	0
324060	-276334	-276333	1	18327.51114909422	31759.735692	50117.928012879434	0.0	50087.246841094224	9.704391446180209	0.58	7.07	92	0	1.4722815855e-06	0.0	0.0	0.0	0.0	0xb0bada5d45d939a03c6d211d24a61a4418d7cd13	true	-887272	887272	0	0	0	0	100
324064	-276334	-276333	1	35113.16918891229	5749.688168	40868.55389391285	0.0	40862.85735691229	7.898242259723622	0.58	7.05	92	0	1.4722815855e-06	0.0	0.0	0.0	0.0	0xb0bada5d45d939a03c6d211d24a61a4418d7cd13	true	-887272	887272	0	0	0	0	100
298460	-276339	-276337	2	8943.024314078137	6327.499678	1882.6128718116104	13378.2581	15270.52399207814	5.955480696965624	0.58	7.12	100	0	9.036975612275457e-08	0.0	0.0	0.0	0.0	0x939c802836eb9018e4a9aeb89c638dfd89b4c462	true	-887272	887272	2	2	0	1	50
324070	-276334	-276333	1	8427.700838780842	1451.497737	9880.636203627251	0.0	9879.198575780842	1.906749026413115	0.58	7.04	92	0	1.4758298583e-06	0.0	0.0	0.0	0.0	0xb0bada5d45d939a03c6d211d24a61a4418d7cd13	true	-887272	887272	0	0	0	0	100
406630	-276330	-276329	1	134.83588985324607	9599.259837	0.0	9734.028592	9734.095726853246	1.87165969143654	0.58	7.02	100	0	1.5594414648489874e-08	0.0	0.0	0.0	0.0	0xb0bada5d45d939a03c6d211d24a61a4418d7cd13	true	-887272	887272	0	0	0	0	100
410391	-276329	-276328	1	1618.9874203530228	1208.112523	2327.021941906993	500.408652	2827.099943353023	1.0870711170552132	0.58	7.02	100	0		0.0	0.0	0.0	0.0	0xb0bada5d45d939a03c6d211d24a61a4418d7cd13	true	-887272	887272	0	0	0	0	100
324081	-276334	-276333	1	3394.279912949344	584.594744	3979.453665322989	0.0	3978.8746569493446	0.7660905700421636	0.58	7.03	92	0	1.4758298583e-06	0.0	0.0	0.0	0.0	0xb0bada5d45d939a03c6d211d24a61a4418d7cd13	true	-887272	887272	0	0	0	0	50
406633	-276330	-276329	1	39.15955062194525	2787.853456	0.0	2826.993509	2827.013006621945	0.5424216590340485	0.58	7.0	100	0	1.5594414648489874e-08	0.0	0.0	0.0	0.0	0xb0bada5d45d939a03c6d211d24a61a4418d7cd13	true	-887272	887272	0	0	0	0	100
324090	-276334	-276333	1	2396.97467754549	412.829476	2810.213038074548	0.0	2809.80415354549	0.5401751198565578	0.58	7.02	92	0	1.4758298583e-06	0.0	0.0	0.0	0.0	0xb0bada5d45d939a03c6d211d24a61a4418d7cd13	true	-887272	887272	0	0	0	0	100
406649	-276330	-276329	1	456.4515034086345	32495.773855	13331.550724773411	19627.3453	32952.22535840864	6.261568749595761	0.57	6.94	100	0	7.164204229859195e-07	0.0	0.0	0.0	0.0	0xb0bada5d45d939a03c6d211d24a61a4418d7cd13	true	-887272	887272	0	0	0	0	100
606760	-276318	-276317	1	9557.273728286673	2.072555	0.0	9565.585606	9559.346283286672	1.802217034496146	0.57	6.88	100	0	1.3772251117316614e-07	0.0	0.0	0.0	0.0	0xb0bada5d45d939a03c6d211d24a61a4418d7cd13	true	-887272	887272	0	0	0	0	100
349639	-276331	-276330	1	13790.46787278832	16935.588047	2765.68465991604	27953.498833	30726.05591978832	5.760534282058255	0.56	6.84	100	0		0.0	0.0	0.0	0.0	0xb0bada5d45d939a03c6d211d24a61a4418d7cd13	true	-887272	887272	0	0	0	0	100
606761	-276318	-276317	1	1958.3235739503648	6603.646936	0.0	8563.324506	8561.970509950364	1.6122267182333787	0.56	6.87	100	0	5.45280598451825e-08	0.0	0.0	0.0	0.0	0xb0bada5d45d939a03c6d211d24a61a4418d7cd13	true	-887272	887272	0	0	0	0	100
399276	-276330	-276328	2	478.8964811033141	509.31103	325.32741958171266	662.806807	988.207511103314	0.3660567430442474	0.56	6.76	100	0		0.0	0.0	0.0	0.0	0x154b4661a08eaffc746bdf7451a17ee50ee904cf	true	-887272	887272	0	0	1	0	100
595768	-276317	-276315	2	3350.4233749574423	3416.620069	0.0	6769.902809	6767.043443957443	2.482654139007693	0.55	6.7	71	0		0.0	0.0	0.0	0.0	0x7617452156f474836604c1a79c79c0627be5fe74	0	0	0	0	0	1	0	0
247436	-276341	-276337	4	5291.347409191178	5679.330301	4165.860205954348	6803.164264	10970.67771019118	13.717294600149124	0.54	6.52	92	0		0.0	0.0	0.0	0.0	0x7617452156f474836604c1a79c79c0627be5fe74	0	0	0	0	0	2	1	0
484605	-276321	-276319	2	2454.9160011857275	6726.474649	0.0	9182.559157	9181.390650185727	3.31295828751733	0.54	6.59	99	0		0.0	0.0	0.0	0.0	0x7617452156f474836604c1a79c79c0627be5fe74	0	0	0	0	0	1	0	0
489128	-276321	-276320	1	859.4240655391245	8829.812302	0.0	9689.578647	9689.236367539124	1.7593871344712573	0.54	6.63	100	0		0.0	0.0	0.0	0.0	0xb0bada5d45d939a03c6d211d24a61a4418d7cd13	true	-887272	887272	0	0	0	0	100
489129	-276321	-276320	1	769.8307576032705	7909.321331	0.0	8679.458686	8679.15208860327	1.5748919635067442	0.54	6.62	100	0		0.0	0.0	0.0	0.0	0xb0bada5d45d939a03c6d211d24a61a4418d7cd13	true	-887272	887272	0	0	0	0	100
327231	-276338	-276337	1	4318.412359863529	115390.288683	0.0	119703.083205	119708.70104286354	42.47900881341606	0.53	6.48	67	0		0.0	0.0	0.0	0.0	0x664d8f8f2417f52cbbf5bd82ba82eefc58a87f07	0	0	0	0	0	0	0	0
317952	-276338	-276337	1	27389.83324826442	22668.43816	0.0	50022.012706	50058.27140826442	8.724296930720985	0.52	6.36	100	0	7.154627890137988e-07	0.0	0.0	0.0	0.0	0xed78afd8acba4b56703c4c0ac6cdfa6b7433c1aa	0	0	0	0	0	0	0	0
244505	-276343	-276342	1	2628.4985074255887	8103.769324	0.0	10727.515878	10732.26783142559	1.8712462631459716	0.52	6.36	72	0		0.0	0.0	0.0	0.0	0x97b73b8eaa8662381383a67e0dbcab67f78337dd	0	0	0	0	0	0	0	0
511964	-276314	-276313	1	9232.38749965624	433.008145	9664.960762412285	0.0	9665.39564465624	1.666107878498844	0.52	6.29	100	0	5.180022744077917e-07	0.0	0.0	0.0	0.0	0xb0bada5d45d939a03c6d211d24a61a4418d7cd13	true	-887272	887272	0	0	0	0	100
511971	-276314	-276313	1	8270.900557579904	387.913452	8658.42441749765	0.0	8658.814009579904	1.49145450778026	0.52	6.29	100	0	5.180022744077917e-07	0.0	0.0	0.0	0.0	0xb0bada5d45d939a03c6d211d24a61a4418d7cd13	true	-887272	887272	0	0	0	0	100
293179	-276338	-276337	1	846.355639455199	4151.90709	5003.895475805448	0.0	4998.262729455199	0.8645022222744554	0.52	6.31	89	0		0.0	0.0	0.0	0.0	0x29991b99815c3a97194445b19145b4b622bffd28	0	0	0	0	0	0	0	0
111020	-276357	-276354	3	89.90414220173722	406.108271	0.0	495.740923	496.0124132017372	0.0863746977309083	0.52	6.36	30	0	3.1753710771909023e-09	0.0	0.0	0.0	0.0	0x154b4661a08eaffc746bdf7451a17ee50ee904cf	true	-887272	887272	0	0	1	1	100
447502	-276328	-276326	2	3547.842300775204	4959.225264	0.0	8506.219583	8507.067564775203	1.4483631274047002	0.51	6.21	100	0	8.791496419746636e-08	0.0	0.0	0.0	0.0	0x7617452156f474836604c1a79c79c0627be5fe74	0	0	0	0	0	1	0	0
512093	-276314	-276313	1	15654.826444668925	734.226911	16388.31595139751	0.0	16389.053355668926	2.749628136759366	0.5	6.12	100	0	5.180022744077917e-07	0.0	0.0	0.0	0.0	0xb0bada5d45d939a03c6d211d24a61a4418d7cd13	true	-887272	887272	0	0	0	0	100
324488	-276334	-276333	1	8711.093373793596	1522.940259	10235.54187587562	0.0	10234.033632793597	1.6981657197463955	0.5	6.06	97	0		0.0	0.0	0.0	0.0	0x7617452156f474836604c1a79c79c0627be5fe74	0	0	0	0	0	0	0	0
358614	-276329	-276328	1	2842.832165715576	6925.322036	0.0	9766.983529	9768.154201715575	1.6259239574688866	0.5	6.08	100	0	1.1342349282017494e-08	0.0	0.0	0.0	0.0	0xb0bada5d45d939a03c6d211d24a61a4418d7cd13	true	-887272	887272	0	0	0	0	100
654578	-276314	-276313	1	3456.450876634244	6037.563882	9487.772871682739	0.0	9494.014758634245	1.5670153931022373	0.5	6.02	100	0	8.930258199590924e-07	0.0	0.0	0.0	0.0	0xb0bada5d45d939a03c6d211d24a61a4418d7cd13	true	-887272	887272	0	0	0	0	100
679675	-276312	-276311	1	1085.772653829435	8353.248424	0.0	9440.430044	9439.021077829437	1.563100596025016	0.5	6.04	100	0	1.3603296267206133e-08	0.0	0.0	0.0	0.0	0xb0bada5d45d939a03c6d211d24a61a4418d7cd13	true	-887272	887272	0	0	0	0	100
194313	-276344	-276341	3	5655.055080232223	3042.283599	8703.260842591397	0.0	8697.338679232224	1.4428986952979803	0.5	6.06	22	0		0.0	0.0	0.0	0.0	0x7617452156f474836604c1a79c79c0627be5fe74	0	0	0	0	0	1	1	0
679676	-276312	-276311	1	972.3978650036291	7481.014469	0.0	8454.674178	8453.41233400363	1.3988232363921982	0.5	6.04	100	0	1.3603296267206133e-08	0.0	0.0	0.0	0.0	0xb0bada5d45d939a03c6d211d24a61a4418d7cd13	true	-887272	887272	0	0	0	0	100
358616	-276329	-276328	1	1150.9836246531613	2803.870153	0.0	3954.379804	3954.853777653161	0.6565543895152658	0.5	6.06	100	0	1.1342349282017494e-08	0.0	0.0	0.0	0.0	0xb0bada5d45d939a03c6d211d24a61a4418d7cd13	true	-887272	887272	0	0	0	0	50
358618	-276329	-276328	1	810.7366921504006	1975.006737	0.0	2785.409569	2785.7434291504005	0.461754259338419	0.5	6.05	100	0	1.1342349282017494e-08	0.0	0.0	0.0	0.0	0xb0bada5d45d939a03c6d211d24a61a4418d7cd13	true	-887272	887272	0	0	0	0	100
363327	-276328	-276327	1	0.7959917853706858	4.46018	0.0	5.255928	5.256171785370686	0.0008789702325949	0.5	6.1	100	0		0.0	0.0	0.0	0.0	0xacf89c236462a336917817b1d91fde5488ffb3ac	0	0	0	0	0	0	0	0
196712	-276347	-276346	1	1344.179867873174	14543.5384	14954.828624040856	963.457891	15887.718267873171	2.574111237224676	0.49	5.91	89	0		0.0	0.0	0.0	0.0	0xb0bada5d45d939a03c6d211d24a61a4418d7cd13	true	-887272	887272	0	0	0	0	100
654580	-276314	-276313	1	3092.2772876587314	5401.44279	8488.135838961549	0.0	8493.72007765873	1.4010472872183737	0.49	6.02	100	0	4.137287845651372e-07	0.0	0.0	0.0	0.0	0xb0bada5d45d939a03c6d211d24a61a4418d7cd13	true	-887272	887272	0	0	0	0	100
334452	-276338	-276337	1	2296.7971635769727	7557.640636	0.0	9851.433414	9854.437799576972	1.5788669636023491	0.48	5.85	93	0		0.0	0.0	0.0	0.0	0xb0bada5d45d939a03c6d211d24a61a4418d7cd13	true	-887272	887272	0	0	0	0	100
334454	-276338	-276337	1	925.1765255016865	3044.305268	0.0	3968.271592	3969.4817935016863	0.6357282900177087	0.48	5.85	93	0		0.0	0.0	0.0	0.0	0xb0bada5d45d939a03c6d211d24a61a4418d7cd13	true	-887272	887272	0	0	0	0	50
334455	-276338	-276337	1	653.3349046910362	2149.806915	0.0	2802.287207	2803.1418196910363	0.4487887831146268	0.48	5.84	93	0		0.0	0.0	0.0	0.0	0xb0bada5d45d939a03c6d211d24a61a4418d7cd13	true	-887272	887272	0	0	0	0	100
298750	-276338	-276337	1	49628.90732527789	1461.932758	51092.88214041781	0.0	51090.84008327789	8.014662174307341	0.47	5.73	83	0	5.197779096022259e-07	0.0	0.0	0.0	0.0	0xb0bada5d45d939a03c6d211d24a61a4418d7cd13	true	-887272	887272	0	0	0	0	100
298753	-276338	-276337	1	9614.154485973928	281.294183	9895.841590977408	0.0	9895.44866897393	1.5529045169291698	0.47	5.73	83	0	7.971223681124684e-09	0.0	0.0	0.0	0.0	0xb0bada5d45d939a03c6d211d24a61a4418d7cd13	true	-887272	887272	0	0	0	0	100
393854	-276328	-276327	1	1118.3655718940556	8621.196246	9742.606310702817	0.0	9739.561817894057	1.536275036238457	0.47	5.76	98	0	1.0263937699e-06	0.0	0.0	0.0	0.0	0xb0bada5d45d939a03c6d211d24a61a4418d7cd13	true	-887272	887272	0	0	0	0	100
480742	-276321	-276320	1	3011.1621527388666	6681.149715	0.0	9693.477674	9692.311867738868	1.5313523052409277	0.47	5.77	100	0	8.736633638761761e-09	0.0	0.0	0.0	0.0	0xb0bada5d45d939a03c6d211d24a61a4418d7cd13	true	-887272	887272	0	0	0	0	100
677381	-276305	-276304	1	5383.786187885424	4070.863412	0.0	9465.287958	9454.649599885424	1.4777905941735603	0.47	5.71	100	0		0.0	0.0	0.0	0.0	0xb0bada5d45d939a03c6d211d24a61a4418d7cd13	true	-887272	887272	0	0	0	0	100
680186	-276310	-276309	1	4687.854554303704	4741.315363	9422.405589080465	0.0	9429.169917303703	1.4747530927172905	0.47	5.71	100	0		0.0	0.0	0.0	0.0	0xb0bada5d45d939a03c6d211d24a61a4418d7cd13	true	-887272	887272	0	0	0	0	100
480744	-276321	-276320	1	2697.3084768573995	5984.772938	0.0	8683.125708	8682.081414857399	1.37023573900954	0.47	5.76	100	0	8.736633638761761e-09	0.0	0.0	0.0	0.0	0xb0bada5d45d939a03c6d211d24a61a4418d7cd13	true	-887272	887272	0	0	0	0	100
677382	-276305	-276304	1	4821.251913431381	3645.51216	0.0	8476.290864	8466.76407343138	1.3224682281430915	0.47	5.7	100	0		0.0	0.0	0.0	0.0	0xb0bada5d45d939a03c6d211d24a61a4418d7cd13	true	-887272	887272	0	0	0	0	100
680188	-276310	-276309	1	4198.588563729277	4246.469729	8438.99994994791	0.0	8445.058292729278	1.3198919229452306	0.47	5.7	100	0		0.0	0.0	0.0	0.0	0xb0bada5d45d939a03c6d211d24a61a4418d7cd13	true	-887272	887272	0	0	0	0	100
298755	-276338	-276337	1	3872.3443293412847	113.29836	3985.800948464697	0.0	3985.642689341285	0.6252303065980995	0.47	5.73	83	0	7.971223681124684e-09	0.0	0.0	0.0	0.0	0xb0bada5d45d939a03c6d211d24a61a4418d7cd13	true	-887272	887272	0	0	0	0	50
393859	-276328	-276327	1	328.8156017457698	2499.842631	2829.5411633543067	0.0	2828.65823274577	0.4442983482680416	0.47	5.73	98	0	1.0263937699e-06	0.0	0.0	0.0	0.0	0xb0bada5d45d939a03c6d211d24a61a4418d7cd13	true	-887272	887272	0	0	0	0	100
298756	-276338	-276337	1	2742.4359718680976	80.239119	2822.7871718306046	0.0	2822.6750908680974	0.4426883550376667	0.47	5.72	83	0	7.971223681124684e-09	0.0	0.0	0.0	0.0	0xb0bada5d45d939a03c6d211d24a61a4418d7cd13	true	-887272	887272	0	0	0	0	100
196717	-276347	-276346	1	235.91127860457232	2552.474428	2794.138987932804	0.0	2788.385706604572	0.4326127397102308	0.47	5.66	89	0		0.0	0.0	0.0	0.0	0xb0bada5d45d939a03c6d211d24a61a4418d7cd13	true	-887272	887272	0	0	0	0	100
307929	-276339	-276338	1	2885.6827490467854	6992.540222	0.0	9874.151617	9878.222971046784	1.5049263315961052	0.46	5.56	100	0	1.433091201263892e-07	0.0	0.0	0.0	0.0	0xb0bada5d45d939a03c6d211d24a61a4418d7cd13	true	-887272	887272	0	0	0	0	100
298845	-276338	-276337	1	4736.285572273968	268.218773	5004.878664949124	0.0	5004.504345273967	0.760572855567613	0.46	5.55	81	0	5.312729034478991e-07	0.0	0.0	0.0	0.0	0x29991b99815c3a97194445b19145b4b622bffd28	0	0	0	0	0	0	0	0
307932	-276339	-276338	1	1162.2376769364105	2816.315725	0.0	3976.913623	3978.5534019364095	0.6043925043214519	0.46	5.54	100	0	1.433091201263892e-07	0.0	0.0	0.0	0.0	0xb0bada5d45d939a03c6d211d24a61a4418d7cd13	true	-887272	887272	0	0	0	0	50
340547	-276335	-276333	2	3929.2137763676897	6233.368017	10169.042561322383	0.0	10162.58179336769	1.5344900768851737	0.45	5.51	100	0		0.0	0.0	0.0	0.0	0x7617452156f474836604c1a79c79c0627be5fe74	0	0	0	0	0	1	0	0
307933	-276339	-276338	1	823.093901541021	1994.50796	0.0	2816.440574	2817.6018615410208	0.4272562448825773	0.45	5.53	100	0	1.433091201263892e-07	0.0	0.0	0.0	0.0	0xb0bada5d45d939a03c6d211d24a61a4418d7cd13	true	-887272	887272	0	0	0	0	100
307946	-276339	-276338	1	14912.41409579536	36135.523008	0.0	51026.897467	51047.93710379535	7.550447036038863	0.44	5.4	100	0	4.619193916255426e-08	0.0	0.0	0.0	0.0	0xb0bada5d45d939a03c6d211d24a61a4418d7cd13	true	-887272	887272	0	0	0	0	100
334449	-276338	-276337	1	9503.858619404931	31272.569141	5102.575977133489	35668.106025	40776.42776040493	6.0286457066007495	0.44	5.4	93	0		0.0	0.0	0.0	0.0	0xb0bada5d45d939a03c6d211d24a61a4418d7cd13	true	-887272	887272	0	0	0	0	100
551901	-276319	-276318	1	7181.157098763041	1461.247577	8641.65806881694	0.0	8642.404675763042	1.2665702716056653	0.44	5.35	100	0	6.879589231623129e-07	0.0	0.0	0.0	0.0	0xb0bada5d45d939a03c6d211d24a61a4418d7cd13	true	-887272	887272	0	0	0	0	100
241431	-276345	-276341	4	3846.500648551183	7084.704199	0.0	10924.411935	10931.204847551184	1.5703940687218083	0.43	5.24	97	0		0.0	0.0	0.0	0.0	0x7617452156f474836604c1a79c79c0627be5fe74	0	0	0	0	0	2	1	0
551954	-276319	-276318	1	7632.347421824986	2018.50286	9649.814910686227	0.0	9650.850281824987	1.3878003401120431	0.43	5.25	100	0	5.717192386178738e-07	0.0	0.0	0.0	0.0	0xb0bada5d45d939a03c6d211d24a61a4418d7cd13	true	-887272	887272	0	0	0	0	100
589300	-276315	-276313	2	4017.5010520089822	3988.81979	8002.523729750025	0.0	8006.320842008982	1.1499029829352994	0.43	5.24	100	0	4.201968550887614e-07	0.0	0.0	0.0	0.0	0x7617452156f474836604c1a79c79c0627be5fe74	0	0	0	0	0	1	0	0
222944	-276346	-276345	1	55.88552469256111	15.49383	59.6179298364558	11.769545	71.37935469256111	0.0102335238211849	0.43	5.23	100	0	4.417133325773648e-10	0.0	0.0	0.0	0.0	0xa7bf8f67045ef716ee87ded1faadff10f226c02d	true	-887272	887272	0	0	0	0	100
346856	-276332	-276331	1	15415.64248762634	15345.105711	30772.60480561014	0.0	30760.748198626337	4.336293078453934	0.42	5.15	100	0	6.09704187137794e-07	0.0	0.0	0.0	0.0	0xb0bada5d45d939a03c6d211d24a61a4418d7cd13	true	-887272	887272	0	0	0	0	100
346859	-276332	-276331	1	4928.703576941423	4906.151493	9838.645875379869	0.0	9834.855069941425	1.3829129705397267	0.42	5.13	100	0	6.09704187137794e-07	0.0	0.0	0.0	0.0	0xb0bada5d45d939a03c6d211d24a61a4418d7cd13	true	-887272	887272	0	0	0	0	100
557036	-276320	-276319	1	9544.862897341225	101.793901	9646.615768279988	0.0	9646.656798341228	1.3648788851055915	0.42	5.16	73	0		0.0	0.0	0.0	0.0	0xb0bada5d45d939a03c6d211d24a61a4418d7cd13	true	-887272	887272	0	0	0	0	100
540009	-276319	-276318	1	8977.081721936356	681.043067	9657.78017120383	0.0	9658.12478893636	1.3563414843178412	0.42	5.13	100	0		0.0	0.0	0.0	0.0	0xb0bada5d45d939a03c6d211d24a61a4418d7cd13	true	-887272	887272	0	0	0	0	100
557037	-276320	-276319	1	8546.814928298743	91.149935	8637.928123500207	0.0	8637.964863298745	1.22135541306187	0.42	5.16	73	0		0.0	0.0	0.0	0.0	0xb0bada5d45d939a03c6d211d24a61a4418d7cd13	true	-887272	887272	0	0	0	0	100
540016	-276319	-276318	1	8040.999383253396	610.027518	8650.71821842522	0.0	8651.026901253397	1.2138956169398294	0.42	5.12	100	0		0.0	0.0	0.0	0.0	0xb0bada5d45d939a03c6d211d24a61a4418d7cd13	true	-887272	887272	0	0	0	0	100
346860	-276332	-276331	1	1985.392438296576	1976.307953	3963.227412466712	0.0	3961.700391296576	0.5566874467056643	0.42	5.13	100	0	3.1084147145e-06	0.0	0.0	0.0	0.0	0xb0bada5d45d939a03c6d211d24a61a4418d7cd13	true	-887272	887272	0	0	0	0	50
346861	-276332	-276331	1	1395.1375723191695	1395.738749	2791.9546704750205	0.0	2790.8763213191696	0.3918732883516833	0.42	5.13	100	0	3.1378542764e-06	0.0	0.0	0.0	0.0	0xb0bada5d45d939a03c6d211d24a61a4418d7cd13	true	-887272	887272	0	0	0	0	100
386859	-276328	-276326	2	647.1383611814906	387.713075	1034.9909786475612	0.0	1034.8514361814907	0.2826849409487928	0.41	4.99	99	0		0.0	0.0	0.0	0.0	0x154b4661a08eaffc746bdf7451a17ee50ee904cf	true	-887272	887272	0	0	1	0	100
505106	-276315	-276313	2	7818.128013861853	1355.214613	9172.099977560662	0.0	9173.342626861851	2.456113798862982	0.4	4.89	77	0		0.0	0.0	0.0	0.0	0x7617452156f474836604c1a79c79c0627be5fe74	0	0	0	0	0	1	0	0
624490	-276321	-276320	1	5433.095717744737	4088.683271	9520.45408719433	0.0	9521.778988744736	1.2803353957545591	0.4	4.91	100	0		0.0	0.0	0.0	0.0	0xb0bada5d45d939a03c6d211d24a61a4418d7cd13	true	-887272	887272	0	0	0	0	100
676839	-276308	-276307	1	4570.485619711068	4887.918041	0.0	9466.081106	9458.403660711068	1.2553462385682772	0.4	4.84	94	0		0.0	0.0	0.0	0.0	0xb0bada5d45d939a03c6d211d24a61a4418d7cd13	true	-887272	887272	0	0	0	0	100
624495	-276321	-276320	1	4860.565439338852	3657.824863	8517.205016634167	0.0	8518.390302338852	1.1442586684903988	0.4	4.9	100	0		0.0	0.0	0.0	0.0	0xb0bada5d45d939a03c6d211d24a61a4418d7cd13	true	-887272	887272	0	0	0	0	100
103083	-276356	-276355	1	485.5731064941365	520.288867	690.3402987521023	316.167982	1005.8619734941364	0.1328652862882392	0.4	4.82	100	0		0.0	0.0	0.0	0.0	0x3c9c796c1952ef0dac2a0c3419b2fd93c7fea15b	true	-887272	887272	0	0	0	0	100
270178	-276341	-276340	1	4.762713148041692	14.458263	0.0	19.213316	19.220976148041693	0.0025894103413317	0.4	4.92	100	0	2.3731759890566198e-07	0.0	0.0	0.0	0.0	0xf0e6ab264de1b35979f71a9084ad4e23d42aa3c0	0	0	0	0	0	0	0	0
429443	-276330	-276329	1	739.7541687623466	8990.236235	9734.946540730525	0.0	9729.990403762347	1.2612376314766056	0.39	4.73	97	0	1.0545019524e-06	0.0	0.0	0.0	0.0	0xb0bada5d45d939a03c6d211d24a61a4418d7cd13	true	-887272	887272	0	0	0	0	100
493937	-276320	-276319	1	5541.117156047195	4144.516201	9683.876402707161	0.0	9685.633357047196	1.252085773685442	0.39	4.72	84	0		0.0	0.0	0.0	0.0	0xb0bada5d45d939a03c6d211d24a61a4418d7cd13	true	-887272	887272	0	0	0	0	100
429446	-276330	-276329	1	662.868439826249	8055.843574	8723.153038856439	0.0	8718.712013826249	1.1289171437366	0.39	4.73	97	0	1.0545019524e-06	0.0	0.0	0.0	0.0	0xb0bada5d45d939a03c6d211d24a61a4418d7cd13	true	-887272	887272	0	0	0	0	100
493942	-276320	-276319	1	5053.737772847557	3622.170589	8674.37472514262	0.0	8675.908361847558	1.1202782551570092	0.39	4.71	85	0		0.0	0.0	0.0	0.0	0xb0bada5d45d939a03c6d211d24a61a4418d7cd13	true	-887272	887272	0	0	0	0	100
676845	-276308	-276307	1	8326.379751667997	137.696504	0.0	8477.854257	8464.076255667997	1.112652422637094	0.39	4.8	94	0		0.0	0.0	0.0	0.0	0xb0bada5d45d939a03c6d211d24a61a4418d7cd13	true	-887272	887272	0	0	0	0	100
406614	-276330	-276328	2	4440.642114098204	4486.315973	8929.413043662948	0.0	8926.958087098203	3.428841135088814	0.38	4.67	98	0		0.0	0.0	0.0	0.0	0x7617452156f474836604c1a79c79c0627be5fe74	0	0	0	0	0	1	0	0
596618	-276317	-276316	1	6032.356698505391	3572.595312	0.0	9609.605924	9604.95201050539	1.2324106643322188	0.38	4.68	100	0	4.842350964651133e-08	0.0	0.0	0.0	0.0	0xb0bada5d45d939a03c6d211d24a61a4418d7cd13	true	-887272	887272	0	0	0	0	100
462178	-276325	-276324	1	3936.673574445064	5768.814174	0.0	9705.418324	9705.487748445064	1.231544419596309	0.38	4.63	100	0	4.826128385815309e-08	0.0	0.0	0.0	0.0	0xb0bada5d45d939a03c6d211d24a61a4418d7cd13	true	-887272	887272	0	0	0	0	100
379806	-276327	-276326	1	116.94921788619403	9629.096611	9748.433596748944	0.0	9746.045828886196	1.2276269686795929	0.38	4.6	96	0		0.0	0.0	0.0	0.0	0xb0bada5d45d939a03c6d211d24a61a4418d7cd13	true	-887272	887272	0	0	0	0	100
436061	-276329	-276328	1	8835.067574488532	886.84391	0.0	9718.000438	9721.911484488532	1.226424908410099	0.38	4.6	100	0	9.281060364685345e-08	0.0	0.0	0.0	0.0	0xb0bada5d45d939a03c6d211d24a61a4418d7cd13	true	-887272	887272	0	0	0	0	100
437625	-276328	-276327	1	6479.929927736963	3238.445	0.0	9716.232536	9718.374927736962	1.2200528007037628	0.38	4.58	100	0		0.0	0.0	0.0	0.0	0xb0bada5d45d939a03c6d211d24a61a4418d7cd13	true	-887272	887272	0	0	0	0	100
599483	-276316	-276315	1	8579.246085064966	1020.218412	0.0	9606.827884	9599.464497064966	1.2008590941775854	0.38	4.57	100	0	1.006760785848826e-07	0.0	0.0	0.0	0.0	0xb0bada5d45d939a03c6d211d24a61a4418d7cd13	true	-887272	887272	0	0	0	0	100
596620	-276317	-276316	1	5397.823516515565	3196.800182	0.0	8598.788074	8594.623698515567	1.1018125160390575	0.38	4.68	100	0	4.842350964651133e-08	0.0	0.0	0.0	0.0	0xb0bada5d45d939a03c6d211d24a61a4418d7cd13	true	-887272	887272	0	0	0	0	100
462183	-276325	-276324	1	3526.493175630289	5167.734492	0.0	8694.165477	8694.227667630288	1.1017826482452862	0.38	4.63	100	0	4.826128385815309e-08	0.0	0.0	0.0	0.0	0xb0bada5d45d939a03c6d211d24a61a4418d7cd13	true	-887272	887272	0	0	0	0	100
436063	-276329	-276328	1	7914.136085553991	794.40291	0.0	8705.035621	8708.53899555399	1.0968614553517129	0.38	4.6	100	0	9.281060364685345e-08	0.0	0.0	0.0	0.0	0xb0bada5d45d939a03c6d211d24a61a4418d7cd13	true	-887272	887272	0	0	0	0	100
437627	-276328	-276327	1	5804.442725724573	2900.859844	0.0	8703.383507	8705.302569724574	1.092658180573135	0.38	4.58	100	0		0.0	0.0	0.0	0.0	0xb0bada5d45d939a03c6d211d24a61a4418d7cd13	true	-887272	887272	0	0	0	0	100
599470	-276316	-276315	1	7677.483037720134	912.983434	0.0	8597.055894	8590.466471720136	1.082990096999257	0.38	4.6	100	0	1.006760785848826e-07	0.0	0.0	0.0	0.0	0xb0bada5d45d939a03c6d211d24a61a4418d7cd13	true	-887272	887272	0	0	0	0	100
379809	-276327	-276326	1	33.73843255964552	2777.877719	2812.304993661043	0.0	2811.616151559645	0.3538390987567352	0.38	4.59	96	0		0.0	0.0	0.0	0.0	0xb0bada5d45d939a03c6d211d24a61a4418d7cd13	true	-887272	887272	0	0	0	0	100
434127	-276331	-276330	1	278.30265570105433	9448.927953	0.0	9727.064023	9727.230608701057	1.2106215231714947	0.37	4.54	100	0		0.0	0.0	0.0	0.0	0xb0bada5d45d939a03c6d211d24a61a4418d7cd13	true	-887272	887272	0	0	0	0	100
434129	-276331	-276330	1	249.3732152440165	8466.715987	0.0	8715.939933	8716.089202244017	1.083142182777494	0.37	4.54	100	0		0.0	0.0	0.0	0.0	0xb0bada5d45d939a03c6d211d24a61a4418d7cd13	true	-887272	887272	0	0	0	0	100
327324	-276339	-276337	2	1079.0421828372635	7211.237566	0.0	8288.866815	8290.279748837263	1.0307605190033369	0.37	4.54	91	0	4.308136070108048e-08	0.0	0.0	0.0	0.0	0x7617452156f474836604c1a79c79c0627be5fe74	0	0	0	0	0	1	0	0
370895	-276326	-276324	2	911.1976812012138	127.70062	0.0	1038.820799	1038.8983012012138	0.1293869210438299	0.37	4.55	100	0	4.701881883839576e-07	0.0	0.0	0.0	0.0	0x154b4661a08eaffc746bdf7451a17ee50ee904cf	true	-887272	887272	0	0	0	1	100
372355	-276325	-276324	1	9570.57271838869	188.969323	0.0	9759.098115	9759.542041388688	1.1828365003018462	0.36	4.42	100	0	1.2083185563227516e-07	0.0	0.0	0.0	0.0	0xb0bada5d45d939a03c6d211d24a61a4418d7cd13	true	-887272	887272	0	0	0	0	100
372359	-276325	-276324	1	3874.71637596189	76.505613	0.0	3951.042262	3951.2219889618905	0.4775833917142977	0.36	4.41	100	0	1.2083185563227516e-07	0.0	0.0	0.0	0.0	0xb0bada5d45d939a03c6d211d24a61a4418d7cd13	true	-887272	887272	0	0	0	0	50
372361	-276325	-276324	1	2760.865108953887	54.51281	0.0	2815.249857	2815.3779189538877	0.339793780625191	0.36	4.41	100	0	1.2083185563227516e-07	0.0	0.0	0.0	0.0	0xb0bada5d45d939a03c6d211d24a61a4418d7cd13	true	-887272	887272	0	0	0	0	100
372362	-276325	-276324	1	2163.6804494492603	42.721501	0.0	2206.301589	2206.4019504492608	0.2659119357968494	0.36	4.4	100	0	1.2083185563227516e-07	0.0	0.0	0.0	0.0	0xb0bada5d45d939a03c6d211d24a61a4418d7cd13	true	-887272	887272	0	0	0	0	100
234572	-276347	-276344	3	3620.0888519513687	7188.665632	0.0	10801.35022	10808.754483951368	2.506427833699469	0.35	4.23	62	0	6.052392476085799e-07	0.0	0.0	0.0	0.0	0x7617452156f474836604c1a79c79c0627be5fe74	0	0	0	0	0	1	1	0
194393	-276344	-276342	2	5682.837708632528	3256.313356	8296.644186246163	647.608048	8939.151064632528	1.0438780171415338	0.35	4.26	100	0		0.0	0.0	0.0	0.0	0x97b73b8eaa8662381383a67e0dbcab67f78337dd	0	0	0	0	0	0	0	0
106050	-276356	-276355	1	113.49503812037975	22.653599	136.2209914697769	0.0	136.14863712037976	0.0159469102661795	0.35	4.28	55	0	5.712138095859132e-07	0.0	0.0	0.0	0.0	0x154b4661a08eaffc746bdf7451a17ee50ee904cf	0	0	0	0	0	0	0	0
388077	-276328	-276326	2	5640.543330268959	3798.46979	9440.36975260632	0.0	9439.01312026896	2.115535247539957	0.34	4.09	58	0	1.7578263622e-06	0.0	0.0	0.0	0.0	0x7617452156f474836604c1a79c79c0627be5fe74	0	0	0	0	0	1	0	0
621054	-276318	-276317	1	5618.695240311503	3907.009346	9523.270836737178	0.0	9525.704586311504	1.0719104955694678	0.34	4.11	87	0	7.638324528436158e-07	0.0	0.0	0.0	0.0	0xb0bada5d45d939a03c6d211d24a61a4418d7cd13	true	-887272	887272	0	0	0	0	100
621058	-276318	-276317	1	5026.7295820141	3495.380798	8519.93304230271	0.0	8522.110380014099	0.9571605098033148	0.34	4.1	87	0	7.638324528436158e-07	0.0	0.0	0.0	0.0	0xb0bada5d45d939a03c6d211d24a61a4418d7cd13	true	-887272	887272	0	0	0	0	100
464830	-276325	-276323	2	1196.6340839547408	6855.658883	0.0	8052.39801	8052.292966954741	0.9040698214497412	0.34	4.1	77	0	1.62408975157291e-09	0.0	0.0	0.0	0.0	0x7617452156f474836604c1a79c79c0627be5fe74	0	0	0	0	0	1	0	0
105758	-276356	-276355	1	422.24083717056413	81.302503	468.0246036921748	35.664349	503.54334017056425	0.0569649412199929	0.34	4.13	91	0	5.478453024565511e-07	0.0	0.0	0.0	0.0	0x3c9c796c1952ef0dac2a0c3419b2fd93c7fea15b	true	-887272	887272	0	0	0	0	100
305145	-276338	-276337	1	32968.72268970811	18110.04527	51103.76880483785	0.0	51078.76795970812	5.632560823688952	0.33	4.02	94	0	6.863593471351237e-07	0.0	0.0	0.0	0.0	0xb0bada5d45d939a03c6d211d24a61a4418d7cd13	true	-887272	887272	0	0	0	0	100
305132	-276338	-276337	1	6381.849685779463	3503.57757	9890.263953222724	0.0	9885.427255779465	1.0990295791360536	0.33	4.06	100	0	6.860521151175192e-07	0.0	0.0	0.0	0.0	0xb0bada5d45d939a03c6d211d24a61a4418d7cd13	true	-887272	887272	0	0	0	0	100
305133	-276338	-276337	1	2570.383613763973	1411.117281	3983.448945501016	0.0	3981.5008947639735	0.4422832562219302	0.33	4.05	100	0	6.860521151175192e-07	0.0	0.0	0.0	0.0	0xb0bada5d45d939a03c6d211d24a61a4418d7cd13	true	-887272	887272	0	0	0	0	50
305134	-276338	-276337	1	1820.3497270201424	999.355483	2821.0848224024276	0.0	2819.7052100201427	0.3130574352662073	0.33	4.05	100	0	6.860521151175192e-07	0.0	0.0	0.0	0.0	0xb0bada5d45d939a03c6d211d24a61a4418d7cd13	true	-887272	887272	0	0	0	0	100
202238	-276351	-276350	1	1512.0704183312412	1275.586519	2791.072816968788	0.0	2787.6569373312414	0.3055650811504399	0.33	4.0	100	0		0.0	0.0	0.0	0.0	0xb0bada5d45d939a03c6d211d24a61a4418d7cd13	true	-887272	887272	0	0	0	0	100
247225	-276339	-276338	1	9061.148127204951	878.99181	9941.453123645453	0.0	9940.139937204953	1.0582144497143715	0.32	3.89	100	0		0.0	0.0	0.0	0.0	0xb0bada5d45d939a03c6d211d24a61a4418d7cd13	true	-887272	887272	0	0	0	0	100
561361	-276320	-276319	1	9239.6435376528	402.110551	0.0	9645.95636	9641.7540886528	1.0197261786795335	0.32	3.86	100	0	3.73900943539951e-07	0.0	0.0	0.0	0.0	0xb0bada5d45d939a03c6d211d24a61a4418d7cd13	true	-887272	887272	0	0	0	0	100
678093	-276304	-276303	1	2665.584278331505	6786.291655	9438.056708009817	0.0	9451.875933331508	1.0161927081626	0.32	3.92	91	0		0.0	0.0	0.0	0.0	0xb0bada5d45d939a03c6d211d24a61a4418d7cd13	true	-887272	887272	0	0	0	0	100
644436	-276320	-276319	1	1897.5505733316568	7612.268758	0.0	9510.754367	9509.819331331655	1.0060157517125037	0.32	3.86	100	0	2.1434853891832964e-09	0.0	0.0	0.0	0.0	0xb0bada5d45d939a03c6d211d24a61a4418d7cd13	true	-887272	887272	0	0	0	0	100
408329	-276330	-276329	1	4399.913736650524	4324.942685	0.0	8722.5579	8724.856421650524	0.9414525606927588	0.32	3.94	100	0	8.944116558495807e-08	0.0	0.0	0.0	0.0	0xad14641448a909cc0dec88c0a0543e7e9fe3a581	true	-887272	887272	0	0	0	0	100
561364	-276320	-276319	1	8272.512766294092	360.020887	0.0	8636.296066	8632.533653294095	0.9121141134231184	0.32	3.86	100	0	3.73900943539951e-07	0.0	0.0	0.0	0.0	0xb0bada5d45d939a03c6d211d24a61a4418d7cd13	true	-887272	887272	0	0	0	0	100
678094	-276304	-276303	1	2387.602479798824	6078.579813	8453.804212347504	0.0	8466.182292798823	0.909242765362688	0.32	3.92	92	0		0.0	0.0	0.0	0.0	0xb0bada5d45d939a03c6d211d24a61a4418d7cd13	true	-887272	887272	0	0	0	0	100
644438	-276320	-276319	1	1697.6818639160567	6810.469663	0.0	8508.988076	8508.151526916057	0.899140283138584	0.32	3.86	100	0	2.1434853891832964e-09	0.0	0.0	0.0	0.0	0xb0bada5d45d939a03c6d211d24a61a4418d7cd13	true	-887272	887272	0	0	0	0	100
247230	-276339	-276338	1	2585.1575866904623	250.77753	2836.3097705199157	0.0	2835.9351166904626	0.2979024513818332	0.32	3.83	100	0		0.0	0.0	0.0	0.0	0xb0bada5d45d939a03c6d211d24a61a4418d7cd13	true	-887272	887272	0	0	0	0	100
376623	-276327	-276325	2	164.2799724937266	870.703578	1035.169218145652	0.0	1034.9835504937266	0.1110994693536139	0.32	3.92	91	0		0.0	0.0	0.0	0.0	0xb0bada5d45d939a03c6d211d24a61a4418d7cd13	true	-887272	887272	0	0	1	0	100
376161	-276326	-276325	1	3036.6362176603757	47892.076249	50935.912596567054	0.0	50928.71246666037	5.342595885243764	0.31	3.83	100	0	1.0531214567e-06	0.0	0.0	0.0	0.0	0xb0bada5d45d939a03c6d211d24a61a4418d7cd13	true	-887272	887272	0	0	0	0	100
291550	-276339	-276338	1	33002.38612631553	18004.19693	0.0	50959.435925	51006.583056315525	5.298936410899707	0.31	3.79	100	0	1.2026012408128397e-07	0.0	0.0	0.0	0.0	0xb0bada5d45d939a03c6d211d24a61a4418d7cd13	true	-887272	887272	0	0	0	0	100
376162	-276326	-276325	1	581.3575971018921	9168.836954	9751.573000781516	0.0	9750.194551101891	1.0221394756051865	0.31	3.83	100	0	1.0531214567e-06	0.0	0.0	0.0	0.0	0xb0bada5d45d939a03c6d211d24a61a4418d7cd13	true	-887272	887272	0	0	0	0	100
380568	-276327	-276326	1	6647.552421133455	2793.695631	9442.03750542192	0.0	9441.248052133456	0.9861547591108014	0.31	3.81	69	0	7.759791920136649e-07	0.0	0.0	0.0	0.0	0x7617452156f474836604c1a79c79c0627be5fe74	0	0	0	0	0	0	0	0
376164	-276326	-276325	1	235.36024230925193	3711.966091	3947.884393016779	0.0	3947.326333309252	0.41365590168963	0.31	3.82	100	0	1.0531214567e-06	0.0	0.0	0.0	0.0	0xb0bada5d45d939a03c6d211d24a61a4418d7cd13	true	-887272	887272	0	0	0	0	50
291552	-276339	-276338	1	2580.123978150601	1407.566715	0.0	3984.004733	3987.6906931506014	0.4129446833393214	0.31	3.78	100	0	4.9114035061137435e-08	0.0	0.0	0.0	0.0	0xb0bada5d45d939a03c6d211d24a61a4418d7cd13	true	-887272	887272	0	0	0	0	50
272086	-276339	-276338	1	1421.6529946610672	1409.961656	2833.692161014436	0.0	2831.614650661067	0.2958959368647338	0.31	3.81	76	0	6.369675231709948e-07	0.0	0.0	0.0	0.0	0xb0bada5d45d939a03c6d211d24a61a4418d7cd13	true	-887272	887272	0	0	0	0	100
376166	-276326	-276325	1	167.70002805602465	2644.868188	2812.965847481328	0.0	2812.5682160560245	0.2946073005362344	0.31	3.82	100	0	1.0531214567e-06	0.0	0.0	0.0	0.0	0xb0bada5d45d939a03c6d211d24a61a4418d7cd13	true	-887272	887272	0	0	0	0	100
291554	-276339	-276338	1	1827.3077798613692	996.873651	0.0	2821.570942	2824.1814308613693	0.2917763857255533	0.31	3.77	100	0	4.9114035061137435e-08	0.0	0.0	0.0	0.0	0xb0bada5d45d939a03c6d211d24a61a4418d7cd13	true	-887272	887272	0	0	0	0	100
376186	-276326	-276325	1	131.42434883874043	2072.749083	2204.485050457736	0.0	2204.1734318387407	0.2274693918628543	0.31	3.77	100	0	1.0531214567e-06	0.0	0.0	0.0	0.0	0xb0bada5d45d939a03c6d211d24a61a4418d7cd13	true	-887272	887272	0	0	0	0	100
274907	-276340	-276339	1	12.036742505355045	7.192054	19.24015845449833	0.0	19.22879650535505	0.001973543865327	0.31	3.75	100	0		0.0	0.0	0.0	0.0	0xf0e6ab264de1b35979f71a9084ad4e23d42aa3c0	0	0	0	0	0	0	0	0
225892	-276351	-276348	3	4029.8175351948753	7034.442265	0.0	11054.391681	11064.259800194875	2.219818738210773	0.3	3.66	40	0		0.0	0.0	0.0	0.0	0x7617452156f474836604c1a79c79c0627be5fe74	0	0	0	0	0	1	1	0
546204	-276319	-276318	1	9502.783633303849	151.325719	9654.033193304418	0.0	9654.109352303847	0.9349975124563285	0.29	3.54	100	0	5.876253816872179e-07	0.0	0.0	0.0	0.0	0xb0bada5d45d939a03c6d211d24a61a4418d7cd13	true	-887272	887272	0	0	0	0	100
652329	-276317	-276316	1	6685.924743462178	2812.777899	0.0	9503.835416	9498.70264246218	0.918303402788832	0.29	3.53	79	0	3.8853172568e-06	0.0	0.0	0.0	0.0	0xb0bada5d45d939a03c6d211d24a61a4418d7cd13	true	-887272	887272	0	0	0	0	100
546208	-276319	-276318	1	8509.950847023223	135.515495	8645.398140248739	0.0	8645.466342023223	0.836532089110112	0.29	3.53	100	0	5.876253816872179e-07	0.0	0.0	0.0	0.0	0xb0bada5d45d939a03c6d211d24a61a4418d7cd13	true	-887272	887272	0	0	0	0	100
652331	-276317	-276316	1	1528.9940925916908	6972.556806	0.0	8502.764798	8501.55089859169	0.8205494704300561	0.29	3.52	79	0	3.5108497997e-06	0.0	0.0	0.0	0.0	0xb0bada5d45d939a03c6d211d24a61a4418d7cd13	true	-887272	887272	0	0	0	0	100
146102	-276342	-276341	1	297.3351058207448	693.914795	0.0	990.741224	991.2499008207448	0.0960393045883225	0.29	3.54	100	0		0.0	0.0	0.0	0.0	0x2294373be13bf67ab063010c29b3901677b7b067	true	-887272	887272	0	0	0	0	100
201444	-276350	-276349	1	60.74687153648991	10.718761	71.49342699255122	0.0	71.4656325364899	0.0069999227739988	0.29	3.58	53	0		0.0	0.0	0.0	0.0	0xa7bf8f67045ef716ee87ded1faadff10f226c02d	true	-887272	887272	0	0	0	0	100
372502	-276325	-276324	1	34348.29840886143	16621.946033	0.0	50968.851142	50970.24444186143	4.80516358745042	0.28	3.44	100	0	8.258969064200984e-08	0.0	0.0	0.0	0.0	0xb0bada5d45d939a03c6d211d24a61a4418d7cd13	true	-887272	887272	0	0	0	0	100
310761	-276338	-276336	2	6277.832294164372	4198.234576	7423.062803681074	3054.523927	10476.066870164372	1.9355195421289848	0.28	3.37	100	0	6.154998288820934e-07	0.0	0.0	0.0	0.0	0x7617452156f474836604c1a79c79c0627be5fe74	0	0	0	0	0	1	0	0
272091	-276339	-276338	1	4983.01280786809	4942.033685	9932.328342372137	0.0	9925.04649286809	0.9422032857820404	0.28	3.47	77	0	6.369675231709948e-07	0.0	0.0	0.0	0.0	0xb0bada5d45d939a03c6d211d24a61a4418d7cd13	true	-887272	887272	0	0	0	0	100
291614	-276339	-276338	1	6405.605241948184	3494.528481	0.0	9890.982689	9900.133722948183	0.9156645907980818	0.28	3.38	100	0	4.9114035061137435e-08	0.0	0.0	0.0	0.0	0xb0bada5d45d939a03c6d211d24a61a4418d7cd13	true	-887272	887272	0	0	0	0	100
618360	-276319	-276318	1	3992.096472988968	5536.149936	0.0	9530.569124	9528.246408988967	0.8813731511691224	0.28	3.38	100	0	1.6935468583056945e-07	0.0	0.0	0.0	0.0	0xb0bada5d45d939a03c6d211d24a61a4418d7cd13	true	-887272	887272	0	0	0	0	100
618361	-276319	-276318	1	3571.6079468282146	4953.02587	0.0	8526.71188	8524.633816828216	0.7877861905978744	0.28	3.37	100	0	1.6935468583056945e-07	0.0	0.0	0.0	0.0	0xb0bada5d45d939a03c6d211d24a61a4418d7cd13	true	-887272	887272	0	0	0	0	100
379808	-276327	-276326	1	47.35073569411501	3898.65633	3662.2723270431256	284.618397	3946.0070656941143	0.3699537566884709	0.28	3.42	100	0		0.0	0.0	0.0	0.0	0xb0bada5d45d939a03c6d211d24a61a4418d7cd13	true	-887272	887272	0	0	0	0	50
83279	-276356	-276355	1	6661.643339269049	8828.650867	6521.519833590217	8968.33512	15490.294206269047	1.413932434609676	0.27	3.33	100	0	8.956835273465912e-10	0.0	0.0	0.0	0.0	0x97b73b8eaa8662381383a67e0dbcab67f78337dd	true	-887272	887272	0	0	0	0	100
543652	-276320	-276319	1	109.99809548794524	9550.560025	0.0	9660.613358	9660.558120487944	0.8827553332373553	0.27	3.34	100	0		0.0	0.0	0.0	0.0	0xb0bada5d45d939a03c6d211d24a61a4418d7cd13	true	-887272	887272	0	0	0	0	100
559897	-276321	-276320	1	4417.99597983376	5227.835826	0.0	9647.509723	9645.83180583376	0.8813015092880288	0.27	3.33	100	0		0.0	0.0	0.0	0.0	0xb0bada5d45d939a03c6d211d24a61a4418d7cd13	true	-887272	887272	0	0	0	0	100
543658	-276320	-276319	1	98.5168875374353	8553.706714	0.0	8652.273074	8652.223601537435	0.7897087887976388	0.27	3.33	100	0		0.0	0.0	0.0	0.0	0xb0bada5d45d939a03c6d211d24a61a4418d7cd13	true	-887272	887272	0	0	0	0	100
559898	-276321	-276320	1	3956.003711706077	4681.15816	0.0	8638.664328	8637.161871706077	0.7878403116486054	0.27	3.33	100	0		0.0	0.0	0.0	0.0	0xb0bada5d45d939a03c6d211d24a61a4418d7cd13	true	-887272	887272	0	0	0	0	100
197282	-276348	-276347	1	2753.147993651187	39.48552	2792.7282549203283	0.0	2792.633513651187	0.2496290737856567	0.27	3.26	0	0		0.0	0.0	0.0	0.0	0xb0bada5d45d939a03c6d211d24a61a4418d7cd13	true	-887272	887272	0	0	0	0	100
379802	-276327	-276326	1	12523.048480777124	50964.119769	58914.6721765192	4583.835288	63487.168249777125	5.510293153666456	0.26	3.17	76	0		0.0	0.0	0.0	0.0	0xb0bada5d45d939a03c6d211d24a61a4418d7cd13	true	-887272	887272	0	0	0	0	100
588572	-276315	-276314	1	1928.0416375560328	7695.909274	0.0	9625.865576	9623.950911556032	0.8480055995849777	0.26	3.22	100	0	1.7762156190315181e-07	0.0	0.0	0.0	0.0	0xb0bada5d45d939a03c6d211d24a61a4418d7cd13	true	-887272	887272	0	0	0	0	100
358221	-276330	-276329	1	8766.919924922868	1006.740684	0.0	9768.908682	9773.660608922868	0.8345732580153203	0.26	3.12	100	0		0.0	0.0	0.0	0.0	0xb0bada5d45d939a03c6d211d24a61a4418d7cd13	true	-887272	887272	0	0	0	0	100
498365	-276320	-276319	1	7346.228286529314	2334.542468	0.0	9684.185151	9680.770754529314	0.8307753349232347	0.26	3.13	100	0	7.08236358448744e-08	0.0	0.0	0.0	0.0	0xb0bada5d45d939a03c6d211d24a61a4418d7cd13	true	-887272	887272	0	0	0	0	100
588576	-276315	-276314	1	1726.0867338380483	6889.792546	0.0	8617.59339	8615.879279838047	0.7578775351878264	0.26	3.21	100	0	3.482470090077072e-07	0.0	0.0	0.0	0.0	0xb0bada5d45d939a03c6d211d24a61a4418d7cd13	true	-887272	887272	0	0	0	0	100
498367	-276320	-276319	1	6580.416155203993	2091.176638	0.0	8674.651254	8671.592793203992	0.7428877540946957	0.26	3.13	100	0	7.08236358448744e-08	0.0	0.0	0.0	0.0	0xb0bada5d45d939a03c6d211d24a61a4418d7cd13	true	-887272	887272	0	0	0	0	100
305015	-276340	-276338	2	2843.2409512187114	7957.251923	0.0	10796.448168	10800.492874218711	0.8880014855696421	0.25	3.0	100	0	9.99439753179843e-08	0.0	0.0	0.0	0.0	0x7617452156f474836604c1a79c79c0627be5fe74	0	0	0	0	0	1	0	0
347499	-276332	-276331	1	4482.503085180314	5429.929991	0.0	9909.207187	9912.433076180314	0.821166770598616	0.25	3.02	100	0		0.0	0.0	0.0	0.0	0x7617452156f474836604c1a79c79c0627be5fe74	0	0	0	0	0	0	0	0
671913	-276313	-276312	1	1994.9786168992512	7490.781952	9477.210518353084	0.0	9485.760568899252	0.8014667028636507	0.25	3.08	90	0	1.290283435650963e-07	0.0	0.0	0.0	0.0	0xb0bada5d45d939a03c6d211d24a61a4418d7cd13	true	-887272	887272	0	0	0	0	100
679387	-276309	-276308	1	4590.173056764011	4846.453915	9429.226146060617	0.0	9436.62697176401	0.7713985901796749	0.25	2.98	94	0	7.285999914508068e-07	0.0	0.0	0.0	0.0	0xb0bada5d45d939a03c6d211d24a61a4418d7cd13	true	-887272	887272	0	0	0	0	100
671914	-276313	-276312	1	1784.584918707628	6700.791872	8477.728442401814	0.0	8485.376790707627	0.7160308679080063	0.25	3.08	90	0	1.290283435650963e-07	0.0	0.0	0.0	0.0	0xb0bada5d45d939a03c6d211d24a61a4418d7cd13	true	-887272	887272	0	0	0	0	100
358223	-276330	-276329	1	3549.4904352261988	407.602266	0.0	3955.168774	3957.092701226199	0.3361593234956297	0.25	3.1	100	0		0.0	0.0	0.0	0.0	0xb0bada5d45d939a03c6d211d24a61a4418d7cd13	true	-887272	887272	0	0	0	0	50
358225	-276330	-276329	1	2500.214141842293	287.109649	0.0	2785.968601	2787.323790842293	0.2361520240804634	0.25	3.09	100	0		0.0	0.0	0.0	0.0	0xb0bada5d45d939a03c6d211d24a61a4418d7cd13	true	-887272	887272	0	0	0	0	100
679388	-276309	-276308	1	4111.028355494346	4340.557365	8444.957429154463	0.0	8451.585720494346	0.6899632887136924	0.24	2.98	94	0	7.285999914508068e-07	0.0	0.0	0.0	0.0	0xb0bada5d45d939a03c6d211d24a61a4418d7cd13	true	-887272	887272	0	0	0	0	100
678651	-276305	-276304	1	2484.610890987904	5979.157346	8452.192753586804	0.0	8463.768236987904	0.6744486389797483	0.24	2.91	97	0	1.866311261e-06	0.0	0.0	0.0	0.0	0xb0bada5d45d939a03c6d211d24a61a4418d7cd13	true	-887272	887272	0	0	0	0	100
276787	-276341	-276340	1	605.82387705735	2222.796146	0.0	2827.646658	2828.62002305735	0.2241812183283336	0.24	2.89	100	0		0.0	0.0	0.0	0.0	0xb0bada5d45d939a03c6d211d24a61a4418d7cd13	true	-887272	887272	0	0	0	0	100
110888	-276375	-276335	40	488.0105604056827	509.297548	488.0105604056827	509.297547	997.3081084056828	0.0793170847731465	0.24	2.9	100	0	0.0	0.0	0.0	0.0	0.0	0x3c9c796c1952ef0dac2a0c3419b2fd93c7fea15b	0	0	0	0	0	0	0	0
201954	-276351	-276349	2	41.46388507427117	52.10047	93.70215913451615	0.0	93.56435507427116	0.007590200489517	0.24	2.96	41	0	1.4996707653e-06	0.0	0.0	0.0	0.0	0x9252c1a75e3cae382ac6c8fffa4e21c87ad95fab	0	0	0	0	0	1	0	0
196853	-276347	-276346	1	48.85322356887825	22.665824	71.5708150804791	0.0	71.51904756887825	0.0056999077766224	0.24	2.91	72	0	5.838106331701454e-07	0.0	0.0	0.0	0.0	0xa7bf8f67045ef716ee87ded1faadff10f226c02d	true	-887272	887272	0	0	0	0	100
614864	-276319	-276317	2	10066.75601951142	213.619207	10280.267352359266	0.0	10280.375226511422	1.5931714458335156	0.23	2.83	36	0		0.0	0.0	0.0	0.0	0x7617452156f474836604c1a79c79c0627be5fe74	0	0	0	0	0	1	0	0
351070	-276331	-276330	1	3740.450472898079	6682.363309	0.0	10420.513134	10422.81378189808	1.5701899593301905	0.23	2.75	65	0	2.0977515280407038e-07	0.0	0.0	0.0	0.0	0x7617452156f474836604c1a79c79c0627be5fe74	0	0	0	0	0	0	0	0
563122	-276319	-276318	1	1295.0501195375816	8347.87106	0.0	9643.693124	9642.92117953758	0.7536087507088665	0.23	2.85	100	0	3.886742039327373e-08	0.0	0.0	0.0	0.0	0xb0bada5d45d939a03c6d211d24a61a4418d7cd13	true	-887272	887272	0	0	0	0	100
678656	-276305	-276304	1	2997.170604420525	6451.332053	9436.020676988583	0.0	9448.502657420526	0.7333239489674152	0.23	2.83	99	0		0.0	0.0	0.0	0.0	0xb0bada5d45d939a03c6d211d24a61a4418d7cd13	true	-887272	887272	0	0	0	0	100
563125	-276319	-276318	1	1159.492575548086	7474.069436	0.0	8634.253153	8633.562011548085	0.673617384137869	0.23	2.85	100	0	1.1647587339069788e-07	0.0	0.0	0.0	0.0	0xb0bada5d45d939a03c6d211d24a61a4418d7cd13	true	-887272	887272	0	0	0	0	100
496697	-276321	-276320	1	865.9769758711341	8819.47473	0.0	9685.796565	9685.451705871134	0.7008813933068916	0.22	2.64	100	0		0.0	0.0	0.0	0.0	0xb0bada5d45d939a03c6d211d24a61a4418d7cd13	true	-887272	887272	0	0	0	0	100
496672	-276321	-276320	1	775.7137082602292	7900.195546	0.0	8676.218167	8675.909254260228	0.649647989873177	0.22	2.73	100	0		0.0	0.0	0.0	0.0	0xb0bada5d45d939a03c6d211d24a61a4418d7cd13	true	-887272	887272	0	0	0	0	100
217824	-276347	-276346	1	6370.197627069733	11138.880056	0.0	17494.980701	17509.077683069732	1.2236512690589745	0.21	2.55	100	0		0.0	0.0	0.0	0.0	0xb0bada5d45d939a03c6d211d24a61a4418d7cd13	true	-887272	887272	0	0	0	0	100
276794	-276341	-276340	1	2123.6705149809786	7791.846467	0.0	9912.104925	9915.516981980978	0.6860430396462531	0.21	2.53	100	0		0.0	0.0	0.0	0.0	0xb0bada5d45d939a03c6d211d24a61a4418d7cd13	true	-887272	887272	0	0	0	0	100
229858	-276351	-276350	1	415.44215239060367	2423.693025	2845.5774737269526	0.0	2839.1351773906035	0.1848653868108032	0.2	2.38	100	0		0.0	0.0	0.0	0.0	0xb0bada5d45d939a03c6d211d24a61a4418d7cd13	true	-887272	887272	0	0	0	0	100
276783	-276341	-276340	1	96.18019237977283	255.09231	0.0	351.117568	351.27250237977285	0.0235669684485221	0.2	2.45	100	0		0.0	0.0	0.0	0.0	0xc7ddb3a9b3230eabbb5d3953146df05eb9d1de50	0	0	0	0	0	0	0	0
229865	-276351	-276350	1	1456.048059525452	8494.596674	9973.223793029769	0.0	9950.644733525452	0.6205991248055437	0.19	2.28	100	0		0.0	0.0	0.0	0.0	0xb0bada5d45d939a03c6d211d24a61a4418d7cd13	true	-887272	887272	0	0	0	0	100
676405	-276313	-276312	1	949.3920454019216	8532.834097	9472.43969052453	0.0	9482.226142401922	0.61329521398485	0.19	2.36	100	0	9.1378415945087e-07	0.0	0.0	0.0	0.0	0xb0bada5d45d939a03c6d211d24a61a4418d7cd13	true	-887272	887272	0	0	0	0	100
676406	-276313	-276312	1	849.1451008585412	7631.846407	8472.238413354018	0.0	8480.991507858542	0.5475112773260293	0.19	2.36	100	0	9.1378415945087e-07	0.0	0.0	0.0	0.0	0xb0bada5d45d939a03c6d211d24a61a4418d7cd13	true	-887272	887272	0	0	0	0	100
272149	-276339	-276338	1	23782.583541937624	27477.145249	51300.16262801669	0.0	51259.72879093763	3.1349365441327706	0.18	2.23	87	0	6.507485883489039e-07	0.0	0.0	0.0	0.0	0xb0bada5d45d939a03c6d211d24a61a4418d7cd13	true	-887272	887272	0	0	0	0	100
332662	-276336	-276335	1	45557.806934162734	4613.277571	50176.59001257676	0.0	50171.08450516274	3.0318832414861165	0.18	2.21	97	0	6.897202697864202e-07	0.0	0.0	0.0	0.0	0xb0bada5d45d939a03c6d211d24a61a4418d7cd13	true	-887272	887272	0	0	0	0	100
332665	-276336	-276335	1	37083.488387491605	3754.463078	40842.4320651892	0.0	40837.95146549161	2.4554525256942465	0.18	2.19	97	0	6.897202697864202e-07	0.0	0.0	0.0	0.0	0xb0bada5d45d939a03c6d211d24a61a4418d7cd13	true	-887272	887272	0	0	0	0	100
195741	-276344	-276343	1	14068.710865754065	1853.795172	15926.201410104764	0.0	15922.506037754065	0.9334482381747092	0.18	2.14	100	0	5.785306900207843e-07	0.0	0.0	0.0	0.0	0xb0bada5d45d939a03c6d211d24a61a4418d7cd13	true	-887272	887272	0	0	0	0	100
459494	-276327	-276326	1	613.9575185869624	9096.655216	0.0	9710.489644	9710.61273458696	0.5967683998756688	0.18	2.24	100	0		0.0	0.0	0.0	0.0	0xb0bada5d45d939a03c6d211d24a61a4418d7cd13	true	-887272	887272	0	0	0	0	100
332674	-276336	-276335	1	8490.902954356516	1379.708873	9872.255072601565	0.0	9870.611827356515	0.5883051474452038	0.18	2.18	97	0	7.220756326198341e-07	0.0	0.0	0.0	0.0	0xb0bada5d45d939a03c6d211d24a61a4418d7cd13	true	-887272	887272	0	0	0	0	100
459495	-276327	-276326	1	549.9361901987461	8148.088038	0.0	8697.913973	8698.024228198747	0.5326152516303216	0.18	2.24	100	0		0.0	0.0	0.0	0.0	0xb0bada5d45d939a03c6d211d24a61a4418d7cd13	true	-887272	887272	0	0	0	0	100
290239	-276341	-276338	3	2927.407922256196	2171.736456	0.0	5094.805257	5099.144378256196	0.3054325252991609	0.18	2.19	100	0	5.666451530217387e-07	0.0	0.0	0.0	0.0	0x66c0d9152209b51977047b9dc3b0b5bf2339b67c	true	-887272	887272	1	1	1	1	100
332679	-276336	-276335	1	3177.215403666484	798.194175	3976.3577956002496	0.0	3975.409578666484	0.2363532386112604	0.18	2.17	97	0		0.0	0.0	0.0	0.0	0xb0bada5d45d939a03c6d211d24a61a4418d7cd13	true	-887272	887272	0	0	0	0	50
332682	-276336	-276335	1	2243.6912167687346	563.67008	2808.030909840916	0.0	2807.361296768735	0.1661136766962904	0.18	2.16	97	0		0.0	0.0	0.0	0.0	0xb0bada5d45d939a03c6d211d24a61a4418d7cd13	true	-887272	887272	0	0	0	0	100
195742	-276344	-276343	1	2469.4054816700555	325.38674	2795.440850236432	0.0	2794.792221670056	0.1632489491142083	0.18	2.13	100	0	5.785306900207843e-07	0.0	0.0	0.0	0.0	0xb0bada5d45d939a03c6d211d24a61a4418d7cd13	true	-887272	887272	0	0	0	0	100
569558	-276319	-276318	1	310.9671639814077	9328.797287	0.0	9639.951398	9639.764450981407	0.542192054907082	0.17	2.05	100	0		0.0	0.0	0.0	0.0	0xb0bada5d45d939a03c6d211d24a61a4418d7cd13	true	-887272	887272	0	0	0	0	100
643490	-276316	-276315	1	6994.667947296872	1512.274404	8505.715659861558	0.0	8506.942351296871	0.4897028175479769	0.17	2.1	96	0	4.657143670705466e-07	0.0	0.0	0.0	0.0	0xb0bada5d45d939a03c6d211d24a61a4418d7cd13	true	-887272	887272	0	0	0	0	100
569561	-276319	-276318	1	278.4125130284264	8352.180542	0.0	8630.760431	8630.593055028427	0.4844583317293741	0.17	2.05	100	0		0.0	0.0	0.0	0.0	0xb0bada5d45d939a03c6d211d24a61a4418d7cd13	true	-887272	887272	0	0	0	0	100
614132	-276322	-276321	1	3775.4376990543265	5770.391135	0.0	9546.896872	9545.828834054326	0.5082521869359077	0.16	1.94	100	0	1.2946865024e-06	0.0	0.0	0.0	0.0	0xb0bada5d45d939a03c6d211d24a61a4418d7cd13	true	-887272	887272	0	0	0	0	100
614133	-276322	-276321	1	3379.1245993863095	5164.664917	0.0	8544.745441	8543.78951638631	0.4537425140724014	0.16	1.94	100	0	2.529280562768577e-07	0.0	0.0	0.0	0.0	0xb0bada5d45d939a03c6d211d24a61a4418d7cd13	true	-887272	887272	0	0	0	0	100
222844	-276348	-276344	4	4948.99522755098	6121.328484	11084.336410583914	0.0	11070.32371155098	0.5632314351610909	0.15	1.86	89	0	1.3658723152e-06	0.0	0.0	0.0	0.0	0x7617452156f474836604c1a79c79c0627be5fe74	0	0	0	0	0	2	1	0
97369	-276367	-276347	20	5452.702984972992	5474.266154	5748.1320318224	5179.816468	10926.969138972992	0.5303777948461911	0.15	1.77	100	0	2.7255444345e-06	0.0	0.0	0.0	0.0	0x6dd1e0028ef0a634b01e13b2291949255610b38f	0	0	0	0	0	0	0	0
374258	-276325	-276324	1	1462.8191869212108	8300.772414	9764.046863475818	0.0	9763.59160092121	0.5002393594552909	0.15	1.87	41	0	2.372746443768392e-07	0.0	0.0	0.0	0.0	0x7617452156f474836604c1a79c79c0627be5fe74	0	0	0	0	0	0	0	0
615091	-276318	-276317	1	245.22503505995368	9295.276609	0.0	9540.673685	9540.501644059954	0.4820773336553833	0.15	1.84	100	0	1.6686652060116103e-11	0.0	0.0	0.0	0.0	0xb0bada5d45d939a03c6d211d24a61a4418d7cd13	true	-887272	887272	0	0	0	0	100
549294	-276320	-276319	1	5450.660141490973	4203.884963	0.0	9657.131436	9654.545104490971	0.4766135918271961	0.15	1.8	100	0		0.0	0.0	0.0	0.0	0xb0bada5d45d939a03c6d211d24a61a4418d7cd13	true	-887272	887272	0	0	0	0	100
518976	-276315	-276314	1	914.9187215956806	8756.308002	9662.930881698983	0.0	9671.22672359568	0.4714254391280663	0.15	1.78	100	0		0.0	0.0	0.0	0.0	0xb0bada5d45d939a03c6d211d24a61a4418d7cd13	true	-887272	887272	0	0	0	0	100
615093	-276318	-276317	1	219.45344912055057	8318.402368	0.0	8538.009778	8537.85581712055	0.4302858283783501	0.15	1.84	100	0	1.6686652060116103e-11	0.0	0.0	0.0	0.0	0xb0bada5d45d939a03c6d211d24a61a4418d7cd13	true	-887272	887272	0	0	0	0	100
549296	-276320	-276319	1	4881.156327967194	3764.64853	0.0	8648.12096	8645.804857967194	0.4260086976430373	0.15	1.8	100	0		0.0	0.0	0.0	0.0	0xb0bada5d45d939a03c6d211d24a61a4418d7cd13	true	-887272	887272	0	0	0	0	100
518979	-276315	-276314	1	819.6184463692663	7844.228554	8656.415274592755	0.0	8663.847000369267	0.4218639630747549	0.15	1.78	100	0		0.0	0.0	0.0	0.0	0xb0bada5d45d939a03c6d211d24a61a4418d7cd13	true	-887272	887272	0	0	0	0	100
671412	-276314	-276313	1	2509.58069195714	6977.605035	0.0	9489.921035	9487.18572695714	0.441794244188299	0.14	1.7	100	0	2.7171431771222387e-08	0.0	0.0	0.0	0.0	0xb0bada5d45d939a03c6d211d24a61a4418d7cd13	true	-887272	887272	0	0	0	0	100
643593	-276316	-276315	1	7818.1527739487165	1690.315025	9507.09668873768	0.0	9508.467798948715	0.4288277392813829	0.14	1.65	100	0	4.657143670705466e-07	0.0	0.0	0.0	0.0	0xb0bada5d45d939a03c6d211d24a61a4418d7cd13	true	-887272	887272	0	0	0	0	100
671414	-276314	-276313	1	2244.9396542660456	6241.800587	0.0	8489.187104	8486.740241266045	0.3941801867705203	0.14	1.7	100	0	2.7171431771222387e-08	0.0	0.0	0.0	0.0	0xb0bada5d45d939a03c6d211d24a61a4418d7cd13	true	-887272	887272	0	0	0	0	100
612713	-276316	-276314	2	2204.575241120775	2676.147312	4878.4289813766745	0.0	4880.722553120775	0.2217052720054144	0.14	1.66	58	0		0.0	0.0	0.0	0.0	0x7617452156f474836604c1a79c79c0627be5fe74	0	0	0	0	0	1	0	0
271960	-276340	-276339	1	1904.5834213435608	928.493113	0.0	2830.163084	2833.076534343561	0.1345492960616366	0.14	1.73	100	0	1.5288681431968598e-07	0.0	0.0	0.0	0.0	0xb0bada5d45d939a03c6d211d24a61a4418d7cd13	true	-887272	887272	0	0	0	0	100
224831	-276346	-276345	1	2436.665977161412	408.973652	2846.536281486112	0.0	2845.6396291614114	0.1328750945754485	0.14	1.7	81	0	1.1049042347e-06	0.0	0.0	0.0	0.0	0xb0bada5d45d939a03c6d211d24a61a4418d7cd13	true	-887272	887272	0	0	0	0	100
195803	-276344	-276343	1	63.28920138747025	8.466807	71.77288469344913	0.0	71.75600838747025	0.0032499027014859	0.14	1.65	100	0		0.0	0.0	0.0	0.0	0xa7bf8f67045ef716ee87ded1faadff10f226c02d	true	-887272	887272	0	0	0	0	100
615958	-276316	-276315	1	8236.103158397054	1295.714036	9530.768872903704	0.0	9531.817194397056	0.4134936543221223	0.13	1.58	74	0	5.309583772650228e-07	0.0	0.0	0.0	0.0	0xb0bada5d45d939a03c6d211d24a61a4418d7cd13	true	-887272	887272	0	0	0	0	100
601588	-276314	-276313	1	9417.060932575032	178.727445	9595.609109403256	0.0	9595.788377575032	0.4040733181127123	0.13	1.54	23	0	3.509241119914464e-07	0.0	0.0	0.0	0.0	0xb0bada5d45d939a03c6d211d24a61a4418d7cd13	true	-887272	887272	0	0	0	0	100
615961	-276316	-276315	1	7369.479003684918	1159.375641	8527.916630843585	0.0	8528.85464468492	0.368682717082527	0.13	1.58	74	0	6.350312831138183e-07	0.0	0.0	0.0	0.0	0xb0bada5d45d939a03c6d211d24a61a4418d7cd13	true	-887272	887272	0	0	0	0	100
601590	-276314	-276313	1	8426.489263508689	159.927275	8586.256127696399	0.0	8586.41653850869	0.3604117971514898	0.13	1.53	23	0	3.509241119914464e-07	0.0	0.0	0.0	0.0	0xb0bada5d45d939a03c6d211d24a61a4418d7cd13	true	-887272	887272	0	0	0	0	100
332846	-276337	-276335	2	3382.965447302776	4776.019885	8164.905189189321	0.0	8158.985332302775	0.3555020856251499	0.13	1.59	39	0	2.530392784194646e-07	0.0	0.0	0.0	0.0	0x7617452156f474836604c1a79c79c0627be5fe74	0	0	0	0	0	1	0	0
364279	-276328	-276327	1	504.36337031867646	1703.659845	0.0	2207.867512	2208.023215318676	0.0849480096121614	0.12	1.4	100	0		0.0	0.0	0.0	0.0	0xa1eca898ad4a4909c527c78b559ffdad005e761d	true	-887272	887272	0	0	0	0	100
276844	-276341	-276340	1	178.74771769840237	114.449522	0.0	292.906521	293.1972396984023	0.0113188815858363	0.12	1.41	100	0	0.0006567584137306	0.0	0.0	0.0	0.0	0xf0e6ab264de1b35979f71a9084ad4e23d42aa3c0	0	0	0	0	0	0	0	0
100472	-276384	-276328	56	8838.317129747325	8637.04027	8838.317129747325	8637.040269	17475.35739974732	0.6680562944423705	0.11	1.4	100	0	0.0	0.0	0.0	0.0	0.0	0x6dd1e0028ef0a634b01e13b2291949255610b38f	0	0	0	0	0	0	0	0
194747	-276344	-276343	1	13349.333163041314	2579.117484	15933.585205268713	0.0	15928.450647041314	0.581555265678124	0.11	1.33	0	0		0.0	0.0	0.0	0.0	0x97b73b8eaa8662381383a67e0dbcab67f78337dd	0	0	0	0	0	0	0	0
461054	-276326	-276325	1	1956.9801752208273	7750.808988	0.0	9707.578937	9707.789163220828	0.3671899429887813	0.11	1.38	100	0	7.546726576990181e-08	0.0	0.0	0.0	0.0	0xb0bada5d45d939a03c6d211d24a61a4418d7cd13	true	-887272	887272	0	0	0	0	100
616700	-276317	-276316	1	1065.6478443487133	8469.680583	9529.003812476596	0.0	9535.328427348712	0.3555187632688892	0.11	1.36	84	0		0.0	0.0	0.0	0.0	0xb0bada5d45d939a03c6d211d24a61a4418d7cd13	true	-887272	887272	0	0	0	0	100
679221	-276306	-276305	1	8132.21508629879	1301.297684	9431.160278683128	0.0	9433.512770298792	0.3455131173603479	0.11	1.34	100	0	7.072864072199536e-07	0.0	0.0	0.0	0.0	0xb0bada5d45d939a03c6d211d24a61a4418d7cd13	true	-887272	887272	0	0	0	0	100
617487	-276318	-276317	1	1655.7336346012548	7876.538573	9527.201963110096	0.0	9532.272207601254	0.3418417664423654	0.11	1.31	100	0		0.0	0.0	0.0	0.0	0xb0bada5d45d939a03c6d211d24a61a4418d7cd13	true	-887272	887272	0	0	0	0	100
461060	-276326	-276325	1	1753.0839677072815	6943.258366	0.0	8696.154011	8696.342333707282	0.3267150222776125	0.11	1.37	100	0	7.546726576990181e-08	0.0	0.0	0.0	0.0	0xb0bada5d45d939a03c6d211d24a61a4418d7cd13	true	-887272	887272	0	0	0	0	100
616701	-276317	-276316	1	1021.2477496197848	7510.299225	8525.941747006977	0.0	8531.546974619785	0.3168581104104258	0.11	1.36	84	0		0.0	0.0	0.0	0.0	0xb0bada5d45d939a03c6d211d24a61a4418d7cd13	true	-887272	887272	0	0	0	0	100
676680	-276314	-276313	1	5874.0996897626665	2597.925189	0.0	8478.30125	8472.024878762666	0.3113442150051856	0.11	1.34	100	0	1.7122835371e-06	0.0	0.0	0.0	0.0	0xb0bada5d45d939a03c6d211d24a61a4418d7cd13	true	-887272	887272	0	0	0	0	100
679222	-276306	-276305	1	7284.221896111216	1165.603834	8447.718546384978	0.0	8449.825730111215	0.3086171293844583	0.11	1.33	100	0	7.072864072199536e-07	0.0	0.0	0.0	0.0	0xb0bada5d45d939a03c6d211d24a61a4418d7cd13	true	-887272	887272	0	0	0	0	100
617490	-276318	-276317	1	1481.380001096556	7047.115838	8523.959506299476	0.0	8528.495839096555	0.3050930271650305	0.11	1.31	100	0		0.0	0.0	0.0	0.0	0xb0bada5d45d939a03c6d211d24a61a4418d7cd13	true	-887272	887272	0	0	0	0	100
379811	-276327	-276326	1	26.440290291561197	2176.980011	1852.6777879093177	351.180711	2203.4203012915614	0.0773169275791339	0.11	1.28	100	0		0.0	0.0	0.0	0.0	0xb0bada5d45d939a03c6d211d24a61a4418d7cd13	true	-887272	887272	0	0	0	0	100
283627	-276341	-276340	1	540.5442995914512	447.449479	0.0	987.116317	987.9937785914512	0.0364687700431876	0.11	1.35	100	0		0.0	0.0	0.0	0.0	0x1ba6090ce91454055904202970a63da3f132c8e9	0	0	0	0	0	0	0	0
195691	-276345	-276344	1	37.86624700336756	33.854709	0.0	71.644405	71.72095600336755	0.0025930869033129	0.11	1.32	100	0	7.851319594465167e-09	0.0	0.0	0.0	0.0	0xa7bf8f67045ef716ee87ded1faadff10f226c02d	true	-887272	887272	0	0	0	0	100
271967	-276340	-276339	1	6675.752446197712	3254.459795	0.0	9920.000311	9930.212241197713	0.3474446307445862	0.1	1.28	100	0	1.5288681431968598e-07	0.0	0.0	0.0	0.0	0xb0bada5d45d939a03c6d211d24a61a4418d7cd13	true	-887272	887272	0	0	0	0	100
322591	-276338	-276337	1	4367.168997937281	5865.493827	0.0	10226.908013	10232.66282493728	0.3460595972972899	0.1	1.23	81	0	3.0361021474689665e-07	0.0	0.0	0.0	0.0	0x7617452156f474836604c1a79c79c0627be5fe74	0	0	0	0	0	0	0	0
225054	-276346	-276345	1	8409.853553845596	1563.29998	9976.579963533655	0.0	9973.153533845596	0.3276595479876421	0.1	1.2	56	0	1.1142831213e-06	0.0	0.0	0.0	0.0	0xb0bada5d45d939a03c6d211d24a61a4418d7cd13	true	-887272	887272	0	0	0	0	100
587741	-276318	-276317	1	7296.98882696751	2326.178582	0.0	9628.019265	9623.16740896751	0.3241692751868453	0.1	1.23	76	0		0.0	0.0	0.0	0.0	0xb0bada5d45d939a03c6d211d24a61a4418d7cd13	true	-887272	887272	0	0	0	0	100
247102	-276342	-276341	1	2261.101714597324	7670.415856	0.0	9927.657462	9931.517570597323	0.3236910478403784	0.1	1.19	100	0		0.0	0.0	0.0	0.0	0xb0bada5d45d939a03c6d211d24a61a4418d7cd13	true	-887272	887272	0	0	0	0	100
587743	-276318	-276317	1	6532.687114054729	2082.529823	0.0	8619.560599	8615.216937054727	0.2889076755388778	0.1	1.22	76	0		0.0	0.0	0.0	0.0	0xb0bada5d45d939a03c6d211d24a61a4418d7cd13	true	-887272	887272	0	0	0	0	100
197255	-276351	-276350	1	14.334710231881331	2772.313764	0.0	2786.611287	2786.648474231881	0.0953603872259872	0.1	1.25	0	0	0.0	0.0	0.0	0.0	0.0	0xb0bada5d45d939a03c6d211d24a61a4418d7cd13	true	-887272	887272	0	0	0	0	100
247104	-276342	-276341	1	645.0989135125355	2188.392014	0.0	2832.389627	2833.490927512536	0.0913397313281118	0.1	1.18	100	0		0.0	0.0	0.0	0.0	0xb0bada5d45d939a03c6d211d24a61a4418d7cd13	true	-887272	887272	0	0	0	0	100
249004	-276340	-276339	1	12946.293652939212	18018.414354	30992.985748665313	0.0	30964.70800693921	0.8888723873904207	0.09	1.05	100	0		0.0	0.0	0.0	0.0	0x97b73b8eaa8662381383a67e0dbcab67f78337dd	0	0	0	0	0	0	0	0
609625	-276313	-276312	1	9498.438773129965	55.695241	9554.072622824537	0.0	9554.134014129964	0.2921771483862444	0.09	1.12	100	0		0.0	0.0	0.0	0.0	0xb0bada5d45d939a03c6d211d24a61a4418d7cd13	true	-887272	887272	0	0	0	0	100
479835	-276322	-276321	1	8492.47766457632	1200.718459	0.0	9695.394459	9693.19612357632	0.2904151428463863	0.09	1.09	100	0	1.228870338820798e-07	0.0	0.0	0.0	0.0	0xb0bada5d45d939a03c6d211d24a61a4418d7cd13	true	-887272	887272	0	0	0	0	100
392973	-276327	-276326	1	9520.804617825375	223.433033	9744.30384003881	0.0	9744.237650825376	0.2895383523524095	0.09	1.08	100	0	5.668621461119017e-07	0.0	0.0	0.0	0.0	0xb0bada5d45d939a03c6d211d24a61a4418d7cd13	true	-887272	887272	0	0	0	0	100
676679	-276314	-276313	1	6567.703879382141	2904.683993	0.0	9479.405347	9472.387872382142	0.2859176388260899	0.09	1.1	100	0	1.50129745746e-05	0.0	0.0	0.0	0.0	0xb0bada5d45d939a03c6d211d24a61a4418d7cd13	true	-887272	887272	0	0	0	0	100
603644	-276315	-276314	1	3288.8104772880574	6302.79792	0.0	9594.850918	9591.60839728806	0.2791544967409607	0.09	1.06	100	0	7.3042794035416145e-09	0.0	0.0	0.0	0.0	0xb0bada5d45d939a03c6d211d24a61a4418d7cd13	true	-887272	887272	0	0	0	0	100
609626	-276313	-276312	1	8503.213224766747	49.859616	8553.017881907437	0.0	8553.072840766747	0.2603253751181059	0.09	1.11	100	0		0.0	0.0	0.0	0.0	0xb0bada5d45d939a03c6d211d24a61a4418d7cd13	true	-887272	887272	0	0	0	0	100
479838	-276322	-276321	1	7607.342897174686	1075.572689	0.0	8684.884798	8682.915586174686	0.2591754162525189	0.09	1.09	100	0	1.228870338820798e-07	0.0	0.0	0.0	0.0	0xb0bada5d45d939a03c6d211d24a61a4418d7cd13	true	-887272	887272	0	0	0	0	100
603645	-276315	-276314	1	2942.763452947505	5639.620616	0.0	8585.285414	8582.384068947506	0.2486818553983774	0.09	1.06	100	0	4.688137877906229e-07	0.0	0.0	0.0	0.0	0xb0bada5d45d939a03c6d211d24a61a4418d7cd13	true	-887272	887272	0	0	0	0	100
392976	-276327	-276326	1	2746.578641135744	64.456359	2811.054094070948	0.0	2811.035000135744	0.0834024087240454	0.09	1.08	100	0	5.668621461119017e-07	0.0	0.0	0.0	0.0	0xb0bada5d45d939a03c6d211d24a61a4418d7cd13	true	-887272	887272	0	0	0	0	100
276965	-276340	-276339	1	46753.59069886684	4605.746873	0.0	51287.262274	51359.33757186684	1.4334953715923295	0.08	1.02	97	0		0.0	0.0	0.0	0.0	0xb0bada5d45d939a03c6d211d24a61a4418d7cd13	true	-887272	887272	0	0	0	0	100
276966	-276340	-276339	1	9033.79797682345	889.929226	0.0	9909.800707	9923.727202823453	0.2765856882029069	0.08	1.02	97	0		0.0	0.0	0.0	0.0	0xb0bada5d45d939a03c6d211d24a61a4418d7cd13	true	-887272	887272	0	0	0	0	100
371643	-276327	-276325	2	1587.3436716518102	8425.881825	0.0	10013.045818	10013.22549665181	0.2601091854904922	0.08	0.95	100	0	9.148142243731172e-08	0.0	0.0	0.0	0.0	0x7617452156f474836604c1a79c79c0627be5fe74	0	0	0	0	0	1	0	0
680795	-276311	-276310	1	3585.789579276576	5841.455683	9419.460621404478	0.0	9427.245262276576	0.2577605041860786	0.08	1.0	94	0		0.0	0.0	0.0	0.0	0xb0bada5d45d939a03c6d211d24a61a4418d7cd13	true	-887272	887272	0	0	0	0	100
504688	-276318	-276317	1	705.9229135787225	8973.445519	0.0	9679.862017	9679.368432578724	0.2476089799910025	0.08	0.93	0	0		0.0	0.0	0.0	0.0	0xb0bada5d45d939a03c6d211d24a61a4418d7cd13	true	-887272	887272	0	0	0	0	100
504671	-276318	-276317	1	632.3471944684351	8038.176676	0.0	8670.96601	8670.523870468434	0.2426767178102074	0.08	1.02	0	0		0.0	0.0	0.0	0.0	0xb0bada5d45d939a03c6d211d24a61a4418d7cd13	true	-887272	887272	0	0	0	0	100
680793	-276311	-276310	1	3211.614102993392	5231.902497	8436.54428277878	0.0	8443.516599993392	0.2383193860117053	0.08	1.03	92	0		0.0	0.0	0.0	0.0	0xb0bada5d45d939a03c6d211d24a61a4418d7cd13	true	-887272	887272	0	0	0	0	100
276984	-276340	-276339	1	2577.0684122209163	253.869802	0.0	2826.965406	2830.9382142209165	0.0780632123325529	0.08	1.01	98	0		0.0	0.0	0.0	0.0	0xb0bada5d45d939a03c6d211d24a61a4418d7cd13	true	-887272	887272	0	0	0	0	100
344433	-276334	-276333	1	41864.84141703636	77625.510165	0.0	119452.070397	119490.35158203635	2.8329504929623885	0.07	0.87	25	0		0.0	0.0	0.0	0.0	0x664d8f8f2417f52cbbf5bd82ba82eefc58a87f07	0	0	0	0	0	0	0	0
346362	-276335	-276334	1	22269.514272527726	8515.455427	0.0	30761.966862	30784.969699527726	0.7611459128028422	0.07	0.9	100	0	8.87474538302513e-08	0.0	0.0	0.0	0.0	0xb0bada5d45d939a03c6d211d24a61a4418d7cd13	true	-887272	887272	0	0	0	0	100
346366	-276335	-276334	1	7120.211513584777	2722.638807	0.0	9835.495644	9842.850320584776	0.2403759766122969	0.07	0.89	100	0	8.87474538302513e-08	0.0	0.0	0.0	0.0	0xb0bada5d45d939a03c6d211d24a61a4418d7cd13	true	-887272	887272	0	0	0	0	100
346368	-276335	-276334	1	2868.2054241940546	1096.749357	0.0	3961.992126	3964.954781194055	0.0964494443367383	0.07	0.89	100	0	8.87474538302513e-08	0.0	0.0	0.0	0.0	0xb0bada5d45d939a03c6d211d24a61a4418d7cd13	true	-887272	887272	0	0	0	0	50
346371	-276335	-276334	1	2025.38619074126	774.470679	0.0	2797.764788	2799.85686974126	0.0677897186598094	0.07	0.88	100	0	8.87474538302513e-08	0.0	0.0	0.0	0.0	0xb0bada5d45d939a03c6d211d24a61a4418d7cd13	true	-887272	887272	0	0	0	0	100
277121	-276340	-276339	1	178.2242713226413	172.660584	0.0	350.613687	350.88485532264133	0.0084232206331127	0.07	0.88	51	0	3.4974027673e-06	0.0	0.0	0.0	0.0	0xc7ddb3a9b3230eabbb5d3953146df05eb9d1de50	0	0	0	0	0	0	0	0
278116	-276338	-276337	1	2152.2267285383814	49120.445306	0.0	51269.877274	51272.67203453838	1.0381723692622702	0.06	0.74	0	0	9.093182762320852e-07	0.0	0.0	0.0	0.0	0xb0bada5d45d939a03c6d211d24a61a4418d7cd13	true	-887272	887272	0	0	0	0	100
101149	-276367	-276347	20	8118.058717881879	9351.836274	7475.245771924125	9992.603049	17469.89499188188	0.3404589594792586	0.06	0.71	85	0	2.786674446753068e-07	0.0	0.0	0.0	0.0	0x6dd1e0028ef0a634b01e13b2291949255610b38f	0	0	0	0	0	10	9	0
603152	-276316	-276315	1	4725.74039669627	4872.915865	0.0	9602.807154	9598.65626169627	0.2047430724892746	0.06	0.78	100	0	8.923617400569128e-09	0.0	0.0	0.0	0.0	0xb0bada5d45d939a03c6d211d24a61a4418d7cd13	true	-887272	887272	0	0	0	0	100
278119	-276338	-276337	1	415.8481190182299	9490.935372	0.0	9906.243493	9906.78349101823	0.1962727654699865	0.06	0.72	0	0	2.8805642204e-06	0.0	0.0	0.0	0.0	0xb0bada5d45d939a03c6d211d24a61a4418d7cd13	true	-887272	887272	0	0	0	0	100
603153	-276316	-276315	1	4228.450740060544	4360.138934	0.0	8592.303768	8588.589674060542	0.1823421689570241	0.06	0.77	100	0	8.923617400569128e-09	0.0	0.0	0.0	0.0	0xb0bada5d45d939a03c6d211d24a61a4418d7cd13	true	-887272	887272	0	0	0	0	100
680098	-276311	-276310	1	14.137759652954815	9424.245397	0.0	9438.402998	9438.383156652955	0.1817057357208457	0.06	0.7	100	0		0.0	0.0	0.0	0.0	0xb0bada5d45d939a03c6d211d24a61a4418d7cd13	true	-887272	887272	0	0	0	0	100
680095	-276311	-276310	1	12.662453594772215	8440.804833	0.0	8453.485057	8453.467286594772	0.1703249613253731	0.06	0.74	100	0		0.0	0.0	0.0	0.0	0xb0bada5d45d939a03c6d211d24a61a4418d7cd13	true	-887272	887272	0	0	0	0	100
613823	-276316	-276315	1	8482.480213148296	66.667514	8549.094215062505	0.0	8549.147727148296	0.1583388406240172	0.06	0.68	100	0		0.0	0.0	0.0	0.0	0xb0bada5d45d939a03c6d211d24a61a4418d7cd13	true	-887272	887272	0	0	0	0	100
197254	-276352	-276350	2	1552.1843849706663	5915.60231	0.0	7463.728442	7467.786694970667	0.1399021418459511	0.06	0.68	0	0	3.239823964662492e-08	0.0	0.0	0.0	0.0	0xb0bada5d45d939a03c6d211d24a61a4418d7cd13	true	-887272	887272	0	0	1	0	100
278122	-276338	-276337	1	213.9421076616664	4882.818088	0.0	5096.482381	5096.760195661666	0.1002418430363926	0.06	0.72	0	0	2.8805642204e-06	0.0	0.0	0.0	0.0	0xb0bada5d45d939a03c6d211d24a61a4418d7cd13	true	-276425	-275371	1	1	0	0	100
278128	-276338	-276337	1	118.62826507533032	2707.462522	0.0	2825.936743	2826.0907870753304	0.0549538302535432	0.06	0.71	0	0	2.8805642204e-06	0.0	0.0	0.0	0.0	0xb0bada5d45d939a03c6d211d24a61a4418d7cd13	true	-887272	887272	0	0	0	0	100
195295	-276346	-276343	3	409.26884571276406	391.72852	408.2428160331926	392.752447	800.9973657127641	0.0172551073605126	0.06	0.79	100	0	5.148266923882261e-07	0.0	0.0	0.0	0.0	0xd050e74eab1acbe57b48e762e3506b5c51cd314d	true	-887272	887272	0	0	1	1	100
334127	-276337	-276336	1	17605.84571705357	32528.801703	50175.81709075588	0.0	50134.64742005357	0.7894281359034172	0.05	0.57	100	0		0.0	0.0	0.0	0.0	0xb0bada5d45d939a03c6d211d24a61a4418d7cd13	true	-887272	887272	0	0	0	0	100
334130	-276337	-276336	1	14326.733412505651	26470.269248	40830.504425438776	0.0	40797.002660505656	0.6339553094585293	0.05	0.57	100	0		0.0	0.0	0.0	0.0	0xb0bada5d45d939a03c6d211d24a61a4418d7cd13	true	-887272	887272	0	0	0	0	100
337673	-276339	-276337	2	1417.2354656162047	8745.309054	0.0	10160.687429	10162.544519616204	0.1829639822183018	0.05	0.66	94	0	2.8108535499171694e-07	0.0	0.0	0.0	0.0	0x7617452156f474836604c1a79c79c0627be5fe74	0	0	0	0	0	1	0	0
595872	-276317	-276316	1	1663.6911861393185	7949.093493	9606.873168319593	0.0	9612.78467913932	0.1729362830644045	0.05	0.66	100	0	1.45399877804e-05	0.0	0.0	0.0	0.0	0xb0bada5d45d939a03c6d211d24a61a4418d7cd13	true	-887272	887272	0	0	0	0	100
613825	-276316	-276315	1	9475.348222192666	74.470897	9549.759343556978	0.0	9549.819119192663	0.1664735557101355	0.05	0.64	100	0		0.0	0.0	0.0	0.0	0xb0bada5d45d939a03c6d211d24a61a4418d7cd13	true	-887272	887272	0	0	0	0	100
595206	-276315	-276314	1	451.203766669327	9169.771165	9612.26550110732	0.0	9620.974931669329	0.1652031562140282	0.05	0.63	100	0		0.0	0.0	0.0	0.0	0xb0bada5d45d939a03c6d211d24a61a4418d7cd13	true	-887272	887272	0	0	0	0	100
587227	-276318	-276317	1	7743.438020211909	1884.856535	9627.140629067522	0.0	9628.294555211907	0.1631346819932629	0.05	0.62	100	0		0.0	0.0	0.0	0.0	0xb0bada5d45d939a03c6d211d24a61a4418d7cd13	true	-887272	887272	0	0	0	0	100
595876	-276317	-276316	1	1489.370733578596	7116.19278	8600.271406918726	0.0	8605.563513578596	0.1539596397725187	0.05	0.65	100	0	1.45399877804e-05	0.0	0.0	0.0	0.0	0xb0bada5d45d939a03c6d211d24a61a4418d7cd13	true	-887272	887272	0	0	0	0	100
334133	-276337	-276336	1	3462.519935281922	6397.399346	9868.01606968498	0.0	9859.919281281922	0.1519415792593923	0.05	0.56	100	0		0.0	0.0	0.0	0.0	0xb0bada5d45d939a03c6d211d24a61a4418d7cd13	true	-887272	887272	0	0	0	0	100
603408	-276315	-276314	1	252.9672656918512	9346.874404	0.0	9600.095086	9599.841669691852	0.1503287390245063	0.05	0.57	100	0	1.702318286334048e-08	0.0	0.0	0.0	0.0	0xb0bada5d45d939a03c6d211d24a61a4418d7cd13	true	-887272	887272	0	0	0	0	100
595207	-276315	-276314	1	455.5154366825933	8157.576757	8605.346585639661	0.0	8613.092193682593	0.1470101621405177	0.05	0.62	100	0		0.0	0.0	0.0	0.0	0xb0bada5d45d939a03c6d211d24a61a4418d7cd13	true	-887272	887272	0	0	0	0	100
587232	-276318	-276317	1	6932.550678693101	1687.475695	8618.993285373972	0.0	8620.026373693101	0.1452465975965584	0.05	0.62	100	0		0.0	0.0	0.0	0.0	0xb0bada5d45d939a03c6d211d24a61a4418d7cd13	true	-887272	887272	0	0	0	0	100
654361	-276311	-276310	1	3726.6100031179726	5769.605374	9488.52996456339	0.0	9496.215377117973	0.1434708521375264	0.05	0.55	100	0	2.3055399145e-06	0.0	0.0	0.0	0.0	0xb0bada5d45d939a03c6d211d24a61a4418d7cd13	true	-887272	887272	0	0	0	0	100
603411	-276315	-276314	1	226.34698169920824	8363.282909	0.0	8589.856639	8589.629890699207	0.1334091691718989	0.05	0.57	100	0	1.5850615264767498e-07	0.0	0.0	0.0	0.0	0xb0bada5d45d939a03c6d211d24a61a4418d7cd13	true	-887272	887272	0	0	0	0	100
614879	-276319	-276318	1	7905.378544136454	631.073293	0.0	8540.850907	8536.451837136454	0.1307354429457648	0.05	0.56	100	0		0.0	0.0	0.0	0.0	0xb0bada5d45d939a03c6d211d24a61a4418d7cd13	true	-887272	887272	0	0	0	0	100
334135	-276337	-276336	1	1394.7628386620677	2576.98296	3975.007324888104	0.0	3971.745798662068	0.060817128221897	0.05	0.56	100	0		0.0	0.0	0.0	0.0	0xb0bada5d45d939a03c6d211d24a61a4418d7cd13	true	-887272	887272	0	0	0	0	50
334136	-276337	-276336	1	984.9509965650816	1819.808977	2807.0631920174305	0.0	2804.759973565081	0.0427367580584712	0.05	0.56	100	0		0.0	0.0	0.0	0.0	0xb0bada5d45d939a03c6d211d24a61a4418d7cd13	true	-887272	887272	0	0	0	0	100
284044	-276340	-276339	1	862.4704245323278	83.529164	802.7695383122262	143.135482	945.9995885323278	0.0144190255353486	0.05	0.56	100	0	3.344657883985746e-10	0.0	0.0	0.0	0.0	0x1ba6090ce91454055904202970a63da3f132c8e9	0	0	0	0	0	0	0	0
145348	-276440	-276240	200	253.2265549751364	252.904618	253.2265549751364	252.904617	506.13117297513634	0.0077656082074682	0.05	0.56	100	0	0.0	0.0	0.0	0.0	0.0	0x27467efdeca3af0c193dff4669cc4c10f5b981f0	0	0	0	0	0	0	0	0
278156	-276338	-276337	1	12.294387326425936	280.5958	293.269074378148	0.0	292.8901873264259	0.0050272748876775	0.05	0.63	0	0	9.6226351331552e-07	0.0	0.0	0.0	0.0	0xf0e6ab264de1b35979f71a9084ad4e23d42aa3c0	0	0	0	0	0	0	0	0
375858	-276325	-276324	1	5097.875330971987	45845.147166	50945.42286529971	0.0	50943.02249697199	0.656442302437002	0.04	0.47	100	0		0.0	0.0	0.0	0.0	0xb0bada5d45d939a03c6d211d24a61a4418d7cd13	true	-887272	887272	0	0	0	0	100
345984	-276338	-276337	1	1303.440721277559	29466.340426	0.0	30768.088547	30769.78114727756	0.3601909393644547	0.04	0.43	93	0	1.6160883742344367e-08	0.0	0.0	0.0	0.0	0xb0bada5d45d939a03c6d211d24a61a4418d7cd13	true	-887272	887272	0	0	0	0	100
614893	-276319	-276318	1	8832.28040027662	705.066335	0.0	9542.261594	9537.346735276622	0.1309422570231956	0.04	0.5	100	0		0.0	0.0	0.0	0.0	0xb0bada5d45d939a03c6d211d24a61a4418d7cd13	true	-887272	887272	0	0	0	0	100
435584	-276329	-276328	1	1458.8638708170097	8266.057989	9728.682375560766	0.0	9724.92185981701	0.1290289686727374	0.04	0.48	100	0		0.0	0.0	0.0	0.0	0xb0bada5d45d939a03c6d211d24a61a4418d7cd13	true	-887272	887272	0	0	0	0	100
654362	-276311	-276310	1	3333.972298146726	5161.716539	8488.813164114728	0.0	8495.688837146727	0.1273287363137856	0.04	0.55	100	0	2.3055399145e-06	0.0	0.0	0.0	0.0	0xb0bada5d45d939a03c6d211d24a61a4418d7cd13	true	-887272	887272	0	0	0	0	100
596320	-276320	-276319	1	4883.280592343067	4724.766108	0.0	9610.377566	9608.046700343068	0.1264632837279969	0.04	0.48	0	0		0.0	0.0	0.0	0.0	0xb0bada5d45d939a03c6d211d24a61a4418d7cd13	true	-887272	887272	0	0	0	0	100
375860	-276325	-276324	1	976.0134046148524	8777.279801	9753.752767983833	0.0	9753.293205614851	0.1251459991051078	0.04	0.47	100	0		0.0	0.0	0.0	0.0	0xb0bada5d45d939a03c6d211d24a61a4418d7cd13	true	-887272	887272	0	0	0	0	100
435586	-276329	-276328	1	1306.9668303190892	7405.39527	8715.731071225311	0.0	8712.36210031909	0.1138682273698461	0.04	0.48	100	0		0.0	0.0	0.0	0.0	0xb0bada5d45d939a03c6d211d24a61a4418d7cd13	true	-887272	887272	0	0	0	0	100
596321	-276320	-276319	1	4371.613709732707	4229.708267	0.0	8603.408616	8601.321976732706	0.1120545814857035	0.04	0.48	0	0		0.0	0.0	0.0	0.0	0xb0bada5d45d939a03c6d211d24a61a4418d7cd13	true	-887272	887272	0	0	0	0	100
375863	-276325	-276324	1	395.1383132542704	3553.47531	3948.7996767433474	0.0	3948.6136232542704	0.050525580476083	0.04	0.47	100	0		0.0	0.0	0.0	0.0	0xb0bada5d45d939a03c6d211d24a61a4418d7cd13	true	-887272	887272	0	0	0	0	50
375866	-276325	-276324	1	281.54703337363486	2531.949948	2813.629549657047	0.0	2813.4969813736348	0.0359175086116747	0.04	0.47	100	0		0.0	0.0	0.0	0.0	0xb0bada5d45d939a03c6d211d24a61a4418d7cd13	true	-887272	887272	0	0	0	0	100
375868	-276325	-276324	1	220.64544994437304	1984.262554	2205.0118963142954	0.0	2204.908003944373	0.0280575885777352	0.04	0.46	100	0		0.0	0.0	0.0	0.0	0xb0bada5d45d939a03c6d211d24a61a4418d7cd13	true	-887272	887272	0	0	0	0	100
99312	-276461	-276240	221	500.97771221791373	499.982033	501.03506767501307	499.924829	1000.959745217914	0.013117972875609	0.04	0.48	100	0		0.0	0.0	0.0	0.0	0x3c9c796c1952ef0dac2a0c3419b2fd93c7fea15b	true	-887272	887272	0	0	110	110	100
510946	-276315	-276314	1	4279.87080190366	28534.449878	2139.93540095183	30676.517859	32814.320679903656	0.337039953376727	0.03	0.37	100	0	2.925060194058915e-09	0.0	0.0	0.0	0.0	0x97b73b8eaa8662381383a67e0dbcab67f78337dd	0	0	0	0	0	0	0	0
372125	-276326	-276325	1	449.011608546787	30087.791066	0.0	30536.758616	30536.802674546787	0.2985064592693144	0.03	0.36	100	0	1.9130252937316072e-10	0.0	0.0	0.0	0.0	0x97b73b8eaa8662381383a67e0dbcab67f78337dd	0	0	0	0	0	0	0	0
345989	-276338	-276337	1	416.7617320554129	9421.558551	0.0	9837.779091	9838.320283055413	0.1142086378942477	0.03	0.42	93	0	1.6160883742344367e-08	0.0	0.0	0.0	0.0	0xb0bada5d45d939a03c6d211d24a61a4418d7cd13	true	-887272	887272	0	0	0	0	100
678043	-276302	-276301	1	4509.658110723417	4942.12324	9440.779360403087	0.0	9451.781350723417	0.097139605266987	0.03	0.38	100	0	6.352458115088666e-07	0.0	0.0	0.0	0.0	0xb0bada5d45d939a03c6d211d24a61a4418d7cd13	true	-887272	887272	0	0	0	0	100
435361	-276331	-276329	2	7410.467065268728	1101.684771	0.0	8507.822592	8512.151836268727	0.0910219660760092	0.03	0.39	19	0	4.523047492099863e-07	0.0	0.0	0.0	0.0	0x7617452156f474836604c1a79c79c0627be5fe74	0	0	0	0	0	1	0	0
678045	-276302	-276301	1	4039.4745744123206	4426.850258	8456.46992580272	0.0	8466.324832412321	0.085984482148621	0.03	0.37	100	0	6.352458115088666e-07	0.0	0.0	0.0	0.0	0xb0bada5d45d939a03c6d211d24a61a4418d7cd13	true	-887272	887272	0	0	0	0	100
606350	-276312	-276310	2	2888.900120411176	3875.884221	6759.904406360224	0.0	6764.784341411176	0.0745756514851602	0.03	0.4	7	0	1.8022537684e-06	0.0	0.0	0.0	0.0	0x7617452156f474836604c1a79c79c0627be5fe74	0	0	0	0	0	1	0	0
281239	-276339	-276338	1	758.9944126435763	4335.155806	5100.4612627591805	0.0	5094.150218643576	0.0495181228737871	0.03	0.35	0	0		0.0	0.0	0.0	0.0	0x66c0d9152209b51977047b9dc3b0b5bf2339b67c	0	0	0	0	0	0	0	0
345990	-276338	-276337	1	167.88430063749712	3795.290322	0.0	3962.956614	3963.174622637497	0.045867202135922	0.03	0.42	93	0	1.6160883742344367e-08	0.0	0.0	0.0	0.0	0xb0bada5d45d939a03c6d211d24a61a4418d7cd13	true	-887272	887272	0	0	0	0	50
345992	-276338	-276337	1	118.55232489881406	2680.062934	0.0	2798.461311	2798.6152588988143	0.0322765740309174	0.03	0.42	93	0	1.6160883742344367e-08	0.0	0.0	0.0	0.0	0xb0bada5d45d939a03c6d211d24a61a4418d7cd13	true	-887272	887272	0	0	0	0	100
230820	-276351	-276350	1	1303.765840578183	1536.328407	0.0	2836.682662	2840.094247578183	0.0290468485217868	0.03	0.37	0	0	0.0	0.0	0.0	0.0	0.0	0xb0bada5d45d939a03c6d211d24a61a4418d7cd13	true	-887272	887272	0	0	0	0	100
375597	-276324	-276323	1	49935.08277600487	1019.967949	50955.04700756057	0.0	50955.05072500487	0.3569475824262279	0.02	0.26	0	0	4.187483915174539e-07	0.0	0.0	0.0	0.0	0xb0bada5d45d939a03c6d211d24a61a4418d7cd13	true	-887272	887272	0	0	0	0	100
276913	-276341	-276340	1	31204.80847752618	20143.042302	0.0	51297.101875	51347.85077952618	0.3123561091011331	0.02	0.22	100	0		0.0	0.0	0.0	0.0	0xb0bada5d45d939a03c6d211d24a61a4418d7cd13	true	-887272	887272	0	0	0	0	100
142528	-276518	-276164	354	13796.85909141662	13757.787918	13796.85909141662	13757.787917	27554.64700941662	0.1926663329179432	0.02	0.26	100	0	0.0	0.0	0.0	0.0	0.0	0xcb71eb21f53a2f4de0f26dc90518df10be13d1ec	0	0	0	0	0	0	0	0
230823	-276351	-276350	1	4569.461600171563	5384.550998	0.0	9942.055616	9954.012598171565	0.0768081144288127	0.02	0.28	0	0	0.0	0.0	0.0	0.0	0.0	0xb0bada5d45d939a03c6d211d24a61a4418d7cd13	true	-887272	887272	0	0	0	0	100
679172	-276309	-276308	1	2493.1417790009623	6952.885535	0.0	9449.992944	9446.027314000965	0.0718636289983043	0.02	0.28	0	0	3.684621052713055e-07	0.0	0.0	0.0	0.0	0xb0bada5d45d939a03c6d211d24a61a4418d7cd13	true	-887272	887272	0	0	0	0	100
375601	-276324	-276323	1	9560.6558129753	195.284797	9755.939898178336	0.0	9755.9406099753	0.0676796005916732	0.02	0.25	0	0	4.187483915174539e-07	0.0	0.0	0.0	0.0	0xb0bada5d45d939a03c6d211d24a61a4418d7cd13	true	-887272	887272	0	0	0	0	100
604064	-276309	-276308	1	946.0660935474804	8642.378541	9575.079807126227	0.0	9588.44463454748	0.066999233246091	0.02	0.26	0	0		0.0	0.0	0.0	0.0	0xb0bada5d45d939a03c6d211d24a61a4418d7cd13	true	-887272	887272	0	0	0	0	100
230864	-276350	-276349	1	6893.01846276689	3064.437953	0.0	9940.026644	9957.45641576689	0.066670857317678	0.02	0.24	0	0	1.7958079467916832e-08	0.0	0.0	0.0	0.0	0xb0bada5d45d939a03c6d211d24a61a4418d7cd13	true	-887272	887272	0	0	0	0	100
614067	-276317	-276316	1	4293.101581172865	5255.999973	9545.265449176672	0.0	9549.101554172865	0.0636623680340326	0.02	0.24	0	0		0.0	0.0	0.0	0.0	0xb0bada5d45d939a03c6d211d24a61a4418d7cd13	true	-887272	887272	0	0	0	0	100
679173	-276309	-276308	1	430.73564288928446	8033.434902	0.0	8464.860279	8464.170544889284	0.0633448444441448	0.02	0.27	0	0	3.2150649920126284e-07	0.0	0.0	0.0	0.0	0xb0bada5d45d939a03c6d211d24a61a4418d7cd13	true	-887272	887272	0	0	0	0	100
345973	-276338	-276336	2	5172.121339410001	4746.076293	0.0	9911.739572	9918.197632410003	0.0591792472812123	0.02	0.22	46	0	1.9770425296e-06	0.0	0.0	0.0	0.0	0x7617452156f474836604c1a79c79c0627be5fe74	0	0	0	0	0	1	0	0
604067	-276309	-276308	1	846.513392352568	7732.957799	8567.512719099688	0.0	8579.471191352568	0.0586469784968748	0.02	0.25	0	0		0.0	0.0	0.0	0.0	0xb0bada5d45d939a03c6d211d24a61a4418d7cd13	true	-887272	887272	0	0	0	0	100
614769	-276318	-276317	1	6510.640680705679	3031.170054	9539.936566935727	0.0	9541.81073470568	0.0561524636520222	0.02	0.21	100	0		0.0	0.0	0.0	0.0	0xb0bada5d45d939a03c6d211d24a61a4418d7cd13	true	-887272	887272	0	0	0	0	100
614069	-276317	-276316	1	8542.856061958348	0.429511	8543.285271285038	0.0	8543.285572958346	0.0556772106021951	0.02	0.24	0	0		0.0	0.0	0.0	0.0	0xb0bada5d45d939a03c6d211d24a61a4418d7cd13	true	-887272	887272	0	0	0	0	100
464275	-276326	-276324	2	283.85038096495333	8163.83966	0.0	8447.689837	8447.690040964953	0.0553580932792411	0.02	0.24	100	0		0.0	0.0	0.0	0.0	0x7617452156f474836604c1a79c79c0627be5fe74	0	0	0	0	0	1	0	0
435764	-276330	-276329	1	3876.192924808469	5845.436858	0.0	9719.625303	9721.629782808468	0.0518271931713154	0.02	0.19	100	0		0.0	0.0	0.0	0.0	0xb0bada5d45d939a03c6d211d24a61a4418d7cd13	true	-887272	887272	0	0	0	0	100
614771	-276318	-276317	1	8527.979779924388	10.762011	8538.73530686407	0.0	8538.741790924389	0.0489568905636158	0.02	0.21	100	0	7.455979833537185e-07	0.0	0.0	0.0	0.0	0xb0bada5d45d939a03c6d211d24a61a4418d7cd13	true	-887272	887272	0	0	0	0	100
435765	-276330	-276329	1	3472.2076669122325	5236.212714	0.0	8706.624812	8708.420380912234	0.0462209313812895	0.02	0.19	100	0		0.0	0.0	0.0	0.0	0xb0bada5d45d939a03c6d211d24a61a4418d7cd13	true	-887272	887272	0	0	0	0	100
375604	-276324	-276323	1	3870.655306630183	79.061537	3949.7165546740353	0.0	3949.716843630183	0.027252379812336	0.02	0.25	0	0	4.187483915174539e-07	0.0	0.0	0.0	0.0	0xb0bada5d45d939a03c6d211d24a61a4418d7cd13	true	-887272	887272	0	0	0	0	50
375607	-276324	-276323	1	2757.960340450156	56.333764	2814.293898800841	0.0	2814.2941044501563	0.0193038990584847	0.02	0.25	0	0	4.187483915174539e-07	0.0	0.0	0.0	0.0	0xb0bada5d45d939a03c6d211d24a61a4418d7cd13	true	-887272	887272	0	0	0	0	100
230866	-276350	-276349	1	1966.7157258313616	874.345303	0.0	2836.087966	2841.061028831362	0.0187338572994216	0.02	0.24	0	0	1.7958079467916832e-08	0.0	0.0	0.0	0.0	0xb0bada5d45d939a03c6d211d24a61a4418d7cd13	true	-887272	887272	0	0	0	0	100
375609	-276324	-276323	1	2161.390819948496	44.148307	2205.538965985407	0.0	2205.539126948496	0.0150095192223696	0.02	0.25	0	0	4.187483915174539e-07	0.0	0.0	0.0	0.0	0xb0bada5d45d939a03c6d211d24a61a4418d7cd13	true	-887272	887272	0	0	0	0	100
179252	-276342	-276341	1	116.38496796524232	2677.776896	0.0	2793.964253	2794.161863965242	0.014069106290444	0.02	0.18	100	0	0.0	0.0	0.0	0.0	0.0	0xb0bada5d45d939a03c6d211d24a61a4418d7cd13	true	-887272	887272	0	0	0	0	100
375743	-276325	-276323	2	352.83976664430867	682.450822	1035.3120425844356	0.0	1035.2905886443086	0.0084288086536219	0.02	0.3	43	0	1.5937706709e-06	0.0	0.0	0.0	0.0	0x154b4661a08eaffc746bdf7451a17ee50ee904cf	true	-887272	887272	0	0	1	0	100
276598	-276340	-276339	1	259.35016360171124	92.467799	351.96455824632307	0.0	351.81796260171126	0.0020866879258933	0.02	0.22	100	0		0.0	0.0	0.0	0.0	0xc7ddb3a9b3230eabbb5d3953146df05eb9d1de50	0	0	0	0	0	0	0	0
278045	-276339	-276338	1	17230.642183720516	34070.962309	0.0	51277.256501	51301.60449272052	0.2346436448041818	0.01	0.17	0	0	0.0006161423447004	0.0	0.0	0.0	0.0	0xb0bada5d45d939a03c6d211d24a61a4418d7cd13	true	-887272	887272	0	0	0	0	100
345901	-276337	-276336	1	12691.632729517882	18100.559952	30815.15668496472	0.0	30792.19268151788	0.1306521230995072	0.01	0.15	100	0		0.0	0.0	0.0	0.0	0xb0bada5d45d939a03c6d211d24a61a4418d7cd13	true	-887272	887272	0	0	0	0	100
346722	-276334	-276333	1	10360.499661570104	20404.613829	0.0	30755.646892	30765.113490570107	0.1078221239097265	0.01	0.13	0	0	9.920904098237317e-08	0.0	0.0	0.0	0.0	0xb0bada5d45d939a03c6d211d24a61a4418d7cd13	true	-887272	887272	0	0	0	0	100
344266	-276334	-276333	1	2104.9551508814743	27675.763009	2104.9551508814743	27675.763008	29780.71815988147	0.0893606243026055	0.01	0.11	100	0	0.0	0.0	0.0	0.0	0.0	0x664d8f8f2417f52cbbf5bd82ba82eefc58a87f07	0	0	0	0	0	0	0	0
349567	-276332	-276331	1	8620.500772910687	22113.600662	0.0	30727.97153	30734.101434910688	0.0882450479770668	0.01	0.1	100	0		0.0	0.0	0.0	0.0	0xb0bada5d45d939a03c6d211d24a61a4418d7cd13	true	-887272	887272	0	0	0	0	100
349529	-276335	-276334	1	14942.333655453704	15807.160235	0.0	30734.236764	30749.493890453705	0.0811397720072886	0.01	0.1	0	0		0.0	0.0	0.0	0.0	0xb0bada5d45d939a03c6d211d24a61a4418d7cd13	true	-887272	887272	0	0	0	0	100
379540	-276326	-276325	1	4997.958218319606	4763.864341	9762.646517365552	0.0	9761.822559319608	0.0440430042111412	0.01	0.16	53	0		0.0	0.0	0.0	0.0	0x7617452156f474836604c1a79c79c0627be5fe74	0	0	0	0	0	0	0	0
595741	-276316	-276315	1	8050.852666121032	1559.789055	9609.377692852206	0.0	9610.641721121032	0.0435249817501954	0.01	0.17	0	0	6.803727803372794e-07	0.0	0.0	0.0	0.0	0xb0bada5d45d939a03c6d211d24a61a4418d7cd13	true	-887272	887272	0	0	0	0	100
278050	-276339	-276338	1	3329.271006947031	6583.124749	0.0	9907.691284	9912.395755947033	0.0410177897378339	0.01	0.15	0	0	0.0006161423447004	0.0	0.0	0.0	0.0	0xb0bada5d45d939a03c6d211d24a61a4418d7cd13	true	-887272	887272	0	0	0	0	100
518972	-276315	-276314	1	1551.4234378075894	14848.030915	1551.4234378075894	14848.030914	16399.45435280759	0.0405251972203088	0.01	0.09	100	0	0.0	0.0	0.0	0.0	0.0	0xb0bada5d45d939a03c6d211d24a61a4418d7cd13	true	-887272	887272	0	0	0	0	100
345904	-276337	-276336	1	4058.1974016661216	5787.722268	9853.262496322543	0.0	9845.919669666122	0.0389071540569273	0.01	0.14	100	0		0.0	0.0	0.0	0.0	0xb0bada5d45d939a03c6d211d24a61a4418d7cd13	true	-887272	887272	0	0	0	0	100
595745	-276316	-276315	1	7207.463232654325	1396.38902	8602.720641177824	0.0	8603.852252654326	0.0378074095976292	0.01	0.16	0	0	6.803727803372794e-07	0.0	0.0	0.0	0.0	0xb0bada5d45d939a03c6d211d24a61a4418d7cd13	true	-887272	887272	0	0	0	0	100
230946	-276349	-276348	1	6262.30211746636	3691.084531	0.0	9938.196072	9953.38664846636	0.0364535558381195	0.01	0.13	0	0	4.920915896988731e-08	0.0	0.0	0.0	0.0	0xb0bada5d45d939a03c6d211d24a61a4418d7cd13	true	-887272	887272	0	0	0	0	100
606686	-276319	-276318	1	8561.060782543866	0.980619	0.0	8566.773739	8562.041401543866	0.0356795990363326	0.01	0.15	100	0	9.88834125692506e-08	0.0	0.0	0.0	0.0	0xb0bada5d45d939a03c6d211d24a61a4418d7cd13	true	-887272	887272	0	0	0	0	100
603608	-276311	-276310	1	7675.560996268202	1913.415727	9586.466926839503	0.0	9588.976723268202	0.0356015152342681	0.01	0.14	100	0		0.0	0.0	0.0	0.0	0xb0bada5d45d939a03c6d211d24a61a4418d7cd13	true	-887272	887272	0	0	0	0	100
606614	-276312	-276311	1	3676.773751415477	5901.074609	9570.574619355233	0.0	9577.848360415475	0.0351990018738025	0.01	0.13	0	0	6.742007396809413e-07	0.0	0.0	0.0	0.0	0xb0bada5d45d939a03c6d211d24a61a4418d7cd13	true	-887272	887272	0	0	0	0	100
346723	-276334	-276333	1	3312.5004052971303	6523.844775	0.0	9833.318481	9836.34518029713	0.0338588127345673	0.01	0.13	0	0	9.920904098237317e-08	0.0	0.0	0.0	0.0	0xb0bada5d45d939a03c6d211d24a61a4418d7cd13	true	-887272	887272	0	0	0	0	100
603610	-276311	-276310	1	8559.797006683626	18.03371	8577.807239756481	0.0	8577.830716683624	0.0306982320520102	0.01	0.13	100	0		0.0	0.0	0.0	0.0	0xb0bada5d45d939a03c6d211d24a61a4418d7cd13	true	-887272	887272	0	0	0	0	100
606616	-276312	-276311	1	3289.649418025372	5279.755559	8562.897081880483	0.0	8569.404977025371	0.0306376164157448	0.01	0.13	0	0	7.4382711989e-06	0.0	0.0	0.0	0.0	0xb0bada5d45d939a03c6d211d24a61a4418d7cd13	true	-887272	887272	0	0	0	0	100
606698	-276319	-276318	1	68.43624452212153	9501.391146	0.0	9569.868618	9569.82739052212	0.0288399639709441	0.01	0.11	100	0	2.1760371282653068e-11	0.0	0.0	0.0	0.0	0xb0bada5d45d939a03c6d211d24a61a4418d7cd13	true	-887272	887272	0	0	0	0	100
676820	-276314	-276313	1	48.43529304111243	9418.428455	0.0	9466.917168	9466.863748041113	0.0280914066321635	0.01	0.11	0	0	6.407117059126223e-08	0.0	0.0	0.0	0.0	0xb0bada5d45d939a03c6d211d24a61a4418d7cd13	true	-887272	887272	0	0	0	0	100
349570	-276332	-276331	1	2742.0574431094383	7034.01866	0.0	9774.126267	9776.076103109435	0.0273550509704206	0.01	0.1	100	0		0.0	0.0	0.0	0.0	0xb0bada5d45d939a03c6d211d24a61a4418d7cd13	true	-887272	887272	0	0	0	0	100
349530	-276335	-276334	1	4777.919242322232	5003.159674	0.0	9776.19973	9781.078916322233	0.0242013039200611	0.01	0.09	0	0	0.0	0.0	0.0	0.0	0.0	0xb0bada5d45d939a03c6d211d24a61a4418d7cd13	true	-887272	887272	0	0	0	0	100
587630	-276319	-276318	1	4544.779079386513	5083.547275	0.0	9630.958575	9628.326354386514	0.0228637666735081	0.01	0.09	100	0	6.341449587665693e-08	0.0	0.0	0.0	0.0	0xb0bada5d45d939a03c6d211d24a61a4418d7cd13	true	-887272	887272	0	0	0	0	100
604030	-276313	-276312	1	4847.796090750884	4737.466005	0.0	9590.972683	9585.262095750884	0.0208371609913924	0.01	0.08	0	0	3.046296548347982e-09	0.0	0.0	0.0	0.0	0xb0bada5d45d939a03c6d211d24a61a4418d7cd13	true	-887272	887272	0	0	0	0	100
587632	-276319	-276318	1	4068.812170378165	4551.156098	0.0	8622.324821	8619.968268378165	0.0195955149474684	0.01	0.08	100	0	6.341449587665693e-08	0.0	0.0	0.0	0.0	0xb0bada5d45d939a03c6d211d24a61a4418d7cd13	true	-887272	887272	0	0	0	0	100
604032	-276313	-276312	1	2595.794415062396	5982.918432	0.0	8581.797034	8578.712847062396	0.0174872543828698	0.01	0.07	0	0	3.046296548347982e-09	0.0	0.0	0.0	0.0	0xb0bada5d45d939a03c6d211d24a61a4418d7cd13	true	-887272	887272	0	0	0	0	100
345905	-276337	-276336	1	1634.7897287902283	2331.505341	3969.25302782186	0.0	3966.295069790229	0.0152920631158103	0.01	0.14	100	0		0.0	0.0	0.0	0.0	0xb0bada5d45d939a03c6d211d24a61a4418d7cd13	true	-887272	887272	0	0	0	0	50
346724	-276334	-276333	1	1334.3538751439924	2627.959696	0.0	3961.094344	3962.313571143992	0.0135326407052108	0.01	0.12	0	0	9.920904098237317e-08	0.0	0.0	0.0	0.0	0xb0bada5d45d939a03c6d211d24a61a4418d7cd13	true	-887272	887272	0	0	0	0	50
349571	-276332	-276331	1	1110.1985356162998	2847.9189	0.0	3957.327989	3958.1174356163	0.0108034405760943	0.01	0.1	100	0		0.0	0.0	0.0	0.0	0xb0bada5d45d939a03c6d211d24a61a4418d7cd13	true	-887272	887272	0	0	0	0	50
278051	-276339	-276338	1	923.1503366792984	1904.508732	0.0	2826.355031	2827.6590686792983	0.0107956393872591	0.01	0.14	0	0	0.0006159810338579	0.0	0.0	0.0	0.0	0xb0bada5d45d939a03c6d211d24a61a4418d7cd13	true	-887272	887272	0	0	0	0	100
345906	-276337	-276336	1	1154.423249787894	1646.416004	2802.9280456756055	0.0	2800.839253787893	0.010479770770521	0.01	0.14	100	0		0.0	0.0	0.0	0.0	0xb0bada5d45d939a03c6d211d24a61a4418d7cd13	true	-887272	887272	0	0	0	0	100
230947	-276349	-276348	1	1786.7507302167965	1053.134751	0.0	2835.551328	2839.8854812167965	0.0096846701279874	0.01	0.12	0	0	4.920915896988731e-08	0.0	0.0	0.0	0.0	0xb0bada5d45d939a03c6d211d24a61a4418d7cd13	true	-887272	887272	0	0	0	0	100
346725	-276334	-276333	1	942.2535431024845	1855.732861	0.0	2797.125447	2797.9864041024844	0.0094293111375225	0.01	0.12	0	0	9.920904098237317e-08	0.0	0.0	0.0	0.0	0xb0bada5d45d939a03c6d211d24a61a4418d7cd13	true	-887272	887272	0	0	0	0	100
349533	-276335	-276334	1	1934.4845880102096	2025.679964	0.0	3958.189067	3960.1645520102097	0.0092276294510612	0.01	0.09	0	0	0.0	0.0	0.0	0.0	0.0	0xb0bada5d45d939a03c6d211d24a61a4418d7cd13	true	-887272	887272	0	0	0	0	50
349573	-276332	-276331	1	782.0139725824854	2006.048739	0.0	2787.506633	2788.062711582485	0.0074839244522712	0.01	0.1	100	0		0.0	0.0	0.0	0.0	0xb0bada5d45d939a03c6d211d24a61a4418d7cd13	true	-887272	887272	0	0	0	0	100
281287	-276340	-276339	1	923.2856333761091	1901.829327	2828.0909898384857	0.0	2825.114960376109	0.0072063335721304	0.01	0.09	0	0	1.286739959e-06	0.0	0.0	0.0	0.0	0xb0bada5d45d939a03c6d211d24a61a4418d7cd13	true	-887272	887272	0	0	0	0	100
349534	-276335	-276334	1	1362.636068407537	1426.87339	0.0	2788.117942	2789.509458407537	0.0062799233846454	0.01	0.08	0	0	0.0	0.0	0.0	0.0	0.0	0xb0bada5d45d939a03c6d211d24a61a4418d7cd13	true	-887272	887272	0	0	0	0	100
197273	-276526	-276175	351	156.12320869713983	160.25682	156.1289765465292	160.251065	316.38002869713984	0.0009415531996155	0.01	0.11	100	0		0.0	0.0	0.0	0.0	0x87e34ac2abd359b1b3d965d2cbb7e451f86465bf	true	-887272	887272	0	0	175	175	100
345866	-276335	-276334	1	2662.2849508797117	28128.596384	30820.47756123752	0.0	30790.881334879712	0.0367437675364705	0.0	0.04	0	0		0.0	0.0	0.0	0.0	0xb0bada5d45d939a03c6d211d24a61a4418d7cd13	true	-887272	887272	0	0	0	0	100
346789	-276334	-276333	1	2.0193277525921465	9908.617044	0.0	9910.63456	9910.636371752593	0.0158848011301671	0.0	0.06	0	0	2.9946225499344337e-07	0.0	0.0	0.0	0.0	0x7617452156f474836604c1a79c79c0627be5fe74	0	0	0	0	0	0	0	0
281336	-276340	-276339	1	6697.7816588132155	3210.82334	9913.685511157804	0.0	9908.604998813214	0.0137147422384345	0.0	0.05	0	0		0.0	0.0	0.0	0.0	0xb0bada5d45d939a03c6d211d24a61a4418d7cd13	true	-887272	887272	0	0	0	0	100
345869	-276335	-276334	1	2177.416892883664	7670.675819	9856.215263348056	0.0	9848.092711883664	0.0090786281711363	0.0	0.03	0	0		0.0	0.0	0.0	0.0	0xb0bada5d45d939a03c6d211d24a61a4418d7cd13	true	-887272	887272	0	0	0	0	100
281339	-276340	-276339	1	4117.350025667345	1973.800317	6094.273503244679	0.0	6091.150342667345	0.0081114748808803	0.0	0.05	0	0		0.0	0.0	0.0	0.0	0xb0bada5d45d939a03c6d211d24a61a4418d7cd13	true	-887272	887272	0	0	0	0	50
435547	-276330	-276329	1	46.43286689123827	9679.485169	0.0	9725.894937	9725.918035891238	0.0037722546991914	0.0	0.01	100	0	0.0	0.0	0.0	0.0	0.0	0xb0bada5d45d939a03c6d211d24a61a4418d7cd13	true	-887272	887272	0	0	0	0	100
345872	-276335	-276334	1	877.0631600044602	3089.746936	3970.0818583747914	0.0	3966.81009600446	0.003352486841672	0.0	0.03	0	0		0.0	0.0	0.0	0.0	0xb0bada5d45d939a03c6d211d24a61a4418d7cd13	true	-887272	887272	0	0	0	0	50
435548	-276330	-276329	1	41.59838285922068	8671.679285	0.0	8713.256973	8713.27766785922	0.0031746355308947	0.0	0.01	100	0	0.0	0.0	0.0	0.0	0.0	0xb0bada5d45d939a03c6d211d24a61a4418d7cd13	true	-887272	887272	0	0	0	0	100
345875	-276335	-276334	1	619.3497675490079	2181.865724	2803.52588988284	0.0	2801.215491549008	0.0020816055670134	0.0	0.03	0	0		0.0	0.0	0.0	0.0	0xb0bada5d45d939a03c6d211d24a61a4418d7cd13	true	-887272	887272	0	0	0	0	100
278337	-276330	-276329	1	32239.35081156766	19043.453647	51293.82911483644	0.0	51282.80445856765	0.0020479465930357	0.0	0.0	0	0		0.0	0.0	0.0	0.0	0xb0bada5d45d939a03c6d211d24a61a4418d7cd13	true	-887272	887272	0	0	0	0	100
202465	-276365	-276364	1	2610.554764126621	179.503168	0.0	2779.522361	2790.057932126622	0.001742700360329	0.0	0.02	0	0	0.0	0.0	0.0	0.0	0.0	0xb0bada5d45d939a03c6d211d24a61a4418d7cd13	true	-887272	887272	0	0	0	0	100
214050	-276354	-276353	1	494.09166124459	1499.01034	0.0	1991.666492	1993.1020012445904	0.0004624700156081	0.0	0.01	45	0		0.0	0.0	0.0	0.0	0x3bee932e51d6306e3a3d8725ad7cc133a0b0fc5e	true	-887272	887272	0	0	0	0	50
340430	-276332	-276331	1	1675.003363342538	20744.132483	22434.72161308645	0.0	22419.13584634254	0.0003916399045481	0.0	0.0	0	0		0.0	0.0	0.0	0.0	0xb0bada5d45d939a03c6d211d24a61a4418d7cd13	true	-887272	887272	0	0	0	0	100
606685	-276320	-276319	1	1088.9755732031654	8484.80916	0.0	9574.32601	9573.784733203169	0.0001616867537176	0.0	0.0	0	0	1.3802335940837906e-07	0.0	0.0	0.0	0.0	0xb0bada5d45d939a03c6d211d24a61a4418d7cd13	true	-887272	887272	0	0	0	0	100
676808	-276302	-276301	1	7593.4857429606045	1868.077795	9457.435194322748	0.0	9461.563537960605	0.0001274189511773	0.0	0.0	0	0		0.0	0.0	0.0	0.0	0xb0bada5d45d939a03c6d211d24a61a4418d7cd13	true	-887272	887272	0	0	0	0	100
197279	-276523	-276172	351	23.94156911450297	23.752984	23.9424386041302	23.752116	47.694553114502966	3.34164262963e-05	0.0	0.03	100	0		0.0	0.0	0.0	0.0	0x87e34ac2abd359b1b3d965d2cbb7e451f86465bf	true	-887272	887272	0	0	175	175	100
200822	-276350	-276349	1	38.291075348326814	6.702116	0.0	44.896064	44.99319134832682	3.27966615584e-05	0.0	0.01	8	0	2.796499032342581e-07	0.0	0.0	0.0	0.0	0x60583f22ada7b1352bb2faf694b3eaaf942696dd	0	0	0	0	0	0	0	0
201939	-276358	-276342	16	46.18798620731829	47.411017	46.187615601958136	47.411385	93.59900320731828	1.08960859442e-05	0.0	0.0	100	0	0.0	0.0	0.0	0.0	0.0	0x9252c1a75e3cae382ac6c8fffa4e21c87ad95fab	0	0	0	0	0	0	0	0
165397	-276397	-276288	109	3.366985234171582	3.420036	0.0	0.0	6.787021234171582	0.0	0.0	0.0	95	0	7.01422071203e-05	0.0	0.0	0.0	0.0	0x05e5dc207b2b34a52d2f48b34213eb884509f8c9	0	0	0	0	0	0	0	0
197248	-276348	-276346	2	7484.165244649358	0.0	7484.165244649358	0.0	7484.16524464936	0.0	0.0	0.0	0	0	0.0	0.0	0.0	0.0	0.0	0x97b73b8eaa8662381383a67e0dbcab67f78337dd	true	-887272	887272	0	0	1	0	100
202460	-276352	-276350	2	71.57213075182592	0.0	71.57213075182592	0.0	71.57213075182592	0.0	0.0	0.0	0	0	1.02884345376e-05	0.0	0.0	0.0	0.0	0xa7bf8f67045ef716ee87ded1faadff10f226c02d	true	-887272	887272	0	0	1	0	100
202471	-276354	-276353	1	702.1262336530119	2147.177903	0.0	2847.26426	2849.3041366530115	0.0	0.0	0.0	100	0		0.0	0.0	0.0	0.0	0xb0bada5d45d939a03c6d211d24a61a4418d7cd13	true	-887272	887272	0	0	0	0	100
202524	-276356	-276352	4	3489.619924006007	6564.439309	0.0	10044.069919	10054.059233006006	0.0	0.0	0.0	87	0	2.4143030019e-06	0.0	0.0	0.0	0.0	0x7617452156f474836604c1a79c79c0627be5fe74	0	0	0	0	0	2	1	0
203216	-276356	-276352	4	31.299182250101527	62.21101	8.275504253230784	85.168435	93.51019225010154	0.0	0.0	0.0	100	0	1.1918553921574927e-07	0.0	0.0	0.0	0.0	0x9252c1a75e3cae382ac6c8fffa4e21c87ad95fab	0	0	0	0	0	2	1	0
205904	-276354	-276353	1	2150.171600887241	7857.905813	0.0	10001.833934	10008.07741388724	0.0	0.0	0.0	100	0		0.0	0.0	0.0	0.0	0x10eb84abd429fa4df8dcabbc7c2803822a5b82d9	true	-887272	887272	0	0	0	0	100
207634	-276354	-276353	1	207.21399916840616	528.344353	0.0	734.955974	735.5583521684061	0.0	0.0	0.0	100	0		0.0	0.0	0.0	0.0	0x8a1a66ccd6b5652a19e927308529c3a5bc7a9605	0	0	0	0	0	0	0	0
207647	-276354	-276353	1	1.798205224197996	4.581954	0.0	6.37493	6.380159224197996	0.0	0.0	0.0	100	0	1.0893226320973781e-07	0.0	0.0	0.0	0.0	0x8a1a66ccd6b5652a19e927308529c3a5bc7a9605	0	0	0	0	0	0	0	0
207651	-276354	-276353	1	2.0017666630239344	5.102108	0.0	7.098054	7.103874663023935	0.0	0.0	0.0	100	0	1.0949509077207153e-07	0.0	0.0	0.0	0.0	0x8a1a66ccd6b5652a19e927308529c3a5bc7a9605	0	0	0	0	0	0	0	0
207799	-276354	-276353	1	203.18925895239877	89.655983	0.0	292.250389	292.84524195239874	0.0	0.0	0.0	100	0		0.0	0.0	0.0	0.0	0x8a1a66ccd6b5652a19e927308529c3a5bc7a9605	0	0	0	0	0	0	0	0
207801	-276354	-276353	1	33.73878301525187	14.887026	0.0	48.527036	48.62580901525187	0.0	0.0	0.0	100	0		0.0	0.0	0.0	0.0	0x8a1a66ccd6b5652a19e927308529c3a5bc7a9605	0	0	0	0	0	0	0	0
210800	-276355	-276353	2	382.0516422385096	422.116868	0.0	803.045159	804.1685102385096	0.0	0.0	0.0	100	0	2.06984651640596e-08	0.0	0.0	0.0	0.0	0xd050e74eab1acbe57b48e762e3506b5c51cd314d	true	-887272	887272	0	0	1	0	100
211794	-276354	-276353	1	3693.391898564302	2498.456184	0.0	6181.053309	6191.848082564303	0.0	0.0	0.0	100	0		0.0	0.0	0.0	0.0	0x5b68b0e0d01b47e66a5ee927a0c556f53d13225b	0	0	0	0	0	0	0	0
214182	-276354	-276353	1	2340.815740673375	13404.683712	0.0	15738.710124	15745.499452673375	0.0	0.0	0.0	100	0	5.278333325975382e-09	0.0	0.0	0.0	0.0	0x469078adbec54d115290dcc044111f5e9bf780ba	true	-887272	887272	0	0	0	0	50
214309	-276354	-276352	2	1844.1735094856424	1429.436102	0.0	3268.354799	3273.6096114856427	0.0	0.0	0.0	100	0	2.7793770618345093e-07	0.0	0.0	0.0	0.0	0x92422f23bad585bacec3cceab7f7df8225471bab	0	0	0	0	0	0	0	0
214472	-276353	-276352	1	6448.4210702597775	9309.045475	0.0	15739.322773	15757.466545259778	0.0	0.0	0.0	100	0	1.998962106952717e-08	0.0	0.0	0.0	0.0	0xb0bada5d45d939a03c6d211d24a61a4418d7cd13	true	-887272	887272	0	0	0	0	50
214474	-276353	-276352	1	4097.063932855409	5914.183665	0.0	9999.719781	10011.247597855408	0.0	0.0	0.0	100	0	1.998962106952717e-08	0.0	0.0	0.0	0.0	0xb0bada5d45d939a03c6d211d24a61a4418d7cd13	true	-887272	887272	0	0	0	0	100
214476	-276353	-276352	1	1166.3213446412217	1683.605323	0.0	2846.645015	2849.9266676412217	0.0	0.0	0.0	100	0	2.92130664103496e-07	0.0	0.0	0.0	0.0	0xb0bada5d45d939a03c6d211d24a61a4418d7cd13	true	-887272	887272	0	0	0	0	100
214506	-276353	-276352	1	2293.0401148390706	3893.106223	0.0	6179.698868	6186.146337839071	0.0	0.0	0.0	100	0	2.9500223375222845e-07	0.0	0.0	0.0	0.0	0xb0bada5d45d939a03c6d211d24a61a4418d7cd13	true	-887272	887272	0	0	0	0	50
215104	-276353	-276352	1	376.1254033243167	713.11801	0.0	1088.186315	1089.2434133243166	0.0	0.0	0.0	100	0	4.91595875118378e-08	0.0	0.0	0.0	0.0	0x8a1a66ccd6b5652a19e927308529c3a5bc7a9605	0	0	0	0	0	0	0	0
215115	-276353	-276352	1	100.66239769700034	190.824385	100.29661107863656	191.189137	291.4867826970004	0.0	0.0	0.0	100	0	2.2624124795811437e-10	0.0	0.0	0.0	0.0	0x8a1a66ccd6b5652a19e927308529c3a5bc7a9605	0	0	0	0	0	0	0	0
216028	-276352	-276351	1	14249.831070665785	1527.749035	0.0	15738.555392	15777.580105665784	0.0	0.0	0.0	100	0		0.0	0.0	0.0	0.0	0xb0bada5d45d939a03c6d211d24a61a4418d7cd13	true	-887272	887272	0	0	0	0	50
216034	-276352	-276351	1	9052.292354469446	968.657836	0.0	9996.15943	10020.950190469446	0.0	0.0	0.0	100	0		0.0	0.0	0.0	0.0	0xb0bada5d45d939a03c6d211d24a61a4418d7cd13	true	-887272	887272	0	0	0	0	100
216036	-276352	-276351	1	5594.978610896937	598.545916	0.0	6178.202017	6193.524526896938	0.0	0.0	0.0	100	0	5.272449143944867e-10	0.0	0.0	0.0	0.0	0xb0bada5d45d939a03c6d211d24a61a4418d7cd13	true	-887272	887272	0	0	0	0	50
216042	-276352	-276351	1	2577.338966399485	275.721468	0.0	2846.002086	2853.060434399485	0.0	0.0	0.0	100	0	5.272449143944867e-10	0.0	0.0	0.0	0.0	0xb0bada5d45d939a03c6d211d24a61a4418d7cd13	true	-887272	887272	0	0	0	0	100
216079	-276352	-276351	1	728.6796882072063	361.49039	0.0	1088.183041	1090.1700782072064	0.0	0.0	0.0	100	0	4.954725518757641e-09	0.0	0.0	0.0	0.0	0x8a1a66ccd6b5652a19e927308529c3a5bc7a9605	0	0	0	0	0	0	0	0
216661	-276350	-276349	1	13119.342377500672	2652.609588	10005.932835280822	5758.026358	15771.951965500672	0.0	0.0	0.0	100	0		0.0	0.0	0.0	0.0	0xb0bada5d45d939a03c6d211d24a61a4418d7cd13	true	-887272	887272	0	0	0	0	50
216662	-276350	-276349	1	8331.224340046434	1683.287404	0.0	9993.3872	10014.511744046436	0.0	0.0	0.0	73	0	3.734555220624714e-07	0.0	0.0	0.0	0.0	0xb0bada5d45d939a03c6d211d24a61a4418d7cd13	true	-887272	887272	0	0	0	0	100
216665	-276350	-276349	1	5149.4993560285775	1040.4338	0.0	6176.876153	6189.933156028578	0.0	0.0	0.0	73	0	3.7539593655822046e-08	0.0	0.0	0.0	0.0	0xb0bada5d45d939a03c6d211d24a61a4418d7cd13	true	-887272	887272	0	0	0	0	50
216667	-276350	-276349	1	2372.109723961856	479.274385	0.0	2845.369418	2851.384108961856	0.0	0.0	0.0	73	0	3.717476326769997e-08	0.0	0.0	0.0	0.0	0xb0bada5d45d939a03c6d211d24a61a4418d7cd13	true	-887272	887272	0	0	0	0	100
216695	-276350	-276349	1	879.8667496169811	210.243948	0.0	1087.880807	1090.110697616981	0.0	0.0	0.0	59	0		0.0	0.0	0.0	0.0	0x8a1a66ccd6b5652a19e927308529c3a5bc7a9605	0	0	0	0	0	0	0	0
217083	-276350	-276349	1	39.02242036553744	32.560204	0.0	71.484237	71.58262436553744	0.0	0.0	0.0	20	0	2.0096924124857201e-07	0.0	0.0	0.0	0.0	0xa7bf8f67045ef716ee87ded1faadff10f226c02d	true	-887272	887272	0	0	0	0	100
217470	-276351	-276347	4	1203.6912722785355	9860.653881	0.0	11061.55091	11064.345153278537	0.0	0.0	0.0	73	0		0.0	0.0	0.0	0.0	0x7617452156f474836604c1a79c79c0627be5fe74	0	0	0	0	0	2	1	0
217471	-276348	-276347	1	2678.8851076228766	7290.038386	0.0	9962.740663	9968.923493622877	0.0	0.0	0.0	100	0		0.0	0.0	0.0	0.0	0xb0bada5d45d939a03c6d211d24a61a4418d7cd13	true	-887272	887272	0	0	0	0	100
217474	-276348	-276347	1	1660.8309899279545	4516.99594	0.0	6173.993745	6177.826929927955	0.0	0.0	0.0	100	0		0.0	0.0	0.0	0.0	0xb0bada5d45d939a03c6d211d24a61a4418d7cd13	true	-887272	887272	0	0	0	0	50
217475	-276348	-276347	1	765.3428782305704	2081.518646	0.0	2845.095119	2846.8615242305705	0.0	0.0	0.0	100	0		0.0	0.0	0.0	0.0	0xb0bada5d45d939a03c6d211d24a61a4418d7cd13	true	-887272	887272	0	0	0	0	100
217559	-276348	-276347	1	12723.458633998684	4812.639444	0.0	17506.44258	17536.098077998686	0.0	0.0	0.0	100	0	1.4509704104e-06	0.0	0.0	0.0	0.0	0x25b6f5f1525f0074d53570ea2fb4cd9ee545b296	0	0	0	0	0	0	0	0
217644	-276345	-276344	1	9068.87904233948	8454.375369	17540.7993866134	0.0	17523.25441133948	0.0	0.0	0.0	0	0		0.0	0.0	0.0	0.0	0xb0bada5d45d939a03c6d211d24a61a4418d7cd13	true	-887272	887272	0	0	0	0	100
217649	-276345	-276344	1	5161.330526780653	4811.104724	9982.419520497073	0.0	9972.435250780654	0.0	0.0	0.0	0	0		0.0	0.0	0.0	0.0	0xb0bada5d45d939a03c6d211d24a61a4418d7cd13	true	-887272	887272	0	0	0	0	100
217650	-276345	-276344	1	3198.6113105319955	2981.443995	6186.242564133421	0.0	6180.055305531996	0.0	0.0	0.0	0	0		0.0	0.0	0.0	0.0	0xb0bada5d45d939a03c6d211d24a61a4418d7cd13	true	-887272	887272	0	0	0	0	50
217663	-276345	-276344	1	1473.950156190028	1373.877416	2850.678719108671	0.0	2847.827572190028	0.0	0.0	0.0	0	0		0.0	0.0	0.0	0.0	0xb0bada5d45d939a03c6d211d24a61a4418d7cd13	true	-887272	887272	0	0	0	0	100
217721	-276345	-276344	1	577.9836602655053	509.738019	1088.7798677007645	0.0	1087.7216792655054	0.0	0.0	0.0	0	0		0.0	0.0	0.0	0.0	0x8a1a66ccd6b5652a19e927308529c3a5bc7a9605	0	0	0	0	0	0	0	0
217788	-276346	-276345	1	15669.859251610382	1863.300526	17537.248467364992	0.0	17533.159777610384	0.0	0.0	0.0	0	0		0.0	0.0	0.0	0.0	0xb0bada5d45d939a03c6d211d24a61a4418d7cd13	true	-887272	887272	0	0	0	0	100
217792	-276346	-276345	1	8918.591527837993	1060.301207	9981.21938255569	0.0	9978.892734837991	0.0	0.0	0.0	0	0		0.0	0.0	0.0	0.0	0xb0bada5d45d939a03c6d211d24a61a4418d7cd13	true	-887272	887272	0	0	0	0	100
217794	-276346	-276345	1	5526.478085118775	657.024303	5526.478085118775	657.024302	6183.502388118775	0.0	0.0	0.0	0	0	0.0	0.0	0.0	0.0	0.0	0xb0bada5d45d939a03c6d211d24a61a4418d7cd13	true	-887272	887272	0	0	0	0	50
217796	-276346	-276345	1	2546.649115247598	302.762507	2850.075982327168	0.0	2849.411622247598	0.0	0.0	0.0	0	0		0.0	0.0	0.0	0.0	0xb0bada5d45d939a03c6d211d24a61a4418d7cd13	true	-887272	887272	0	0	0	0	100
217828	-276347	-276346	1	1035.213649525041	1810.166866	0.0	2843.08963	2845.380515525041	0.0	0.0	0.0	100	0		0.0	0.0	0.0	0.0	0xb0bada5d45d939a03c6d211d24a61a4418d7cd13	true	-887272	887272	0	0	0	0	100
217919	-276347	-276346	1	727.8853880481731	343.083758	0.0	1069.346895	1070.9691460481731	0.0	0.0	0.0	100	0		0.0	0.0	0.0	0.0	0x8a1a66ccd6b5652a19e927308529c3a5bc7a9605	0	0	0	0	0	0	0	0
218321	-276347	-276346	1	449.0778019651361	1508.046644	487.2733565359145	1469.935831	1957.124445965136	0.0	0.0	0.0	100	0		0.0	0.0	0.0	0.0	0x3bee932e51d6306e3a3d8725ad7cc133a0b0fc5e	true	-887272	887272	0	0	0	0	50
218553	-276347	-276346	1	18.109919076579647	53.404286	0.0	71.474227	71.51420507657966	0.0	0.0	0.0	100	0		0.0	0.0	0.0	0.0	0xa7bf8f67045ef716ee87ded1faadff10f226c02d	true	-887272	887272	0	0	0	0	100
221559	-276344	-276343	1	2600.181409540436	247.788766	2848.4644857435806	0.0	2847.970175540436	0.0	0.0	0.0	0	0		0.0	0.0	0.0	0.0	0xb0bada5d45d939a03c6d211d24a61a4418d7cd13	true	-887272	887272	0	0	0	0	100
221660	-276346	-276345	1	2378.1759783730226	468.555805	2847.75857637798	0.0	2846.7317833730226	0.0	0.0	0.0	100	0	7.492149345367238e-07	0.0	0.0	0.0	0.0	0xb0bada5d45d939a03c6d211d24a61a4418d7cd13	true	-887272	887272	0	0	0	0	100
221699	-276347	-276345	2	820.1657494459472	1195.829911	780.4875168652259	1235.42183	2015.9956604459471	0.0	0.0	0.0	100	0	6.677910668884124e-07	0.0	0.0	0.0	0.0	0xcb8db65e9aefbb6386cc5b757516412b79067004	0	0	0	0	0	0	0	0
224711	-276347	-276346	1	390.2948114924663	2451.463835	0.0	2840.899345	2841.758646492466	0.0	0.0	0.0	100	0	9.504874665111629e-09	0.0	0.0	0.0	0.0	0xb0bada5d45d939a03c6d211d24a61a4418d7cd13	true	-887272	887272	0	0	0	0	100
