wallet	ticks	apr	total_profit_usd	mid_deposited_usd	rebalances	in_range	rebalances_gap_hours	mid_duration_hours	impermanent_loss_avg	auto_rebalance	vfat_cutoff_tick_low_avg	vfat_cutoff_tick_high_avg	vfat_buffer_ticks_below_avg	vfat_buffer_ticks_above_avg
0x3efd6520d79372191024b9eb5e6268dc74b02894	50	861.33	32.50	688.66	1	20.00	0	26	0.002896539257235542	0	0	0	0	0
0x27243dfacd64e698220c963292263268015047da	250	610.34	153.35	3356.26	2	87.00	70	32	0.0062256238935187724	0	0	0	0	0
0x4ee50c094cd4e2f984bde43fb51a4cae7bc3a46a	400	555.43	18.84	1238.36	1	100.00	0	21	0.003042461037561228	0	0	0	0	0
0x6a8dfc07baf591ae8c45cd583e8735d278c58e6c	450	520.21	3.04	213.38	1	100.00	0	22	0	0	0	0	0	0
0x2f4147b92116d30dd5ade11752e3b9a97b66d6dc	400	476.46	0.34	13.16	1	82.00	0	45	0	0	0	0	0	0
0x66c92528f1c46a75760bbbea8f0983c11254648c	150	461.32	5.56	161.26	2	34.50	13	41	0.0012115881037499943	0	0	0	0	0
0x5544de3a7a687028c0caf47fc6d4d94a80b638ee	150	439.92	52.66	697.03	4	82.00	24	17	0.0006254613781869756	0	0	0	0	0
0x9d30a0d1d9ddc4bbbe8bdddf5bd000194b21a38b	350	414.23	5.56	244.75	1	93.00	0	45	0	0	0	0	0	0
0x85e5bc73dd304062dcf08c65302d5a872cabfa77	400	414.05	49.33	2174.27	1	94.00	0	34	0.023242549056579076	0	0	0	0	0
0x10368bfc3da395b46d40261a6bea3189af6b5e75	450	404.99	95.10	8571.05	1	88.00	0	23	0	0	0	0	0	0
0x6e912d3429773b577d730032044a9bd70caefe9e	600	397.56	5.49	503.61	1	100.00	0	23	0	0	0	0	0	0
0x919a27466dc58f5d3ff1b30a339a574d71be65c7	400	392.02	2.56	49.78	2	78.50	0	49	0	0	0	0	0	0
0xa58de18ccedf49d067402a82293d06b87c9317a6	500	385.75	28.08	1328.44	1	99.00	0	37	0.013649606140597736	0	0	0	0	0
0xe4486802a2b68c775f9302f6d5e38fc44c99e3da	50	385.24	10.79	1021.89	1	17.00	0	11	0.004454779105700357	0	0	0	0	0
0x73e2f7bcc702638876aaef814e660a52b8299cdb	350	378.21	6.99	337.27	1	96.00	0	30	0	0	0	0	0	0
0x39e746fb643789facb3031577eddf0ee996ea701	400	376.93	47.07	2278.89	1	79.00	0	42	0.0010976334625878437	0	0	0	0	0
0x9674fc77a3f5773002877cae189a51ea89cc4316	400	374.45	221.93	21632.50	1	95.00	0	17	0.019452757245019825	0	0	0	0	0
0xe757cb9f9210f0c970e20696f91665146c3c9494	300	370.78	38.89	868.92	2	64.50	100	36	0.01154708923838399	0	0	0	0	0
0xe840907f25ccde2980c2726fbed32504e99b212e	600	368.44	339.55	33638.35	1	100.00	0	22	0.002325834010419303	0	0	0	0	0
0x156e592cb42be728a38fc5c893b4f738b9bb316e	300	363.22	356.26	12185.92	3	69.67	37	17	0	0	0	0	0	0
0x9d30a0d1d9ddc4bbbe8bdddf5bd000194b21a38b	400	360.75	2.70	136.49	1	93.00	0	45	0	0	0	0	0	0
0xd1c921829db71034b077e585fa4f28850f2b5267	400	359.33	878.32	44609.31	1	84.00	0	38	0	0	0	0	0	0
0xc48163af7f0e9028d9499513d32e721110bdb174	500	357.14	0.92	93.92	1	100.00	0	16	0	0	0	0	0	0
0xe1f3d27341f210e0964f11ba6650aa1e328b2686	450	356.35	33.56	508.55	3	81.00	3	48	0.02103164014309507	0	0	0	0	0
0xb734ec7a75d65406fde5bcf9156cab673ba1e1c5	300	355.85	4.04	207.04	1	51.00	0	47	0	0	0	0	0	0
0x449024005833ec0515e8379e5ae822aab42d27c0	650	350.83	2.16	225.20	1	100.00	0	22	0.004791874498633053	0	0	0	0	0
0x5aac153c1d3552bd81590f5de5102c4a1a3a08ed	200	348.31	25.72	402.37	2	31.50	3	84	0.06563067838728509	0	0	0	0	0
0xe840907f25ccde2980c2726fbed32504e99b212e	350	347.80	385.13	40417.45	1	100.00	0	20	0	0	0	0	0	0
0x38c30c92ade65cc35ce93b4f895894d197cec4c6	450	342.25	77.89	4175.95	2	100.00	8	15	0.002903982551616391	0	0	0	0	0
0xf86b92a7508958fa1b9a7e600aee33ab7bf8664a	400	338.25	0.93	100.20	1	100.00	0	13	0.0055285973432850355	0	0	0	0	0
0xe0210d3a2b9e4c23f93308971fb0e1feb13262c5	350	338.15	11.82	637.87	1	84.00	0	31	0.06540539707691195	0	0	0	0	0
0x919a27466dc58f5d3ff1b30a339a574d71be65c7	300	333.74	0.98	53.93	2	62.50	0	23	0.001097935076371792	0	0	0	0	0
0x278752ff42bdf8c5124415ca261ecadba8542887	400	329.44	17.72	1962.81	1	100.00	0	20	0.002115542564795625	0	0	0	0	0
0x300afbe08ee4619ec93524f9255ce59a013a5b63	100	327.56	9.41	1048.73	1	78.00	0	6	0	0	0	0	0	0
0xe30dc1eba82267d5e55391d3cdc7d6f72de9c227	400	327.23	11.06	616.56	1	75.00	0	36	0.04812797480109321	0	0	0	0	0
0x51dcd4d4632149f8fdf9fca8c79700595e8034cd	600	326.99	0.93	52.03	1	95.00	0	38	0	0	0	0	0	0
0x3f6eea20e0ce4a86c83fd5dad5c32e43e1251361	400	325.55	281.44	15777.48	1	97.00	0	28	0.027692782103905245	0	0	0	0	0
0xf241e1c926236d8100a696ebe1b4793f06ead712	650	324.83	0.20	22.29	1	100.00	0	23	0	0	0	0	0	0
0x0f72046b58f2a5fbc58e6a3490b3a342fb05df36	400	322.23	340.56	19287.83	1	96.00	0	28	0	0	0	0	0	0
0xb734ec7a75d65406fde5bcf9156cab673ba1e1c5	200	322.18	1.75	198.16	1	41.00	0	20	0	0	0	0	0	0
0x98ecce11fcbdeaef180b9ae1cc2549ed0ed80173	200	322.18	1.75	197.95	1	36.00	0	22	0	0	0	0	0	0
0xbd1bff03034ac340235e48ee35c85b1121b8198e	100	321.88	288.66	16366.62	1	33.00	0	28	0.004074476730830945	0	0	0	0	0
0x5f17e9d3b612262369cbf9f0fc141eaa3d577e8e	350	321.74	444.23	25197.88	1	98.00	0	34	0.006322726256069444	0	0	0	0	0
0x69528a431a5a6f3723d58b1a474d0c865f8b9dda	650	320.21	366.79	41809.63	1	100.00	0	22	0	0	0	0	0	0
0x735c9f1d619bc83560f2b23b6c6f35ba159f57b8	300	319.62	0.01	0.79	1	70.00	0	40	0	0	0	0	0	0
0x4e9518ecb5e2a779cbfe3e41231bd7ad31c94d75	400	318.08	441.30	25320.16	1	61.00	0	41	0.06743201950748512	0	0	0	0	0
0x607583cba8866c13200dde82e1e66a8bbd927b5e	350	315.01	4.15	480.66	1	83.00	0	14	0	0	0	0	0	0
0x44b3139eab3ec2d5b15864a478065f151a7a7da4	400	314.83	5.69	272.15	2	91.00	53	24	0.0013048636724022344	0	0	0	0	0
0xa6861734e12e45e3b3a1dfc3d06d1bc5d3c34589	400	313.05	9.66	375.58	1	76.00	0	71	0.000929604696342512	0	0	0	0	0
0xbbd9ef86217b5a607574627e4c01933812196240	400	313.02	62.60	1887.48	3	70.67	52	19	0.010290890693505824	0	0	0	0	0
0x0cbdfac5e093c49bd1f8633fded37216acbdcf4f	400	311.91	7.68	449.14	1	80.00	0	35	0.005464957797174375	0	0	0	0	0
0xb34f836eb3bbde0a7c1c8800ba3b71e31f8e536e	400	310.67	59.82	1756.90	1	79.00	0	72	0.000006714702804888617	0	0	0	0	0
0xb734ec7a75d65406fde5bcf9156cab673ba1e1c5	250	309.91	3.39	199.76	1	39.00	0	38	0	0	0	0	0	0
0x0b8f402ae25a4d5da17d24462df9a7bae4882d56	250	308.22	8.73	516.85	1	43.00	0	46	0	0	0	0	0	0
0xfb6d215b37f54ed59f46a104a45540878bf9950c	400	303.25	32.94	1861.81	2	90.00	0	18	0	0	0	0	0	0
0x7e45ac061ca96b3995cd6730a0211816fbd5f77e	400	303.04	0.05	1.00	1	70.00	0	123	0	0	0	0	0	0
0x77a70e1761fb3cbb333599ee16e5d6cb027afd83	400	302.35	15.60	1883.29	1	100.00	0	19	0	0	0	0	0	0
0xc48163af7f0e9028d9499513d32e721110bdb174	400	299.82	1.28	78.12	1	98.00	0	27	0	0	0	0	0	0
0xd42d654d065ff9560c823f2d71411535d5e81132	600	298.60	6.62	809.60	1	100.00	0	16	0	0	0	0	0	0
0xe8a0c3f794640ffdad7855dfc7d8351e867f7b9c	650	296.83	33.62	2067.22	1	99.00	0	37	0.024137336769780582	0	0	0	0	0
0xe1f3d27341f210e0964f11ba6650aa1e328b2686	400	295.32	22.26	540.48	3	69.33	4	36	0	0	0	0	0	0
0x9694366b5f7329f973b91b705883472f1302637f	500	295.29	5.46	674.86	1	58.00	0	22	0.04832287026601545	0	0	0	0	0
0x49abbf1bab43835ccf133992c78a5357909c7bbd	400	293.94	4.39	77.90	1	57.00	0	165	0.0014311270177258528	0	0	0	0	0
0x3b179c647b1a5bb6a40ab15a29f6ac860d9255c5	50	293.83	0.57	71.14	1	19.00	0	10	0	0	0	0	0	0
0x87a12400fd577ceb6a668c4dda00b3d3fc97e0d3	450	292.27	38.82	2442.72	2	100.00	0	13	0	0	0	0	0	0
0x28c974c18c6553b445c4b77f35d83f3499acf58f	700	290.20	0.41	51.69	1	100.00	0	20	0.0034804706813162944	0	0	0	0	0
0x27243dfacd64e698220c963292263268015047da	350	289.97	24.76	3117.09	1	71.00	0	17	0.00783585092847261	0	0	0	0	0
0x3e30bb05e183d388b573ecc6377e9f584d7cfc42	400	289.70	280.90	5898.53	1	70.00	0	120	0.048477719786843565	0	0	0	0	0
0xafbd8e7394f41b2f479a9ada10ed8bb700b75311	500	287.77	5.27	669.04	1	100.00	0	15	0	0	0	0	0	0
0x7185c46f4f6ee10938d5dcbe33f758985444bc7a	50	286.98	7.83	995.60	1	100.00	0	2	0	0	0	0	0	0
0x10368bfc3da395b46d40261a6bea3189af6b5e75	400	286.18	169.91	7887.63	2	97.00	0	24	0	0	0	0	0	0
0x03629293e8bb540f07559e950396e8ce5664a80e	400	284.54	14.33	1838.79	1	78.00	0	14	0	0	0	0	0	0
0xed428d0034a66e2ff2fc2f7a1bd5da35009e2d89	250	284.36	29.54	868.92	2	33.00	0	28	0.012516613417651312	0	0	0	0	0
0xdd8737fcdda97bd850a26cb7b7beb3a19346459e	650	281.07	105.30	2301.48	4	98.25	5	28	0.0005265449300462244	0	0	0	0	0
0x5f17e9d3b612262369cbf9f0fc141eaa3d577e8e	500	280.39	383.88	24984.29	2	98.50	19	15	0.0037119871461377407	0	0	0	0	0
0x73ca10faff34fe69f1c7186474651434adbc2163	650	280.10	10.47	682.19	1	81.00	0	43	0.059094539063075935	0	0	0	0	0
0x35521b0d9785b86e1423278f3498bde00284d104	350	280.05	3.82	249.19	1	58.00	0	33	0	0	0	0	0	0
0xfab820f896d5a45f581ab3619cb41a92bc9104ff	400	278.39	0.49	64.34	1	84.00	0	21	0	0	0	0	0	0
0x5a17cc5eb6b1af7a4c57c32c70427e44b2bdbab9	400	278.10	5.12	671.32	1	80.00	0	18	0.009258828171787581	0	0	0	0	0
0xbdfc087a5c32f6b6e425697c1a19a10e378136ee	550	277.06	1.17	154.11	1	73.00	0	22	0	0	0	0	0	0
0x671c813794612c22baefe47f01ac837d6ca2da91	400	275.80	87.67	2320.54	1	68.00	0	108	0.04808346510692951	0	0	0	0	0
0xd9dc04a528722613da15c961039f523707407a78	650	274.61	1.21	160.40	1	100.00	0	16	0	0	0	0	0	0
0x04722123cc98c8a78f4d2851d2b363561af99edf	400	273.77	152.05	10135.79	1	67.00	0	48	0.06187814163947092	0	0	0	0	0
0xc0e721958a2480faeb1a90e8126455e7b636246e	400	273.19	87.33	5833.78	1	90.00	0	35	0	0	0	0	0	0
0x853ed418904321f57faf4e246c8b4487076f0a68	400	272.57	0.07	1.93	2	67.00	0	51	0.004800042688618555	0	0	0	0	0
0x0df0288c88f912e1d9300cc6f43e6b53965b408c	650	270.68	26.86	724.48	1	89.00	0	114	0	0	0	0	0	0
0x227d69418c80b25254ce5d1db1c1805b13072116	400	269.56	1.79	41.09	4	72.25	0	21	0.05801217972027928	0	0	0	0	0
0x82ae0868fd40b168aeaba8a5bb2f03fd6fb89357	400	267.58	2.84	63.57	5	81.00	3	20	0.004022396277878482	0	0	0	0	0
0x51f1e7210251af0bc3042e6b0ee2a3816f7d212f	350	266.40	1.47	50.36	1	54.00	0	95	0	0	0	0	0	0
0x8ccb2c0530f9e3d2dc8a08f96223f69d78df677a	250	265.31	32.95	2151.60	2	79.00	0	14	0.004348408259341463	0	0	0	0	0
0x0df0288c88f912e1d9300cc6f43e6b53965b408c	600	264.74	16.69	715.06	2	95.00	0	26	0.007068815676375406	0	0	0	0	0
0x1ded04611e3b48f620d42bc97f798cb085403f73	400	263.38	9.08	161.28	3	58.33	0	56	0.045586330483978386	0	0	0	0	0
0x9b06ce7455d3350d00994a886f77cad77b5724b6	200	262.35	0.15	20.78	1	29.00	0	24	0.10550308020051968	0	0	0	0	0
0xc600617e3a7ff1487aecfb026169a16433a10290	500	259.10	2.78	391.38	1	99.00	0	17	0	0	0	0	0	0
0x5de0e09746a9aaefa85bc95500f2fe7477b4d5fe	400	257.39	0.65	30.54	1	46.00	0	67	0	0	0	0	0	0
0x167810e72ad86f6076749abfcca9057cf7f16c5e	200	257.08	19.96	1337.55	2	55.00	2	13	0.0050874094549457904	0	0	0	0	0
0x4c9a973ba23dff1b08974e8733a75e7e7938a036	400	255.15	0.51	12.27	2	47.00	0	65	0	0	0	0	0	0
0x767ac2730c01435ce133eb476d744b8d7eddcb21	600	253.07	5.95	171.49	1	77.00	0	115	0	0	0	0	0	0
0x85e5bc73dd304062dcf08c65302d5a872cabfa77	500	252.66	79.17	2287.55	1	78.00	0	112	0.03255198691318739	0	0	0	0	0
0xe30dc1eba82267d5e55391d3cdc7d6f72de9c227	250	251.57	6.72	487.48	1	44.00	0	41	0.060713640639942223	0	0	0	0	0
0xe3cbfb6738f0cfb8369d8c57f88a04b2ea993b3d	400	250.74	11.69	567.36	1	81.00	0	56	0	0	0	0	0	0
0x5cf92babab7187f6221dcc899d838d0474eaa822	900	250.00	5.27	769.51	1	96.00	0	24	0	0	0	0	0	0
0x5f17e9d3b612262369cbf9f0fc141eaa3d577e8e	400	249.07	646.63	25057.76	3	79.33	32	19	0.010814352960186735	0	0	0	0	0
0xbfe095406974893f737807a42fc8518252706b9a	400	248.21	28.11	1305.08	2	75.50	0	30	0.0027738628170348445	0	0	0	0	0
0x5c0fdf4b6d21ace84a3f99986a012af07c6c619b	1000	247.80	73.08	10763.92	1	100.00	0	24	0.041621100059885396	0	0	0	0	0
0xdd8737fcdda97bd850a26cb7b7beb3a19346459e	600	247.45	15.51	2287.90	1	100.00	0	14	0.009161933667867217	0	0	0	0	0
0xe702fa35674e54a446fd5cb783286ae872fcbe16	750	247.25	29.02	2141.67	1	99.00	0	35	0.022032020098794458	0	0	0	0	0
0xe8a0c3f794640ffdad7855dfc7d8351e867f7b9c	600	245.96	14.39	2134.74	1	80.00	0	21	0.08416834099972403	0	0	0	0	0
0x296a5e3f71932bc57be8a988ec3fa869efe798e4	400	245.16	6.04	899.36	1	93.00	0	11	0.007828551794109018	0	0	0	0	0
0x00d69eaf25a939a2e8db6238c9ea055ca9633571	400	245.00	13.20	983.59	1	73.00	0	30	0.01078238845738655	0	0	0	0	0
0x1c1eee38fafcd3ad45acc24713a6986db7067e61	650	243.41	0.15	21.82	1	97.00	0	24	0	0	0	0	0	0
0xa9780d21154048b25257d75beaf99a3aa2888888	400	242.25	23.89	421.36	6	72.50	0	27	0.0064548408736912295	0	0	0	0	0
0x43e080ef535d8e3f89eabe67d12af90640ba2448	400	241.84	623.38	13932.60	6	98.33	6	15	0.0013400188392705588	0	0	0	0	0
0x156e592cb42be728a38fc5c893b4f738b9bb316e	400	241.00	346.33	9936.25	3	93.33	17	16	0	0	0	0	0	0
0xf60b7e4d3acb20857a141ad012887dd9d538c89e	550	239.70	0.53	80.65	1	85.00	0	22	0	0	0	0	0	0
0x4c83b3817184910bc3004cf8ec87ca0bf9d8da47	400	239.51	7.02	1070.29	1	100.00	0	11	0	0	0	0	0	0
0x4b61c67f7917e3300798c4166aa5c1bf5f42da22	400	238.75	1.76	44.58	2	41.50	0	70	0	0	0	0	0	0
0x73e2f7bcc702638876aaef814e660a52b8299cdb	650	238.50	11.56	353.96	1	82.00	0	114	0	0	0	0	0	0
0x74b6987d3e5055611f7a7873d5abf3f23e7d97dc	400	236.77	4.40	312.35	2	79.50	38	22	0.0033318750808808417	0	0	0	0	0
0xa612421f162c3ed3765f3090e9400880dd6f670e	600	235.63	5.25	271.04	1	82.00	0	52	0	0	0	0	0	0
0x47f4e5ca3d84348004a531be3986c850b6e76e08	700	235.22	322.22	50000.00	1	97.00	0	17	0	0	0	0	0	0
0xc600617e3a7ff1487aecfb026169a16433a10290	50	231.67	0.31	49.44	1	33.00	0	6	0.0026391477668474828	0	0	0	0	0
0x14f4709483ae2fb65f7fe5e9bf8436f2857229bd	400	229.83	17.01	1354.03	2	92.50	0	9	0	0	0	0	0	0
0xfd2be6071d70476bbd169ce5df5248695ee977eb	400	229.41	1.30	206.78	1	55.00	0	23	0.019280608684246747	0	0	0	0	0
0x819d09ed47b3eafb18761b36d3b76d3f785f8bca	400	229.00	4.46	710.68	1	74.00	0	18	0.017640112263461738	0	0	0	0	0
0x74b6987d3e5055611f7a7873d5abf3f23e7d97dc	950	228.42	1.65	132.05	1	89.00	0	44	0.07358185079905377	0	0	0	0	0
0x6c9ff349a9670a1e540b667bad1511cf51a17296	950	228.11	0.81	64.67	1	95.00	0	45	0	0	0	0	0	0
0x349b6808aa506149b2e8a4da6297d356e345f7df	400	227.40	0.60	96.48	1	72.00	0	14	0	0	0	0	0	0
0x093b23e3bc0aa7f60d4335b44bcb9a229c0572d0	400	226.99	5.54	890.16	1	94.00	0	12	0.03673288876318015	0	0	0	0	0
0xd57497aed2324517f801b5cf8269edf996907a82	700	226.91	21.82	702.00	1	91.00	0	104	0.030658418235030016	0	0	0	0	0
0xc600617e3a7ff1487aecfb026169a16433a10290	400	226.40	4.71	378.16	2	99.50	0	14	0.0036214195229256063	0	0	0	0	0
0x85204a5e932b69455822033f33e378dff4bb8960	1000	225.07	8.67	1406.52	1	100.00	0	19	0	0	0	0	0	0
0xf425e8d3119cce98ea4599aaaa9922acbe64af7c	400	224.90	0.05	8.90	1	51.00	0	23	0	0	0	0	0	0
0x807b755d5374769dd5282a05ebaca84ca70af607	650	224.70	272.54	14757.00	1	91.00	0	70	0	0	0	0	0	0
0xe5985ed2b594558d559f53929fd303fb50e4280b	400	223.81	133.36	3107.11	1	39.00	0	166	0.007257053379106093	0	0	0	0	0
0x59e10ee0b33ff33553e70ca428d34df8a85946ac	550	223.74	0.76	61.91	1	79.00	0	45	0.05744927247915976	0	0	0	0	0
0xf5fcaae203bd5dd81ef969c3fecc872f38aeccab	600	222.76	76.70	4189.12	1	80.00	0	49	0.06213168125678292	0	0	0	0	0
0x500d3db7361e7f613e13426566b8464abfd559e0	1000	222.69	536.50	87934.03	1	100.00	0	23	0.009213983327693853	0	0	0	0	0
0x7e00c573fffc25a7721fa88e098d2f3de0a1feed	750	222.22	4.37	359.26	1	100.00	0	46	0	0	0	0	0	0
0xa84b8512e1dad22d022a47feefc8cc84658542d9	400	220.83	32.29	1587.79	2	81.50	13	26	0	0	0	0	0	0
0x1c29801b688e3a4625e3c215ac6ba3085ec05843	950	220.77	17.78	1469.78	1	84.00	0	45	0	0	0	0	0	0
0xebd724a01a7ade63f0efe983f1b1e8b493bc6d00	400	220.58	0.53	23.87	2	46.50	0	78	0.008626690639129686	0	0	0	0	0
0xf7bab8ab94a548046ca95253e5b306515f109779	300	220.20	3.14	520.78	1	46.00	0	15	0.08690089060927608	0	0	0	0	0
0x6532378f5d796d2543cfe6799c55cf83a7266aba	400	220.12	25.09	2080.47	1	64.00	0	41	0	0	0	0	0	0
0xbce7947edc57be003b5008a36ee4296cfee78062	50	218.32	0.05	7.71	1	29.00	0	10	0.0007551098851865667	0	0	0	0	0
0xd42d654d065ff9560c823f2d71411535d5e81132	750	218.06	5.46	457.17	1	95.00	0	34	0	0	0	0	0	0
0x749e08eecb6009ae94888ba79cce3ebea81b40f3	500	217.65	0.33	54.53	1	30.00	0	24	0	0	0	0	0	0
0x919a27466dc58f5d3ff1b30a339a574d71be65c7	250	217.45	0.64	53.50	1	45.00	0	34	0	0	0	0	0	0
0xfa0d2df8a5daa137fd95419fdf0bbc281479f591	800	216.70	0.55	46.32	1	79.00	0	43	0.06606971345014534	0	0	0	0	0
0x27243dfacd64e698220c963292263268015047da	300	216.43	18.32	3089.44	1	83.00	0	8	0	0	0	0	0	0
0xb9e8e3135b87a55e25febc411d2450ea63476bc6	400	215.97	813.79	9815.82	11	77.36	0	15	0.008722566267488857	0	0	0	0	0
0xd36ecaf502963e6e93d9c8eb58182c9f8d2379f6	300	215.53	0.20	33.49	1	69.00	0	12	0.004656888682974536	0	0	0	0	0
0xa4d78a71aed19fa587fbf128fe89b8f54b7dd44e	400	213.68	1.42	29.40	6	71.50	0	22	0.008126176938294538	0	0	0	0	0
0xe757cb9f9210f0c970e20696f91665146c3c9494	200	213.36	4.38	750.00	1	33.00	0	18	0	0	0	0	0	0
0x296a5e3f71932bc57be8a988ec3fa869efe798e4	700	211.99	11.34	976.37	1	100.00	0	29	0	0	0	0	0	0
0xb9cd3bd0e1ddbd80973f3cd4b69b6ec20e7e0e51	2750	211.99	1.86	319.83	1	100.00	0	24	0	0	0	0	0	0
0x8fc27ad7fca175ee10e425f45e05bbc8b1f9309f	1150	211.90	276.37	23803.03	1	100.00	0	45	0.032169432229223194	0	0	0	0	0
0xe8a0c3f794640ffdad7855dfc7d8351e867f7b9c	550	210.89	34.14	1969.44	1	95.00	0	54	0.017753057455427435	0	0	0	0	0
0x167810e72ad86f6076749abfcca9057cf7f16c5e	150	210.69	14.95	1296.38	2	52.00	1	9	0	0	0	0	0	0
0x22e7159967034ab516a66d9d2a75ba9a9aaf991a	400	210.63	0.25	43.88	1	90.00	0	17	0.0035022116472771536	0	0	0	0	0
0xa2453d10005718a1b3428aa8c4dbe8957f746b1b	400	210.46	1.66	70.90	3	97.33	0	19	0	0	0	0	0	0
0x765113e7533f86bdbd7a19a95affddf4b119f49c	250	210.23	29.99	2603.39	1	62.00	0	24	0.012478973006690985	0	0	0	0	0
0x6e062761e1ed9ffc849badacba81c8b9984945d9	400	210.07	0.53	45.84	2	78.00	0	18	0	0	0	0	0	0
0x6371b497d83c02424046d2c7246c3de87e759dec	400	210.02	1.70	62.19	2	62.50	0	66	0.00008895404502995419	0	0	0	0	0
0x3f3895a8733bd0bd4ecdeec580360802416c7c78	400	209.90	496.58	19387.17	3	85.00	4	19	0	0	0	0	0	0
0x7e00c573fffc25a7721fa88e098d2f3de0a1feed	1000	209.71	7.87	685.25	1	99.00	0	39	0	0	0	0	0	0
0xc72c4a11b95a8b132a8390b0c14bd84ffa2be37f	300	209.60	33.27	5793.01	1	100.00	0	9	0.0024617051541775403	0	0	0	0	0
0x98ab6d16e592159ed50687ea3015330be12cd371	400	208.50	1.48	129.96	1	80.00	0	29	0.016921958695648165	0	0	0	0	0
0xb0bada5d45d939a03c6d211d24a61a4418d7cd13	800	208.41	2194.02	40632.51	5	99.80	0	33	0.009737759728010165	0	0	0	0	0
0x9c22836e733d1611d41020123da7aa72f475cc7b	400	208.33	1.74	152.81	1	80.00	0	29	0.016921958695648165	0	0	0	0	0
0x5067afcbc0829acdc41ff579f0d7cd141a043337	400	207.35	3.53	157.34	2	43.00	0	46	0.11799104121609227	0	0	0	0	0
0x65d4a7f67ddbcd15b5d719d0c60c6ea45ee1ebd3	400	206.80	155.93	2471.10	4	59.50	43	38	0.046187115028031855	0	0	0	0	0
0x5fab7fa9ea16aff5d369cc17a6577d48cc842c33	250	206.55	6.49	177.33	4	37.00	1	44	0.0006150378078190188	0	0	0	0	0
0x826c0c280291b3cfb5cd5a0ba4a602beac7bfb0c	400	204.50	103.15	1578.87	6	65.67	0	27	0.014618025321755379	0	0	0	0	0
0x98e0238ec1b69cc6e13ac4547866d29bcc268ab7	400	204.48	579.77	8034.55	11	93.27	4	10	0.005832373474256126	0	0	0	0	0
0x79861150bc798bca8ea7ce4ec9cbc35721d535df	450	204.47	5.69	338.35	1	60.00	0	70	0	0	0	0	0	0
0x9694366b5f7329f973b91b705883472f1302637f	400	204.33	23.66	247.13	8	64.00	11	25	0.0051248555146599095	0	0	0	0	0
0x74a68a719545f3d68dc1e6d8d216eeedf232a3fc	550	203.72	9.51	425.84	1	81.00	0	76	0	0	0	0	0	0
0x882e4fbe0a1290bee438cd8874850e6a9192f9a7	350	203.66	12.51	1108.37	2	100.00	135	9	0.00013513930094966042	0	0	0	0	0
0x6ac54906d7eae6bec5c7fbd26988de4bebd621a7	400	202.48	209.62	3198.11	10	82.50	2	16	0.004957997402130765	0	0	0	0	0
0xd1c921829db71034b077e585fa4f28850f2b5267	450	202.26	427.13	77079.54	1	100.00	0	14	0	0	0	0	0	0
0x4c7896180858611c0866970401b56f165c3989da	1100	201.83	10.86	1963.66	1	100.00	0	22	0.044119977521361875	0	0	0	0	0
0xb0bada5d45d939a03c6d211d24a61a4418d7cd13	200	200.85	480.27	21910.77	4	42.75	0	6	0.0017176116940437192	0	0	0	0	0
0xc92a565131d9461705293a4fafbba6516f3410c4	400	200.30	32.74	3199.81	2	66.50	0	14	0.005676798633330593	0	0	0	0	0
0x6ada1274d9c79833e5e5cf9a5bd3c7d46d30b4ed	1050	199.33	9.62	440.23	1	100.00	0	95	0.0004654238742407557	0	0	0	0	0
0xe37d4ec17cb2a1c1c4f184ab15df5cd45027fc7e	600	198.76	27.03	1654.78	1	100.00	0	52	0.018747741262969964	0	0	0	0	0
0xa58de18ccedf49d067402a82293d06b87c9317a6	650	198.50	14.22	1301.96	2	96.00	53	15	0.009793920167849857	0	0	0	0	0
0x887e8b6119b38c60cb03cab204c0a704c6e0a473	400	197.96	3.23	38.90	12	83.33	0	14	0.00424563795633585	0	0	0	0	0
0xb0bada5d45d939a03c6d211d24a61a4418d7cd13	700	197.73	118.84	2773.69	5	99.40	0	21	0.024214903388903863	0	0	0	0	0
0xb35921250506b2ac26d7de1c8b4ceea41226e2ce	400	197.21	0.18	16.68	1	58.00	0	33	0.002571181112154264	0	0	0	0	0
0x66c92528f1c46a75760bbbea8f0983c11254648c	350	197.18	3.45	160.80	4	80.75	13	17	0.004136076067681738	0	0	0	0	0
0x2565bc650e2ce84eef61ca6204e5f23d93130205	400	197.17	12.30	383.72	4	76.00	0	25	0.005573532242045265	0	0	0	0	0
0xb734ec7a75d65406fde5bcf9156cab673ba1e1c5	500	197.16	3.24	199.82	1	93.00	0	48	0.015609116395376432	0	0	0	0	0
0x3a15cac48a2fd24f5c480e2d0a97d388ac418c02	850	196.88	5.97	1106.15	1	88.00	0	21	0	0	0	0	0	0
0x7e00c573fffc25a7721fa88e098d2f3de0a1feed	700	196.79	1.94	359.08	1	95.00	0	23	0	0	0	0	0	0
0x048596cd4dde71483213aee4f1c86049f1f0578a	800	196.19	34.10	2114.82	1	91.00	0	59	0	0	0	0	0	0
0x765113e7533f86bdbd7a19a95affddf4b119f49c	400	195.41	65.06	3005.20	3	84.33	0	16	0.00015149438391907447	0	0	0	0	0
0x7e3e96e16842e81754cbf08c279b2944ba219816	400	195.31	32.42	886.75	4	48.75	0	24	0.014169829055424299	0	0	0	0	0
0xe1f3d27341f210e0964f11ba6650aa1e328b2686	1100	194.76	5.78	541.84	1	84.00	0	48	0.04460729900839233	0	0	0	0	0
0xe37d4ec17cb2a1c1c4f184ab15df5cd45027fc7e	400	194.40	8.78	1648.15	1	99.00	0	11	0.002383328495580983	0	0	0	0	0
0xbd1bff03034ac340235e48ee35c85b1121b8198e	400	194.32	406.96	13310.79	2	46.00	0	62	0	0	0	0	0	0
0xafbd8e7394f41b2f479a9ada10ed8bb700b75311	550	194.12	4.33	814.26	1	100.00	0	9	0	0	0	0	0	0
0xf8a5089ef0eb09183e22f557936134ba20191450	650	193.91	16.37	3082.07	1	100.00	0	19	0	0	0	0	0	0
0x11ec86d9ae83c4f513c87aa2153542faff1f31cc	1150	193.50	12.58	2373.76	1	100.00	0	23	0.000017526372975140703	0	0	0	0	0
0xae78d5362f6687de8fbb9b5de6dd129883d61ea8	400	192.57	1335.76	8945.36	27	86.52	1	10	0.0016792218840700746	0	0	0	0	0
0x0b4ebce9ccf328e54259df9a1afc317c8079ac80	400	192.52	1.01	47.00	4	59.75	0	12	0.013229165101028006	0	0	0	0	0
0x4fe072bddb5e326a9426be8d92b89c596807be98	50	191.82	18.45	278.53	8	26.75	8	17	0.0010026989098271821	0	0	0	0	0
0x23404b031ecbb0ebbbc64bf235ddaf8fbd0e4f0b	950	191.80	12.46	1185.81	1	91.00	0	38	0	0	0	0	0	0
0xbf209c013ef2b5430ad5c93ce5dcead211c3a7db	500	191.72	4.55	288.94	1	72.00	0	57	0.02580951436205181	0	0	0	0	0
0x85204a5e932b69455822033f33e378dff4bb8960	850	191.33	45.44	1733.85	1	94.00	0	102	0	0	0	0	0	0
0x0be8b961cbf6564bd1931b0803d35c0659e0d016	150	191.30	6.82	848.90	2	100.00	1	3	0.00008833330277235873	0	0	0	0	0
0xbbc06ecd1741c88ccb6ba83e8a2699346a50cbf9	400	190.72	2.89	553.32	1	48.00	0	15	0.012935659947654887	0	0	0	0	0
0x40fd7b406701e407c85688636318f6315cbc84b3	350	189.71	0.42	20.38	4	86.75	19	7	0.000987003570993017	0	0	0	0	0
0xfc58e242464bb098539b70782b2d465c2880c5c4	1200	189.28	2.50	241.37	1	100.00	0	42	0.0742352230606147	0	0	0	0	0
0x3fc75ef328992d8eec12b58f71296fa3d9911fdf	400	188.96	25.75	994.90	1	46.00	0	118	0	0	0	0	0	0
0x7fd22163ea11e6bff5dd57c4c80724363f7b4531	900	188.58	0.04	2.54	1	83.00	0	58	0.14016073987462851	0	0	0	0	0
0xe8a0c3f794640ffdad7855dfc7d8351e867f7b9c	400	188.20	10.22	1982.84	1	88.00	0	10	0.0076612900636874315	0	0	0	0	0
0x046945d560dbc35cefa0fd9a21f6caeae7898a51	400	188.08	1.42	46.03	2	64.00	0	58	0	0	0	0	0	0
0x99417bc90bea992977ad718ac75e1c92445cd468	400	187.95	4.00	777.58	1	48.00	0	19	0.06202486006787744	0	0	0	0	0
0x40f68e41a1fffff2b010c5517e8572d2ba2b39d0	1050	187.65	44.80	1742.68	1	100.00	0	112	0.01873530178421179	0	0	0	0	0
0x2c49150028bdc7435734d69ed353f65af7153a3b	1150	187.34	25.87	2520.42	1	98.00	0	41	0.08805325349975357	0	0	0	0	0
0x4fe072bddb5e326a9426be8d92b89c596807be98	400	186.69	93.15	2652.18	3	47.33	0	53	0	0	0	0	0	0
0xe8a0c3f794640ffdad7855dfc7d8351e867f7b9c	1000	186.01	10.50	2060.24	1	74.00	0	23	0	0	0	0	0	0
0xbe9ef56539ce242e28f0e8bfed7d55d2ced0ddd2	400	185.98	89.30	7807.30	7	94.00	19	7	0.0031044067903710343	0	0	0	0	0
0xa612421f162c3ed3765f3090e9400880dd6f670e	650	185.15	2.25	147.95	1	79.00	0	65	0.04593484580918128	0	0	0	0	0
0xbf209c013ef2b5430ad5c93ce5dcead211c3a7db	400	184.69	6.67	379.46	2	51.00	0	48	0.0825770377021473	0	0	0	0	0
0x9e595c4d49cb8263858315952adc859bb66a2203	400	184.46	0.81	160.64	1	76.00	0	12	0	0	0	0	0	0
0x2c49150028bdc7435734d69ed353f65af7153a3b	950	183.92	83.66	2767.08	1	100.00	0	127	0	0	0	0	0	0
0x23c043a293b302e146aa9fcf9a9ca937b895dd56	1000	183.38	2.66	176.43	1	80.00	0	70	0	0	0	0	0	0
0xbbae4f978a33acc023271412e634ec954c9e0846	950	183.36	0.61	24.35	1	89.00	0	115	0	0	0	0	0	0
0xa7006a764b57b1cf08e166b7cf1e5bd93a8b59da	400	182.97	10.28	124.58	16	65.88	0	11	0.0046780697117852765	0	0	0	0	0
0x32d6463b35d89ae1b0e9560f34d207c2d523090e	400	181.89	88.76	4174.28	3	100.00	54	10	0.000705866900159909	0	0	0	0	0
0x1eda8196bc0b0195bf35d5abf10df9135f0a60d7	400	181.85	135.59	27216.00	1	100.00	0	10	0.003000653490559113	0	0	0	0	0
0x0fd3e0da4c5ed7b8a8d9407e12b56858ac752b3b	600	181.31	0.10	5.28	2	97.50	0	33	0.00447632895683725	0	0	0	0	0
0x7e00c573fffc25a7721fa88e098d2f3de0a1feed	1150	180.78	9.95	669.74	1	100.00	0	57	0	0	0	0	0	0
0x767ac2730c01435ce133eb476d744b8d7eddcb21	400	180.42	2.82	81.39	1	42.00	0	161	0.016418952300711886	0	0	0	0	0
0xe17a3d8399ebc55cc9c6b5719687b70d5fbf44a4	250	179.67	70.10	1557.41	9	67.22	11	8	0.002394901430340873	0	0	0	0	0
0x4b82847c82087ea19418bed079966810f64f39f4	1050	179.58	2.08	49.78	6	100.00	0	29	0.01667072158001437	0	0	0	0	0
0x82ae0868fd40b168aeaba8a5bb2f03fd6fb89357	450	179.09	0.48	98.67	1	97.00	0	11	0.02511517693627452	0	0	0	0	0
0xb0bada5d45d939a03c6d211d24a61a4418d7cd13	500	178.91	1792.95	13851.34	21	92.05	0	16	0.006068010507105053	0	0	0	0	0
0x66c92528f1c46a75760bbbea8f0983c11254648c	450	178.82	0.07	6.56	2	77.00	0	16	0.014466649654604202	0	0	0	0	0
0x8325aff2ccc014468cdf20f2538d8534db7a100f	400	177.03	9.06	131.71	6	65.50	0	27	0.009606709021433199	0	0	0	0	0
0x449024005833ec0515e8379e5ae822aab42d27c0	500	177.02	1.05	216.54	1	72.00	0	15	0	0	0	0	0	0
0xe47eef45fad382f39d67795c31cff5eb3cf487c9	850	176.07	2.18	226.28	1	100.00	0	28	0.0177853859013144	0	0	0	0	0
0xbbd9ef86217b5a607574627e4c01933812196240	50	175.93	42.70	621.94	15	15.47	16	8	0.00788803401005067	0	0	0	0	0
0x8037ccebebb5af26459d6ef3aa974e2d65fb7c05	600	175.66	7.98	409.21	2	93.50	12	26	0.009319486921449682	0	0	0	0	0
0x6e202db1dae7f06e0d99223fd7f181f1257c0d02	150	175.50	1597.12	26293.60	7	43.71	8	21	0.01631631699326849	0	0	0	0	0
0x8ecee8d6dca1960b23f7e829c40dfe8be8b5d312	1000	175.07	405.19	10444.67	2	95.50	0	81	0.04807047940634246	0	0	0	0	0
0x33eeee7b680aa615edf042101e9c5af7b3d7f239	400	174.33	26.55	601.94	8	94.00	0	9	0.009250077152093972	0	0	0	0	0
0xff4f7b726ee86f810531d2842b3bdd8a512db594	100	174.07	1.33	55.73	5	69.60	0	4	0.006796315441903733	0	0	0	0	0
0xbce7947edc57be003b5008a36ee4296cfee78062	550	173.49	3.08	323.90	1	100.00	0	30	0	0	0	0	0	0
0x4a64bc685239a49ca627c21103e17ad3f517d496	400	173.24	324.12	3664.71	14	88.50	0	12	0.004313670765757457	0	0	0	0	0
0x4c764ed0cf2ad12c105d9e2d6de0b4320a9de3cb	700	173.04	177.16	18684.46	1	61.00	0	41	0	0	0	0	0	0
0xddf2151ad715351e9b3f88803e98a0f2e32a9db2	50	172.99	2.57	542.80	1	10.00	0	10	0.005156792139515698	0	0	0	0	0
0x3f888f4e16a08c6b3745ddbade98e24569852fa4	1500	172.60	193.11	11828.11	2	100.00	32	34	0	0	0	0	0	0
0x0bcf7b084613f1ca63fa47918cc5f3b383be4aab	1100	171.71	6.22	1321.77	1	91.00	0	23	0.014299061373990174	0	0	0	0	0
0x5d1fff9d2a24b64111cb61359cf813f436876ab3	850	171.62	7.57	536.67	1	100.00	0	62	0	0	0	0	0	0
0xfada3a364e019f2cdc06538b3122b5d427b9ff82	800	170.19	4.05	867.98	1	91.00	0	23	0	0	0	0	0	0
0x91669a1bdb132c8103774a58410cf6934714dea4	400	169.86	1.32	282.99	1	100.00	0	11	0.007911990993447748	0	0	0	0	0
0x118708052f721c86442fce218dc1257d0c94baee	400	169.40	0.33	23.46	1	40.00	0	55	0.060716260913717957	0	0	0	0	0
0x53f1535888a268fc1dabac7248dd401183918189	400	169.35	24.44	676.57	4	95.00	19	12	0.014434931464712975	0	0	0	0	0
0x048a58645447ecf7e2ee4ec95804aa9062075ebe	850	168.86	6.36	457.95	1	62.00	0	65	0.08284622867712477	0	0	0	0	0
0x3dec52bded2a7c93763fa179d3b04a396efeae87	700	167.46	0.18	39.24	1	100.00	0	17	0.009286607815917058	0	0	0	0	0
0xe8a0c3f794640ffdad7855dfc7d8351e867f7b9c	700	167.27	9.18	2002.73	1	79.00	0	15	0.01633769840584387	0	0	0	0	0
0x296a5e3f71932bc57be8a988ec3fa869efe798e4	900	166.78	8.96	980.37	1	93.00	0	32	0	0	0	0	0	0
0xff4f7b726ee86f810531d2842b3bdd8a512db594	250	166.47	3.23	103.94	6	69.67	107	9	0.0005210305527192371	0	0	0	0	0
0x83c1049fd0e07ae545c051389251cae5b4285c6f	200	166.38	1.66	364.02	1	53.00	0	9	0.013269672707016955	0	0	0	0	0
0xbbd9ef86217b5a607574627e4c01933812196240	100	166.31	15.98	1017.52	5	36.00	25	10	0.007196540572926846	0	0	0	0	0
0x4dd97f7c214057af232a427ff424e525e00a5f2b	400	166.14	0.69	16.70	5	65.80	12	31	0.0011937440984910452	0	0	0	0	0
0xc0433e26e3d2ae7d1d80e39a6d58062d1eaa54f5	400	165.68	42.53	9370.46	1	68.00	0	10	0	0	0	0	0	0
0xd324b59dfc723a19eead216ad15efaad5e015f9e	400	165.23	469.83	14373.40	4	78.00	0	24	0.011273492167751531	0	0	0	0	0
0xbefb548a6f0cef90128a75db9be9368793804f62	1300	164.58	0.18	20.24	1	92.00	0	43	0.04279822858406224	0	0	0	0	0
0x0fb0dd3ac066046d89acb7cf27ac8d7f1f24e5a4	400	164.56	3.86	855.59	1	93.00	0	6	0.01594685699711773	0	0	0	0	0
0x8844b412c857c6e1dbbf9f8a59a7dc9e81cfbc98	400	164.50	220.01	11963.20	4	87.75	54	14	0.003933452440643692	0	0	0	0	0
0x40fd7b406701e407c85688636318f6315cbc84b3	400	164.37	0.41	18.19	5	99.20	20	8	0.004344180405706499	0	0	0	0	0
0x99e27746e33c9886f6a3a19336e0ab753f962db9	400	163.89	139.77	2131.91	14	84.71	0	12	0.008570128755634534	0	0	0	0	0
0xe757cb9f9210f0c970e20696f91665146c3c9494	150	163.74	26.16	500.00	3	33.33	0	33	0.00022598419534558545	0	0	0	0	0
0xa84b8512e1dad22d022a47feefc8cc84658542d9	450	163.56	14.60	1629.04	1	60.00	0	26	0	0	0	0	0	0
0xbc6565913a8c36d110a59927b3f3aed9a94a43f7	400	163.55	94.10	3000.00	1	31.00	0	167	0.008803536907631138	0	0	0	0	0
0xb0bada5d45d939a03c6d211d24a61a4418d7cd13	650	163.42	10.00	640.44	2	86.50	0	18	0	0	0	0	0	0
0x2565b0be50773f2008d372bf1ff218f68b8f1fde	650	163.39	1.78	132.18	1	96.00	0	48	0	0	0	0	0	0
0xc600617e3a7ff1487aecfb026169a16433a10290	600	163.02	1.66	372.47	1	87.00	0	16	0	0	0	0	0	0
0xa1756a88a583feae17a8f3b1b15aa4e9d8873ccd	400	162.77	10.09	2856.33	2	82.00	0	37	0.0018641632032134758	0	0	0	0	0
0x27243dfacd64e698220c963292263268015047da	700	162.76	13.39	3003.27	1	96.00	0	14	0	0	0	0	0	0
0x2252575686580fe0f7e1fcf7a7282caf295972e8	100	162.72	227.94	17021.74	3	77.00	0	5	0.0018992689525432205	0	0	0	0	0
0xd9dc04a528722613da15c961039f523707407a78	500	162.51	0.71	159.58	1	100.00	0	8	0.004961470943609658	0	0	0	0	0
0x6aa342aec0aaca8a28fa3d31ffe7cd9097a1a9c2	400	162.36	3.42	378.74	2	63.00	0	13	0.06689613927016169	0	0	0	0	0
0x2c177735792af1f07b37fc44fb875c18be3fb4fc	400	162.33	343.78	15459.29	1	81.00	0	100	0	0	0	0	0	0
0x27243dfacd64e698220c963292263268015047da	800	162.15	13.86	3120.63	1	100.00	0	11	0	0	0	0	0	0
0x30ad826a94119aea4989bb60448600811296da98	50	161.54	0.26	58.54	1	61.00	0	2	0.0016260898576092586	0	0	0	0	0
0xbd0cb89fdf3dc84abdeac5c611e9de1f0f1a5f0d	600	161.50	7.06	1595.24	1	100.00	0	10	0	0	0	0	0	0
0x8873b9bf783c3e7404397e0226776f79a15341d1	400	161.01	1294.74	10773.47	21	78.62	0	12	0.006082310164135492	0	0	0	0	0
0xb96007fd8e0ee360d404f01566f412e535469f15	400	160.71	15.08	349.10	3	47.33	0	56	0.05138162225419851	0	0	0	0	0
0x6a8dfc07baf591ae8c45cd583e8735d278c58e6c	750	160.58	0.98	222.74	1	64.00	0	20	0	0	0	0	0	0
0x966cfdcde4acd8fc7c2039ac0413bb778c374c78	400	160.34	1.75	33.38	6	33.00	0	41	0.026679624796061008	0	0	0	0	0
0xa27622ec5a59d9def02ae167855493eaab609c0b	400	159.94	9.45	238.58	2	33.50	0	102	0.03852159952547063	0	0	0	0	0
0x5aac153c1d3552bd81590f5de5102c4a1a3a08ed	250	158.73	1.30	300.00	1	83.00	0	4	0	0	0	0	0	0
0x98e0238ec1b69cc6e13ac4547866d29bcc268ab7	600	157.60	43.79	10142.20	1	100.00	0	9	0.006646272495902661	0	0	0	0	0
0xbdfc087a5c32f6b6e425697c1a19a10e378136ee	600	157.54	2.75	159.50	1	50.00	0	74	0	0	0	0	0	0
0x66c92528f1c46a75760bbbea8f0983c11254648c	300	157.43	1.67	145.35	3	86.00	12	6	0.003482358721799509	0	0	0	0	0
0x8672f06efc11bb43893a84fc776be19d77f7591a	1250	157.19	21.57	1252.29	1	100.00	0	85	0	0	0	0	0	0
0x6a8dfc07baf591ae8c45cd583e8735d278c58e6c	350	156.64	0.87	203.79	1	92.00	0	5	0.0009359355230387223	0	0	0	0	0
0xc600617e3a7ff1487aecfb026169a16433a10290	250	156.22	1.63	380.01	1	97.00	0	7	0	0	0	0	0	0
0xe37d4ec17cb2a1c1c4f184ab15df5cd45027fc7e	850	156.10	21.62	1684.82	1	73.00	0	50	0.06230088758677477	0	0	0	0	0
0xa788d847f4a0a3d7d7a453e6b1d0949a6477853d	300	155.94	4.87	515.67	2	99.50	78	6	0.001244491820079352	0	0	0	0	0
0x0f2212af7544eca31fde8158d82074d391a19b6d	400	155.86	21.96	567.54	8	82.25	4	9	0.010022754330789307	0	0	0	0	0
0x6e202db1dae7f06e0d99223fd7f181f1257c0d02	300	155.78	1319.53	55018.91	4	64.00	9	26	0.01701100831196234	0	0	0	0	0
0x23404b031ecbb0ebbbc64bf235ddaf8fbd0e4f0b	150	155.47	4.87	1142.89	1	74.00	0	3	0.010993710361251186	0	0	0	0	0
0x8ee2da8fbf24bc075bc5a10313380cf75929054b	900	155.40	1.19	93.23	1	95.00	0	71	0.07908334703184972	0	0	0	0	0
0xa6e657676a9cf8e80fbe307a2f9709cea68dd8ad	400	155.26	1.49	87.46	1	34.00	0	76	0	0	0	0	0	0
0x5d4950402cf986f9d2c9be0ccfa31b1036fa6ddc	400	154.47	0.11	6.44	1	67.00	0	95	0	0	0	0	0	0
0xe840907f25ccde2980c2726fbed32504e99b212e	400	153.75	961.45	33072.72	4	64.50	0	24	0.001779646079755337	0	0	0	0	0
0x28c974c18c6553b445c4b77f35d83f3499acf58f	600	153.40	0.14	33.09	1	100.00	0	10	0.01162875776693495	0	0	0	0	0
0xbdfc087a5c32f6b6e425697c1a19a10e378136ee	700	152.90	1.91	152.36	1	96.00	0	49	0	0	0	0	0	0
0x66c92528f1c46a75760bbbea8f0983c11254648c	850	152.83	3.99	317.76	1	85.00	0	50	0	0	0	0	0	0
0x9d30a0d1d9ddc4bbbe8bdddf5bd000194b21a38b	450	152.82	1.72	410.49	1	100.00	0	10	0	0	0	0	0	0
0x9006619071de3ed8867ab792f946bd6bc2262b6c	150	152.78	605.69	11477.23	13	70.69	3	5	0.0014855235309623866	0	0	0	0	0
0xb0bada5d45d939a03c6d211d24a61a4418d7cd13	1000	152.53	190.45	6385.92	4	97.25	0	35	0.008643050622406112	0	0	0	0	0
0x47f4e5ca3d84348004a531be3986c850b6e76e08	250	152.42	208.79	50000.00	1	33.00	0	9	0	0	0	0	0	0
0x0225950bf3257d65a3f984fcfbf92a46835def5a	1500	152.07	0.07	8.80	1	100.00	0	43	0	0	0	0	0	0
0xfc58e242464bb098539b70782b2d465c2880c5c4	800	151.81	1.52	365.43	1	92.00	0	21	0	0	0	0	0	0
0xbbd9ef86217b5a607574627e4c01933812196240	150	151.58	34.11	1733.12	4	62.75	35	5	0.021568618719766675	0	0	0	0	0
0xf9c39c2f0f8e87194aaa833611f4dc208b01e331	650	151.58	17.67	4255.02	1	96.00	0	12	0.022858699115224645	0	0	0	0	0
0x878568befd5ac2d48c6275dfafea64ed5602cc3e	1500	151.38	4.30	138.04	2	99.50	0	92	0.012014121326325844	0	0	0	0	0
0x546807bf5d393f56490ae0e50bafabbf6961a131	800	150.79	0.57	46.31	1	95.00	0	57	0	0	0	0	0	0
0xb0bada5d45d939a03c6d211d24a61a4418d7cd13	750	150.04	319.78	5824.09	6	97.50	0	28	0.00927291674300649	0	0	0	0	0
0x665d613a38553e37c49224c2a9de616a68620356	1650	149.90	110.83	6746.65	1	100.00	0	91	0.002523286767541766	0	0	0	0	0
0xf5fcaae203bd5dd81ef969c3fecc872f38aeccab	400	149.85	145.90	11845.40	1	54.00	0	48	0.01732996228632766	0	0	0	0	0
0xd6e40e0354f7de669151c27576065eabd5a4541d	400	149.66	0.36	28.05	2	60.00	0	32	0.019214463887218258	0	0	0	0	0
0xc2d79f8bd8eaf441a425dfcabbc2484466c076a9	450	149.63	0.04	10.89	1	100.00	0	7	0.009844569847516915	0	0	0	0	0
0xa788d847f4a0a3d7d7a453e6b1d0949a6477853d	350	149.57	2.30	298.57	2	86.00	6	7	0.009375708105929803	0	0	0	0	0
0xa788d847f4a0a3d7d7a453e6b1d0949a6477853d	750	149.48	1.89	460.64	1	76.00	0	21	0	0	0	0	0	0
0x02a80ffb107a08ba7139930ac3bc7b97b18a04e7	500	149.42	3.85	196.02	2	48.50	29	48	0	0	0	0	0	0
0xee14b39d8fecf5ad384ef56bade03618c187b9d3	1050	149.23	2.87	140.25	1	97.00	0	108	0	0	0	0	0	0
0xddf2151ad715351e9b3f88803e98a0f2e32a9db2	400	149.22	9.33	507.69	3	50.00	8	19	0.009314958244022176	0	0	0	0	0
0xff3ffe39ac9cd85b9d9ab97d34cd251972c1d78b	550	149.02	16.26	3983.54	1	100.00	0	9	0	0	0	0	0	0
0x73e2f7bcc702638876aaef814e660a52b8299cdb	300	148.82	1.45	356.76	1	50.00	0	10	0.010578461550447837	0	0	0	0	0
0xe3bb042f9cc751afaf7c14fc0b2848fae17cb08a	400	148.49	38.69	2447.65	2	43.50	0	23	0	0	0	0	0	0
0x0f89def402b8ffa30ec805bea36216876cc3e318	150	148.28	934.47	12727.93	15	56.13	3	9	0.0007604888391317862	0	0	0	0	0
0xa788d847f4a0a3d7d7a453e6b1d0949a6477853d	400	147.83	20.84	520.14	6	93.83	15	12	0.006141718650121142	0	0	0	0	0
0xb0bada5d45d939a03c6d211d24a61a4418d7cd13	600	147.55	255.59	2573.92	17	88.00	7	16	0.01004645384077492	0	0	0	0	0
0x77a70e1761fb3cbb333599ee16e5d6cb027afd83	650	147.41	4.75	1176.94	1	82.00	0	12	0.008049166300128086	0	0	0	0	0
0xe019b72b18cbde76d050d6384fb11b22699e1a08	750	147.24	5.56	1377.53	1	48.00	0	23	0.022788544591134663	0	0	0	0	0
0x65d4a7f67ddbcd15b5d719d0c60c6ea45ee1ebd3	50	147.10	30.94	887.02	10	76.40	0	3	0.00010748091493595346	0	0	0	0	0
0x2565b0be50773f2008d372bf1ff218f68b8f1fde	1050	146.81	2.09	314.47	2	100.00	32	13	0.004046535198565238	0	0	0	0	0
0x00ca5aa2fa57533a20df5d03b9706d07778d0dce	400	146.74	0.02	5.71	1	41.00	0	15	0.035040661463148215	0	0	0	0	0
0x4f52a9e65a593b97b826f9c5926224ea6b2f8356	1550	146.69	1.85	230.59	1	94.00	0	47	0.10582706316308865	0	0	0	0	0
0xc5fcbb7c5782a83abee44f33fdc77301e3ab7a42	50	145.97	3.15	787.04	1	100.00	0	1	0.000020951687584869205	0	0	0	0	0
0xf1abd4cd33e8d6a1587a80c8cc6d61ef9aa9dc35	500	145.81	36.87	1961.21	2	39.50	0	45	0.04813793419746193	0	0	0	0	0
0x37ea948ef319d9420e1c92f17e0adcebec7ef3a7	800	145.79	461.15	38484.39	1	100.00	0	53	0	0	0	0	0	0
0xa41976a855be698be2334e3e38404ea685bf1bca	400	145.27	4.72	282.38	2	56.00	0	99	0.0562017905472334	0	0	0	0	0
0xedb77f0ffd272a2480d0bf2dbf8c6ea7af0d17d3	400	144.60	3.65	920.68	1	85.00	0	6	0	0	0	0	0	0
0xd36b1b4fa33462b20838fcc13d2e900f82eee22d	1200	144.57	1.02	257.34	1	81.00	0	22	0	0	0	0	0	0
0x2565b0be50773f2008d372bf1ff218f68b8f1fde	950	144.22	0.90	113.61	2	100.00	0	10	0	0	0	0	0	0
0x4e6223c5ae86b5086fc93a448a31796f70f87b34	400	144.17	1958.63	51697.76	6	51.50	1	26	0.02389742003073292	0	0	0	0	0
0x633588e517124633021f298a2b3e2294c171ecd1	1500	143.75	0.56	71.65	1	84.00	0	47	0.10025831062369095	0	0	0	0	0
0x508fe8256a6dc870fcb8cedcd461d03e5d8af448	400	143.52	209.79	26663.63	2	100.00	35	13	0.00225410342540866	0	0	0	0	0
0xccf9e823a068ace4c8e605a391f1d6acda7d407d	600	143.47	44.95	5676.93	2	88.00	82	8	0.012818140338538564	0	0	0	0	0
0x2259375d945f9d106cf4fe2a93f4a308a9b96966	400	142.96	3.13	68.86	7	73.00	2	12	0.012978159296014471	0	0	0	0	0
0xc861d1b937c2d0f727e48cd1fd16549a894fd58f	400	142.71	5.96	415.15	2	89.50	15	16	0.00009186647323966568	0	0	0	0	0
0x85204a5e932b69455822033f33e378dff4bb8960	1550	142.70	26.93	3443.87	1	100.00	0	40	0	0	0	0	0	0
0xae13dfc97c7ed479fcf49c11263e82bf8a20dd4b	400	142.69	12.56	323.54	9	96.00	11	7	0.0021176963767577384	0	0	0	0	0
0x48b5b27512435553f87c46e36ee312867d5ebfa3	450	142.47	1.08	277.49	1	42.00	0	22	0.004088860294026997	0	0	0	0	0
0xa8f999a7745d354154d4feedbcd12db481844f74	1500	142.12	38.40	4930.73	1	95.00	0	42	0	0	0	0	0	0
0xd767295dd4220815885da502816e0de0d4c8642c	1050	142.00	1.11	286.01	1	100.00	0	22	0	0	0	0	0	0
0xf46ce1f93146dbd7a41ce3e0c6ec0ef46a94a6b1	1500	141.90	72.93	9379.31	1	100.00	0	42	0	0	0	0	0	0
0xf1abd4cd33e8d6a1587a80c8cc6d61ef9aa9dc35	300	141.68	7.77	2001.82	1	10.00	0	19	0	0	0	0	0	0
0xf9c39c2f0f8e87194aaa833611f4dc208b01e331	1100	141.37	31.13	4019.02	1	100.00	0	27	0	0	0	0	0	0
0x643fa342d703208fda271397f6a8797a093b28a7	900	140.85	496.91	21462.37	1	70.00	0	139	0.0023411192101030487	0	0	0	0	0
0x87a12400fd577ceb6a668c4dda00b3d3fc97e0d3	800	140.50	62.42	2609.18	3	87.67	13	31	0.03490768931413424	0	0	0	0	0
0x69528a431a5a6f3723d58b1a474d0c865f8b9dda	1100	140.40	115.32	29981.55	1	100.00	0	16	0	0	0	0	0	0
0xf1a3413fa1c5d4bd870339c25c14c489ef8eeb19	400	139.63	0.56	19.97	3	41.67	0	56	0.0033205157284258804	0	0	0	0	0
0x98ab6d16e592159ed50687ea3015330be12cd371	1500	138.94	2.92	191.98	1	100.00	0	87	0.009161551504976995	0	0	0	0	0
0x9c22836e733d1611d41020123da7aa72f475cc7b	1500	138.83	3.36	220.95	1	100.00	0	87	0.00922130502604146	0	0	0	0	0
0x98e0238ec1b69cc6e13ac4547866d29bcc268ab7	500	138.23	183.27	9625.71	5	95.80	21	8	0.0048977362377589095	0	0	0	0	0
0x2565b0be50773f2008d372bf1ff218f68b8f1fde	1000	138.22	0.62	81.94	2	100.00	0	10	0	0	0	0	0	0
0xb3fd64bb7a25843c59f209c7a96ac73c39116b86	150	138.00	20.76	1285.14	5	49.40	9	5	0.004195040163674779	0	0	0	0	0
0x6a8dfc07baf591ae8c45cd583e8735d278c58e6c	950	137.99	3.05	202.01	1	100.00	0	72	0	0	0	0	0	0
0x36796b2c490ce1a249c1acad8a091143ef095560	250	137.83	1.63	430.46	1	77.00	0	4	0	0	0	0	0	0
0x8ccb2c0530f9e3d2dc8a08f96223f69d78df677a	400	137.06	92.39	1806.73	4	94.25	0	17	0.001704664257984323	0	0	0	0	0
0x9fce77ce2aab1b00ff66bc1955dc8dd7ced936a5	250	136.93	6.65	885.48	2	41.50	0	9	0.0011299976486578434	0	0	0	0	0
0xa2c1f535a8775751415f97a2354607adbc26243a	1500	136.91	250.12	8132.06	2	93.50	0	104	0.03664692591721641	0	0	0	0	0
0x0cc95e71e9a037469593c80f04b3273f81623c3b	150	136.84	0.76	201.84	1	100.00	0	4	0	0	0	0	0	0
0xe30dc1eba82267d5e55391d3cdc7d6f72de9c227	1150	136.47	6.65	444.77	1	84.00	0	83	0.00954477404456755	0	0	0	0	0
0xf9c39c2f0f8e87194aaa833611f4dc208b01e331	350	136.43	30.49	4411.63	2	89.50	70	6	0.006788174396482605	0	0	0	0	0
0xacf89c236462a336917817b1d91fde5488ffb3ac	400	136.42	318.89	5239.35	14	88.36	3	8	0.0051372518909496645	0	0	0	0	0
0xe1b5b9f27a5d61c8102fcf04c676cac0edb2eb75	400	136.10	5.09	1365.11	1	100.00	0	5	0.006173808051312957	0	0	0	0	0
0x06fd8cfc02980d08ca47ba721422f7e74597e59a	900	135.98	51.19	6870.48	1	69.00	0	36	0	0	0	0	0	0
0x744e9465b5f5a1a2f8d5118ed383b1d8f02349ab	1500	135.82	5.27	174.91	4	95.50	0	53	0.03652359842353792	0	0	0	0	0
0x5f20d84dbfce7d9bd5b43dd22e650e1ef017c011	600	135.02	56.67	7659.93	1	96.00	0	27	0	0	0	0	0	0
0x4e9518ecb5e2a779cbfe3e41231bd7ad31c94d75	1050	134.54	4.92	1333.70	1	100.00	0	11	0.0014024390862177327	0	0	0	0	0
0xdaadb1a87292bf175b169e5c2c8868b17e32215b	1000	134.28	3.15	285.84	1	74.00	0	50	0.05451428390063073	0	0	0	0	0
0xe702fa35674e54a446fd5cb783286ae872fcbe16	400	134.15	9.01	2451.52	1	43.00	0	16	0.03994826079588565	0	0	0	0	0
0xb3fd64bb7a25843c59f209c7a96ac73c39116b86	250	134.14	14.70	2000.00	2	93.00	3	3	0	0	0	0	0	0
0x8aae761f70efb017078729e7c937fc811c6c5189	600	134.06	0.38	17.30	1	58.00	0	123	0.0018784573531105409	0	0	0	0	0
0x06bfd9a4463390a52ecc766045b79957b7a3b756	700	133.92	5.02	455.82	1	50.00	0	50	0.07206897762613851	0	0	0	0	0
0x296a5e3f71932bc57be8a988ec3fa869efe798e4	800	133.78	3.65	994.51	1	100.00	0	8	0.012181053637838613	0	0	0	0	0
0xc8150527e5dae278d19a914d4bf48796d1cee480	450	133.66	33.78	1317.99	1	53.00	0	163	0.01258406482842478	0	0	0	0	0
0x8037ccebebb5af26459d6ef3aa974e2d65fb7c05	750	133.64	1.61	440.80	1	67.00	0	15	0	0	0	0	0	0
0xc72c4a11b95a8b132a8390b0c14bd84ffa2be37f	1550	133.34	7.52	2059.64	1	100.00	0	19	0	0	0	0	0	0
0xdcb56bb00e63d1efeb4073d52abda39f4dc201f3	1550	133.27	0.01	3.70	1	89.00	0	24	0	0	0	0	0	0
0xd7de266e4cfef24ccff95609dcaa023ce465b71e	700	132.60	0.60	41.05	1	38.00	0	94	0.09171116208734897	0	0	0	0	0
0xd9dc04a528722613da15c961039f523707407a78	150	132.50	1.15	138.68	2	100.00	0	2	0	0	0	0	0	0
0xe17a3d8399ebc55cc9c6b5719687b70d5fbf44a4	150	132.31	63.39	1545.60	11	71.00	12	3	0.0005561809051656364	0	0	0	0	0
0x25cc0d638f34f2e06c2ab77d4aa65d64f6fd6567	1500	132.19	25.05	2305.35	1	100.00	0	54	0	0	0	0	0	0
0x6a517ee132a97e5b8139fd9ce36d0db7a5efa9d7	1500	131.92	4.22	146.56	2	98.50	0	89	0.0863295788518681	0	0	0	0	0
0xbce7947edc57be003b5008a36ee4296cfee78062	750	131.56	14.21	3942.64	1	100.00	0	14	0.00785254482951192	0	0	0	0	0
0x5a17cc5eb6b1af7a4c57c32c70427e44b2bdbab9	500	131.55	16.02	685.80	2	48.00	18	67	0.014080400239868673	0	0	0	0	0
0xcd844fb79992b2420f232f28e19214cb28ea55f2	500	131.53	37.34	537.27	17	97.65	2	8	0.00527457422143597	0	0	0	0	0
0x31d9f33fa7cb15b99d90ec35f7d2ce97f6769167	1500	131.04	39.25	2290.58	2	97.00	0	48	0.018003163851465498	0	0	0	0	0
0x38510d2fc333c2bfa9bb4e644966027e6aa23601	400	130.93	33.04	2914.70	2	100.00	0	5	0.00038477704663031354	0	0	0	0	0
0x02a80ffb107a08ba7139930ac3bc7b97b18a04e7	450	130.65	2.70	190.21	2	38.50	26	33	0	0	0	0	0	0
0xb6dda7373a63f26768f6ff3c21e68ce8ec4ace47	400	130.44	0.00	0.00	1	32.00	0	71	0	0	0	0	0	0
0x0cc95e71e9a037469593c80f04b3273f81623c3b	650	130.30	1.25	174.75	1	100.00	0	25	0	0	0	0	0	0
0x405d0351b1c959318724190e3ca06d046cee9f39	1500	129.74	57.04	3209.67	1	100.00	0	110	0	0	0	0	0	0
0xedb77f0ffd272a2480d0bf2dbf8c6ea7af0d17d3	1500	128.98	16.38	926.94	1	98.00	0	117	0.0733137102368997	0	0	0	0	0
0x7921e1353c6db909dde5a45979ec6cbcdf0119ae	400	128.69	202.44	8130.79	2	46.00	0	74	0.004343105565540739	0	0	0	0	0
0xc3068c798da3f91d2d5ad1b0e2c9bc58243eb3f2	1500	128.61	44.93	1502.32	2	92.00	0	105	0	0	0	0	0	0
0x288a2395f027f65684d836754ba43afa20ca09e6	1800	127.35	24.24	6946.51	1	100.00	0	23	0	0	0	0	0	0
0xfabacc87732da5a51bcb450a7b050cf73850c5a0	400	127.09	58.35	5220.73	3	96.33	0	5	0.0025688384536537434	0	0	0	0	0
0x3f888f4e16a08c6b3745ddbade98e24569852fa4	400	127.03	36.22	2597.34	2	95.00	0	24	0	0	0	0	0	0
0xc8150527e5dae278d19a914d4bf48796d1cee480	600	126.88	22.63	930.09	1	64.00	0	160	0	0	0	0	0	0
0xf8a5089ef0eb09183e22f557936134ba20191450	600	126.73	4.16	1199.42	1	100.00	0	7	0.007983551464540994	0	0	0	0	0
0x43af5e48a180c8515c9bece74453daeec98192a0	1500	126.66	0.57	32.71	1	96.00	0	117	0.05849011555594252	0	0	0	0	0
0x8037ccebebb5af26459d6ef3aa974e2d65fb7c05	800	126.53	2.85	205.55	1	90.00	0	78	0	0	0	0	0	0
0x6205f8323b261c225221d94310d720c9b81c466e	1350	126.51	18.42	2657.31	1	100.00	0	31	0	0	0	0	0	0
0x06fd8cfc02980d08ca47ba721422f7e74597e59a	500	126.50	65.37	6356.34	3	71.67	24	12	0.02164660401959469	0	0	0	0	0
0xb6e156fc4c8b19ac1ac4151396f9f47f12255c2a	1100	126.48	9.45	908.81	1	99.00	0	62	0	0	0	0	0	0
0x23a76a1c36e1ab96d370c1a1c536d79856c73265	1650	126.39	20.96	1513.32	1	88.00	0	92	0.11819746318074698	0	0	0	0	0
0xe8a040af47550deae8655d96e4aa9b0b6afe6247	1500	126.37	26.01	1572.15	3	100.00	0	36	0.04320521863341309	0	0	0	0	0
0x4c7896180858611c0866970401b56f165c3989da	1050	126.34	56.04	1930.20	4	100.00	11	30	0.012180628848862396	0	0	0	0	0
0xe1f3d27341f210e0964f11ba6650aa1e328b2686	350	126.22	5.29	431.44	3	75.00	0	30	0.01518330600021045	0	0	0	0	0
0x91ac14c7d856a9b786e25b2d505efcaf6b5cb180	1200	126.11	2.91	210.67	1	78.00	0	87	0.0041082015644011705	0	0	0	0	0
0x109f9ef72d6e414671982043c90fdce0f3617a82	1200	125.93	36.66	5312.26	1	63.00	0	46	0	0	0	0	0	0
0xb32d21bc2ab3258cb39a18f9363d82018fc16827	400	125.88	4.42	1280.87	1	98.00	0	5	0	0	0	0	0	0
0x66c92528f1c46a75760bbbea8f0983c11254648c	250	125.78	1.32	201.17	2	26.00	0	43	0.007797290745653607	0	0	0	0	0
0xd587431ebaf02eee30f3a4ec95d0fab90559d9a5	400	125.76	38.54	581.82	20	89.20	1	5	0.0036168890910964757	0	0	0	0	0
0xb32d21bc2ab3258cb39a18f9363d82018fc16827	1500	125.76	21.71	1260.29	1	99.00	0	112	0.06209542582463756	0	0	0	0	0
0xb55416753bc580789491f43c1d66e0c0fb59a59e	700	125.76	0.82	59.19	1	71.00	0	72	0.08203186347253144	0	0	0	0	0
0xa58de18ccedf49d067402a82293d06b87c9317a6	400	125.68	36.89	1315.57	6	75.00	12	11	0.0020217432821156844	0	0	0	0	0
0xe1b5b9f27a5d61c8102fcf04c676cac0edb2eb75	1500	125.68	23.29	1352.96	1	99.00	0	112	0	0	0	0	0	0
0xe0742702aa7eeb24dd197a2afb52401a3bfb99eb	400	125.66	25.59	738.48	10	89.60	10	7	0.0051074090158986785	0	0	0	0	0
0x0321c819b5f949e4535215ba33062c0a0c5cb6ff	650	125.42	8.81	427.11	1	61.00	0	130	0.010966361322828355	0	0	0	0	0
0x577a652caaf9c13c0aff42620b22d8e092606b61	400	125.10	0.60	58.94	3	47.33	0	12	0.015585840024234798	0	0	0	0	0
0x4a6a65252d387cbccbddb1665f632bac1f2d989d	400	125.09	10.57	382.64	8	98.25	16	5	0.0009105443382784184	0	0	0	0	0
0x77a70e1761fb3cbb333599ee16e5d6cb027afd83	600	125.05	5.69	966.02	2	79.50	31	14	0	0	0	0	0	0
0xe8a040af47550deae8655d96e4aa9b0b6afe6247	400	124.51	5.51	1616.33	1	100.00	0	5	0.008386150092454248	0	0	0	0	0
0x723265936ec47139d543c63f081de65e587cf5c1	1000	124.12	2.47	181.55	1	78.00	0	74	0.003912439610631591	0	0	0	0	0
0x23404b031ecbb0ebbbc64bf235ddaf8fbd0e4f0b	200	123.33	30.51	1123.93	8	82.13	7	3	0.001898704542648011	0	0	0	0	0
0xd653f2c70d6b104324e9fac4fd9e0885a92a7c12	400	122.98	236.64	2184.14	20	84.25	1	9	0.000013704138212555783	0	0	0	0	0
0xf2842c6fc18f3070d3186664f45e06e1ce873663	1500	122.86	168.37	10003.92	1	98.00	0	114	0	0	0	0	0	0
0xae5905de19d8e65b45d8179f71c72af8018721cd	500	122.79	17.54	5215.14	1	63.00	0	16	0.0052955466290915965	0	0	0	0	0
0x47a15aa8347f7a9d2b49e2e76ce93186fa4e72fb	1500	122.53	11.72	698.02	1	99.00	0	113	0.06468653323661311	0	0	0	0	0
0xb0bada5d45d939a03c6d211d24a61a4418d7cd13	300	122.42	257.74	1947.66	40	84.28	0	4	0.0022234357327083343	0	0	0	0	0
0x02c964c364d9d92174d394c9254b2e20167c196d	400	122.30	0.11	17.11	1	26.00	0	35	0	0	0	0	0	0
0xeab646310a94bf58b0d6061f90fcfa7d2f4143aa	400	121.89	1.21	77.44	4	78.50	6	15	0.0003622295710714596	0	0	0	0	0
0x47f4e5ca3d84348004a531be3986c850b6e76e08	100	121.59	333.10	50000.00	2	46.00	3	6	0.0008885008840775477	0	0	0	0	0
0x40fd7b406701e407c85688636318f6315cbc84b3	500	121.23	0.15	21.34	2	72.50	62	9	0.006511515413393232	0	0	0	0	0
0x9c328662b7ff7f2843b0fdf1103fca644f008738	400	121.06	18.21	1994.54	4	94.75	0	8	0.0047839850395053896	0	0	0	0	0
0x66c92528f1c46a75760bbbea8f0983c11254648c	550	120.85	2.38	130.67	4	69.00	68	17	0.006663125696437788	0	0	0	0	0
0x9bb6e6dbd2a4f9989a1d7b3e6825fe5937816382	1500	120.84	31.02	4574.23	2	100.00	0	20	0	0	0	0	0	0
0x35521b0d9785b86e1423278f3498bde00284d104	650	120.79	0.91	275.36	1	61.00	0	13	0.012911924225722515	0	0	0	0	0
0x74ec1ddd23b71d4776fdc414bf26c4ed65727a94	1500	120.72	15.56	555.91	2	87.50	0	88	0.06273398150417608	0	0	0	0	0
0x663e0f33edfd5d6e844d61344a0947e32387d7a5	1450	120.58	128.05	12920.49	1	90.00	0	56	0	0	0	0	0	0
0xe3b20f2cca92d5d9aac068a3ee11a91bc8e0e1a9	400	120.57	0.23	68.84	1	37.00	0	13	0.008878803524137169	0	0	0	0	0
0x06fd8cfc02980d08ca47ba721422f7e74597e59a	1150	120.00	22.31	6786.17	1	100.00	0	10	0	0	0	0	0	0
0xff67b72061871d840cdcda71ede2a11c8ce325b9	700	119.95	0.98	148.46	1	58.00	0	40	0	0	0	0	0	0
0x69528a431a5a6f3723d58b1a474d0c865f8b9dda	2150	119.94	206.02	31348.88	1	100.00	0	46	0	0	0	0	0	0
0xbf3309a1b469696e4bf8f128fd7ccc71b74760b9	1500	119.83	1.01	153.68	1	94.00	0	44	0.15238979313092482	0	0	0	0	0
0x42d9c1fb098b21a335c89f561a96b83de5bf8fd3	750	119.57	149.16	45533.22	1	100.00	0	11	0.03283936516832453	0	0	0	0	0
0x99e27746e33c9886f6a3a19336e0ab753f962db9	50	119.41	13.71	2095.08	2	92.50	0	1	0.000004544583026566684	0	0	0	0	0
0x500d3db7361e7f613e13426566b8464abfd559e0	1350	119.34	762.78	116647.14	1	100.00	0	27	0.030391378332494945	0	0	0	0	0
0x36e22c1ef96d13bd20f783d8e4c1f73e91732034	1500	119.00	138.92	4812.08	2	100.00	0	86	0	0	0	0	0	0
0x010b23b2f2a5f6bc4ce0c68a5f65c248c1129831	1700	118.78	569.39	87481.37	1	100.00	0	37	0.02923477319131118	0	0	0	0	0
0x294125ebe0a93815a68e0165935c521275e2dc1e	1000	118.33	1212.01	186922.00	1	75.00	0	35	0.002786942944277282	0	0	0	0	0
0x67c2f642407207427af1ebc9ddaf1265c2f95251	1500	118.22	0.32	19.51	1	100.00	0	107	0.052055153692087686	0	0	0	0	0
0xe17a3d8399ebc55cc9c6b5719687b70d5fbf44a4	600	118.13	5.74	1774.62	1	100.00	0	7	0.0038606421875142516	0	0	0	0	0
0x681434c56fe3db55f5d51322c732fd73ecfe7647	1100	117.92	4.11	423.89	1	63.00	0	60	0.1060072994092165	0	0	0	0	0
0x75c168611cb14037428376c13f9ee84ad4005d2a	400	117.85	1.07	110.97	1	26.00	0	65	0	0	0	0	0	0
0xf241e1c926236d8100a696ebe1b4793f06ead712	1500	117.85	0.20	30.75	1	86.00	0	42	0.09992460969574513	0	0	0	0	0
0x3693c5a3de63828ac8e8ca656d9e2ed7b94c470c	1100	117.72	16.82	2607.10	1	100.00	0	34	0	0	0	0	0	0
0xa612421f162c3ed3765f3090e9400880dd6f670e	1750	117.71	0.88	272.80	1	99.00	0	22	0	0	0	0	0	0
0xff4f7b726ee86f810531d2842b3bdd8a512db594	50	117.66	0.73	56.89	4	66.00	0	1	0.0006498089327067191	0	0	0	0	0
0xe17a3d8399ebc55cc9c6b5719687b70d5fbf44a4	550	117.63	5.38	1669.78	1	100.00	0	7	0.006287616583133815	0	0	0	0	0
0x2565b0be50773f2008d372bf1ff218f68b8f1fde	1100	117.26	0.84	262.37	1	100.00	0	15	0	0	0	0	0	0
0x8fc27ad7fca175ee10e425f45e05bbc8b1f9309f	1200	117.24	550.00	23950.33	3	93.00	23	42	0.04856134959787539	0	0	0	0	0
0xee14b39d8fecf5ad384ef56bade03618c187b9d3	1150	117.03	2.23	231.44	1	57.00	0	72	0.06954422264210391	0	0	0	0	0
0xead9843fe054643d564a25929bd58721f3b47c65	1500	116.99	84.13	3169.78	2	92.50	0	83	0	0	0	0	0	0
0xd4cffd1db38d276a412917ccc5b3460ea309f10c	450	116.94	3.14	981.54	1	52.00	0	11	0	0	0	0	0	0
0x0f89def402b8ffa30ec805bea36216876cc3e318	100	116.86	163.11	12191.74	4	57.25	26	7	0.024189648987654744	0	0	0	0	0
0x6d3ecba58404aebeb370ec7b1e39d296707c57cd	1500	116.61	17.91	707.25	2	92.00	0	84	0.0625939186214064	0	0	0	0	0
0x2f4147b92116d30dd5ade11752e3b9a97b66d6dc	1500	116.56	11.60	607.81	3	100.00	0	38	0.05121843523025286	0	0	0	0	0
0xbbc5a47f92e5d00c20fe570acf718b568bd6a7cf	1500	116.56	1.82	190.08	1	88.00	0	53	0	0	0	0	0	0
0x7e0bed47bf81ae705a1b6e787bcd87a9ffd14435	1200	115.99	9.94	3127.31	1	100.00	0	12	0.00004513162079611277	0	0	0	0	0
0xebf2e0b82f63f4a6f9bbf95a7523cd2959cec815	1500	115.93	498.63	19603.80	2	95.50	0	85	0.04455264632928779	0	0	0	0	0
0x763e8c86740d565aed402d10b73537bf91eb2812	1500	115.74	1.04	65.59	1	83.00	0	102	0	0	0	0	0	0
0x831b1b3a56e9f682c4e7f3919abba1af6f92bc44	1800	115.66	11.03	1740.80	1	100.00	0	38	0.03500780969635242	0	0	0	0	0
0x296a5e3f71932bc57be8a988ec3fa869efe798e4	750	115.23	3.06	968.15	1	75.00	0	11	0	0	0	0	0	0
0xb0bada5d45d939a03c6d211d24a61a4418d7cd13	1100	115.12	89.20	2264.44	5	76.20	0	34	0.0013887204871121384	0	0	0	0	0
0xd9dc04a528722613da15c961039f523707407a78	450	115.09	3.48	1103.51	1	100.00	0	7	0.0003622368595634917	0	0	0	0	0
0xafd02fbff420af0a5e77805a19c17199db6dde16	1350	114.99	0.38	120.51	1	100.00	0	23	0	0	0	0	0	0
0xd62355ea1833f8721c2ac7216b3fdd6d836c8167	400	114.98	0.44	85.87	2	100.00	0	7	0.008018399543202603	0	0	0	0	0
0x3dc2d65d8a9d74f5fe883ebfe2c2fa5d15466401	400	114.81	76.86	8144.66	1	32.00	0	65	0.01838855971725284	0	0	0	0	0
0x40fd7b406701e407c85688636318f6315cbc84b3	300	114.68	1.02	20.77	16	88.69	5	5	0.0011103088772709824	0	0	0	0	0
0xd65fb683947146772c9d23f537219c161491a2bd	400	114.19	756.68	12255.27	18	92.94	6	4	0.003642147015035945	0	0	0	0	0
0x6273b2cad1375e096c9dd4a68498e9d31aacd9b7	1100	114.13	1.40	149.71	1	71.00	0	49	0	0	0	0	0	0
0x74b6987d3e5055611f7a7873d5abf3f23e7d97dc	350	113.63	1.46	469.18	1	100.00	0	6	0	0	0	0	0	0
0x574378e51d3973ce57ce0f9a48c29fc06f4f003f	1500	113.45	92.09	5925.24	1	86.00	0	96	0	0	0	0	0	0
0xc542341c46c53158b5d2d404232daad96fc9057b	400	113.25	0.26	41.73	1	33.00	0	37	0.02555296954745989	0	0	0	0	0
0x0ce2f4c70502a738868ee7f521b789d0090054bf	400	113.16	142.51	2996.04	15	97.73	2	6	0.00517594178016371	0	0	0	0	0
0x8751b2acf0da3446151f3e58fbbb13ce55c1fc7a	1550	112.43	2.83	305.82	1	97.00	0	50	0	0	0	0	0	0
0xeb01ff124d71b6c7e6613fd6e0a86c28c733f008	400	112.37	5.97	646.34	1	26.00	0	71	0	0	0	0	0	0
0x6857b7bbc3a356c76d21afdf4aa366b103efc6a0	400	112.34	0.85	91.97	1	25.00	0	71	0	0	0	0	0	0
0x33eeee7b680aa615edf042101e9c5af7b3d7f239	1500	112.30	13.26	645.96	6	100.00	1	22	0.009749893825344857	0	0	0	0	0
0x3d79ca534e89d7a05158905d5411b54bf9b1e65b	1500	112.06	138.86	5939.62	2	98.00	0	73	0.05035501944579135	0	0	0	0	0
0x65d4a7f67ddbcd15b5d719d0c60c6ea45ee1ebd3	1050	110.52	38.44	3173.48	1	87.00	0	77	0.07220787235391324	0	0	0	0	0
0x23404b031ecbb0ebbbc64bf235ddaf8fbd0e4f0b	250	110.49	23.96	1122.82	7	92.14	3	4	0.0015737872826572716	0	0	0	0	0
0xc1a2dc997a4f614545023738c388d008b681ccc5	2300	110.45	6.90	1139.87	1	100.00	0	44	0	0	0	0	0	0
0xacf89c236462a336917817b1d91fde5488ffb3ac	300	110.38	31.97	8172.49	2	47.50	84	3	0	0	0	0	0	0
0xc2d79f8bd8eaf441a425dfcabbc2484466c076a9	1400	110.21	0.12	12.85	1	100.00	0	54	0.00291766320432707	0	0	0	0	0
0x23404b031ecbb0ebbbc64bf235ddaf8fbd0e4f0b	300	110.04	20.35	947.16	6	92.67	5	5	0.0011062306636407577	0	0	0	0	0
0xed428d0034a66e2ff2fc2f7a1bd5da35009e2d89	200	109.99	24.84	382.92	3	45.67	0	41	0.0018929000947724244	0	0	0	0	0
0xf5fcaae203bd5dd81ef969c3fecc872f38aeccab	1350	109.43	173.93	8287.39	1	81.00	0	158	0	0	0	0	0	0
0x77a70e1761fb3cbb333599ee16e5d6cb027afd83	1200	109.40	2.20	734.87	1	100.00	0	12	0	0	0	0	0	0
0x6a8dfc07baf591ae8c45cd583e8735d278c58e6c	1550	109.27	1.36	227.78	1	100.00	0	28	0	0	0	0	0	0
0x807b755d5374769dd5282a05ebaca84ca70af607	1100	109.21	92.28	15421.43	1	58.00	0	43	0.09980821629633763	0	0	0	0	0
0xc0433e26e3d2ae7d1d80e39a6d58062d1eaa54f5	1500	109.08	241.76	9739.70	2	84.00	10	99	0.06222545175545435	0	0	0	0	0
0x296a5e3f71932bc57be8a988ec3fa869efe798e4	650	109.00	15.25	939.70	2	53.00	11	37	0.013133141775439894	0	0	0	0	0
0xc1a2dc997a4f614545023738c388d008b681ccc5	1500	108.98	16.20	1174.23	2	100.00	11	45	0.0072720021373429145	0	0	0	0	0
0x723265936ec47139d543c63f081de65e587cf5c1	650	108.83	1.08	180.29	1	20.00	0	44	0.07981054063810333	0	0	0	0	0
0xb58a13a72c970fcc3f7d125866347b21ef96f21a	1200	108.69	31.71	1521.16	1	69.00	0	163	0.022322606739522133	0	0	0	0	0
0xdc3a308d9ae31c9dfa739e7b98bbb0ee48ffc0b1	400	108.66	345.29	5526.84	16	91.38	2	11	0.0026177233125659893	0	0	0	0	0
0xbbd9ef86217b5a607574627e4c01933812196240	300	108.37	8.25	2777.29	1	83.00	0	5	0.000014002042703076256	0	0	0	0	0
0xd62355ea1833f8721c2ac7216b3fdd6d836c8167	1500	108.36	0.21	69.73	1	100.00	0	24	0	0	0	0	0	0
0x156e592cb42be728a38fc5c893b4f738b9bb316e	350	108.35	71.22	11782.23	2	88.50	24	5	0.002087483699320103	0	0	0	0	0
0xf46ce1f93146dbd7a41ce3e0c6ec0ef46a94a6b1	1150	108.12	84.03	9455.91	1	98.00	0	57	0	0	0	0	0	0
0x78926198754cdfe31ec02c03622fd95cbd3a110b	2050	107.97	2.45	276.39	1	100.00	0	64	0.07238197715407901	0	0	0	0	0
0xd7407fd10f6b27ddf892bdd378006dcd2316a9d7	850	107.91	52.61	17792.77	1	83.00	0	13	0.08092679640488987	0	0	0	0	0
0x4a178aa8d3b79c557c7aa883db408dfc509d4935	1500	107.84	0.12	13.50	1	81.00	0	54	0	0	0	0	0	0
0xff4f7b726ee86f810531d2842b3bdd8a512db594	400	107.78	0.48	162.99	1	100.00	0	9	0.0009791556472404928	0	0	0	0	0
0xf60b7e4d3acb20857a141ad012887dd9d538c89e	400	107.59	0.39	133.92	1	27.00	0	22	0.05226121607442291	0	0	0	0	0
0xbdfc087a5c32f6b6e425697c1a19a10e378136ee	800	107.46	0.45	152.03	1	71.00	0	14	0	0	0	0	0	0
0x06fd8cfc02980d08ca47ba721422f7e74597e59a	800	107.44	18.75	6369.78	1	100.00	0	9	0.00046441493338766904	0	0	0	0	0
0x8672f06efc11bb43893a84fc776be19d77f7591a	950	107.24	7.57	1288.17	1	90.00	0	34	0	0	0	0	0	0
0x619f2c86e0d95bfb08c404fbc21ef3954b416674	1500	107.19	4.47	761.58	1	100.00	0	48	0	0	0	0	0	0
0x6d592a133c7fdfb2b902d37008d9d5eff337582c	1500	107.10	0.31	103.98	1	100.00	0	23	0.0160418571007237	0	0	0	0	0
0xb0bada5d45d939a03c6d211d24a61a4418d7cd13	400	106.85	825.30	7619.34	16	84.38	57	7	0.003776284064775648	0	0	0	0	0
0xc7fddc86639a1d2f46bb652d4eee0b28f76496e8	400	106.77	17.93	601.52	2	47.50	0	107	0.0689583484299261	0	0	0	0	0
0xf19a2915376cadae20bad66739ede59d96d19f41	1500	106.72	16.75	710.48	2	87.50	0	84	0.0474586763947904	0	0	0	0	0
0xe3c6ea18789d5603c1dae14bc5a45411f141a8ff	400	106.64	8.55	253.34	5	41.60	0	36	0.023935450023682137	0	0	0	0	0
0xf3b8d66a259e3f2adfdf51913b553ae4d4215e06	1500	106.43	1.10	53.70	1	87.00	0	166	0	0	0	0	0	0
0xe2860665106cebb46be5e1388595fee42f43ca5d	1400	106.32	8.09	396.60	1	86.00	0	158	0.008338131062035625	0	0	0	0	0
0x4cd37ba227d66de52a34ecac54301ca602b55544	1050	106.19	176.87	20264.26	1	65.00	0	62	0	0	0	0	0	0
0x36796b2c490ce1a249c1acad8a091143ef095560	400	106.11	1.29	443.57	1	100.00	0	3	0.005279866478591355	0	0	0	0	0
0x5ea0acaaf9a1c5d9cf93ecdb733ef6c6d66663b0	2000	106.10	1512.41	104058.91	1	100.00	0	119	0.027021269759230915	0	0	0	0	0
0x5be38620a4c5191d3cab73bb113fd8d6457ee8c3	400	105.97	0.15	52.98	1	100.00	0	7	0.0033052603035210737	0	0	0	0	0
0xecba833254ab18be53af227ec40b265c445f3cf9	900	105.69	0.05	17.92	1	95.00	0	15	0.032704796903160194	0	0	0	0	0
0x2565b0be50773f2008d372bf1ff218f68b8f1fde	1200	105.68	5.21	268.56	3	100.00	26	34	0.014826652917954153	0	0	0	0	0
0x5d1fff9d2a24b64111cb61359cf813f436876ab3	250	105.53	6.52	563.95	1	13.00	0	82	0.6235689851541215	0	0	0	0	0
0xa83c6a80f54aaaa1163e53834e7ff47717eb12c8	450	105.39	333.67	22668.79	5	99.00	7	5	0.005711863169350906	0	0	0	0	0
0xf06ad68aec551ca9f2803f534b1e67bc78e3f4e8	1500	105.12	5.33	210.15	2	85.50	0	101	0.00023474989808702773	0	0	0	0	0
0x4058acc5845af2acaa5408740a16e2c5fa27dca1	1500	104.96	2.17	126.00	1	93.00	0	121	0.09408322542892034	0	0	0	0	0
0x73ca10faff34fe69f1c7186474651434adbc2163	1500	104.74	13.63	678.68	1	86.00	0	161	0.010974183508771773	0	0	0	0	0
0x3693c5a3de63828ac8e8ca656d9e2ed7b94c470c	1700	104.32	14.74	2578.88	1	100.00	0	33	0	0	0	0	0	0
0x288a2395f027f65684d836754ba43afa20ca09e6	950	104.23	19.76	6918.43	1	100.00	0	15	0	0	0	0	0	0
0xccf9e823a068ace4c8e605a391f1d6acda7d407d	450	103.71	97.84	7879.15	5	98.40	17	7	0.0016449854353028925	0	0	0	0	0
0x0bcf7b084613f1ca63fa47918cc5f3b383be4aab	900	103.38	5.26	846.04	2	64.50	85	15	0.006170844931774333	0	0	0	0	0
0xccf9e823a068ace4c8e605a391f1d6acda7d407d	550	103.35	45.88	6650.16	2	90.00	20	8	0.001498951384076852	0	0	0	0	0
0x735c9f1d619bc83560f2b23b6c6f35ba159f57b8	150	103.24	0.01	0.84	1	6.00	0	108	0.11717357830905994	0	0	0	0	0
0x0d8b407ebdfbb810edbbd39afabe9a89711ffa14	1500	102.85	380.54	18979.60	2	81.00	0	80	0.06894950123527144	0	0	0	0	0
0xa16c4d64f80f082380138f324aa5ddbf656e1f03	1500	102.66	10.76	424.05	2	91.00	0	104	0.002969823488957468	0	0	0	0	0
0x7ee4cf136bff5588d1fe73e711fdccc7656a855b	1000	102.37	2.84	506.39	1	86.00	0	37	0	0	0	0	0	0
0xdb0d998505bbc8eca9f4614628a90b7eeebd85d2	1300	102.25	3.22	160.98	2	81.00	0	67	0.0635642178889062	0	0	0	0	0
0xe4f503cbab29dbf095f93a54c54d7fb135ba6a15	1200	102.22	2.03	120.68	1	81.00	0	138	0.011274734315713797	0	0	0	0	0
0x77a70e1761fb3cbb333599ee16e5d6cb027afd83	550	102.14	15.35	1653.47	3	100.00	18	8	0.004790544098165483	0	0	0	0	0
0x1af66f3cf4fe25d66318b00dd030404375a8565f	1800	102.14	0.90	107.31	1	95.00	0	53	0.09423873866252208	0	0	0	0	0
0xc584b0ca8320bd059ae597e95471455b0ae9f28c	1300	102.10	7.59	265.73	2	77.50	0	101	0.05583531037857692	0	0	0	0	0
0x4c83b3817184910bc3004cf8ec87ca0bf9d8da47	650	101.01	33.58	1149.22	2	42.00	74	51	0	0	0	0	0	0
0xa6d507ec7f95c83ab747143a1bd7e501152c2aeb	1050	100.87	1.28	232.05	1	98.00	0	34	0.04222706637345697	0	0	0	0	0
0x1f3b2af85f645f8c2b465c2554d1c49a276948fc	1500	100.25	33.62	3060.38	1	78.00	0	77	0	0	0	0	0	0
0x07d53b16899bf4b7cbf40c9d0d993e24299ab1f9	650	100.21	2.75	143.01	1	70.00	0	167	0	0	0	0	0	0
0x76d54dfec2882fd1e8de91f859a80b122402edce	1550	100.20	1.44	174.51	1	80.00	0	55	0.14234306212428383	0	0	0	0	0
0x3693c5a3de63828ac8e8ca656d9e2ed7b94c470c	400	100.16	50.63	2298.18	5	81.60	19	10	0	0	0	0	0	0
0x10368bfc3da395b46d40261a6bea3189af6b5e75	1600	99.63	75.00	9158.57	1	84.00	0	60	0	0	0	0	0	0
0x9fd634393707ad07739d63c81011ba067681a19a	1700	99.60	33.87	1379.16	1	85.00	0	207	0.08881837349986599	0	0	0	0	0
0xd767295dd4220815885da502816e0de0d4c8642c	850	99.56	1.55	283.32	1	98.00	0	25	0.01675034500213668	0	0	0	0	0
0xcb29cc4e0e7c9fc28080388668e6040caa281647	1100	99.45	27.85	5111.34	1	100.00	0	32	0	0	0	0	0	0
0xeab646310a94bf58b0d6061f90fcfa7d2f4143aa	100	99.31	0.24	88.25	1	100.00	0	2	0.0013756617557092454	0	0	0	0	0
0xb0bada5d45d939a03c6d211d24a61a4418d7cd13	450	99.18	285.05	3936.25	25	83.32	15	6	0.0027935119936306485	0	0	0	0	0
0x7c422f4436ed5e4a6da805c1ba51d08809a0d05e	1500	99.15	4.13	169.11	1	79.00	0	208	0	0	0	0	0	0
0x95333df86727053ba59db90e8005b5fbacbb5208	1500	99.05	152.68	8341.45	2	86.00	9	76	0	0	0	0	0	0
0xff4f7b726ee86f810531d2842b3bdd8a512db594	150	98.98	2.15	158.23	5	100.00	0	3	0.0010354243313215328	0	0	0	0	0
0xbc6b1e5750ae2fef739f12df840442d29ea7d304	1000	98.96	0.25	45.27	1	89.00	0	31	0.039929915519876236	0	0	0	0	0
0x1f8011cc6dd13692ff290a82a289da8786a8a953	900	98.94	0.70	257.17	1	100.00	0	12	0	0	0	0	0	0
0xeb04c4d69fbf000969709fdb471559c6d8a24e1b	1550	98.73	3.24	1197.13	1	100.00	0	15	0	0	0	0	0	0
0x40234c7b11687b20e825f14e787b5b19e973d3df	2350	98.64	10.05	929.56	1	91.00	0	94	0.18991084331643204	0	0	0	0	0
0x2252575686580fe0f7e1fcf7a7282caf295972e8	150	98.59	46.50	17214.37	1	100.00	0	2	0.001906133339468763	0	0	0	0	0
0xbefb548a6f0cef90128a75db9be9368793804f62	1400	98.48	0.40	49.01	1	95.00	0	61	0.04071036761698066	0	0	0	0	0
0xb3fd64bb7a25843c59f209c7a96ac73c39116b86	50	98.19	277.45	822.99	124	21.39	1	5	0.0024474530475591906	0	0	0	0	0
0x40fd7b406701e407c85688636318f6315cbc84b3	450	98.11	0.06	21.88	1	77.00	0	8	0	0	0	0	0	0
0x285710b5c0b79569234be6026ff325e9c17cb385	1500	98.09	1.12	208.17	1	100.00	0	42	0.007822191327866435	0	0	0	0	0
0x278408e0f3d0da14f2f2e857e843f7f44fe7b1a2	2000	97.92	0.40	49.79	1	100.00	0	53	0	0	0	0	0	0
0x13d712ffe3772bc392d3dd097b6cde6da9861c42	400	97.91	11.61	2164.20	1	40.00	0	25	0	0	0	0	0	0
0xd1c921829db71034b077e585fa4f28850f2b5267	900	97.89	249.59	93062.09	1	100.00	0	10	0	0	0	0	0	0
0x6dc851dd59c86d50f370f1cd937a86b6f1179a6a	1250	97.77	114.99	7155.13	1	83.00	0	138	0.006488612731958554	0	0	0	0	0
0xf46b5e722000087b0f72521c465f712cbd41956e	1350	97.71	131.23	12255.96	1	98.00	0	86	0.0766403168247054	0	0	0	0	0
0xd4c3a7fc6dbbe4220fdee6f473a744ec57a68ca3	650	97.70	54.47	4647.28	3	100.00	0	14	0.009421288916259632	0	0	0	0	0
0x577a652caaf9c13c0aff42620b22d8e092606b61	1500	97.58	0.47	58.50	1	100.00	0	61	0.04101982178112973	0	0	0	0	0
0xce06058d3e134749712c4d5c898d65cdb69c295a	100	97.46	0.05	4.97	4	100.00	4	1	0.00039787660311985107	0	0	0	0	0
0x010b23b2f2a5f6bc4ce0c68a5f65c248c1129831	1200	97.44	1367.88	85401.36	1	81.00	0	121	0	0	0	0	0	0
0xd587431ebaf02eee30f3a4ec95d0fab90559d9a5	250	97.24	2.64	495.67	2	83.50	0	4	0	0	0	0	0	0
0xbd1bff03034ac340235e48ee35c85b1121b8198e	1150	97.21	257.86	16136.74	1	77.00	0	129	0.03088844552104897	0	0	0	0	0
0xe4f503cbab29dbf095f93a54c54d7fb135ba6a15	50	97.12	0.00	0.30	1	0.00	0	3	0	0	0	0	0	0
0xdd2f5fe447849ccfbd4a410defe7c5eaf58de966	1800	97.01	1.44	270.15	1	87.00	0	37	0	0	0	0	0	0
0x05f2e253962bdcc35c640728451632dea9cbb66a	400	96.65	25.24	9533.42	1	100.00	0	3	0.007889428910257124	0	0	0	0	0
0x278752ff42bdf8c5124415ca261ecadba8542887	200	96.52	7.21	2725.77	1	100.00	0	2	0.00009662141173816252	0	0	0	0	0
0x9d30a0d1d9ddc4bbbe8bdddf5bd000194b21a38b	300	96.34	0.28	107.72	1	100.00	0	4	0.003940420045844828	0	0	0	0	0
0x4c83b3817184910bc3004cf8ec87ca0bf9d8da47	700	96.33	16.95	1070.29	2	37.00	0	31	0.0033139998162068363	0	0	0	0	0
0x6e912d3429773b577d730032044a9bd70caefe9e	1000	96.21	8.15	515.30	1	71.00	0	129	0	0	0	0	0	0
0xe37d4ec17cb2a1c1c4f184ab15df5cd45027fc7e	750	96.14	22.87	1687.87	2	48.00	51	29	0	0	0	0	0	0
0x39e89d5d0d63042449a8a13b9606ddd3f8baf377	1500	95.75	89.81	4288.46	2	86.00	0	80	0.0741805065659018	0	0	0	0	0
0x0bafed0fe7fb5effb8e751d6ad93786f4d95024b	1500	95.59	0.38	24.14	1	84.00	0	143	0	0	0	0	0	0
0xc625071afb6921b79fbc91f21588ab1c2ad797e6	400	95.53	6.03	1152.62	1	52.00	0	35	0	0	0	0	0	0
0x4deb56a42fc63650b2f0bfb9abe1850e3a091371	1500	95.39	421.13	36532.44	3	100.00	9	20	0	0	0	0	0	0
0x663e0f33edfd5d6e844d61344a0947e32387d7a5	1500	95.37	65.43	12521.49	1	100.00	0	42	0	0	0	0	0	0
0x3b428943ef1c49bf81ddb00f9a11e55811fc7b3c	1500	95.33	9.33	412.08	2	86.50	0	95	0.04443058312985082	0	0	0	0	0
0x6d3db74acc629d4c818e4114f3e87c52fc7ab968	400	95.22	113.50	43508.86	1	100.00	0	4	0.0005362651136708863	0	0	0	0	0
0x5036631c888b05609fc0b8f76c59384d45a945bc	1550	95.13	1.41	539.71	1	98.00	0	16	0	0	0	0	0	0
0x2f13458a2e2b3a2cc94693f0fa9cb957bc81aeb8	400	94.92	175.24	30539.86	3	100.00	0	3	0.0022881443378993302	0	0	0	0	0
0x6d1e49a6834d2babb8b2d5919e2f96366d6f3062	1500	94.88	17.65	970.25	1	87.00	0	166	0	0	0	0	0	0
0x6532378f5d796d2543cfe6799c55cf83a7266aba	300	94.81	5.58	2146.32	1	100.00	0	5	0	0	0	0	0	0
0x9347a843853552889eac5a8b7d46d08e5d4ce42d	400	94.48	0.10	39.27	1	37.00	0	14	0	0	0	0	0	0
0x993b16320d16bb35ca328ceaeb1b7e93ba8c596e	900	94.42	3592.73	150860.81	2	50.50	0	41	0	0	0	0	0	0
0xb0bada5d45d939a03c6d211d24a61a4418d7cd13	1500	94.35	284.16	6018.64	4	96.00	0	92	0.0357083395891411	0	0	0	0	0
0xc861d1b937c2d0f727e48cd1fd16549a894fd58f	300	94.09	1.14	442.53	1	56.00	0	4	0.0018348581173111	0	0	0	0	0
0xccf9e823a068ace4c8e605a391f1d6acda7d407d	500	93.97	134.50	6400.56	9	89.67	13	6	0.0013093199543703607	0	0	0	0	0
0x5e6236ed7e90284b5f41c0baf400c8150f98208a	400	93.91	22.26	8650.63	1	100.00	0	3	0.0007211787505623235	0	0	0	0	0
0x69528a431a5a6f3723d58b1a474d0c865f8b9dda	1900	93.90	154.71	30067.06	1	100.00	0	31	0	0	0	0	0	0
0x02039619366b8cb7a18d0a455074b5a9157c7c3f	150	93.85	0.77	156.82	2	97.00	48	1	0.000004453505131341018	0	0	0	0	0
0x767463ea960e473b281edda90ab1bfcba33dce03	1450	93.83	0.49	94.68	1	71.00	0	38	0	0	0	0	0	0
0xe2420a5c220c038321111c08a25f5ff25d85e459	850	93.72	1.10	427.76	1	66.00	0	18	0.023834920313192676	0	0	0	0	0
0xbefb548a6f0cef90128a75db9be9368793804f62	2250	93.53	0.46	44.42	1	99.00	0	82	0.16377055924876593	0	0	0	0	0
0x823cec536d75011e48752977a07c57bec0ad57e4	1200	93.46	10.29	2008.86	1	89.00	0	26	0	0	0	0	0	0
0x06fd8cfc02980d08ca47ba721422f7e74597e59a	400	93.34	168.22	6460.22	10	97.70	7	4	0.000589720998205312	0	0	0	0	0
0x03629293e8bb540f07559e950396e8ce5664a80e	1500	93.24	4.85	1899.82	1	100.00	0	12	0	0	0	0	0	0
0x5e4d8755c0cbd26e8670b27bc0bd21ef84cd881d	400	92.93	125.04	3393.78	11	69.45	1	11	0.01802513762468266	0	0	0	0	0
0x791f7179dd23ac94154c0d17ccccb0e2a2625174	1500	92.75	1.78	140.01	1	81.00	0	118	0.00600314244529887	0	0	0	0	0
0xc542341c46c53158b5d2d404232daad96fc9057b	1600	92.66	0.10	20.45	1	100.00	0	44	0	0	0	0	0	0
0x9c328662b7ff7f2843b0fdf1103fca644f008738	1500	92.42	89.51	3254.05	3	86.33	0	75	0.02942114722940629	0	0	0	0	0
0x27243dfacd64e698220c963292263268015047da	400	92.38	7.34	2899.84	1	27.00	0	11	0	0	0	0	0	0
0x76d54dfec2882fd1e8de91f859a80b122402edce	300	91.81	0.39	153.75	1	17.00	0	12	0	0	0	0	0	0
0xeaf641a783d33d5ce6dded08a7e46a60d1b92179	1500	91.80	34.44	1956.34	1	85.00	0	152	0	0	0	0	0	0
0xb0869444e77dfba99e88c3444ab29a17a8a0ded9	1500	91.75	5.76	381.98	1	84.00	0	134	0	0	0	0	0	0
0xae78d5362f6687de8fbb9b5de6dd129883d61ea8	50	91.55	1.04	414.33	1	100.00	0	2	0.00022944580660988478	0	0	0	0	0
0x11ac6e0d40f077ee11130a282de32518dd755f0e	400	91.41	23.00	1840.04	5	96.60	4	4	0.002819462814762641	0	0	0	0	0
0x6ef548e425f3bcf82b12172518c21223f6a992b4	400	91.36	0.02	6.32	1	30.00	0	13	0	0	0	0	0	0
0xaaed08292abd9d99e99764f1486c14483d6dc0d3	1550	91.32	0.69	276.61	1	65.00	0	23	0	0	0	0	0	0
0x06fd8cfc02980d08ca47ba721422f7e74597e59a	250	91.29	30.84	6191.49	2	100.00	12	4	0.000973125640457706	0	0	0	0	0
0x06fd8cfc02980d08ca47ba721422f7e74597e59a	600	91.16	15.67	6274.68	1	100.00	0	8	0.002675582439404245	0	0	0	0	0
0xedffe5011ab6093cbd3a176c63fe5d8e0d536404	200	90.99	32.45	3373.17	4	100.00	10	2	0.0002546271996778371	0	0	0	0	0
0x0e7d6485c15c3d1c103c6531f392985259a3f372	400	90.95	21.71	4356.14	1	41.00	0	31	0	0	0	0	0	0
0xa788d847f4a0a3d7d7a453e6b1d0949a6477853d	1600	90.88	2.83	568.97	1	100.00	0	31	0	0	0	0	0	0
0x404195ba7a7489160f5646408abf231db8484686	1500	90.87	2.47	317.34	2	95.00	0	21	0.05826855678588427	0	0	0	0	0
0x0cb5ffc3e4fefddfd010d2ba2dd8056bb2625eb7	1700	90.68	0.21	83.42	1	100.00	0	14	0.00857734272806665	0	0	0	0	0
0xccf9e823a068ace4c8e605a391f1d6acda7d407d	350	90.43	23.82	4791.45	2	89.00	0	4	0.0017293877808632896	0	0	0	0	0
0x5cf92babab7187f6221dcc899d838d0474eaa822	1150	90.34	5.47	762.27	2	100.00	0	22	0.016608508896703844	0	0	0	0	0
0x288a2395f027f65684d836754ba43afa20ca09e6	1900	90.18	17.08	6913.93	1	100.00	0	20	0.005153470112928549	0	0	0	0	0
0x664b01d66959487f1d3cb888c5712d2716e68979	1500	90.13	15.28	3094.32	1	100.00	0	44	0.06792114723729314	0	0	0	0	0
0x9006619071de3ed8867ab792f946bd6bc2262b6c	100	89.86	171.34	5700.17	14	79.57	8	1	0.0008493184870196822	0	0	0	0	0
0xb0bada5d45d939a03c6d211d24a61a4418d7cd13	1600	89.68	26.15	1382.22	3	95.67	0	97	0.03285750504622801	0	0	0	0	0
0xc72c4a11b95a8b132a8390b0c14bd84ffa2be37f	400	89.67	11.58	2789.49	3	85.00	38	11	0.026775572767434586	0	0	0	0	0
0x4c7896180858611c0866970401b56f165c3989da	900	89.62	4.73	1928.13	1	100.00	0	7	0	0	0	0	0	0
0x8ee2da8fbf24bc075bc5a10313380cf75929054b	500	89.35	0.76	309.72	1	33.00	0	9	0.020814658907353234	0	0	0	0	0
0xc8f703369bec87121d0e1fc322217640e7265416	1500	89.24	3.19	434.35	1	98.00	0	69	0.07093042830206286	0	0	0	0	0
0x47cf3216065840b831c343bb3445d753204cdbbb	100	89.14	47.66	19516.36	1	100.00	0	1	0	0	0	0	0	0
0xae57f25facc8db48a329f43e22fd4e330c884d6b	1200	88.92	1118.48	65589.72	1	82.00	0	149	0.0005258310625810836	0	0	0	0	0
0x663e0f33edfd5d6e844d61344a0947e32387d7a5	1550	88.85	30.07	12354.13	1	100.00	0	18	0.010097120769003709	0	0	0	0	0
0x06bfd9a4463390a52ecc766045b79957b7a3b756	600	88.63	6.26	515.68	1	61.00	0	99	0	0	0	0	0	0
0x7e6d2ee06d242576ee6fcf3bdcdbeccef93852a1	700	88.44	0.80	110.68	1	58.00	0	62	0	0	0	0	0	0
0x0fb0dd3ac066046d89acb7cf27ac8d7f1f24e5a4	1500	88.20	6.09	838.51	3	91.67	12	42	0.05031606707082507	0	0	0	0	0
0xd582a6a79a2b01969e3acad391a5eec78ffdf3a1	600	88.06	0.42	175.50	1	55.00	0	13	0.004568564977969203	0	0	0	0	0
0xb0bada5d45d939a03c6d211d24a61a4418d7cd13	50	87.81	10.05	2083.32	2	49.00	0	1	0	0	0	0	0	0
0x1c1eee38fafcd3ad45acc24713a6986db7067e61	1950	87.72	0.11	22.36	1	100.00	0	46	0.008899893455782681	0	0	0	0	0
0x37517c63dc56536558a22f456c9b97cb5708ed7f	1500	87.71	42.06	8751.07	1	100.00	0	27	0	0	0	0	0	0
0x7e3e96e16842e81754cbf08c279b2944ba219816	1500	87.36	8.23	859.58	1	98.00	0	73	0.07923442368646949	0	0	0	0	0
0xaa11f9fe2c9e34fed7574b7cd0cb6b573dd9258e	2500	87.31	17.42	1456.63	1	100.00	0	107	0.05562832258030337	0	0	0	0	0
0x81ad0d6a89e4344c83901241c485db434dfa9487	1500	87.28	8.04	560.28	1	84.00	0	142	0.000900494837685617	0	0	0	0	0
0x172bdcb50f35e301bc8eff7aef67184921c879e0	1550	87.18	0.14	20.19	1	100.00	0	59	0.05888132638058874	0	0	0	0	0
0x288a2395f027f65684d836754ba43afa20ca09e6	2200	86.76	34.08	7167.88	1	100.00	0	37	0	0	0	0	0	0
0x42d9c1fb098b21a335c89f561a96b83de5bf8fd3	900	86.68	56.32	23714.28	1	100.00	0	8	0	0	0	0	0	0
0x6205f8323b261c225221d94310d720c9b81c466e	600	86.46	24.28	954.56	3	35.00	0	101	0.00042854349745491405	0	0	0	0	0
0x6a56f9729b6e44473cd5c55974f3e2f9607b0979	1550	86.39	18.48	2603.13	1	100.00	0	62	0	0	0	0	0	0
0xcf6b49ce529b32c18f6b42569ecaa629889ed9d5	1400	86.26	57.22	12105.71	1	72.00	0	44	0	0	0	0	0	0
0xca7422bbe12ff7402ee22ea35b8027fdf93226fd	2350	85.67	3.83	326.10	1	100.00	0	97	0	0	0	0	0	0
0x8703a1ac3a2474ee68a1154b7538172f9865192c	250	85.52	0.00	1.82	1	100.00	0	2	0.0017588027598991474	0	0	0	0	0
0x1f3b2af85f645f8c2b465c2554d1c49a276948fc	1200	85.27	34.83	2982.13	1	79.00	0	117	0	0	0	0	0	0
0x394f488754710cdd18cd74e6e551deda388c492f	1500	85.14	0.95	101.31	1	87.00	0	83	0.07352461701009005	0	0	0	0	0
0x7040b1ba3d032fe1311b28c29db59d50222fb2d4	1500	85.06	1.53	131.43	1	100.00	0	108	0.0313206739432359	0	0	0	0	0
0xaf18be4e0b3a22925f613faa58e846b0fa6d829e	1500	84.91	8.22	1177.44	1	100.00	0	53	0.018711048081998527	0	0	0	0	0
0xfa1457caf448c66ce3c2e619ccd4fcfd317b61f6	50	84.79	28.62	75.57	158	28.09	0	2	0.0008897153204197545	0	0	0	0	0
0x367a94780ba6d80682fd86f42fd77d0d52322519	400	84.76	0.59	84.66	3	99.67	0	3	0.0021525609195438555	0	0	0	0	0
0xe17a3d8399ebc55cc9c6b5719687b70d5fbf44a4	200	84.43	38.59	1508.55	11	86.55	12	4	0.00045388194186121467	0	0	0	0	0
0xf9c39c2f0f8e87194aaa833611f4dc208b01e331	450	84.19	28.45	4089.87	3	100.00	19	4	0.002002906422334435	0	0	0	0	0
0xe832a0bcef937544e1dda15602cd224b94611415	1500	84.13	10.98	528.44	3	80.33	0	54	0	0	0	0	0	0
0x574378e51d3973ce57ce0f9a48c29fc06f4f003f	1550	84.05	51.53	5593.99	1	89.00	0	81	0	0	0	0	0	0
0xf86b92a7508958fa1b9a7e600aee33ab7bf8664a	450	84.03	1.07	92.83	1	18.00	0	110	0	0	0	0	0	0
0x69528a431a5a6f3723d58b1a474d0c865f8b9dda	1000	83.97	197.67	42959.69	1	100.00	0	25	0	0	0	0	0	0
0x9f985f2363ca31052a939c0d157217d280cb6cb8	1800	83.89	27.09	1683.86	1	86.00	0	155	0	0	0	0	0	0
0x175fb20b9b5bcf80a0167d403405e6f3a074cfa0	1500	83.79	20.00	1244.63	1	66.00	0	148	0	0	0	0	0	0
0xeab646310a94bf58b0d6061f90fcfa7d2f4143aa	50	83.72	2.94	73.80	14	25.86	0	4	0.041947331087636784	0	0	0	0	0
0x11c128b5ae504e26a19a4f8ea22c5212bb0d4e59	1500	83.70	6.57	553.98	2	99.50	0	30	0.00020861635381397292	0	0	0	0	0
0xd4e1d17f5f4ce0559ea4c3134f6483afea167a49	1500	83.60	349.05	50798.62	1	100.00	0	55	0	0	0	0	0	0
0xf8a5089ef0eb09183e22f557936134ba20191450	400	83.57	6.51	2841.55	1	96.00	0	5	0.011412089683582316	0	0	0	0	0
0x6d7a48dd19d85a3075068c2f57602d28d0a610b9	1800	83.21	73.67	9493.72	2	94.50	0	26	0.013021703468557577	0	0	0	0	0
0xc9cc3daa86a5ef8c8094f28e211d842495c5564f	3050	82.93	5.94	1306.83	1	100.00	0	48	0	0	0	0	0	0
0x2f179d63963764eaaefe15129720a0aa57b99574	1500	82.79	6.72	370.47	2	91.00	0	78	0.06761209369869903	0	0	0	0	0
0xb11f6879460c1a1050232e55680df41de0aeef95	1600	82.60	66.63	3271.56	1	73.00	0	208	0	0	0	0	0	0
0x512e0c58285804fc7193665fee3c5551dc5366d2	250	82.56	2.24	988.70	1	92.00	0	3	0	0	0	0	0	0
0x8b4a0374e9c6db71e9eabc935775f977d430ea71	1100	82.51	17.08	1888.60	1	42.00	0	79	0	0	0	0	0	0
0xc861d1b937c2d0f727e48cd1fd16549a894fd58f	950	82.38	3.98	1761.46	1	100.00	0	7	0.0018537094285786537	0	0	0	0	0
0x4bbb30c26aeb7abdbfb937d5c206cc29f9706323	1500	82.36	160.41	17518.88	2	93.50	0	106	0	0	0	0	0	0
0x4dd9c143dd4ed90d2d4d28a52f28fb5dd3265929	1550	82.30	0.41	60.03	1	100.00	0	57	0.03833966969029046	0	0	0	0	0
0x4b82847c82087ea19418bed079966810f64f39f4	450	81.96	473.92	26359.57	8	100.00	19	3	0.002699661595723102	0	0	0	0	0
0x9b1fea88fa86b57b860a2fbb9a102647868ce4e6	400	81.95	0.00	0.52	1	69.00	0	6	0.007931303870944983	0	0	0	0	0
0x3f888f4e16a08c6b3745ddbade98e24569852fa4	500	81.76	105.80	23614.67	1	51.00	0	31	0.09712572186232338	0	0	0	0	0
0x349b6808aa506149b2e8a4da6297d356e345f7df	1550	81.47	1.32	98.19	1	82.00	0	125	0.007945885780058504	0	0	0	0	0
0x1c705f51ebb840ad724f495f1f1b7b605c4c2504	700	81.20	193.73	11203.02	2	28.50	0	61	0.0040317137227185995	0	0	0	0	0
0x932d1b85e229a4d046c7827128274647e9360f71	1550	80.97	2.52	567.98	1	100.00	0	24	0	0	0	0	0	0
0x05774fa61dcf794880067e483c7520ec38167502	1500	80.78	1.16	75.03	1	85.00	0	153	0.003199812478227315	0	0	0	0	0
0xcc4f97a0ba93afa46a682e16a6b803e5a541d104	1500	80.67	1.36	308.76	1	100.00	0	35	0.03938459557875085	0	0	0	0	0
0x77a70e1761fb3cbb333599ee16e5d6cb027afd83	850	80.20	2.63	1199.23	1	100.00	0	8	0	0	0	0	0	0
0x0be8b961cbf6564bd1931b0803d35c0659e0d016	300	80.04	6.04	1253.24	2	100.00	5	3	0.000991542701317405	0	0	0	0	0
0x744de7ed2a44d7049159a69665a1de13efacb54d	3000	80.02	0.94	107.37	1	100.00	0	89	0.17468560617697193	0	0	0	0	0
0x4f3c8da42af52a8cd1a2b5159d9ff900ca996a23	1500	79.90	0.20	45.52	1	90.00	0	26	0	0	0	0	0	0
0x348543289d429a63b7f082094634a5c9f961d377	1500	79.89	0.11	8.09	1	57.00	0	127	0.09386042107448755	0	0	0	0	0
0x2a47ba2861e342ddfef338143945837d12f2ed77	1500	79.73	11.40	1304.33	1	100.00	0	77	0	0	0	0	0	0
0x4d8222965d7ab82c5c4eed9ae7d55448c22c15d9	1500	79.60	29.01	1758.15	2	100.00	0	88	0	0	0	0	0	0
0x43af5e48a180c8515c9bece74453daeec98192a0	400	79.58	0.14	32.85	1	25.00	0	27	0	0	0	0	0	0
0x81dcf806b98dac632f5f5665a5751c8e0921d2c3	50	79.54	57.85	1860.76	14	43.21	2	1	0.00034258191547136593	0	0	0	0	0
0x2e2f630bab28d199645e48fba8b59a3fe9712f63	400	79.23	1.09	500.50	1	100.00	0	5	0.0041439026979839255	0	0	0	0	0
0x288a2395f027f65684d836754ba43afa20ca09e6	1650	79.09	15.38	7097.13	1	100.00	0	10	0	0	0	0	0	0
0xda9948d38c2ea47fc4b466e7891f5ec5f0d1a767	900	78.98	0.85	196.60	1	37.00	0	44	0	0	0	0	0	0
0x08990cebf18636f7bf03b99d0df081a81e0e787d	1550	78.82	3.50	405.00	1	47.00	0	95	0	0	0	0	0	0
0x655301eb3992fa35ff6fec91567240310a9756a6	50	78.58	8.34	1567.22	4	51.25	32	5	0.010173565711743549	0	0	0	0	0
0x5ee38be0dd9622400a53d81e6a6fed410a42a6f9	1150	78.44	0.20	45.98	1	50.00	0	40	0.12156283597074546	0	0	0	0	0
0xb255fa250cccc4535639f0a2430f8479044b1462	2200	78.41	316.61	73695.10	1	100.00	0	36	0.0009761947188269282	0	0	0	0	0
0x627f52ab9e0b55ece09ed77d3bb8a6b2be0c23df	400	78.40	0.06	26.79	1	34.00	0	9	0	0	0	0	0	0
0x3dc39c46fd4f3a377ed813d53817e09ffe668365	1500	78.34	4.56	354.38	1	83.00	0	134	0.008998426212392108	0	0	0	0	0
0x2565b0be50773f2008d372bf1ff218f68b8f1fde	1150	78.06	2.78	271.15	2	100.00	48	16	0.017592603815724805	0	0	0	0	0
0x35856d76f488dde751ccc213e1c8c5b836f10d3d	1500	78.01	1.21	80.89	1	81.00	0	148	0	0	0	0	0	0
0x28c341426fcd81ef77092f3f207fed3e76edcb58	1200	77.90	0.50	77.44	1	82.00	0	51	0	0	0	0	0	0
0xc1a2dc997a4f614545023738c388d008b681ccc5	400	77.79	4.70	1108.72	2	100.00	0	5	0.007087406331046653	0	0	0	0	0
0x5fccb1b89f84807495daa8ecba03be7e65315188	250	77.72	2.33	56.90	21	94.29	0	2	0.0005865235203162902	0	0	0	0	0
0x3dc39c46fd4f3a377ed813d53817e09ffe668365	1550	77.67	0.04	2.37	1	81.00	0	145	0.000004578580592440318	0	0	0	0	0
0x23a76a1c36e1ab96d370c1a1c536d79856c73265	1600	77.53	13.21	1554.94	1	96.00	0	72	0.07347085081450544	0	0	0	0	0
0xa5357cf5ab1de32be7157a5ce80bcb1bf96d66b5	2250	77.52	11.10	1045.69	1	88.00	0	104	0.09491314304670428	0	0	0	0	0
0x0f89def402b8ffa30ec805bea36216876cc3e318	200	77.47	31.89	6900.39	2	12.00	35	7	0.06229504088405835	0	0	0	0	0
0xfb6d215b37f54ed59f46a104a45540878bf9950c	1500	77.30	41.42	2418.18	2	67.50	36	84	0	0	0	0	0	0
0xcb4961647ec5e1be4f9c30a1772f5776ad279395	1350	77.27	6.12	481.73	1	83.00	0	130	0.014334454193420942	0	0	0	0	0
0x40f68e41a1fffff2b010c5517e8572d2ba2b39d0	1350	77.17	16.96	1789.34	2	78.00	112	44	0.044475428304269204	0	0	0	0	0
0x042bd025ffbacbb06222b45aff42e076d0bf14ef	100	77.09	171.95	2207.49	33	65.39	3	1	0.0005955315996190743	0	0	0	0	0
0xe42276ac38811ed4d51a8713f047cb35ed0e90e1	400	76.89	0.04	23.87	3	85.00	29	6	0	0	0	0	0	0
0xf8a5089ef0eb09183e22f557936134ba20191450	1500	76.86	20.25	4809.03	1	100.00	0	25	0	0	0	0	0	0
0x0321c819b5f949e4535215ba33062c0a0c5cb6ff	1150	76.85	2.84	449.82	1	44.00	0	64	0.05933286183688047	0	0	0	0	0
0xccf9e823a068ace4c8e605a391f1d6acda7d407d	400	76.69	29.06	4551.17	2	92.50	11	5	0.008027361512880082	0	0	0	0	0
0x06fd8cfc02980d08ca47ba721422f7e74597e59a	350	76.44	13.14	6274.86	1	100.00	0	4	0.0005019667006389561	0	0	0	0	0
0xe3cbfb6738f0cfb8369d8c57f88a04b2ea993b3d	1500	76.30	3.93	626.56	1	64.00	0	53	0.10737204598274541	0	0	0	0	0
0xecb1f4bfb95a176c0f85631c8b04310536fbd3e6	400	76.19	0.13	4.07	2	26.00	0	75	0.0010178327882248706	0	0	0	0	0
0x3f3895a8733bd0bd4ecdeec580360802416c7c78	350	75.99	61.33	29458.42	1	100.00	0	2	0	0	0	0	0	0
0x5e2ac326365bebb490e5fdccde3b0dab35e2abe1	1700	75.98	5.84	400.46	1	85.00	0	153	0.00397950400247149	0	0	0	0	0
0x4a6a65252d387cbccbddb1665f632bac1f2d989d	1500	75.84	7.23	378.29	4	88.50	10	40	0.0009077538632329407	0	0	0	0	0
0xc7318d85c4cf678b00a12babfe79b00ff5470f77	750	75.81	4.90	589.66	1	41.00	0	81	0	0	0	0	0	0
0xa83c6a80f54aaaa1163e53834e7ff47717eb12c8	500	75.80	47.60	22920.65	1	100.00	0	3	0.007572370274433471	0	0	0	0	0
0xd1c921829db71034b077e585fa4f28850f2b5267	300	75.75	92.32	44485.01	1	18.00	0	11	0	0	0	0	0	0
0x6a56f9729b6e44473cd5c55974f3e2f9607b0979	1500	75.66	5.32	2566.78	1	100.00	0	16	0.04095596998209272	0	0	0	0	0
0xf4d553daa9db53afbbde0f537a098fdcb6dd0e85	1500	75.56	1.22	587.28	1	100.00	0	11	0	0	0	0	0	0
0x0cbdfac5e093c49bd1f8633fded37216acbdcf4f	1500	74.90	5.45	442.63	1	83.00	0	129	0.035245144868911726	0	0	0	0	0
0xf0bf884fccd483875f626ba070faa86afde0438c	50	74.80	39.39	5133.85	2	2.00	0	13	0.011926404790041367	0	0	0	0	0
0x75f9fa288f3f6311499517faacfbc6d591dabbe5	750	74.60	0.39	63.65	1	52.00	0	48	0	0	0	0	0	0
0x627f52ab9e0b55ece09ed77d3bb8a6b2be0c23df	50	74.48	0.18	89.90	1	100.00	0	0	0	0	0	0	0	0
0x6a8dfc07baf591ae8c45cd583e8735d278c58e6c	400	74.42	0.37	182.22	1	47.00	0	6	0	0	0	0	0	0
0x31ccffb13c4f3aee9e732119338732a8b33bbbf4	400	74.42	0.24	19.30	1	41.00	0	135	0	0	0	0	0	0
0x8ee2da8fbf24bc075bc5a10313380cf75929054b	400	74.40	0.14	68.91	1	24.00	0	13	0.00879817050131182	0	0	0	0	0
0xaa31d1e2d0290d1208ae76129d40491bd7d24610	3050	74.37	33.30	2723.94	1	100.00	0	134	0	0	0	0	0	0
0x87a12400fd577ceb6a668c4dda00b3d3fc97e0d3	1000	74.01	9.80	2415.99	1	61.00	0	25	0.05220537631800415	0	0	0	0	0
0x77ff16823a4ecebdd6a9c9ad6c76f4ccdd4fdabf	450	73.83	0.41	202.12	1	15.00	0	13	0	0	0	0	0	0
0xc15fbb3a94d5d95386de36705d02735e056cd826	3000	73.72	45.57	11281.10	1	100.00	0	40	0	0	0	0	0	0
0x548998f3b61023771e8a120e6433463d36dc7746	1800	73.71	0.00	0.16	1	100.00	0	19	0.031347583242280486	0	0	0	0	0
0x18067883b8d657c58517004cc961de65ddf7ef24	1250	73.65	0.94	233.74	1	47.00	0	43	0.10558702101938211	0	0	0	0	0
0xb46b7d2c2067c922151d3367b17c4b626eeadd59	3000	73.55	0.47	235.13	1	100.00	0	22	0	0	0	0	0	0
0xb2a88294ef44e6cd6ed0d579d112e1c5f970f8c3	1150	73.48	0.07	18.31	1	75.00	0	25	0.054014520431011626	0	0	0	0	0
0xae5905de19d8e65b45d8179f71c72af8018721cd	350	73.47	9.08	4510.31	1	41.00	0	7	0	0	0	0	0	0
0x4a64bc685239a49ca627c21103e17ad3f517d496	450	73.34	0.62	309.62	1	75.00	0	3	0	0	0	0	0	0
0x4fc19eea0e0b5ea7607a4527c1e7dd1b1fdbe3aa	1650	73.32	7.91	1313.06	1	100.00	0	49	0	0	0	0	0	0
0xbefb548a6f0cef90128a75db9be9368793804f62	1850	73.21	0.32	22.45	1	85.00	0	156	0	0	0	0	0	0
0xe17a3d8399ebc55cc9c6b5719687b70d5fbf44a4	100	73.12	5.93	1472.73	2	42.00	0	1	0.0012200352190405717	0	0	0	0	0
0x6273b2cad1375e096c9dd4a68498e9d31aacd9b7	1650	72.98	2.38	170.08	1	86.00	0	152	0	0	0	0	0	0
0x9006619071de3ed8867ab792f946bd6bc2262b6c	50	72.66	156.00	4674.90	16	65.81	3	1	0.00016679722928125695	0	0	0	0	0
0x31d9f33fa7cb15b99d90ec35f7d2ce97f6769167	1300	72.60	27.30	2863.39	2	85.00	0	56	0.004454814998716694	0	0	0	0	0
0x8cc011012205343bf01e58c8058a8c83db6c95eb	3050	72.45	1.79	226.06	1	100.00	0	82	0	0	0	0	0	0
0x2c33018823246aa0d79356da253616121e1898a5	200	72.30	2.17	1096.05	1	69.00	0	1	0	0	0	0	0	0
0xa1e9aed0a1e039d7431be03683528866a9b27449	50	72.10	6.56	84.12	31	59.74	0	1	0.00023001274720399747	0	0	0	0	0
0x95333df86727053ba59db90e8005b5fbacbb5208	1600	72.06	35.21	8916.81	1	91.00	0	25	0	0	0	0	0	0
0x33d778ed712c8c4add5a07bab012d1ce7bb0b4c7	400	72.04	5.22	2644.19	1	100.00	0	4	0.004435334176544625	0	0	0	0	0
0x40faeff77fee9220c81e28b944a134e38ef9d3eb	1500	72.00	4.22	305.47	1	86.00	0	155	0	0	0	0	0	0
0x75f138117751b82e16af05b240f003cfee231b37	1500	71.57	30.79	1888.44	2	70.50	9	98	0	0	0	0	0	0
0x22a5eb20a9692522c898a96739e663e810fb5d92	50	71.54	23.05	980.41	12	56.08	2	1	0.0005273646267187996	0	0	0	0	0
0xe18ca00dcab461f9da49bdd2f20fc7f3537f071a	600	71.36	0.35	29.91	1	19.00	0	142	0	0	0	0	0	0
0xe840907f25ccde2980c2726fbed32504e99b212e	150	70.99	87.54	45007.69	1	100.00	0	2	0.0010226615945296835	0	0	0	0	0
0x91669a1bdb132c8103774a58410cf6934714dea4	1500	70.87	1.66	285.56	1	100.00	0	48	0	0	0	0	0	0
0xcb099fbe47fcbd7738d37bf5a54f726d7fcfbd06	1250	70.61	0.17	43.46	1	66.00	0	26	0.06944746982224803	0	0	0	0	0
0x23404b031ecbb0ebbbc64bf235ddaf8fbd0e4f0b	400	70.45	2.23	1155.05	1	39.00	0	8	0	0	0	0	0	0
0x288a2395f027f65684d836754ba43afa20ca09e6	1850	70.38	13.53	7014.12	1	100.00	0	11	0.021345877328371454	0	0	0	0	0
0x1b648ade1ef219c87987cd60eba069a7faf1621f	3000	70.34	1426.44	105737.84	1	100.00	0	159	0	0	0	0	0	0
0xf47fd558b334352ed0c285b4c65c8cdf85c23767	1550	70.31	1.65	170.85	1	80.00	0	111	0.0007389226093112988	0	0	0	0	0
0x4fc19eea0e0b5ea7607a4527c1e7dd1b1fdbe3aa	1500	70.25	4.92	851.99	1	84.00	0	53	0	0	0	0	0	0
0xe6bc5be9d0651a1238230bc84a5576eb2e0351f9	300	70.21	1.51	783.18	1	100.00	0	2	0.0023250642130934196	0	0	0	0	0
0x1f3b2af85f645f8c2b465c2554d1c49a276948fc	600	69.96	6.02	3141.44	1	19.00	0	21	0.05342033397340851	0	0	0	0	0
0xc2d79f8bd8eaf441a425dfcabbc2484466c076a9	400	69.81	0.02	11.59	1	100.00	0	4	0.0020741833597348602	0	0	0	0	0
0xb6e156fc4c8b19ac1ac4151396f9f47f12255c2a	1950	69.10	3.42	901.94	1	100.00	0	26	0	0	0	0	0	0
0x35856d76f488dde751ccc213e1c8c5b836f10d3d	1700	69.05	0.02	1.22	1	85.00	0	148	0	0	0	0	0	0
0xedffe5011ab6093cbd3a176c63fe5d8e0d536404	300	69.03	18.28	4938.11	2	50.00	25	2	0	0	0	0	0	0
0x894bfc764bac19441bb88d52a5195ecd3e996feb	3050	68.15	9.38	5022.89	1	100.00	0	20	0	0	0	0	0	0
0xb0bada5d45d939a03c6d211d24a61a4418d7cd13	150	68.11	30.45	2260.62	8	82.38	69	1	0.0012762566334700853	0	0	0	0	0
0x32d6463b35d89ae1b0e9560f34d207c2d523090e	1550	68.02	58.43	6271.29	1	44.00	0	109	0	0	0	0	0	0
0x288a2395f027f65684d836754ba43afa20ca09e6	2050	67.92	25.82	6940.09	2	100.00	76	17	0.01818799240556057	0	0	0	0	0
0x807b755d5374769dd5282a05ebaca84ca70af607	1500	67.70	20.16	5435.10	1	77.00	0	27	0	0	0	0	0	0
0x500d3db7361e7f613e13426566b8464abfd559e0	3650	67.57	334.48	180677.37	1	100.00	0	18	0	0	0	0	0	0
0x2c177735792af1f07b37fc44fb875c18be3fb4fc	50	67.49	20.41	11038.60	1	100.00	0	1	0	0	0	0	0	0
0xcb099fbe47fcbd7738d37bf5a54f726d7fcfbd06	2000	67.39	0.56	43.61	1	86.00	0	156	0	0	0	0	0	0
0x500d3db7361e7f613e13426566b8464abfd559e0	1650	67.31	1450.88	131134.20	1	82.00	0	126	0	0	0	0	0	0
0xb86794089b48e5d6149de6eb53a01a939f3d6a85	1500	67.25	1.56	281.89	2	100.00	17	16	0	0	0	0	0	0
0x2a47ba2861e342ddfef338143945837d12f2ed77	3000	67.22	2.74	744.35	1	100.00	0	38	0	0	0	0	0	0
0x7185c46f4f6ee10938d5dcbe33f758985444bc7a	150	67.08	1.06	575.31	1	100.00	0	2	0	0	0	0	0	0
0x4fce4ebd24aed2390dfe8d7b0c0679d12dd0ff9a	1500	66.80	0.54	58.75	1	71.00	0	111	0	0	0	0	0	0
0xc1a2dc997a4f614545023738c388d008b681ccc5	500	66.60	2.02	1109.33	1	100.00	0	5	0.000412239478553289	0	0	0	0	0
0x349b6808aa506149b2e8a4da6297d356e345f7df	1500	66.45	1.03	94.06	2	80.00	0	55	0.026577387913234718	0	0	0	0	0
0x0f2212af7544eca31fde8158d82074d391a19b6d	1500	66.43	7.50	741.01	4	100.00	1	14	0.01251024600786299	0	0	0	0	0
0x6205f8323b261c225221d94310d720c9b81c466e	300	66.31	0.91	500.00	1	48.00	0	4	0.01812561996458184	0	0	0	0	0
0x0e7d6485c15c3d1c103c6531f392985259a3f372	100	66.15	5.94	3279.57	1	100.00	0	2	0	0	0	0	0	0
0x917f717f521403b1d127dc12fbcecb8d26d0ec60	400	66.04	80.92	44723.71	1	100.00	0	4	0	0	0	0	0	0
0x2aa79e4f071d3d6410ac7c46504bdf45569eea29	50	65.83	14.03	230.62	34	56.76	0	0	0.00009689862456634521	0	0	0	0	0
0x042bd025ffbacbb06222b45aff42e076d0bf14ef	50	65.81	263.94	1894.55	82	50.62	1	1	0.01280681838202505	0	0	0	0	0
0x6e43ba61b8c788610017588835159d545643c58a	1550	65.77	5.05	467.24	1	83.00	0	128	0	0	0	0	0	0
0xe9868a04a6c554f1e624f1d0d4c28c5a313982cb	800	65.71	40.50	4499.46	1	27.00	0	102	0	0	0	0	0	0
0x232801711c1264d370f5e99f9526cbb6378c82a8	1550	65.53	0.14	13.07	1	47.00	0	126	0.11679742420256378	0	0	0	0	0
0x8b4aa402d22521a921f2d9480d4c0783d29a5dd4	1750	65.51	11.35	702.76	1	73.00	0	201	0.09463363109986078	0	0	0	0	0
0xe0210d3a2b9e4c23f93308971fb0e1feb13262c5	400	65.30	12.08	660.44	10	80.20	10	6	0.005327623152577843	0	0	0	0	0
0xe1f3d27341f210e0964f11ba6650aa1e328b2686	500	65.23	1.41	395.50	1	29.00	0	24	0.0031009409613314	0	0	0	0	0
0x633588e517124633021f298a2b3e2294c171ecd1	3000	65.08	0.30	31.72	2	100.00	0	60	0.0050872873125662466	0	0	0	0	0
0x42d9c1fb098b21a335c89f561a96b83de5bf8fd3	1000	64.94	152.96	42795.96	2	100.00	5	5	0.0007230151482962022	0	0	0	0	0
0xf9c39c2f0f8e87194aaa833611f4dc208b01e331	400	64.71	22.28	4172.91	3	49.33	15	6	0.005337418391526683	0	0	0	0	0
0xf762c3993403d170adee1f58974215905887128c	1500	64.64	8.20	925.76	1	78.00	0	100	0.001088302743934566	0	0	0	0	0
0x47f4e5ca3d84348004a531be3986c850b6e76e08	200	64.63	354.15	50000.00	4	89.25	26	2	0.000020828619137769344	0	0	0	0	0
0x31f2fdd04e83f9f424a8236f705ef97e9fa9ffcf	1650	63.65	288.00	82579.17	1	71.00	0	30	0	0	0	0	0	0
0xba801f9e35d23e6fb0f1fbfefa980abdef153b78	50	63.63	0.53	303.53	1	0.00	0	1	0.0011797562989968036	0	0	0	0	0
0x25dc5d2de8c04d64800a44fa722a58fb8aed8909	400	63.42	0.03	5.83	1	13.00	0	71	0.16401803190324582	0	0	0	0	0
0x8550b2b80e2d9bbab1fbaeaab5a0d7c0d263500a	1450	63.29	7.07	815.26	1	76.00	0	117	0	0	0	0	0	0
0xb255fa250cccc4535639f0a2430f8479044b1462	3200	63.25	139.83	80695.67	1	100.00	0	22	0	0	0	0	0	0
0xd653f2c70d6b104324e9fac4fd9e0885a92a7c12	50	62.94	137.09	2633.80	26	37.38	5	0	0.0004141226876547704	0	0	0	0	0
0xafebe1031fce385258c4d9d681a020c22299192c	2250	62.92	0.65	94.82	1	77.00	0	81	0.016703512157478784	0	0	0	0	0
0x06fd8cfc02980d08ca47ba721422f7e74597e59a	550	62.91	11.51	6675.72	1	100.00	0	3	0	0	0	0	0	0
0x993b16320d16bb35ca328ceaeb1b7e93ba8c596e	1150	62.84	3104.47	169369.29	2	50.00	69	47	0.012818572354644786	0	0	0	0	0
0x1eda8196bc0b0195bf35d5abf10df9135f0a60d7	1000	62.79	48.40	28133.37	1	100.00	0	6	0	0	0	0	0	0
0xcf6b49ce529b32c18f6b42569ecaa629889ed9d5	1800	62.51	145.28	12118.28	1	85.00	0	147	0	0	0	0	0	0
0xaf79312eb821871208ac76a80c8e282f8796964e	3050	62.44	0.79	76.70	1	100.00	0	135	0.08929710359174559	0	0	0	0	0
0xe42276ac38811ed4d51a8713f047cb35ed0e90e1	900	62.42	0.06	35.41	1	100.00	0	9	0	0	0	0	0	0
0x3bdd763cb48703b07bf934302e753d82716dd3ea	400	62.37	12.93	945.89	1	18.00	0	191	0.0948885214008377	0	0	0	0	0
0xc5e6aa3aac1e109a0d91ff8b0f743ea01c5a9b9f	400	62.32	5.96	303.32	3	13.67	0	93	0	0	0	0	0	0
0xec9ebe950cad79fde4139714283145137ce24aad	3000	62.26	112.58	7333.55	1	90.00	0	211	0	0	0	0	0	0
0xdcd47922b31f5255ce8cea3f6fd2e395039792ab	2750	62.09	37.09	2422.77	1	89.00	0	200	0.13029260932966302	0	0	0	0	0
0x1af66f3cf4fe25d66318b00dd030404375a8565f	2000	62.09	1.25	105.31	1	85.00	0	152	0.0014327438068173493	0	0	0	0	0
0xf09f478c31c247602c019c5c1b700e766ec5fe10	400	61.66	3.91	330.28	1	13.00	0	151	0.005847110743273376	0	0	0	0	0
0x47cf3216065840b831c343bb3445d753204cdbbb	600	61.37	272.65	46025.20	3	100.00	24	4	0.000019476441785274783	0	0	0	0	0
0x807b755d5374769dd5282a05ebaca84ca70af607	2200	61.36	136.24	11577.68	1	85.00	0	148	0.000027864623808326883	0	0	0	0	0
0x4d9173d21510b2af3b21992643e17c02355b9400	1500	61.34	10.18	1495.74	2	90.50	0	101	0.002797436192275571	0	0	0	0	0
0x048596cd4dde71483213aee4f1c86049f1f0578a	950	61.33	3.64	2166.88	1	39.00	0	13	0	0	0	0	0	0
0xcd387784c32180dd3ca8291501c0191d62d52669	1500	61.25	86.55	8595.44	1	86.00	0	126	0.09069000752368606	0	0	0	0	0
0xba334681a8e1f55b8f49bb8a287aa83f6fd5637f	3000	61.17	2.51	373.88	1	100.00	0	93	0	0	0	0	0	0
0xa82fbaad7113084079dfd47d8bc1d0db5a76ec59	2050	61.15	5.82	1735.83	1	63.00	0	46	0.0009383070715407449	0	0	0	0	0
0xb37bf190f7c13a680e406a0111ace2adcd6187af	1600	61.05	0.96	191.55	1	67.00	0	68	0.008186116746899952	0	0	0	0	0
0x0f72046b58f2a5fbc58e6a3490b3a342fb05df36	800	60.90	31.63	18957.16	1	56.00	0	11	0.0015977846126724593	0	0	0	0	0
0xf1507def875736f616db2a67ba102ae4cb0e7355	50	60.37	4.87	490.48	6	100.00	0	0	0	0	0	0	0	0
0x946d4d60c864921bafeea88a183a0c62929dc09c	2200	60.27	0.85	172.08	1	69.00	0	53	0	0	0	0	0	0
0x0c9c3ba64072eb566b0e9a4b6bb0d7b204d68469	3000	60.06	75.15	9133.96	1	100.00	0	111	0	0	0	0	0	0
0x53f1535888a268fc1dabac7248dd401183918189	50	59.99	13.45	633.37	13	69.23	0	0	0.00007955378991718012	0	0	0	0	0
0x98e0238ec1b69cc6e13ac4547866d29bcc268ab7	550	59.80	33.48	10025.97	2	84.50	77	5	0.018907335650841794	0	0	0	0	0
0x22a5eb20a9692522c898a96739e663e810fb5d92	400	59.76	4.51	934.08	3	50.67	16	8	0.014500101224053838	0	0	0	0	0
0xe6bc5be9d0651a1238230bc84a5576eb2e0351f9	800	59.70	0.64	391.72	1	100.00	0	5	0	0	0	0	0	0
0xbefb548a6f0cef90128a75db9be9368793804f62	2850	59.57	0.27	18.39	1	89.00	0	207	0.1180875610086507	0	0	0	0	0
0x2d4debb4f24e5943dcc3692f8b38787b7e5493bd	1550	59.47	99.82	6807.22	1	47.00	0	205	0.09088424393081107	0	0	0	0	0
0xcec0b0370665048f16b80775bfa1549eef4181df	3000	59.29	1.34	413.43	1	100.00	0	38	0.0007407845181606199	0	0	0	0	0
0x411c47bdf74bfdfb30421159961a7ae224839c50	1500	59.18	1.84	162.28	1	86.00	0	164	0	0	0	0	0	0
0xa2da709980effc0fa9413efec7f5f86a849ecb93	1500	59.07	0.61	91.83	2	82.50	0	100	0.04747855614645191	0	0	0	0	0
0x4f52a9e65a593b97b826f9c5926224ea6b2f8356	3000	58.61	2.26	234.79	1	100.00	0	122	0	0	0	0	0	0
0x1c705f51ebb840ad724f495f1f1b7b605c4c2504	950	58.55	71.96	11215.32	1	61.00	0	86	0	0	0	0	0	0
0x74b6987d3e5055611f7a7873d5abf3f23e7d97dc	1450	58.55	7.00	1455.36	1	100.00	0	61	0.0010620216605805588	0	0	0	0	0
0x4a50b5e8bcc00748f78724f4550fb683324a1125	1900	58.34	19.78	1768.38	1	80.00	0	151	0.0012734562176985875	0	0	0	0	0
0x4f3c8da42af52a8cd1a2b5159d9ff900ca996a23	3050	58.28	0.41	51.20	1	100.00	0	106	0.05398429547944783	0	0	0	0	0
0x4fc19eea0e0b5ea7607a4527c1e7dd1b1fdbe3aa	1550	58.27	10.35	1297.09	1	80.00	0	109	0	0	0	0	0	0
0x5544de3a7a687028c0caf47fc6d4d94a80b638ee	200	58.24	0.71	446.01	1	71.00	0	1	0	0	0	0	0	0
0x278408e0f3d0da14f2f2e857e843f7f44fe7b1a2	2750	58.24	0.09	55.51	1	100.00	0	12	0.029737662857864944	0	0	0	0	0
0x5957145fab56dfe5af988a4f55eda4b205922c1d	750	58.21	54.91	4919.00	1	53.00	0	154	0	0	0	0	0	0
0x7fd22163ea11e6bff5dd57c4c80724363f7b4531	50	58.03	1.21	381.79	5	20.40	27	10	0.11228879664125335	0	0	0	0	0
0xd9dc04a528722613da15c961039f523707407a78	700	57.95	0.50	158.81	2	100.00	0	4	0.000186535017454581	0	0	0	0	0
0x31f2fdd04e83f9f424a8236f705ef97e9fa9ffcf	2450	57.86	916.89	82631.39	1	77.00	0	164	0.004461015702972304	0	0	0	0	0
0xbbd9ef86217b5a607574627e4c01933812196240	200	57.73	5.18	1007.30	3	16.33	19	15	0.03451445114971419	0	0	0	0	0
0xafebe1031fce385258c4d9d681a020c22299192c	1450	57.39	0.37	58.29	1	72.00	0	79	0.00005905085181945324	0	0	0	0	0
0xb255fa250cccc4535639f0a2430f8479044b1462	1750	57.16	149.01	47513.98	2	100.00	0	8	0.000007030944298991315	0	0	0	0	0
0xf89cb9b9b412feff16ca94c02db6faddccd51ce4	3700	57.08	34.04	5441.93	1	100.00	0	92	0	0	0	0	0	0
0x74583a089f5c4b38a7e702f92d0c4387b713d002	1150	56.82	5.90	1893.82	1	31.00	0	45	0	0	0	0	0	0
0x36796b2c490ce1a249c1acad8a091143ef095560	350	56.74	1.38	452.31	2	96.50	139	3	0.00044652452104165796	0	0	0	0	0
0x500d3db7361e7f613e13426566b8464abfd559e0	1250	56.67	239.71	154405.93	1	69.00	0	15	0	0	0	0	0	0
0x2df214d8ce2bc79a2ab2c9e233b5eb1e680a8ca3	50	56.65	214.66	1485.95	92	60.14	0	0	0.00019896623436526964	0	0	0	0	0
0x20370e45aaa4224403353c4deb22cdf0faefba59	1900	56.53	0.16	103.12	1	100.00	0	16	0.028058273377773446	0	0	0	0	0
0x947e6a20342bf63943bb9a76fa10acc7ff95dfa6	1500	56.51	4.75	511.60	1	41.00	0	127	0	0	0	0	0	0
0x24b60f73756a428094483c9ff91d5f3b6f81694a	50	56.50	21.11	6818.11	2	50.00	0	1	0.0010554519453032096	0	0	0	0	0
0x0fcc57b257592dcc1767beef7f0548ca7d5764d1	3000	56.45	26.37	4262.14	1	100.00	0	74	0	0	0	0	0	0
0x042bd025ffbacbb06222b45aff42e076d0bf14ef	150	56.44	77.06	2244.65	19	47.47	6	2	0.0003983588620467958	0	0	0	0	0
0x5d4361564cdf2c63cd411934ec20b3cad9553a3e	1500	56.17	0.16	50.56	1	100.00	0	25	0	0	0	0	0	0
0x7ecb6d3cb97c276969c80a609701afd3a2f2a2b0	400	56.13	0.25	32.29	1	11.00	0	113	0.08418617831280617	0	0	0	0	0
0x6a8dfc07baf591ae8c45cd583e8735d278c58e6c	250	55.84	0.31	205.57	1	48.00	0	2	0.006087012136701819	0	0	0	0	0
0x2c177735792af1f07b37fc44fb875c18be3fb4fc	1150	55.73	30.97	20283.83	1	100.00	0	6	0	0	0	0	0	0
0x26ba0ebf96b92891a4504b64136335399a75a10b	1500	55.55	0.59	77.48	1	67.00	0	107	0.0002334934521397436	0	0	0	0	0
0x6e202db1dae7f06e0d99223fd7f181f1257c0d02	200	55.54	315.23	28790.98	6	36.67	4	11	0.0059801542943493935	0	0	0	0	0
0x77a70e1761fb3cbb333599ee16e5d6cb027afd83	800	55.07	7.69	1501.27	3	87.00	39	6	0.002892172028434725	0	0	0	0	0
0xe45d244d7089d5bbef53168e1035feff483b83c5	2750	54.99	9.86	1308.47	1	87.00	0	98	0	0	0	0	0	0
0x51dcd4d4632149f8fdf9fca8c79700595e8034cd	400	54.89	0.35	58.26	1	17.00	0	90	0.003065948378477845	0	0	0	0	0
0x74583a089f5c4b38a7e702f92d0c4387b713d002	2450	54.64	11.40	1904.65	1	100.00	0	74	0	0	0	0	0	0
0xc52625f7cd697bb0a625270c45b3d3438451d923	1950	54.63	5.30	505.61	1	87.00	0	165	0	0	0	0	0	0
0x983b7ea4b24c5104ae0e9c44621dc6219bdf4dce	1800	54.53	92.37	14546.10	3	76.00	0	21	0.004516989344775328	0	0	0	0	0
0x4500720c4e0e29ab62e13e8526cce1887c789347	2800	54.52	42.02	4018.74	1	86.00	0	159	0	0	0	0	0	0
0xe47eef45fad382f39d67795c31cff5eb3cf487c9	450	54.51	1.41	556.24	2	100.00	20	3	0	0	0	0	0	0
0x6ac54906d7eae6bec5c7fbd26988de4bebd621a7	300	54.37	1.61	1082.75	1	100.00	0	2	0	0	0	0	0	0
0x156e592cb42be728a38fc5c893b4f738b9bb316e	100	54.35	33.34	11417.09	2	85.50	24	2	0.0007684084511738742	0	0	0	0	0
0x2252575686580fe0f7e1fcf7a7282caf295972e8	50	54.30	25.33	17026.33	1	31.00	0	3	0.003279643967912804	0	0	0	0	0
0xbe7f7c44b46aafea11f3ca91a3da02dcdab7c24d	1300	54.27	1.53	205.65	1	56.00	0	109	0	0	0	0	0	0
0x48d02c421df013708f5e5a9ccb28182efc4a9de4	1200	54.17	0.34	228.78	1	100.00	0	9	0.009738450186391745	0	0	0	0	0
0x05893d4c18b8b78bfac7f4f760c33a4bd9fea474	1300	54.14	0.81	547.80	1	29.00	0	24	0	0	0	0	0	0
0x9836b1a917347120181729d00f78afc5493a46ae	2000	54.13	2.85	274.80	1	86.00	0	160	0	0	0	0	0	0
0x9a5d8225fb89d7be65e46602dce776588c129b57	2650	54.08	0.58	48.97	1	87.00	0	169	0	0	0	0	0	0
0x117edcddc2f23ecb1c7e1be143cb65b7058f2fc2	2300	53.92	6.98	787.53	1	83.00	0	138	0.005108052048230505	0	0	0	0	0
0x8cbcd064879613f31f937a7cdc6b256c1fa219bc	400	53.69	1.46	497.59	1	20.00	0	25	0.034662591239320584	0	0	0	0	0
0xb86794089b48e5d6149de6eb53a01a939f3d6a85	3050	53.64	1.72	234.39	1	100.00	0	98	0.015251506647628865	0	0	0	0	0
0x7216701a44e5f353816490fef68713c9aa34bd27	1300	53.62	2.25	191.55	1	57.00	0	171	0.08013181130313018	0	0	0	0	0
0x47cf3216065840b831c343bb3445d753204cdbbb	200	53.56	420.18	37048.96	8	100.00	12	1	0.00012634294717928096	0	0	0	0	0
0x64ecc4f8ff76e58d7c2245f34d32b039ebf42bdf	2600	53.55	6.65	647.43	1	86.00	0	151	0.0004171422470000685	0	0	0	0	0
0x354dd1d4a90b19c8e1c4337ca70167364ad28115	3000	53.41	14.47	1235.64	1	87.00	0	175	0	0	0	0	0	0
0xc366b79fc7934b0b3d6886d6da28ff353cdab711	3050	53.41	1.16	158.52	1	100.00	0	96	0	0	0	0	0	0
0xaa181e847cff42938377068cb72f466735a2759b	600	53.22	8.76	3000.00	2	33.50	0	16	0.00025113884797867136	0	0	0	0	0
0xf5d95ed1dd309de59552306cd7de3da5b4e2b119	3150	53.22	5.27	401.61	1	89.00	0	200	0	0	0	0	0	0
0xc1a2dc997a4f614545023738c388d008b681ccc5	1050	53.20	1.90	1305.37	1	100.00	0	8	0.017579762612440764	0	0	0	0	0
0xa82fbaad7113084079dfd47d8bc1d0db5a76ec59	2100	53.17	33.83	2028.40	3	70.33	0	84	0.00035525950435507286	0	0	0	0	0
0x0db26325f93fe9f3740ec2bd79101f67de287a99	1500	53.13	0.03	2.38	2	100.00	0	27	0.004894272144467804	0	0	0	0	0
0x3adf2869b57ef6404f617aa55411dab102f9bed5	400	53.05	0.57	98.34	1	15.00	0	74	0.16701067704230077	0	0	0	0	0
0x6a56f9729b6e44473cd5c55974f3e2f9607b0979	400	52.77	9.63	1647.05	4	100.00	23	2	0.0027987167746601482	0	0	0	0	0
0x0cb5ffc3e4fefddfd010d2ba2dd8056bb2625eb7	1750	52.77	0.25	84.95	1	53.00	0	38	0	0	0	0	0	0
0xd1c921829db71034b077e585fa4f28850f2b5267	350	52.62	281.81	71086.15	3	100.00	20	3	0.0013961213807145434	0	0	0	0	0
0xf8a5089ef0eb09183e22f557936134ba20191450	3200	52.61	16.90	11723.82	1	100.00	0	14	0	0	0	0	0	0
0x2d4658f8a0d9d2ddbaee0a33a00d82cc1ce14b51	3000	52.60	0.71	61.25	1	87.00	0	170	0.08333178017743137	0	0	0	0	0
0xbe9064c409224d858f5fb12a5d3e8e417d9e28b7	3250	52.47	21.43	2981.55	1	100.00	0	103	0.03825776911676737	0	0	0	0	0
0x8b4f89ea9f996814fa23e9df40269bb9bfa3caaf	400	52.42	0.34	47.39	1	11.00	0	113	0	0	0	0	0	0
0xb0bada5d45d939a03c6d211d24a61a4418d7cd13	1700	52.27	122.01	85192.24	1	100.00	0	8	0.009998181112269577	0	0	0	0	0
0x807b755d5374769dd5282a05ebaca84ca70af607	2050	52.25	197.15	19676.00	1	73.00	0	148	0	0	0	0	0	0
0x29fb076ba52cc8b2b12618198218d640864b7f0d	1400	52.15	9.57	823.89	2	76.00	3	101	0.08318312866093525	0	0	0	0	0
0x330cdef9652a8e80e2008c94dd45b29008d5608b	2300	52.14	0.16	37.02	1	55.00	0	62	0.06154842247376724	0	0	0	0	0
0xdca9bd49cad5f694b68eb43cce6127da10093fea	400	51.84	0.88	66.19	3	41.33	0	74	0.06947003270934744	0	0	0	0	0
0xdf60156bee514ea74d8e25ab66c38eb5bf507b2d	400	51.76	0.02	16.39	1	100.00	0	3	0.0005958809158657097	0	0	0	0	0
0xa83c6a80f54aaaa1163e53834e7ff47717eb12c8	800	51.63	28.48	20133.63	1	100.00	0	7	0.006791294616814714	0	0	0	0	0
0xe45d244d7089d5bbef53168e1035feff483b83c5	1800	51.59	3.70	1308.45	1	49.00	0	35	0	0	0	0	0	0
0xacf89c236462a336917817b1d91fde5488ffb3ac	500	51.53	6.90	4887.88	1	100.00	0	2	0.00493811578617942	0	0	0	0	0
0xaa181e847cff42938377068cb72f466735a2759b	3700	51.49	12.69	2248.84	1	100.00	0	73	1.7838552857085688e-8	0	0	0	0	0
0xcec0b0370665048f16b80775bfa1549eef4181df	1500	51.45	2.40	432.26	2	100.00	44	23	0.01654237404823955	0	0	0	0	0
0x3bbde793804a1a2a6cc402434f15a21e323b7f9b	1550	51.39	0.27	38.88	1	43.00	0	96	0	0	0	0	0	0
0xc857ef91c9539f7cf1dabd85cbb12d4b4ca51d2d	1200	51.36	10.15	7215.63	1	56.00	0	11	0	0	0	0	0	0
0x681434c56fe3db55f5d51322c732fd73ecfe7647	1450	51.31	3.44	407.82	1	85.00	0	144	0	0	0	0	0	0
0x88e70d9106bdba8da257d3a6a4588b03a7aef6bc	3000	51.26	1.03	104.48	1	86.00	0	162	0	0	0	0	0	0
0x887b83695e9edc45f699c6f9785c802d50fda0fd	1800	51.00	10.90	866.47	1	55.00	0	198	0	0	0	0	0	0
0x6205f8323b261c225221d94310d720c9b81c466e	450	50.98	2.65	894.37	2	14.50	0	22	0	0	0	0	0	0
0xbccd185ee48c45cc05752376e258a4f9759ac707	2450	50.97	8.73	1250.80	1	80.00	0	111	0.00015009907138319178	0	0	0	0	0
0xb58a13a72c970fcc3f7d125866347b21ef96f21a	2650	50.84	19.28	1978.04	1	73.00	0	162	0	0	0	0	0	0
0xfa6f2d64cb00c9b16fb839c35810a73b0a7cdd17	1700	50.71	1.32	158.48	1	36.00	0	131	0.17566297735666092	0	0	0	0	0
0xaaed08292abd9d99e99764f1486c14483d6dc0d3	3050	50.62	2.74	282.62	1	87.00	0	163	0	0	0	0	0	0
0xedffe5011ab6093cbd3a176c63fe5d8e0d536404	450	50.56	20.43	5113.45	3	99.00	11	3	0.003146693563675177	0	0	0	0	0
0x48d02c421df013708f5e5a9ccb28182efc4a9de4	3000	50.49	1.03	247.04	1	100.00	0	61	0	0	0	0	0	0
0xd01bd97e365197cedae9ac6d65b28dbd238b66ee	3050	50.42	21.55	2228.80	1	87.00	0	166	0.00721941109304014	0	0	0	0	0
0x6a8dfc07baf591ae8c45cd583e8735d278c58e6c	300	50.15	0.56	207.71	2	59.50	28	6	0.000020882764384388963	0	0	0	0	0
0xcd07799e9e01c02c3b569cd42f3729713639081c	1500	50.05	0.13	95.95	1	100.00	0	6	0	0	0	0	0	0
0x6712b7f12d9d335a15b0cddeee7a061ee522bda0	400	49.96	1012.49	60750.75	6	91.67	23	6	0.0016816457516388716	0	0	0	0	0
0xbffcec708dedf2647c4a827a7f1156d86c4a1ef7	500	49.81	1.31	962.85	1	100.00	0	2	0.011857681464344516	0	0	0	0	0
0xb255fa250cccc4535639f0a2430f8479044b1462	2100	49.70	67.85	49823.16	1	100.00	0	13	0.002743542287042544	0	0	0	0	0
0xb255fa250cccc4535639f0a2430f8479044b1462	2150	49.65	111.72	82123.68	1	100.00	0	14	0.010351764221860904	0	0	0	0	0
0xb0bada5d45d939a03c6d211d24a61a4418d7cd13	3000	49.57	58.35	6137.33	1	86.00	0	167	0	0	0	0	0	0
0x26ba0ebf96b92891a4504b64136335399a75a10b	3050	49.47	0.32	26.44	1	88.00	0	194	0.12284375486066867	0	0	0	0	0
0x3021338c74f10cef1ece6404ac1498c2559f7a5c	3050	49.42	214.44	17599.21	1	89.00	0	196	0	0	0	0	0	0
0x28bf14e195a6d815f46abb166437898a66386439	3750	49.33	7.45	612.74	1	89.00	0	207	0.1180856627458593	0	0	0	0	0
0xdf02216e5e47a9d5a4b13e39520940e522447918	3000	49.11	27.14	2880.97	1	86.00	0	161	0	0	0	0	0	0
0xe6bc5be9d0651a1238230bc84a5576eb2e0351f9	400	49.05	0.80	596.39	1	100.00	0	3	0.0014607355570350755	0	0	0	0	0
0x4d2f4ce24a5dc999ce6300a8528029992145059b	450	49.04	24.90	18535.62	1	100.00	0	2	0.0003422975235256587	0	0	0	0	0
0x47cf3216065840b831c343bb3445d753204cdbbb	400	48.70	206.06	46647.92	3	100.00	3	3	0.0009677581384333797	0	0	0	0	0
0x5cf92babab7187f6221dcc899d838d0474eaa822	2000	48.65	46.53	8727.70	1	70.00	0	81	0	0	0	0	0	0
0x5cf92babab7187f6221dcc899d838d0474eaa822	1950	48.62	42.97	8064.35	1	70.00	0	81	0	0	0	0	0	0
0x6ac54906d7eae6bec5c7fbd26988de4bebd621a7	50	48.44	5.49	1035.79	4	100.00	0	0	0	0	0	0	0	0
0x048a58645447ecf7e2ee4ec95804aa9062075ebe	1150	48.33	11.28	946.93	1	34.00	0	207	0.08881837349986599	0	0	0	0	0
0x9d30a0d1d9ddc4bbbe8bdddf5bd000194b21a38b	650	48.30	0.06	48.73	1	25.00	0	12	0	0	0	0	0	0
0x2e2f630bab28d199645e48fba8b59a3fe9712f63	1300	47.95	1.97	499.49	1	61.00	0	56	0.017858299349049478	0	0	0	0	0
0x26cfc29bcf8c724386874f6390bd4231e0c0b125	1500	47.76	0.03	3.92	1	31.00	0	124	0.08873304346871391	0	0	0	0	0
0xe0210d3a2b9e4c23f93308971fb0e1feb13262c5	50	47.65	14.00	573.74	17	59.12	4	1	0.0003035272837090427	0	0	0	0	0
0xa6d713d765fc5405869e040db1b1cd83208fc30b	400	47.55	0.08	11.79	1	11.00	0	100	0.1324178462670189	0	0	0	0	0
0xd9805c7acf3689f1ab89d70444959460c078e142	400	47.47	23.93	1677.38	11	97.73	9	3	0.0006238560684440115	0	0	0	0	0
0x767463ea960e473b281edda90ab1bfcba33dce03	2800	47.05	0.83	92.09	1	85.00	0	151	0	0	0	0	0	0
0x0ff4796b22abedb7e664cf05f957315fbaf662a3	2500	46.92	28.41	3683.91	1	100.00	0	122	0	0	0	0	0	0
0x67dc0cad9f5a12a4e5faa368a6aa7cd7fb6259c2	1500	46.48	0.40	313.43	1	100.00	0	6	0.0152690568852476	0	0	0	0	0
0x7fd22163ea11e6bff5dd57c4c80724363f7b4531	400	46.47	2.43	949.04	2	100.00	0	1	0.00006762950042760174	0	0	0	0	0
0x4cd37ba227d66de52a34ecac54301ca602b55544	1200	46.16	102.32	20225.96	1	72.00	0	79	0	0	0	0	0	0
0x330cdef9652a8e80e2008c94dd45b29008d5608b	1600	46.11	0.02	18.18	1	90.00	0	10	0.031239625384849035	0	0	0	0	0
0x77738dbb9261bc53a9bbae1364163e414810054c	2200	46.00	1.26	143.00	1	85.00	0	151	0.00012423107199621697	0	0	0	0	0
0x95f2ec1b1b304d6002a75ec92e5701e110bf75fe	150	45.89	0.88	703.08	1	100.00	0	1	0	0	0	0	0	0
0xbf91dc943137315abac512022c4c889e2ae5aa94	2800	45.79	14.42	1642.02	1	86.00	0	159	0	0	0	0	0	0
0x627f52ab9e0b55ece09ed77d3bb8a6b2be0c23df	100	45.77	0.19	79.79	2	100.00	71	1	0.0009242842944401364	0	0	0	0	0
0x294125ebe0a93815a68e0165935c521275e2dc1e	2700	45.70	344.90	137732.00	1	75.00	0	35	0.00278033995061433	0	0	0	0	0
0xf1abd4cd33e8d6a1587a80c8cc6d61ef9aa9dc35	400	45.68	26.57	1981.51	2	20.50	68	67	0	0	0	0	0	0
0x853a70a4276ce5d52af95b45848d2cb38103321d	3050	45.61	66.67	5927.59	1	89.00	0	208	0	0	0	0	0	0
0xe45d244d7089d5bbef53168e1035feff483b83c5	50	45.56	1.84	1474.41	1	0.00	0	1	0.007432199002288531	0	0	0	0	0
0x0cb5ffc3e4fefddfd010d2ba2dd8056bb2625eb7	1000	45.54	0.62	83.06	1	64.00	0	135	0	0	0	0	0	0
0x69528a431a5a6f3723d58b1a474d0c865f8b9dda	700	45.43	54.36	43676.88	1	100.00	0	3	0.004420994432641212	0	0	0	0	0
0x6e43ba61b8c788610017588835159d545643c58a	3050	45.43	1.02	407.89	1	100.00	0	25	0	0	0	0	0	0
0xedffe5011ab6093cbd3a176c63fe5d8e0d536404	900	45.31	16.35	5155.77	2	100.00	42	4	0	0	0	0	0	0
0x042bd025ffbacbb06222b45aff42e076d0bf14ef	200	45.27	56.26	2754.53	16	54.88	4	2	0.000770532300035931	0	0	0	0	0
0xdd2f5fe447849ccfbd4a410defe7c5eaf58de966	2150	45.24	2.33	268.55	1	77.00	0	164	0.009804171726079947	0	0	0	0	0
0xe26f8eda7f3b332ed440c760b67504c4dc513247	3050	45.21	3.70	497.53	1	83.00	0	131	0.006828976566197742	0	0	0	0	0
0x02039619366b8cb7a18d0a455074b5a9157c7c3f	3050	45.18	0.38	153.83	2	100.00	52	11	0.004431266606369499	0	0	0	0	0
0x06fd8cfc02980d08ca47ba721422f7e74597e59a	300	44.95	46.32	6259.57	6	94.50	7	2	0.001009340727122406	0	0	0	0	0
0x7fd22163ea11e6bff5dd57c4c80724363f7b4531	500	44.95	2.24	476.55	2	69.00	85	7	0.2967282941732097	0	0	0	0	0
0xefc7acd081be67260528a5567b30cdf15fcf0922	100	44.89	3.67	2985.62	1	100.00	0	0	0.0016480740508861835	0	0	0	0	0
0x54384e813145f49eb687e2f3893a10bf3d28f4e6	400	44.86	0.13	54.24	2	65.00	0	3	0.005333992243455876	0	0	0	0	0
0x88684a23dd3e96bfb9c9800426e78e639c7397ca	1500	44.79	1.19	322.11	1	34.00	0	62	0.011647956199312137	0	0	0	0	0
0x5fab7fa9ea16aff5d369cc17a6577d48cc842c33	300	44.50	0.22	183.29	1	100.00	0	2	0.004852252070053353	0	0	0	0	0
0x43d42f66f098bbdbeac97f7aadb192efabefe72c	1500	44.31	0.67	110.82	1	78.00	0	102	0	0	0	0	0	0
0x47cf3216065840b831c343bb3445d753204cdbbb	250	44.29	557.66	51568.77	9	100.00	4	2	0.001989016720872606	0	0	0	0	0
0x615aec8600a43c66625520a001471acb491e6cde	1150	44.17	0.77	90.62	1	82.00	0	153	0.004561706622974171	0	0	0	0	0
0xfc58e242464bb098539b70782b2d465c2880c5c4	600	44.09	0.45	368.43	1	75.00	0	5	0	0	0	0	0	0
0x42d9c1fb098b21a335c89f561a96b83de5bf8fd3	1400	43.96	51.84	43047.21	1	100.00	0	5	0.002090185988457005	0	0	0	0	0
0x1f630c230f0e12b9b264e95dbc20f4507fa6795e	400	43.90	2.63	2183.27	1	68.00	0	3	0	0	0	0	0	0
0xf8a5089ef0eb09183e22f557936134ba20191450	3050	43.88	55.90	15499.07	1	100.00	0	49	0	0	0	0	0	0
0xd42d654d065ff9560c823f2d71411535d5e81132	3050	43.83	11.76	1398.48	1	85.00	0	151	0	0	0	0	0	0
0xfa628447209435688c242bfbba7c6a5fa8f914a6	100	43.78	3.42	1424.08	2	4.50	0	15	0	0	0	0	0	0
0xcf983c7d7dd70a4b79c429d8fb921954549abb32	250	43.71	11.51	539.73	18	94.44	3	2	0.0002538180918634472	0	0	0	0	0
0x02039619366b8cb7a18d0a455074b5a9157c7c3f	300	43.67	0.56	145.86	3	38.00	15	5	0.000013222306194382583	0	0	0	0	0
0xb255fa250cccc4535639f0a2430f8479044b1462	1300	43.67	59.30	49565.97	1	100.00	0	5	0.05162714962076986	0	0	0	0	0
0xacf89c236462a336917817b1d91fde5488ffb3ac	350	43.61	18.35	5070.61	3	96.67	33	2	0.003926554304326905	0	0	0	0	0
0x03aecfe78411ab3dbd17117e6b3c665a469187cd	4950	43.39	35.18	7399.97	1	100.00	0	92	0	0	0	0	0	0
0xff3ffe39ac9cd85b9d9ab97d34cd251972c1d78b	4150	43.39	9.64	4052.27	1	100.00	0	30	0	0	0	0	0	0
0xb7a6941a380045ba80d2370e19a3deecdfc56a8c	1900	43.21	35.06	4230.67	1	56.00	0	165	0.0021879320956763593	0	0	0	0	0
0x1eda8196bc0b0195bf35d5abf10df9135f0a60d7	1050	43.19	34.08	28796.87	1	98.00	0	5	0	0	0	0	0	0
0x02039619366b8cb7a18d0a455074b5a9157c7c3f	50	43.16	8.16	143.38	47	51.06	3	0	0.01167005196841589	0	0	0	0	0
0x3c7bc2bf27e0a91ecd97dba1325af61e4cf47efd	3800	43.12	6047.27	2559404.51	1	100.00	0	41	0.005050006944384844	0	0	0	0	0
0xf3a5f26cd6c5274c08c6ce442e5ad00857915d55	3050	43.09	9.45	888.99	1	89.00	0	197	0	0	0	0	0	0
0x4d2f4ce24a5dc999ce6300a8528029992145059b	250	43.04	3.54	2997.80	1	48.00	0	6	3.1204450134936224e-8	0	0	0	0	0
0xa4e057e58a11de90f6e63dc9b6c51025bd2c9646	2650	42.75	5.69	809.07	1	82.00	0	124	0	0	0	0	0	0
0xb782c1ca48c426551ba4fed7c9fc9acae17743c0	2150	42.55	3.06	436.98	1	64.00	0	133	0.009378814527838397	0	0	0	0	0
0x8672f06efc11bb43893a84fc776be19d77f7591a	1000	42.33	2.94	1266.87	1	41.00	0	24	0	0	0	0	0	0
0xfeab70797e50496c8e8193cab424f950e463b675	500	42.31	0.08	69.28	1	58.00	0	2	0	0	0	0	0	0
0x28bf14e195a6d815f46abb166437898a66386439	3550	42.21	4.73	584.29	1	86.00	0	155	0	0	0	0	0	0
0xc1a2dc997a4f614545023738c388d008b681ccc5	3000	42.20	1.30	1127.90	1	100.00	0	11	0.0001209927945056144	0	0	0	0	0
0x71c04692c7cb668c08b500a84166412ced8b3311	3800	42.12	204.84	25357.68	1	87.00	0	164	0.006821803298695528	0	0	0	0	0
0x9a2270b2f51423d0434ed10b7a55531374881f4d	950	42.10	0.07	8.15	1	55.00	0	161	0.016418952300711886	0	0	0	0	0
0x2bc1748077c06b25e67f885b68777d91eed93e51	50	42.02	1.67	69.11	21	44.48	3	0	0.33783357095074235	0	0	0	0	0
0x65d4a7f67ddbcd15b5d719d0c60c6ea45ee1ebd3	3000	41.97	0.41	360.86	1	100.00	0	14	0.0003071154743516935	0	0	0	0	0
0xf46ce1f93146dbd7a41ce3e0c6ec0ef46a94a6b1	1450	41.89	10.49	9143.92	1	100.00	0	4	0.014686617388237622	0	0	0	0	0
0x4d0d956d0b12f552bc684df3c5637e29c078e796	1600	41.74	1.56	228.05	1	27.00	0	135	0	0	0	0	0	0
0x603074a6311fa9b74ae3b70964ec2d5765cba6f6	6150	41.64	0.02	5.52	2	100.00	24	29	0.00034644790499749334	0	0	0	0	0
0xff8d044c63d7da1a23e11765764d37def8f6670f	3850	41.41	644.31	81126.02	1	86.00	0	165	0	0	0	0	0	0
0x92694d62feaddb49b5ab9a533547691e4bc6b62f	2150	41.25	3.51	517.07	1	40.00	0	132	0	0	0	0	0	0
0xc2382afff635c9c46426a4323557af5ae064bba8	3000	41.21	23.36	1900.03	2	79.50	0	96	0.03467849422534308	0	0	0	0	0
0x3f3895a8733bd0bd4ecdeec580360802416c7c78	450	41.01	32.89	29275.76	1	27.00	0	4	0	0	0	0	0	0
0x85204a5e932b69455822033f33e378dff4bb8960	1100	40.92	2.38	2123.52	1	100.00	0	5	0.015093644322783373	0	0	0	0	0
0x4488acbdcb158b2212973e9ff97db0920e40d79d	150	40.90	1.15	1030.80	1	15.00	0	7	0	0	0	0	0	0
0x5dd33a7e419320d25fbd021d89ec90cc739d9952	2550	40.79	4.29	548.96	1	86.00	0	162	0	0	0	0	0	0
0xa6d507ec7f95c83ab747143a1bd7e501152c2aeb	500	40.08	0.02	22.22	1	18.00	0	11	0.04102668639149876	0	0	0	0	0
0x5cf92babab7187f6221dcc899d838d0474eaa822	750	40.03	1.70	773.80	1	11.00	0	45	0.04287648713336978	0	0	0	0	0
0x3352cfe4b92b354c9e56382a6fc6d7462fea9ba2	4250	40.01	237.16	27041.81	1	88.00	0	181	0	0	0	0	0	0
0x95f919d9ddd2a978d5a106778c4204aa6ad6ec02	400	39.90	0.02	15.48	1	100.00	0	1	0	0	0	0	0	0
0x7f9c107f7502c7c22472e6dd1bc08ee3b01fc4d6	50	39.88	730.01	2514.04	260	42.25	0	0	0.000129540217039686	0	0	0	0	0
0x109f9ef72d6e414671982043c90fdce0f3617a82	1600	39.85	39.00	5102.14	1	81.00	0	149	0	0	0	0	0	0
0xf47fd558b334352ed0c285b4c65c8cdf85c23767	2800	39.78	1.58	289.29	1	80.00	0	111	0.0005213774848966679	0	0	0	0	0
0x8844b412c857c6e1dbbf9f8a59a7dc9e81cfbc98	50	39.59	276.96	22361.19	12	61.42	4	2	0.4700754815615557	0	0	0	0	0
0x2ed55002933970e442f0872a6385fef7e1764fa5	3250	39.58	0.10	11.10	1	88.00	0	191	0	0	0	0	0	0
0xa83c6a80f54aaaa1163e53834e7ff47717eb12c8	650	39.51	25.33	23398.99	1	100.00	0	2	0	0	0	0	0	0
0x4eb59e0c1d2c3255f36a4065e8675f71cfd0e2a4	50	39.50	209.75	2048.16	97	37.87	0	0	0.00021916653183761778	0	0	0	0	0
0xbf91dc943137315abac512022c4c889e2ae5aa94	3350	39.48	13.70	1809.25	1	86.00	0	158	0	0	0	0	0	0
0x47cf3216065840b831c343bb3445d753204cdbbb	350	39.47	398.26	54097.88	7	100.00	9	2	0.00041189723541152593	0	0	0	0	0
0x0b72175c5c53852c8c4ba6b42c95af32fce8b117	3250	39.41	2.72	359.82	1	85.00	0	151	0	0	0	0	0	0
0x9a5d8225fb89d7be65e46602dce776588c129b57	3700	39.36	0.69	79.54	1	87.00	0	169	0	0	0	0	0	0
0xd1c921829db71034b077e585fa4f28850f2b5267	200	39.30	171.06	78266.02	2	100.00	0	1	0.0006310513719187671	0	0	0	0	0
0xf9ff06ffaeb4a0ac58a7221234096e5d4ac68b3f	3650	39.19	141.44	14636.98	1	90.00	0	208	0.07472731899035301	0	0	0	0	0
0xa8f999a7745d354154d4feedbcd12db481844f74	3000	39.09	31.66	4223.27	1	85.00	0	144	0.0002330810845441178	0	0	0	0	0
0xc29240c96f096c4d4c5ddd11533dfde66338f0d7	1750	39.09	9.71	2266.67	1	33.00	0	82	0	0	0	0	0	0
0xc72c4a11b95a8b132a8390b0c14bd84ffa2be37f	200	38.72	5.92	5583.06	1	52.00	0	6	0.0015361502884614353	0	0	0	0	0
0x02039619366b8cb7a18d0a455074b5a9157c7c3f	3000	38.68	0.49	148.30	2	100.00	120	20	0.013970464422491391	0	0	0	0	0
0xe6bc5be9d0651a1238230bc84a5576eb2e0351f9	250	38.47	0.07	70.06	1	100.00	0	1	0	0	0	0	0	0
0x85e5bc73dd304062dcf08c65302d5a872cabfa77	550	38.45	2.21	2098.57	1	9.00	0	23	0	0	0	0	0	0
0x99e27746e33c9886f6a3a19336e0ab753f962db9	100	38.26	2.11	2017.76	1	100.00	0	0	0	0	0	0	0	0
0x4e6223c5ae86b5086fc93a448a31796f70f87b34	50	38.11	449.12	41949.73	10	30.00	9	0	0.00011720677702276028	0	0	0	0	0
0xafebe1031fce385258c4d9d681a020c22299192c	2200	38.03	0.10	23.60	1	71.00	0	79	0.0005798873979334651	0	0	0	0	0
0xa58de18ccedf49d067402a82293d06b87c9317a6	450	37.98	2.69	1287.88	2	87.00	49	2	0.003153717171072712	0	0	0	0	0
0xc53539fd4d109840dbfe8c759ba7fc2e7200709b	3500	37.95	10.71	1717.01	1	84.00	0	136	0.0075929951228737025	0	0	0	0	0
0xcf983c7d7dd70a4b79c429d8fb921954549abb32	350	37.94	8.17	557.76	14	92.86	4	1	0.0004961390931067035	0	0	0	0	0
0xbfe095406974893f737807a42fc8518252706b9a	3050	37.83	4.56	733.80	1	82.00	0	124	0.007021033899878848	0	0	0	0	0
0x1483ff30b8d52534f0c811bf52a3deb31c89cf2a	1500	37.82	6.37	2049.29	1	67.00	0	68	0.004100631607317773	0	0	0	0	0
0xa4689a58c112a68ccce9b7e772f0d08b40fb2100	700	37.72	439.60	17802.66	16	50.00	14	7	0.0016984665674589505	0	0	0	0	0
0xd65981739f7130fbc950a46973ed5cf96bc531ee	1850	37.63	2.09	337.65	1	52.00	0	120	0.007937616009268122	0	0	0	0	0
0xf217a6f2301c3b772096025fc94e3becd35c13bb	3050	37.44	1.04	113.03	1	89.00	0	199	0.1766157639463417	0	0	0	0	0
0xa8f999a7745d354154d4feedbcd12db481844f74	3050	37.34	90.52	11441.96	2	77.00	53	56	0.008950855584854978	0	0	0	0	0
0x0be8b961cbf6564bd1931b0803d35c0659e0d016	250	37.29	4.50	1101.09	4	100.00	1	1	0.0005635799190967239	0	0	0	0	0
0x288a2395f027f65684d836754ba43afa20ca09e6	1100	37.27	14.12	6916.19	2	100.00	44	5	0.00035741739224937064	0	0	0	0	0
0xe0210d3a2b9e4c23f93308971fb0e1feb13262c5	1500	37.24	0.68	663.44	1	100.00	0	8	0.0010347403742394512	0	0	0	0	0
0xc8f703369bec87121d0e1fc322217640e7265416	6200	37.17	0.74	146.26	1	100.00	0	117	0.10047168596526435	0	0	0	0	0
0x7e4247403be494e9d68572811af873e1394a1681	3350	36.98	0.73	80.56	1	66.00	0	215	0.3138934740949839	0	0	0	0	0
0xb255fa250cccc4535639f0a2430f8479044b1462	3150	36.96	165.08	81513.72	1	100.00	0	34	0.0007255706583220167	0	0	0	0	0
0xad3864b39fc5b551769052ebfd0db9414644eda6	2750	36.64	34.83	8674.38	1	76.00	0	94	0	0	0	0	0	0
0x5e8e2fbca343c8d56b4f1ff8892df1d2d1bd4eb2	2200	36.54	46.32	7710.83	1	49.00	0	125	0.01978404981609616	0	0	0	0	0
0x251612075db39256e11f2ce8fd5e91837ec41cd3	400	36.43	6.57	1097.23	1	9.00	0	127	0.08465053631682151	0	0	0	0	0
0x38beb2b9cdbfea3cbce0cec687cdc203a9829650	3050	36.22	0.74	123.51	1	82.00	0	123	0	0	0	0	0	0
0x4d2f4ce24a5dc999ce6300a8528029992145059b	500	36.03	78.39	38875.76	2	100.00	0	2	0	0	0	0	0	0
0xc72c4a11b95a8b132a8390b0c14bd84ffa2be37f	700	35.92	1.17	1192.99	1	100.00	0	3	0.001479305592944069	0	0	0	0	0
0xc72c4a11b95a8b132a8390b0c14bd84ffa2be37f	450	35.81	5.80	5911.00	1	100.00	0	2	0.005681282479097494	0	0	0	0	0
0x79060c02087979bc32da4749c9c8befed2219fba	3000	35.57	0.05	10.25	1	79.00	0	104	0.0000028038809496422346	0	0	0	0	0
0x714f51383b0d593cac9ff567faa47f20bedad1ad	3050	35.49	0.74	108.43	1	87.00	0	165	0	0	0	0	0	0
0x7fd22163ea11e6bff5dd57c4c80724363f7b4531	4600	35.39	0.00	1.73	1	100.00	0	14	0.008036902314079164	0	0	0	0	0
0xc72c4a11b95a8b132a8390b0c14bd84ffa2be37f	1800	35.32	5.73	5920.02	1	59.00	0	22	0	0	0	0	0	0
0x330cdef9652a8e80e2008c94dd45b29008d5608b	4750	35.32	0.09	46.75	1	100.00	0	46	0.010658787543016413	0	0	0	0	0
0x2df4448882e192c4f2acc28afb5827c2d6cc63d1	3500	35.29	0.33	125.74	2	100.00	0	24	0.00004445344195525003	0	0	0	0	0
0xc863ba1bb1d81816a795b3f94c77528292da7e0d	6150	35.26	0.03	8.10	1	100.00	0	78	0	0	0	0	0	0
0xf9c39c2f0f8e87194aaa833611f4dc208b01e331	500	35.20	4.73	4900.49	1	100.00	0	2	0	0	0	0	0	0
0xa041af9b858f3f1e65cd5276a869875f6a46cbad	6200	35.04	1.82	947.67	1	100.00	0	36	0.005554807161567421	0	0	0	0	0
0xb2015154abe1a4ffa4ab3c601a306f8ba1f17dea	400	34.93	0.38	394.19	1	100.00	0	2	0.0013645109837256975	0	0	0	0	0
0x666d22d9f2b7cde8eb81ec744789b10a0c88c854	3000	34.76	0.45	95.23	1	80.00	0	108	0.00018426555837836034	0	0	0	0	0
0xff4f7b726ee86f810531d2842b3bdd8a512db594	450	34.73	0.05	50.08	1	100.00	0	2	0	0	0	0	0	0
0xb46b7d2c2067c922151d3367b17c4b626eeadd59	3950	34.59	1.93	679.48	1	100.00	0	58	0.05114699761764596	0	0	0	0	0
0x3023dc00fa81961b0b0204a21cc698011cb0882b	1800	34.53	0.72	108.34	1	52.00	0	155	0.002824580116100872	0	0	0	0	0
0xc8674a5995e2df15846c7247abc947ab8cb5dff6	2700	34.48	2.18	384.40	1	65.00	0	139	0.0019715293729460903	0	0	0	0	0
0x46b70f26bb08c20e137eb8795c16bcc4c5e90303	4400	34.44	17.97	2720.93	1	87.00	0	165	0.008387808186660628	0	0	0	0	0
0x573963f100e9c2728496f7c4013a27766bed6ba5	6200	34.35	2.36	501.83	1	100.00	0	115	0.011573547446230847	0	0	0	0	0
0x77cadfc288973f8658d4cbd30eb41813d9567603	400	34.34	0.01	14.26	1	58.00	0	3	0	0	0	0	0	0
0x74b6987d3e5055611f7a7873d5abf3f23e7d97dc	600	34.22	0.38	403.76	1	37.00	0	5	0.0374138568290161	0	0	0	0	0
0x807b755d5374769dd5282a05ebaca84ca70af607	3450	33.95	21.87	11753.14	1	76.00	0	26	0	0	0	0	0	0
0xcbe8d3da589c8bd9200e729af396c88c91a25335	300	33.87	0.15	20.38	1	8.00	0	189	0	0	0	0	0	0
0xa83c6a80f54aaaa1163e53834e7ff47717eb12c8	400	33.77	22.14	23933.36	1	100.00	0	1	0	0	0	0	0	0
0x8cc011012205343bf01e58c8058a8c83db6c95eb	3000	33.52	1.04	227.04	1	79.00	0	103	0.000033141632505007124	0	0	0	0	0
0xa82fbaad7113084079dfd47d8bc1d0db5a76ec59	1750	33.27	1.58	1735.83	1	33.00	0	15	0	0	0	0	0	0
0xce694b747c51d4e668029fbe470c8adcab39c88b	400	33.24	0.37	93.68	3	35.00	0	125	0.07006249466050551	0	0	0	0	0
0xbf91dc943137315abac512022c4c889e2ae5aa94	1600	33.14	9.53	2623.10	1	76.00	0	93	0.007467016557682893	0	0	0	0	0
0x88684a23dd3e96bfb9c9800426e78e639c7397ca	600	33.13	0.92	339.58	1	9.00	0	57	0.027602398849324583	0	0	0	0	0
0xa06b0fc1604ef6f0581b76094d8eeec34cf4fa3b	400	33.09	11.23	12384.85	1	100.00	0	1	0	0	0	0	0	0
0x66c92528f1c46a75760bbbea8f0983c11254648c	200	32.84	0.14	69.06	2	0.00	70	2	0.00022966311882810508	0	0	0	0	0
0x3c7bc2bf27e0a91ecd97dba1325af61e4cf47efd	2700	32.81	1136.24	1263885.50	1	100.00	0	19	0	0	0	0	0	0
0x77a70e1761fb3cbb333599ee16e5d6cb027afd83	900	32.80	4.82	948.28	6	99.00	8	3	0.004018214679785137	0	0	0	0	0
0xf8a5089ef0eb09183e22f557936134ba20191450	550	32.50	0.78	876.30	1	14.00	0	7	0	0	0	0	0	0
0x8b0473e5f2871d420b7891c01a45ef84ee2d523d	3300	32.49	22.84	3665.04	1	86.00	0	152	0	0	0	0	0	0
0x4517c9e9e7813bcefd743814bcb0f75fcb53db75	6150	32.36	0.00	0.70	1	100.00	0	147	0	0	0	0	0	0
0x12e36b88b7218cfeae80c665390021ecc83f2d87	6150	32.35	0.00	0.74	1	100.00	0	147	0	0	0	0	0	0
0x9e9e3da6382f2fd2582a6d4c3d2f243b76fb0e4d	6150	32.35	0.00	0.66	1	100.00	0	147	0	0	0	0	0	0
0x5db41d698a863e90127402fb6e0470a54095e4c4	6150	32.35	0.00	0.66	1	100.00	0	147	0	0	0	0	0	0
0x56a3ce47fb08752e5900417135af75796ebc7002	6150	32.35	0.00	0.64	1	100.00	0	147	0	0	0	0	0	0
0xc242c9c23bf9dccee9ddf9833a52de26a1e45917	6150	32.35	0.00	0.54	1	100.00	0	147	0.012745739533859268	0	0	0	0	0
0xa9ad6115d484cdcbba94a68d70d16bf2b3c41262	6150	32.34	0.00	0.74	1	100.00	0	147	0.012770628878799872	0	0	0	0	0
0x737c6cfe76b0f4f17b44d7036a87027a6508f402	6150	32.29	0.00	0.76	1	100.00	0	147	0	0	0	0	0	0
0xbb76475c066dbfefcd408594e49a52c9df620c86	6150	32.28	0.01	2.06	1	100.00	0	147	0	0	0	0	0	0
0xf1b5f94b903480361088d3f97c706b4d5c916eb9	6150	32.28	0.00	0.33	1	100.00	0	147	0	0	0	0	0	0
0xc3127b35cfb72ea3cbabbcbe468514d5fe2d7f10	6150	32.27	0.02	2.85	1	100.00	0	147	0	0	0	0	0	0
0x8de2a4578710935323abe3be6ae13558670077bc	6150	32.27	0.02	2.79	1	100.00	0	147	0	0	0	0	0	0
0x4e38d76fb5dad1969c19463086886b5d612e88c4	6150	32.27	0.02	2.52	1	100.00	0	147	0	0	0	0	0	0
0x3926992786304c58aaa406b612c5ca14feb28b62	6150	32.27	0.01	2.03	1	100.00	0	147	0	0	0	0	0	0
0x85319ef7eefb234045e08c1cecbf6f7dbd444e0f	6150	32.26	0.02	2.43	1	100.00	0	147	0.02143638224335609	0	0	0	0	0
0x5857e31a0149c06a7182ea4d896fc920d29b11c1	6150	32.26	0.01	2.35	1	100.00	0	147	0	0	0	0	0	0
0x3f87e06028a9cf50903256c3f91f826c8d1a1f89	6150	32.25	0.01	2.37	1	100.00	0	147	0.018134618982879047	0	0	0	0	0
0x36fa26a90dc88bf9b4651a25f2c39efcf31a0d6f	3450	32.22	32.18	7290.62	1	80.00	0	108	0.00012925253217721533	0	0	0	0	0
0xf889f2dab2c8e84bc6be3aa86711a4f0de5c1ddf	6150	32.16	0.02	2.46	1	100.00	0	147	0	0	0	0	0	0
0xe2e69fcdfb363582d3c85741f080a7e0fdfd32d6	6150	32.16	0.01	2.42	1	100.00	0	147	0	0	0	0	0	0
0xb9cdd71d0d38153e8e255da42a8e35397b61f2ba	6150	32.16	0.01	2.38	1	100.00	0	147	0	0	0	0	0	0
0x8596a60d02f8867442400b65b86fe295d11a1a8c	1600	32.14	0.04	4.71	2	59.00	0	101	0.046853250030276516	0	0	0	0	0
0x5c357c2bb0574aad95e930c168a53e6f36dba8f4	6200	32.13	0.01	0.84	1	100.00	0	147	0	0	0	0	0	0
0x889543fe1926d5bebfeba7f26b2949affb1642d0	6200	32.13	0.01	0.82	1	100.00	0	147	0	0	0	0	0	0
0x1f30387542f7074a03dc03e5fd7ba1a211563876	6200	32.12	0.00	0.81	1	100.00	0	147	0	0	0	0	0	0
0x54882dc31ce38ab9c1fbdc3cd549dd8cf80a647e	6200	32.12	0.00	0.79	1	100.00	0	147	0	0	0	0	0	0
0xa0bc3250c42f9b2603428b5ab0beb1752d5de387	6200	32.12	0.00	0.76	1	100.00	0	147	0	0	0	0	0	0
0x38fbcdcf0d395420910cf204e226d5a50dde60ee	6200	32.12	0.00	0.69	1	100.00	0	147	0	0	0	0	0	0
0xda6f84e0cd9e0d587702aef8ae133167821f6448	6200	32.12	0.00	0.63	1	100.00	0	147	0	0	0	0	0	0
0x095d8b3c759d982ec4f67c503eaa73f99aca2557	6200	32.12	0.00	0.61	1	100.00	0	147	0	0	0	0	0	0
0x1746a82ef794891f9b837ad0f4990bd320e2da07	6200	32.12	0.00	0.60	1	100.00	0	147	0	0	0	0	0	0
0x301a46c577308f1c43e925f2655de132e7d61447	6200	32.12	0.00	0.58	1	100.00	0	147	0	0	0	0	0	0
0x3ebb60be851ccc353b89de8c8eefe18a18a5c5d4	6200	32.10	0.00	0.75	1	100.00	0	147	0.01323613206704044	0	0	0	0	0
0xc13088f9b483b3e52d6861d7cee155c89a5a331c	6200	32.09	0.00	0.78	1	100.00	0	147	0	0	0	0	0	0
0xb3af9ce274b8c73cd2540973243b7d2cf06f09a8	6200	32.08	0.00	0.78	1	100.00	0	147	0.018288752054140822	0	0	0	0	0
0x2ce25828624eecf9bba340c47db281cebec1ab7c	6200	32.08	0.00	0.05	1	100.00	0	147	0.018461527331037342	0	0	0	0	0
0x7fead47d2825c68ee6fad40f412ffe53469816f2	6200	32.07	0.00	0.02	1	100.00	0	147	0.018523187230412574	0	0	0	0	0
0xe8a4413d014226d13dc251cf0b4e5d14d691dde4	6200	32.07	0.00	0.02	1	100.00	0	147	0.018523187230412574	0	0	0	0	0
0xce51de227429712256fe4285ab7791e6e0ae2b05	6200	32.06	0.00	0.69	1	100.00	0	147	0.02017813506216548	0	0	0	0	0
0x9c71ae2b341a681435ac43a6fd66495a30c425c9	6200	32.05	0.00	0.70	1	100.00	0	147	0	0	0	0	0	0
0xc73b41b60d08c462da6d6c7bcff543a058d624a5	6200	32.05	0.00	0.54	1	100.00	0	147	0.020705746109628276	0	0	0	0	0
0x113e3bbd06e735ee06fcba0d3300b424ecfbddf0	6200	32.00	0.01	2.20	1	100.00	0	147	0.018294218299674814	0	0	0	0	0
0x8ed90e8e859e62cc7eff8d0f543e34685fe4498e	6200	31.99	0.01	2.30	1	100.00	0	147	0.019299224797841852	0	0	0	0	0
0x347607c2403c6487d897be7b2d0952bfb3669a54	6200	31.91	0.01	2.37	1	100.00	0	147	0.020099268148610072	0	0	0	0	0
0x6b8c5ac550bf8d0257efec52ecbe48fb6057f0d5	6200	31.91	0.01	2.29	1	100.00	0	147	0.018220236189470107	0	0	0	0	0
0xe3ce9a29c4b5a9c4616664c2a9f3343e3494d9e8	6200	31.91	0.01	2.27	1	100.00	0	147	0.018664027896408975	0	0	0	0	0
0x5a4e3e0cf915c4b217ec2ec33558bbda47d3f073	6200	31.91	0.01	2.17	1	100.00	0	147	0.015586806511158624	0	0	0	0	0
0xa9c4a5777850cab1392b349858e261d6cd56e1b0	6200	31.91	0.01	1.91	1	100.00	0	147	0	0	0	0	0	0
0x0dcb27c79ea8ce92cbf33cfbd560373c789b8db6	6200	31.86	0.01	2.28	1	100.00	0	146	0	0	0	0	0	0
0x1dc4c3c2d62ec40d4777982f9f21da8d8330ea04	6200	31.86	0.01	2.24	1	100.00	0	146	0.011379294350644109	0	0	0	0	0
0x59b72f72c5742094d53e61dffab7da0ba00fabcc	6200	31.86	0.01	2.14	1	100.00	0	146	0	0	0	0	0	0
0x40fd7b406701e407c85688636318f6315cbc84b3	50	31.80	0.03	20.12	2	50.00	10	0	8.983141397411742e-7	0	0	0	0	0
0x9b1fea88fa86b57b860a2fbb9a102647868ce4e6	3050	31.73	0.00	0.44	1	83.00	0	127	0.0423829763095962	0	0	0	0	0
0x99fcc3708e0239432fb37116b5fef524a4643183	6150	31.71	0.01	6.88	1	100.00	0	35	0.0007149337313050452	0	0	0	0	0
0xafbd8e7394f41b2f479a9ada10ed8bb700b75311	450	31.70	6.24	897.40	1	13.00	0	183	0.10293387132596088	0	0	0	0	0
0x2b602b61b08336180a862a8aa96081e91da932c4	6150	31.69	0.05	30.09	1	100.00	0	35	0.0007211362624048867	0	0	0	0	0
0x018c91f9f3b8fefa2ad4f583555c389586ab037e	6150	31.69	0.02	10.00	1	100.00	0	35	0.00179460737748105	0	0	0	0	0
0x6ef548e425f3bcf82b12172518c21223f6a992b4	6150	31.69	0.01	7.58	1	100.00	0	35	0.0006480433497602078	0	0	0	0	0
0x3b1087fc6e88a59421aa85dd20dc110852e72e55	6150	31.68	0.03	17.84	1	100.00	0	35	0.0006280313104234381	0	0	0	0	0
0x4fdb3324d650f0ff5c228c7dcdd2b12be32f9f02	6150	31.68	0.01	3.03	1	100.00	0	35	0.0004632894889944339	0	0	0	0	0
0x0cc95e71e9a037469593c80f04b3273f81623c3b	50	31.43	0.42	154.38	3	63.33	0	1	0.0005920928941286855	0	0	0	0	0
0xeeeee0ddaff7451ae89e47e0708fa4ae43ed8fb9	4450	31.41	41.84	2406.22	3	93.33	0	93	0.001781366926996893	0	0	0	0	0
0x02039619366b8cb7a18d0a455074b5a9157c7c3f	100	31.38	0.62	144.51	5	80.00	25	0	0.00023481634928934625	0	0	0	0	0
0x3dec52bded2a7c93763fa179d3b04a396efeae87	750	31.37	0.05	59.00	1	100.00	0	3	0	0	0	0	0	0
0x7962e00417a3fbe358cbfa94b26829a0cd1b53ce	50	31.23	104.25	164.79	532	49.23	0	0	0.029794713024919445	0	0	0	0	0
0xb0bada5d45d939a03c6d211d24a61a4418d7cd13	100	31.22	6.78	1993.93	4	47.75	0	0	0.00008428975247498638	0	0	0	0	0
0xf147f41f0dce5449d7de45e342e760b5af804926	5350	31.21	0.26	102.06	1	100.00	0	68	0.07228937329319951	0	0	0	0	0
0x03629293e8bb540f07559e950396e8ce5664a80e	6200	31.19	1.61	1880.35	1	100.00	0	19	0.011306532481025755	0	0	0	0	0
0xb0bada5d45d939a03c6d211d24a61a4418d7cd13	1550	31.15	75.45	88402.15	1	100.00	0	3	0	0	0	0	0	0
0xe6bc5be9d0651a1238230bc84a5576eb2e0351f9	600	30.92	0.24	285.92	1	100.00	0	1	0	0	0	0	0	0
0x573f6bc222dcc828bc7d474f59f820620d208222	6150	30.77	286.35	113229.43	1	100.00	0	59	0	0	0	0	0	0
0xa82fbaad7113084079dfd47d8bc1d0db5a76ec59	1900	30.75	1.83	2174.68	1	33.00	0	15	0.005144338042406549	0	0	0	0	0
0xe5f6a7c14bf6a3c3ca5379de6d88506f7e6d1fd9	6200	30.68	0.39	154.46	1	100.00	0	48	0.12224837075059947	0	0	0	0	0
0xb10cd664a0f82f52c5c192bb262759d98024107e	1500	30.67	2.22	661.35	1	77.00	0	95	0	0	0	0	0	0
0x4c7896180858611c0866970401b56f165c3989da	1300	30.65	1.64	1948.50	1	100.00	0	4	0	0	0	0	0	0
0x74b6987d3e5055611f7a7873d5abf3f23e7d97dc	450	30.26	0.37	445.80	1	54.00	0	2	0.00907777102778784	0	0	0	0	0
0xb1b0e666b80af34f37406a06d28e47a8955e954e	3350	30.22	41.09	9925.18	1	79.00	0	105	0.00037208514516162694	0	0	0	0	0
0x048a58645447ecf7e2ee4ec95804aa9062075ebe	1450	29.96	3.90	527.67	1	27.00	0	204	0	0	0	0	0	0
0x8ccb2c0530f9e3d2dc8a08f96223f69d78df677a	1500	29.89	0.36	441.26	1	100.00	0	5	0	0	0	0	0	0
0x65ca8a6a64dbdc09f3aa80d2b57d6b2c13fcb7b6	3000	29.84	0.44	106.59	1	77.00	0	98	0	0	0	0	0	0
0x882e4fbe0a1290bee438cd8874850e6a9192f9a7	300	29.80	1.65	850.54	2	86.50	60	1	0.005676357782474772	0	0	0	0	0
0x278408e0f3d0da14f2f2e857e843f7f44fe7b1a2	3050	29.70	0.29	50.70	1	85.00	0	148	0	0	0	0	0	0
0x832cdf3c7fb0c38f95c8119b2b887d2db65daa9e	3100	29.57	19.73	4869.57	1	77.00	0	100	0.0010104773890629026	0	0	0	0	0
0xbd1bff03034ac340235e48ee35c85b1121b8198e	1050	29.48	76.81	10566.36	1	14.00	0	197	0	0	0	0	0	0
0x42d9c1fb098b21a335c89f561a96b83de5bf8fd3	450	29.46	36.21	44867.06	1	92.00	0	1	0.00019057830277224852	0	0	0	0	0
0x02039619366b8cb7a18d0a455074b5a9157c7c3f	6200	29.43	0.36	141.57	2	100.00	6	33	0.00011668836768508051	0	0	0	0	0
0x8bac163321bd04c77d45cea5636051813e0a331c	50	29.29	49.62	9691.77	8	12.50	12	0	0.00016494338898886962	0	0	0	0	0
0x02039619366b8cb7a18d0a455074b5a9157c7c3f	400	29.13	0.57	143.08	5	100.00	23	1	0.0010962944271541986	0	0	0	0	0
0x02039619366b8cb7a18d0a455074b5a9157c7c3f	350	29.13	0.13	162.50	1	100.00	0	1	0.000014010823989885068	0	0	0	0	0
0x042bd025ffbacbb06222b45aff42e076d0bf14ef	500	29.11	4.32	2212.32	2	50.00	41	2	0.0007467417093176554	0	0	0	0	0
0xc295dd26bcf910f6ea59c9d2957289a926862d6e	6200	28.95	0.14	43.14	1	100.00	0	82	0.005301575442306916	0	0	0	0	0
0xc16c5955d9ec50c237e5e66f859c5e3f5a825582	6200	28.89	0.05	7.87	6	100.00	3	26	0.0004338701537043299	0	0	0	0	0
0x4c7896180858611c0866970401b56f165c3989da	1250	28.71	4.51	1911.13	1	60.00	0	55	0.03679467164030559	0	0	0	0	0
0xcdc5b020b2993d107f377c89c712eeaa38172d7c	3400	28.49	0.24	39.08	1	89.00	0	191	0	0	0	0	0	0
0x5be373f4e97bee464e90167905d993c027c68c11	6200	28.40	0.06	11.17	5	100.00	12	24	0.0034127594688837526	0	0	0	0	0
0x4fdb3324d650f0ff5c228c7dcdd2b12be32f9f02	6200	28.40	0.01	2.59	5	100.00	12	24	0.0025102766212792282	0	0	0	0	0
0x0a6cda092816be466d685fa8086a4ecdc42a746c	6200	28.38	0.04	8.84	5	100.00	12	24	0.0017255730055554253	0	0	0	0	0
0x0a2451777d0269bb6cbbdfc8a0ceee1d2a457975	6200	28.38	0.04	8.14	5	100.00	12	24	0.0018787312570545112	0	0	0	0	0
0x6ef548e425f3bcf82b12172518c21223f6a992b4	6200	28.38	0.05	10.96	5	100.00	12	24	0.0005470759781989187	0	0	0	0	0
0x2b602b61b08336180a862a8aa96081e91da932c4	6200	28.25	0.13	25.51	5	100.00	9	27	0.0017255730055554253	0	0	0	0	0
0x51dcd4d4632149f8fdf9fca8c79700595e8034cd	500	28.14	1.18	95.28	2	12.50	0	181	0.049559187081316125	0	0	0	0	0
0x4deb56a42fc63650b2f0bfb9abe1850e3a091371	1000	28.06	954.81	36532.44	18	54.44	4	8	0.00006949094935223184	0	0	0	0	0
0x6542f4e37fa4269c2db6ad9bd3d51110ffb9e362	3100	28.00	0.69	99.27	1	89.00	0	196	0.12848584700320131	0	0	0	0	0
0x749e08eecb6009ae94888ba79cce3ebea81b40f3	600	27.87	0.13	54.70	1	11.00	0	55	0.029384901404938546	0	0	0	0	0
0x87b2210516c61dac03dfff0e1470bebf58a8ade6	6150	27.83	0.43	94.97	1	100.00	0	120	0	0	0	0	0	0
0x09c21b5778dda68f094b78ffd6c9a2f21284cac9	3650	27.82	1.15	300.66	1	80.00	0	113	0	0	0	0	0	0
0x79861150bc798bca8ea7ce4ec9cbc35721d535df	1000	27.78	0.80	350.43	1	11.00	0	71	0.09162624127796448	0	0	0	0	0
0x0a6cda092816be466d685fa8086a4ecdc42a746c	6150	27.77	0.02	9.06	2	100.00	0	24	0.012139692339818708	0	0	0	0	0
0x0a2451777d0269bb6cbbdfc8a0ceee1d2a457975	6150	27.77	0.02	8.36	2	100.00	0	24	0.012917861554134769	0	0	0	0	0
0x5be373f4e97bee464e90167905d993c027c68c11	6150	27.73	0.03	11.41	2	100.00	0	24	0.00023186142016906608	0	0	0	0	0
0xe5c5a11d1ad75f8a67ca36f2ec6fc4c4a9a1cdac	4400	27.72	19.77	4340.27	1	83.00	0	131	0.009637098742287797	0	0	0	0	0
0xf2842c6fc18f3070d3186664f45e06e1ce873663	1400	27.71	15.55	10239.90	1	30.00	0	27	0	0	0	0	0	0
0xef23497ea266b7f95a2f2d94f9a062d54f65e3f5	1500	27.66	0.36	79.30	1	82.00	0	125	0.00752603425973053	0	0	0	0	0
0x47f4e5ca3d84348004a531be3986c850b6e76e08	50	27.64	37.41	49407.42	1	100.00	0	1	0	0	0	0	0	0
0x3b1087fc6e88a59421aa85dd20dc110852e72e55	6200	27.63	0.10	17.01	6	100.00	7	22	0.004891671229917405	0	0	0	0	0
0x824abd5d5a34c3af46dd385b1c32483ec09aec32	6200	27.60	0.17	30.52	6	100.00	7	22	0.006415505180753141	0	0	0	0	0
0x99fcc3708e0239432fb37116b5fef524a4643183	6200	27.59	0.04	6.49	6	100.00	7	22	0.002102375186713301	0	0	0	0	0
0x28c974c18c6553b445c4b77f35d83f3499acf58f	250	27.56	0.01	13.13	1	100.00	0	1	0	0	0	0	0	0
0x47cf3216065840b831c343bb3445d753204cdbbb	450	27.50	90.07	59841.25	2	100.00	24	2	0.0016843179484860027	0	0	0	0	0
0xa4689a58c112a68ccce9b7e772f0d08b40fb2100	1500	27.43	701.64	32339.83	35	100.00	0	5	0.002023784556213532	0	0	0	0	0
0xc72c4a11b95a8b132a8390b0c14bd84ffa2be37f	150	27.39	16.76	10894.68	2	50.00	11	0	0.00003552663534467371	0	0	0	0	0
0xc600617e3a7ff1487aecfb026169a16433a10290	350	27.32	0.55	366.20	2	79.50	7	2	0.00947128655179319	0	0	0	0	0
0xb90ef76efd53ef0e0186307c9ae5ce4fe9911c99	2800	27.30	3.70	330.97	2	100.00	0	51	0.0039055302866686237	0	0	0	0	0
0x9a414b1eefacd52209e2a5cbc20e4d9ff1e280be	3000	27.17	0.90	173.43	1	85.00	0	154	0.0016267568543559818	0	0	0	0	0
0x04722123cc98c8a78f4d2851d2b363561af99edf	3050	27.12	18.16	6112.48	1	74.00	0	85	0.000916884635426829	0	0	0	0	0
0x42d9c1fb098b21a335c89f561a96b83de5bf8fd3	850	27.09	93.39	41270.97	3	77.33	10	4	0.0001315343307088194	0	0	0	0	0
0x42d9c1fb098b21a335c89f561a96b83de5bf8fd3	1200	26.95	31.57	42751.54	1	100.00	0	3	0	0	0	0	0	0
0x969b839eb4db8dddc61f9f676ad0b7063c10f82f	850	26.88	13.04	842.49	16	99.50	1	4	0.0055989213049889575	0	0	0	0	0
0xe840907f25ccde2980c2726fbed32504e99b212e	100	26.87	227.46	41764.54	8	46.25	20	1	0.0013444508747476047	0	0	0	0	0
0xe3bb042f9cc751afaf7c14fc0b2848fae17cb08a	450	26.87	3.59	2441.09	1	8.00	0	25	0	0	0	0	0	0
0x288a2395f027f65684d836754ba43afa20ca09e6	2400	26.84	5.07	6889.68	1	100.00	0	9	0	0	0	0	0	0
0xd9dc04a528722613da15c961039f523707407a78	400	26.57	0.28	296.85	4	100.00	18	1	0.0007794144652489843	0	0	0	0	0
0x5fc2a0359c61c087518e20fca736179d68382bc7	400	26.52	0.08	56.73	2	100.00	1	1	0.00006395572976214403	0	0	0	0	0
0x2c177735792af1f07b37fc44fb875c18be3fb4fc	7150	26.51	60.49	20823.26	1	92.00	0	76	0.004407430165787041	0	0	0	0	0
0x6495decdda0d5e7711b0dc2febf83c6c763dd7f1	50	26.31	0.21	142.74	1	0.00	0	27	0.03921955931811549	0	0	0	0	0
0x15d29d333c0b0cce23d78ab92fb4f3e51ef09ade	2550	26.13	31.33	10939.42	1	70.00	0	74	0.0036166139669835395	0	0	0	0	0
0xa788d847f4a0a3d7d7a453e6b1d0949a6477853d	100	26.07	0.04	50.13	1	100.00	0	1	0.0013344420140337654	0	0	0	0	0
0xc72c4a11b95a8b132a8390b0c14bd84ffa2be37f	50	26.00	1.06	1493.29	1	0.00	0	0	0	0	0	0	0	0
0x3f6eea20e0ce4a86c83fd5dad5c32e43e1251361	350	25.87	11.41	16097.93	1	100.00	0	2	0	0	0	0	0	0
0x2abdf6be97f113ec3d48b5de87d1350ec179dd55	50	25.86	0.05	39.61	2	100.00	0	0	0.0007791928153366712	0	0	0	0	0
0x96cc31b876c3c72262070bd1db56b3bbbb7c7694	4900	25.84	9.33	2197.44	1	100.00	0	134	0.005227979884281364	0	0	0	0	0
0xb40371df24b97dcec99e218b6fd646a7c37fb132	1250	25.81	0.40	186.44	1	19.00	0	57	0	0	0	0	0	0
0xbfd87846b7684fbaf22ff50430dec86ad3c033d3	4400	25.79	4.44	697.95	1	90.00	0	207	0.12283682318690037	0	0	0	0	0
0xb3fd64bb7a25843c59f209c7a96ac73c39116b86	200	25.66	6.63	1050.35	8	57.63	7	1	0.00024040976556449767	0	0	0	0	0
0xf89cb9b9b412feff16ca94c02db6faddccd51ce4	6200	25.57	10.41	14855.01	1	100.00	0	22	0	0	0	0	0	0
0x2139c0aefa2fa14c277ca7980594ef72764679aa	1350	25.51	1.75	500.00	1	14.00	0	113	0	0	0	0	0	0
0x9d2e29be44fb2c3d7afdbeb79f59f51224373aff	3000	25.49	1.72	351.66	1	85.00	0	147	0	0	0	0	0	0
0x2df4448882e192c4f2acc28afb5827c2d6cc63d1	250	25.48	0.00	0.91	2	100.00	0	1	0.00008358984810441505	0	0	0	0	0
0x05893d4c18b8b78bfac7f4f760c33a4bd9fea474	2550	25.48	1.10	525.61	1	42.00	0	48	0.010051509771058509	0	0	0	0	0
0x83c1049fd0e07ae545c051389251cae5b4285c6f	100	25.47	0.51	189.89	2	88.50	23	1	0.0010427019128067538	0	0	0	0	0
0x1a129f9281c32111bf109aea06ad0f68afeefaf5	350	25.23	0.32	465.41	1	100.00	0	1	0.0027914543938800662	0	0	0	0	0
0xedffe5011ab6093cbd3a176c63fe5d8e0d536404	550	24.92	4.62	3409.10	2	59.50	0	3	0	0	0	0	0	0
0x294125ebe0a93815a68e0165935c521275e2dc1e	2500	24.91	1116.14	327113.50	1	77.00	0	108	0	0	0	0	0	0
0x32d6463b35d89ae1b0e9560f34d207c2d523090e	50	24.87	0.76	1110.98	1	32.00	0	3	0	0	0	0	0	0
0xdef3ac919c6a1f14dec832455fe71c273e9a20e8	3000	24.87	0.50	183.93	1	69.00	0	72	0.005445581664642596	0	0	0	0	0
0xb0bada5d45d939a03c6d211d24a61a4418d7cd13	1800	24.52	7.07	5066.78	3	95.00	2	54	0.009284022754196819	0	0	0	0	0
0xb27f17043f26bf21ecbb4498908bd5f2f866b757	1950	24.35	0.00	0.60	1	21.00	0	80	0	0	0	0	0	0
0xf8a5089ef0eb09183e22f557936134ba20191450	1750	24.24	6.62	9970.60	1	45.00	0	11	0.04036619237935968	0	0	0	0	0
0x0be8b961cbf6564bd1931b0803d35c0659e0d016	50	24.14	0.12	89.62	2	0.00	0	0	0	0	0	0	0	0
0x018c91f9f3b8fefa2ad4f583555c389586ab037e	6200	24.08	0.04	9.55	6	100.00	7	22	0.004940616015782402	0	0	0	0	0
0x4334703b0b74e2045926f82f4158a103fce1df4f	6200	24.01	26.91	5843.69	1	85.00	0	155	0	0	0	0	0	0
0xc16c5955d9ec50c237e5e66f859c5e3f5a825582	6150	23.84	0.01	7.80	1	100.00	0	13	0	0	0	0	0	0
0x73e2f7bcc702638876aaef814e660a52b8299cdb	600	23.65	0.22	337.41	1	15.00	0	13	0	0	0	0	0	0
0x4d2f4ce24a5dc999ce6300a8528029992145059b	400	23.55	31.91	22715.86	2	99.00	142	3	0.0000444280520539575	0	0	0	0	0
0x381dbcc8888642ef87da499aeee039b074768c1e	500	23.35	1.10	1722.17	1	64.00	0	2	0.009208907285751522	0	0	0	0	0
0x7f9adb20217a0dabd313123c03421b58952fd740	5050	23.30	6.80	2129.44	1	78.00	0	102	0	0	0	0	0	0
0xe8a0c3f794640ffdad7855dfc7d8351e867f7b9c	800	23.11	1.28	2017.49	1	61.00	0	3	0	0	0	0	0	0
0x47cf3216065840b831c343bb3445d753204cdbbb	300	23.10	427.71	47617.92	14	92.86	4	1	0.00030494507697003445	0	0	0	0	0
0x47cf3216065840b831c343bb3445d753204cdbbb	150	22.94	90.20	47697.35	3	100.00	13	1	0.0002220930148381465	0	0	0	0	0
0xa83c6a80f54aaaa1163e53834e7ff47717eb12c8	300	22.92	1.74	2770.60	1	100.00	0	1	0	0	0	0	0	0
0x603074a6311fa9b74ae3b70964ec2d5765cba6f6	6200	22.91	0.03	5.96	5	100.00	9	22	0.0005473985440684892	0	0	0	0	0
0x6c4529e615b21b662b4103a916188c0813ecadde	100	22.70	66.91	35381.73	3	65.33	0	1	0.0002713852457943607	0	0	0	0	0
0xe702fa35674e54a446fd5cb783286ae872fcbe16	300	22.65	2.81	2335.21	2	81.00	0	1	0.006406937782460487	0	0	0	0	0
0xedffe5011ab6093cbd3a176c63fe5d8e0d536404	400	22.38	9.49	7552.49	2	85.50	21	1	0.0031233262485164115	0	0	0	0	0
0x8111df3c7085f308446498915d95afdde472c65a	400	22.38	0.74	1214.02	1	100.00	0	1	0.00003975019677859848	0	0	0	0	0
0xeef6f14ff9977ab50c3035c527f33e94c0d2b864	3000	22.21	3.07	560.26	1	88.00	0	195	0	0	0	0	0	0
0xed428d0034a66e2ff2fc2f7a1bd5da35009e2d89	150	22.16	1.58	678.27	3	0.00	23	1	0	0	0	0	0	0
0x500d3db7361e7f613e13426566b8464abfd559e0	2250	22.00	110.84	183869.74	1	100.00	0	4	0	0	0	0	0	0
0xbe8b9632427c1bead1434706da83f5296075f131	1500	21.96	0.06	31.95	1	65.00	0	64	0.009604529990780986	0	0	0	0	0
0x001aa2b66198f3933a7c65dec814893330b23ccc	4900	21.78	13.58	4551.26	1	79.00	0	103	0	0	0	0	0	0
0x92694d62feaddb49b5ab9a533547691e4bc6b62f	2650	21.78	0.94	525.98	1	64.00	0	62	0	0	0	0	0	0
0xd9b845a4ae5d69452315dddafe80de88dfe3f586	6200	21.71	0.05	13.23	1	85.00	0	143	0	0	0	0	0	0
0xd9dc04a528722613da15c961039f523707407a78	300	21.48	0.19	159.96	2	100.00	21	1	0.0007154927477659445	0	0	0	0	0
0x665d613a38553e37c49224c2a9de616a68620356	1500	21.31	0.98	840.14	1	100.00	0	31	0	0	0	0	0	0
0xe2cc7c92e564acdc07739287b397ef2078b00f0e	2100	21.30	1.19	2046.96	1	29.00	0	21	0	0	0	0	0	0
0xb2ef277f5346d9afcc3672882a8d20243599efc7	150	21.25	0.24	66.38	5	100.00	4	0	0.0001289584326547022	0	0	0	0	0
0x01fbcc0ba378acca5af3ec33ac7f6b86ac9aa809	6200	21.24	3.43	841.01	1	84.00	0	146	0	0	0	0	0	0
0xe42276ac38811ed4d51a8713f047cb35ed0e90e1	150	21.10	0.01	25.26	1	100.00	0	1	0.00010117507870388565	0	0	0	0	0
0xc5f5ea8b447c26200516caa6612754c13f713980	3600	21.09	83.11	20546.66	1	85.00	0	150	0	0	0	0	0	0
0xc8150527e5dae278d19a914d4bf48796d1cee480	400	21.07	3.20	459.85	2	7.00	0	179	0.11754940236193279	0	0	0	0	0
0xaa181e847cff42938377068cb72f466735a2759b	1500	20.86	3.27	1212.61	2	34.50	0	19	0	0	0	0	0	0
0xee07dea66e9284a8ddeae1db612f2ce0c4824cac	50	20.78	0.11	89.88	2	50.00	46	0	0.0003399700364226099	0	0	0	0	0
0xb0e38dfcf4a8a7f75cda386c95c389590f9404d5	300	20.78	5.12	1000.00	1	2.00	0	214	0	0	0	0	0	0
0x3cbe3b55d919f5da8b28b7d476211736a43fad33	450	20.64	0.47	208.54	1	6.00	0	78	0	0	0	0	0	0
0x7f9c107f7502c7c22472e6dd1bc08ee3b01fc4d6	100	20.39	523.69	2391.76	360	66.93	0	0	0.00011671450282845096	0	0	0	0	0
0x993b16320d16bb35ca328ceaeb1b7e93ba8c596e	1250	20.15	369.97	117698.14	2	30.00	118	30	0.006470298542682329	0	0	0	0	0
0xa5357cf5ab1de32be7157a5ce80bcb1bf96d66b5	2750	20.08	2.39	1084.60	1	72.00	0	79	0.000010082928358912113	0	0	0	0	0
0x36796b2c490ce1a249c1acad8a091143ef095560	300	20.07	0.50	459.00	2	100.00	3	1	0	0	0	0	0	0
0x0b87e6c1ecdc8338ee8cdac9307a1fad18964554	6200	19.52	0.00	2.11	2	93.00	0	93	0.03547133112113965	0	0	0	0	0
0xd7de266e4cfef24ccff95609dcaa023ce465b71e	300	19.52	0.16	289.82	1	0.00	0	1	0.00882464445393083	0	0	0	0	0
0x02039619366b8cb7a18d0a455074b5a9157c7c3f	200	19.41	0.08	141.49	1	100.00	0	1	0	0	0	0	0	0
0xe6bc5be9d0651a1238230bc84a5576eb2e0351f9	150	19.28	0.30	563.45	1	100.00	0	0	0.000029442655935518758	0	0	0	0	0
0x29fb076ba52cc8b2b12618198218d640864b7f0d	1850	19.25	0.43	806.52	1	100.00	0	3	0.018797544216875295	0	0	0	0	0
0xa5db0a647afc2189634bcb5d25270d5330051614	400	19.03	3.60	6901.96	1	100.00	0	1	0.0010318933219899407	0	0	0	0	0
0x9f5ec9dfb295dbe4fa6fbc9d3c571225aa0ba057	1500	18.94	10.77	4514.26	4	100.00	28	3	0.00008860154912249119	0	0	0	0	0
0x23404b031ecbb0ebbbc64bf235ddaf8fbd0e4f0b	350	18.77	0.56	1086.89	1	100.00	0	1	0.004719099836658636	0	0	0	0	0
0xe3da1ad4482ecc81964476200fcab7d036fcbc52	2250	18.75	0.51	1000.00	1	93.00	0	9	0	0	0	0	0	0
0xd1fef552bc076f4ef02216617bb2f3da421f4a7a	6200	18.67	84.20	23515.81	1	86.00	0	155	0	0	0	0	0	0
0x0bcf7b084613f1ca63fa47918cc5f3b383be4aab	800	18.46	0.99	975.76	1	23.00	0	26	0	0	0	0	0	0
0x4dfab43b22f45f1703a34c4f13f2a29428291117	50	18.36	16.35	4791.50	7	28.57	0	0	0.00018383781985439489	0	0	0	0	0
0x4d0d956d0b12f552bc684df3c5637e29c078e796	2150	18.04	0.34	227.17	1	59.00	0	71	0	0	0	0	0	0
0xf147f41f0dce5449d7de45e342e760b5af804926	9250	17.94	0.10	102.54	1	100.00	0	26	0.00028563204107490137	0	0	0	0	0
0x66c92528f1c46a75760bbbea8f0983c11254648c	600	17.62	0.16	113.43	1	11.00	0	70	0.01640000337147507	0	0	0	0	0
0xc56c3bc08e372ad3a71017c191ca0148184e672b	3000	17.53	1.75	3636.87	1	100.00	0	4	0	0	0	0	0	0
0xa4689a58c112a68ccce9b7e772f0d08b40fb2100	750	17.46	130.33	13220.67	19	70.63	8	3	0.002297736546743706	0	0	0	0	0
0x0b8f402ae25a4d5da17d24462df9a7bae4882d56	650	17.45	0.62	258.36	1	6.00	0	99	0	0	0	0	0	0
0x8b4a0374e9c6db71e9eabc935775f977d430ea71	1850	17.43	4.05	943.41	1	65.00	0	209	0.14878760894208032	0	0	0	0	0
0x969b839eb4db8dddc61f9f676ad0b7063c10f82f	450	17.37	6.30	1297.92	10	99.10	0	4	0.0017094582431465	0	0	0	0	0
0xe6bc5be9d0651a1238230bc84a5576eb2e0351f9	350	17.37	0.82	1731.24	1	100.00	0	1	0.0018109117705500388	0	0	0	0	0
0x0be8b961cbf6564bd1931b0803d35c0659e0d016	100	17.16	0.42	558.02	2	100.00	4	0	0	0	0	0	0	0
0xd9dc04a528722613da15c961039f523707407a78	200	17.10	0.12	86.78	2	50.00	24	0	0.00043276854398976994	0	0	0	0	0
0xd587431ebaf02eee30f3a4ec95d0fab90559d9a5	50	16.88	2.56	703.81	8	50.00	0	0	0.0002221645423419738	0	0	0	0	0
0xa788d847f4a0a3d7d7a453e6b1d0949a6477853d	200	16.52	0.20	441.09	1	0.00	0	0	0	0	0	0	0	0
0xd9dc04a528722613da15c961039f523707407a78	100	16.51	0.23	504.60	1	100.00	0	0	0.0008565483470945878	0	0	0	0	0
0x03aecfe78411ab3dbd17117e6b3c665a469187cd	4050	16.37	14.40	5352.63	1	100.00	0	120	0	0	0	0	0	0
0x6e202db1dae7f06e0d99223fd7f181f1257c0d02	100	16.25	14.60	8880.36	4	27.25	3	4	0.024015387261919208	0	0	0	0	0
0xf3721ed31119a5e167516b0d50cc39823cefe03e	4950	16.19	4.29	9676.96	1	100.00	0	10	0	0	0	0	0	0
0x77cadfc288973f8658d4cbd30eb41813d9567603	500	16.17	0.01	14.99	1	51.00	0	4	0.007534993611191254	0	0	0	0	0
0xc7707720ef0e135a8a18bc9defff42253584ae30	6150	16.16	0.01	0.81	2	100.00	0	73	0	0	0	0	0	0
0x54384e813145f49eb687e2f3893a10bf3d28f4e6	50	16.15	0.02	46.34	1	0.00	0	0	0.00017464366107722284	0	0	0	0	0
0xab4c1840c52ee2a62c510d27f8526c9f364be76d	6200	16.04	0.00	0.80	2	100.00	0	73	0.009230763665518671	0	0	0	0	0
0x41dffef58b798242ef7bec93e95b1b41825cb210	550	16.04	0.04	98.71	1	100.00	0	1	0	0	0	0	0	0
0x823836e7f5b67f1fea29bfa8ef022abdfcea763b	6200	16.02	0.01	2.40	2	100.00	0	73	0.009148414037862818	0	0	0	0	0
0x8aabfcd20dff30dfddd69c3b354be832e7d72032	2950	15.79	0.34	196.90	1	70.00	0	75	0.0021519212870635407	0	0	0	0	0
0xc72c4a11b95a8b132a8390b0c14bd84ffa2be37f	2800	15.72	0.86	1992.72	1	100.00	0	5	0	0	0	0	0	0
0xd653f2c70d6b104324e9fac4fd9e0885a92a7c12	3050	15.62	0.02	37.26	1	100.00	0	4	0	0	0	0	0	0
0x2d967a72b02dc3fad157eff67bdfa2b6c4d1ea8a	100	15.59	0.98	443.42	10	99.20	0	0	0.00024299157104890057	0	0	0	0	0
0xffc95714864c3060b16d22dcd7a83403a58326e4	1100	15.44	29.91	8839.02	1	8.00	0	187	0.11578079656701101	0	0	0	0	0
0xe840907f25ccde2980c2726fbed32504e99b212e	50	15.16	87.80	33928.66	6	33.33	28	0	0.0005232764822190225	0	0	0	0	0
0xf89cb9b9b412feff16ca94c02db6faddccd51ce4	5650	15.15	9.07	10927.37	1	100.00	0	24	0	0	0	0	0	0
0xe49b6ad5bf7ff7fa6b05b1ca43b3b054cf9e2480	3000	15.11	46.73	37622.23	1	58.00	0	52	0.008944240239117107	0	0	0	0	0
0xfea3f1699a9a9de8d44ddc6b31bf758c15231d0a	3000	15.09	0.97	260.07	1	88.00	0	196	0	0	0	0	0	0
0x7f9c107f7502c7c22472e6dd1bc08ee3b01fc4d6	200	14.95	48.31	3274.20	36	88.89	5	0	0.0003218940160791088	0	0	0	0	0
0xff2aa8d9caea8e672043e9bb3f712e6fb008acf6	300	14.83	0.21	105.31	1	3.00	0	100	0.06272342830069277	0	0	0	0	0
0x9674fc77a3f5773002877cae189a51ea89cc4316	200	14.51	8.77	22077.30	1	43.00	0	2	0.0064054252420064905	0	0	0	0	0
0x7e00c573fffc25a7721fa88e098d2f3de0a1feed	800	14.35	0.27	675.48	1	85.00	0	1	0	0	0	0	0	0
0xb2ef277f5346d9afcc3672882a8d20243599efc7	50	14.27	0.47	33.88	47	61.70	0	0	0.013021744395257077	0	0	0	0	0
0xbccd185ee48c45cc05752376e258a4f9759ac707	1250	14.23	1.45	1235.65	1	14.00	0	70	0.15914409367914217	0	0	0	0	0
0x5ebc02705044a408418502bab3157e47401bb84a	3050	14.18	0.35	100.95	1	89.00	0	196	0.12172874851460458	0	0	0	0	0
0xd9dc04a528722613da15c961039f523707407a78	250	13.99	0.05	125.64	1	0.00	0	0	0	0	0	0	0	0
0xdb44032276b3b4d12bc7805c1a91bad6cbc257fb	1200	13.96	5.39	795.19	17	100.00	0	10	0.007669899926812499	0	0	0	0	0
0x6d3db74acc629d4c818e4114f3e87c52fc7ab968	50	13.89	17.09	44914.13	1	0.00	0	1	0	0	0	0	0	0
0x02039619366b8cb7a18d0a455074b5a9157c7c3f	1050	13.81	0.06	149.22	1	100.00	0	1	0.0045211613167506215	0	0	0	0	0
0x3c7bc2bf27e0a91ecd97dba1325af61e4cf47efd	3050	13.78	993.99	2633520.03	1	100.00	0	7	0	0	0	0	0	0
0xf7bab8ab94a548046ca95253e5b306515f109779	1950	13.78	1.17	442.71	1	44.00	0	155	0.0041685590226769875	0	0	0	0	0
0xe6bc5be9d0651a1238230bc84a5576eb2e0351f9	6200	13.45	0.11	309.79	1	100.00	0	8	0	0	0	0	0	0
0x3a81cce57848c2b84d575805b75dbc7dc1f99ab1	400	13.44	25.81	35042.51	1	3.00	0	38	0	0	0	0	0	0
0x3d9b2c4f9a6ea3a9674a48e043f907da12669586	1800	13.34	0.63	214.92	1	14.00	0	189	0	0	0	0	0	0
0x40a33c746fde11faefd9fc112ad15571cd4e8d4c	400	13.33	7.23	3959.94	1	3.00	0	98	0.06918457004219114	0	0	0	0	0
0x0be8b961cbf6564bd1931b0803d35c0659e0d016	200	13.18	0.79	913.24	2	100.00	0	0	0	0	0	0	0	0
0xb2ef277f5346d9afcc3672882a8d20243599efc7	100	13.13	0.29	73.43	10	50.00	0	0	1.730352894302456e-7	0	0	0	0	0
0x3693c5a3de63828ac8e8ca656d9e2ed7b94c470c	950	13.02	0.61	1719.18	1	100.00	0	2	0	0	0	0	0	0
0x9006619071de3ed8867ab792f946bd6bc2262b6c	200	12.88	5.69	4103.62	4	100.00	9	0	0.00020513397291088697	0	0	0	0	0
0xc2c2ee4a83c070067baff81c4f4f63da42f2738d	2750	12.57	0.86	77.48	2	81.50	0	175	0.05974778793028657	0	0	0	0	0
0xb0233548e4e75caef9fb1dbd90802dc541cd5eff	3450	12.25	0.46	150.66	1	20.00	0	203	0.15773344160749936	0	0	0	0	0
0x316788969509e881f35c192d8d669bae14c1ae77	6200	12.25	0.37	274.58	1	76.00	0	91	0.0025954340417522204	0	0	0	0	0
0xf46b5e722000087b0f72521c465f712cbd41956e	850	12.07	15.70	23740.35	1	8.00	0	24	0	0	0	0	0	0
0x50f71121ca003c35a952fd461d8c84ccbc95184f	200	11.94	3.53	309.02	36	97.22	0	0	0.0002304192756405785	0	0	0	0	0
0xe832a0bcef937544e1dda15602cd224b94611415	1300	11.72	0.13	399.63	1	22.00	0	9	0	0	0	0	0	0
0x0bcf7b084613f1ca63fa47918cc5f3b383be4aab	1350	11.60	0.32	991.33	1	17.00	0	12	0	0	0	0	0	0
0xd065341029327373f1849bbdcf4fb501ac983163	50	11.33	0.24	769.36	1	0.00	0	0	0	0	0	0	0	0
0xb27f17043f26bf21ecbb4498908bd5f2f866b757	1550	11.28	2.06	1669.14	1	9.00	0	80	0	0	0	0	0	0
0x85ede864094e14a8da68f8e931cf9dd70918a051	6200	11.24	0.00	2.75	2	93.00	0	94	0.006956698027243968	0	0	0	0	0
0xe373e1648abedd4e5e549b8dd3c15ce217da54fa	50	11.21	0.10	112.75	3	0.00	55	2	0	0	0	0	0	0
0x671c813794612c22baefe47f01ac837d6ca2da91	50	11.19	0.03	83.86	1	0.00	0	0	0	0	0	0	0	0
0xec65a51040838948ebb648ad1c37e3aa38119033	550	11.13	0.16	170.61	1	12.00	0	50	0	0	0	0	0	0
0x8bac163321bd04c77d45cea5636051813e0a331c	400	11.08	15.45	16731.34	3	100.00	1	0	0.0007036716909158969	0	0	0	0	0
0x0ff4796b22abedb7e664cf05f957315fbaf662a3	2400	11.06	0.40	1307.09	1	100.00	0	9	0.002059682959143494	0	0	0	0	0
0xe702fa35674e54a446fd5cb783286ae872fcbe16	50	11.05	0.15	492.88	1	0.00	0	0	0	0	0	0	0	0
0x77738dbb9261bc53a9bbae1364163e414810054c	5650	11.01	1.09	721.45	1	81.00	0	113	0	0	0	0	0	0
0x7f9c107f7502c7c22472e6dd1bc08ee3b01fc4d6	150	10.92	77.96	2458.33	100	81.12	1	0	0.0004961915255625726	0	0	0	0	0
0x20ab852d7fe47d73ff33daac5a98ea34c136e229	800	10.84	10.65	1012.28	34	100.00	0	5	0.0030515040670652054	0	0	0	0	0
0xedffe5011ab6093cbd3a176c63fe5d8e0d536404	850	10.77	2.69	4595.66	2	59.50	0	3	0	0	0	0	0	0
0x2d967a72b02dc3fad157eff67bdfa2b6c4d1ea8a	400	10.19	0.00	6.29	1	100.00	0	0	0	0	0	0	0	0
0xcaddb35ce1683dffcd3e341950aff33e893bc3d6	3850	10.11	128.50	92754.76	1	79.00	0	113	0.000050655046224257205	0	0	0	0	0
0xf147f41f0dce5449d7de45e342e760b5af804926	7350	10.00	0.06	101.90	1	100.00	0	26	0.00010098774090305795	0	0	0	0	0
0x8ab86a46d61eb02e6d78adbaa0ee5ee16d766f06	1050	9.74	0.18	113.63	1	82.00	0	134	0.018418940527054062	0	0	0	0	0
0x38569e5f28921537499da81ed14d32b5b4ce95ae	50	9.58	26.12	92.08	661	48.66	0	0	0.00015975529589628808	0	0	0	0	0
0xa788d847f4a0a3d7d7a453e6b1d0949a6477853d	150	9.58	0.13	505.47	1	0.00	0	0	0.0001742597036114013	0	0	0	0	0
0x7e6d2ee06d242576ee6fcf3bdcdbeccef93852a1	1500	9.56	0.14	110.68	1	9.00	0	99	0	0	0	0	0	0
0x47cf3216065840b831c343bb3445d753204cdbbb	500	9.44	12.72	49168.38	1	100.00	0	1	0	0	0	0	0	0
0xf8a5089ef0eb09183e22f557936134ba20191450	2200	9.07	2.91	11724.61	1	100.00	0	2	0.0033500064452351985	0	0	0	0	0
0x042bd025ffbacbb06222b45aff42e076d0bf14ef	250	9.02	0.43	1755.03	1	0.00	0	1	0	0	0	0	0	0
0xc8f703369bec87121d0e1fc322217640e7265416	1800	8.86	0.02	64.61	1	100.00	0	1	0.0000026115691831307686	0	0	0	0	0
0x42d9c1fb098b21a335c89f561a96b83de5bf8fd3	300	8.83	10.88	44963.51	1	0.00	0	0	0.004813391773794695	0	0	0	0	0
0xf8a5089ef0eb09183e22f557936134ba20191450	2600	8.37	3.09	13479.68	1	100.00	0	3	0.006621022119279729	0	0	0	0	0
0x4d2f4ce24a5dc999ce6300a8528029992145059b	600	8.35	11.82	51677.62	1	100.00	0	1	0.006037747983456132	0	0	0	0	0
0x50f71121ca003c35a952fd461d8c84ccbc95184f	250	8.20	3.94	528.67	33	87.70	0	0	0.00012609375948531692	0	0	0	0	0
0xedffe5011ab6093cbd3a176c63fe5d8e0d536404	150	8.19	1.09	4859.62	1	100.00	0	0	0.0007814810793704829	0	0	0	0	0
0xf147f41f0dce5449d7de45e342e760b5af804926	6350	8.17	0.05	102.11	1	100.00	0	26	0.01133110984856689	0	0	0	0	0
0x82ae0868fd40b168aeaba8a5bb2f03fd6fb89357	150	8.07	0.02	98.56	1	100.00	0	0	0	0	0	0	0	0
0x6d3db74acc629d4c818e4114f3e87c52fc7ab968	250	7.91	9.53	43965.19	1	0.00	0	1	0	0	0	0	0	0
0x042bd025ffbacbb06222b45aff42e076d0bf14ef	400	7.83	1.66	2602.22	3	61.33	3	1	5.476304594983124e-9	0	0	0	0	0
0x0fb0dd3ac066046d89acb7cf27ac8d7f1f24e5a4	50	7.56	0.15	744.86	1	100.00	0	0	0.000058738797203972126	0	0	0	0	0
0x7fd22163ea11e6bff5dd57c4c80724363f7b4531	300	7.39	0.00	0.01	2	0.00	0	0	0.5341939712330768	0	0	0	0	0
0xf147f41f0dce5449d7de45e342e760b5af804926	8400	7.37	0.04	102.70	1	100.00	0	26	0.05476292274665395	0	0	0	0	0
0x4a4c0ba1a4cf50d6ca2854b85c688ee0ab034ea1	700	7.30	0.00	15.53	1	100.00	0	0	0.0013375295613626825	0	0	0	0	0
0xee19969c895ed50d6c1fd984a1bd1f50ba229e69	1500	7.20	0.79	4008.24	1	100.00	0	1	0	0	0	0	0	0
0x7c0db1be671517f97974664f7ac4f0b6ca8c36dc	6200	7.12	0.13	220.42	1	60.00	0	56	0.016184285507714335	0	0	0	0	0
0xba923841dac45b057982a138bc7d7a8f3d51c528	100	7.08	0.11	548.73	1	0.00	0	0	0	0	0	0	0	0
0xccf9e823a068ace4c8e605a391f1d6acda7d407d	650	6.97	4.51	9009.85	2	100.00	40	2	0	0	0	0	0	0
0x47f4e5ca3d84348004a531be3986c850b6e76e08	150	6.69	27.50	50000.00	3	33.33	50	1	0.0005977294756191279	0	0	0	0	0
0xed428d0034a66e2ff2fc2f7a1bd5da35009e2d89	350	6.68	0.41	737.85	1	31.00	0	65	0.017645598241888827	0	0	0	0	0
0x2550c71998b617e17fb7c007f34213b6734e446e	1150	6.59	2.24	1774.56	1	3.00	0	157	0	0	0	0	0	0
0xb3fd64bb7a25843c59f209c7a96ac73c39116b86	400	6.59	0.16	885.42	1	100.00	0	0	0.0010681584769467456	0	0	0	0	0
0x02039619366b8cb7a18d0a455074b5a9157c7c3f	1500	6.46	0.05	150.12	2	100.00	4	1	0.00033900602244840705	0	0	0	0	0
0x9cb9eb44e5ad0340f213e151d71e38380b85618d	2400	6.30	0.45	2623.76	1	100.00	0	2	0	0	0	0	0	0
0xf8a5089ef0eb09183e22f557936134ba20191450	2100	6.29	2.11	12228.00	1	100.00	0	2	0.0013184485248118882	0	0	0	0	0
0x8bf9b208a4aeaef60ce642d34fbe1d7c31ed335e	800	6.03	9.02	808.80	64	100.00	0	2	0.0011067543773154997	0	0	0	0	0
0x564d153f4be1520fcfab405a03909712697d643b	6200	5.91	0.02	11.69	4	91.00	24	22	5.552835968813952e-9	0	0	0	0	0
0xfadedfa1fd1a3f23947fa00448f74fd120092cc1	50	5.87	0.57	35.91	119	37.29	0	2	0.00310249778584207	0	0	0	0	0
0xccf9e823a068ace4c8e605a391f1d6acda7d407d	700	5.87	1.60	9925.72	1	100.00	0	0	0	0	0	0	0	0
0x7e6d2ee06d242576ee6fcf3bdcdbeccef93852a1	1250	5.82	0.02	110.68	1	4.00	0	23	0.07049010899944363	0	0	0	0	0
0xf4d553daa9db53afbbde0f537a098fdcb6dd0e85	950	5.79	0.10	604.90	1	100.00	0	1	0	0	0	0	0	0
0x6e69f2858165214ca5fc96572615c5d9283ac78e	1200	5.75	5.22	766.71	43	98.79	0	5	0.0022503185825260164	0	0	0	0	0
0x0e718d19e3039e56053d203929c953080d870f28	400	5.69	0.04	263.89	1	100.00	0	0	0.001047718853897095	0	0	0	0	0
0x924cafec4f967be5df085ad94d8d50574f9a2bb0	191150	5.51	877.35	830282.22	1	65.00	0	145	0	0	0	0	0	0
0x1f436ec91e50c1828533ec2ac9d3ba874f388f0f	400	5.50	0.09	204.38	3	35.33	43	70	0.06021968745751153	0	0	0	0	0
0x47f4e5ca3d84348004a531be3986c850b6e76e08	450	5.46	7.48	50000.00	1	100.00	0	1	0.000006069833702326832	0	0	0	0	0
0xcafe0099a4422a3862ee3612bb909c74fb767777	50	5.45	1023.67	131827.28	68	48.53	0	0	0.00007332564533204914	0	0	0	0	0
0x2d967a72b02dc3fad157eff67bdfa2b6c4d1ea8a	50	5.15	0.09	256.91	4	75.00	0	0	0.00004269841814563691	0	0	0	0	0
0x500d3db7361e7f613e13426566b8464abfd559e0	300	5.13	12.72	90615.39	1	100.00	0	0	0	0	0	0	0	0
0x969b839eb4db8dddc61f9f676ad0b7063c10f82f	400	5.06	0.37	1394.49	2	100.00	3	0	0.000006573918232000153	0	0	0	0	0
0xacb2c28c1a06932845c293fb6fc3572fcb0ab6c7	400	5.00	0.05	41.09	1	0.00	0	214	0	0	0	0	0	0
0x9cb9eb44e5ad0340f213e151d71e38380b85618d	1550	4.97	0.69	1014.89	1	14.00	0	102	0	0	0	0	0	0
0x65d4a7f67ddbcd15b5d719d0c60c6ea45ee1ebd3	650	4.65	0.49	3812.96	1	100.00	0	0	0	0	0	0	0	0
0xce694b747c51d4e668029fbe470c8adcab39c88b	150	4.64	0.00	21.37	1	0.00	0	0	0.0001710353454087432	0	0	0	0	0
0x4dfab43b22f45f1703a34c4f13f2a29428291117	400	4.58	1.24	9906.14	1	100.00	0	0	0	0	0	0	0	0
0x924cafec4f967be5df085ad94d8d50574f9a2bb0	3350	4.57	122.04	974148.25	1	100.00	0	1	0	0	0	0	0	0
0x4d2f4ce24a5dc999ce6300a8528029992145059b	350	4.50	0.77	6245.78	1	0.00	0	0	0.0002175501457313267	0	0	0	0	0
0x41443f0f6cb365fafff4d10f17d45db34f9f5fc6	1200	4.50	0.44	450.58	1	2.00	0	184	0	0	0	0	0	0
0xa7006a764b57b1cf08e166b7cf1e5bd93a8b59da	50	4.38	0.02	132.32	1	100.00	0	0	0	0	0	0	0	0
0x969b839eb4db8dddc61f9f676ad0b7063c10f82f	350	4.25	0.15	1319.26	1	100.00	0	0	0	0	0	0	0	0
0xcca479f40d815ac3ecfa5f5232eeb97b80458ebe	6200	4.21	0.01	112.19	1	100.00	0	3	1.2759505674253546e-7	0	0	0	0	0
0xb0e8cafe077b51ede43383b0e428e5b5c510dd01	50	4.20	9098.24	375059.00	282	53.56	0	0	0.007353738070452995	0	0	0	0	0
0x7fd22163ea11e6bff5dd57c4c80724363f7b4531	100	4.20	0.42	226.68	13	53.85	2	0	0.04196385499222444	0	0	0	0	0
0xe47eef45fad382f39d67795c31cff5eb3cf487c9	400	4.12	0.07	629.93	1	100.00	0	0	0.0007601071353890987	0	0	0	0	0
0x42d9c1fb098b21a335c89f561a96b83de5bf8fd3	550	4.04	2.71	24454.76	1	100.00	0	0	0.00011415678699000509	0	0	0	0	0
0xe45d244d7089d5bbef53168e1035feff483b83c5	2550	3.93	0.14	1308.47	1	15.00	0	6	0	0	0	0	0	0
0xe45d244d7089d5bbef53168e1035feff483b83c5	2400	3.89	0.14	1308.47	1	0.00	0	4	0	0	0	0	0	0
0xedffe5011ab6093cbd3a176c63fe5d8e0d536404	1150	3.31	0.41	4509.40	1	100.00	0	0	0	0	0	0	0	0
0x4deb56a42fc63650b2f0bfb9abe1850e3a091371	400	3.16	9.50	36532.44	3	33.33	0	0	0	0	0	0	0	0
0xb3fd64bb7a25843c59f209c7a96ac73c39116b86	100	3.08	0.18	791.09	2	0.00	43	3	3.2990277176736527e-11	0	0	0	0	0
0xb2ef277f5346d9afcc3672882a8d20243599efc7	400	3.07	0.00	4.97	1	100.00	0	0	0	0	0	0	0	0
0x54ddda0698b2ba4a8c19aebeb6289b230e3ae865	1500	2.85	0.08	1073.18	1	100.00	0	0	0	0	0	0	0	0
0x4c83b3817184910bc3004cf8ec87ca0bf9d8da47	500	2.62	0.08	1066.65	1	0.00	0	1	0.002047636357838112	0	0	0	0	0
0x65d4a7f67ddbcd15b5d719d0c60c6ea45ee1ebd3	350	2.50	0.29	4273.23	1	100.00	0	0	0	0	0	0	0	0
0xe3a8b5b9cc06987d030f021ca189f0cd7380ef41	50	2.17	29851.20	104374.61	5390	49.83	0	0	0.0009208217311233614	0	0	0	0	0
0x4a50b5e8bcc00748f78724f4550fb683324a1125	1850	2.00	0.19	1769.17	1	4.00	0	28	0	0	0	0	0	0
0xedffe5011ab6093cbd3a176c63fe5d8e0d536404	1550	1.99	0.18	3286.93	1	100.00	0	0	0.0005607123393147617	0	0	0	0	0
0x58ec21b91fc3cb10695bb2a7c77398ecad548c4a	1500	1.97	0.20	3755.49	1	100.00	0	0	0	0	0	0	0	0
0xb0233548e4e75caef9fb1dbd90802dc541cd5eff	3300	1.96	0.03	53.20	1	2.00	0	203	0.1433809182289525	0	0	0	0	0
0x3b179c647b1a5bb6a40ab15a29f6ac860d9255c5	400	1.90	0.00	80.96	1	100.00	0	0	1.7926771178622403e-10	0	0	0	0	0
0x7fd22163ea11e6bff5dd57c4c80724363f7b4531	1000	1.80	0.00	0.01	2	100.00	0	0	0.2623043471591924	0	0	0	0	0
0x993b16320d16bb35ca328ceaeb1b7e93ba8c596e	850	1.76	14.46	300252.32	1	100.00	0	1	0	0	0	0	0	0
0x2252575686580fe0f7e1fcf7a7282caf295972e8	200	1.75	0.82	17164.45	1	100.00	0	0	0.00018146090422499483	0	0	0	0	0
0x9ad7437fe2d18868febced3a3d1acf96669162e1	50	1.70	0.11	270.11	8	12.50	0	0	0.00015919885920090415	0	0	0	0	0
0xedffe5011ab6093cbd3a176c63fe5d8e0d536404	2100	1.54	0.18	4292.71	1	100.00	0	0	0	0	0	0	0	0
0xb8eb33115aaaead8385e79163d67ab1cb3e88948	1500	1.51	0.07	1698.91	1	100.00	0	0	0.00038466512151114074	0	0	0	0	0
0xff3ffe39ac9cd85b9d9ab97d34cd251972c1d78b	2650	1.45	0.16	3984.62	1	100.00	0	0	0	0	0	0	0	0
0x9ff05103c0048243f5ec0f9070160143448eea8f	50	1.24	148.62	232107.16	20	100.00	0	0	4.64628335805628e-12	0	0	0	0	0
0x7fd22163ea11e6bff5dd57c4c80724363f7b4531	5300	1.24	0.00	0.85	1	100.00	0	1	0.00015059617674006986	0	0	0	0	0
0x22a5eb20a9692522c898a96739e663e810fb5d92	450	1.18	0.03	932.69	1	100.00	0	0	0	0	0	0	0	0
0x3c7bc2bf27e0a91ecd97dba1325af61e4cf47efd	1900	1.17	39.96	1248714.68	1	100.00	0	0	0.000940449319430936	0	0	0	0	0
0x63195ad94469b764d598bd066ec9cb29f7b36e8e	50	1.17	0.04	1254.59	1	0.00	0	0	0.00036199929666080877	0	0	0	0	0
0x098b63ee01e0697e7e986f7cfbe11ed063e100c1	8350	1.14	2.04	65461.24	1	100.00	0	1	0	0	0	0	0	0
0x005f90797b3df1e67918619669b40eba901cca07	3350	1.12	0.01	188.91	1	100.00	0	0	0	0	0	0	0	0
0x9b73f9c5642579be0d35dd4e685f7926f8fe8681	600	1.07	0.04	1470.89	1	100.00	0	0	0.0008462275304488287	0	0	0	0	0
0xd50cf3848619e7463374f55a783e9264b8d59a90	250	0.91	3236.17	2255729.91	32	50.16	3	73	0.00012553695789944974	0	0	0	0	0
0x969b839eb4db8dddc61f9f676ad0b7063c10f82f	1050	0.89	0.00	19.15	10	100.00	0	0	0.00003384406437545451	0	0	0	0	0
0xedffe5011ab6093cbd3a176c63fe5d8e0d536404	750	0.84	0.12	5286.99	1	0.00	0	0	0.0003384474987044861	0	0	0	0	0
0xe47eef45fad382f39d67795c31cff5eb3cf487c9	500	0.81	0.02	759.99	1	100.00	0	0	0.000620059895295455	0	0	0	0	0
0x54d1f1895026e84e4672d09c3e759a4fd847e497	1500	0.79	0.01	230.39	1	100.00	0	0	0	0	0	0	0	0
0x0db26325f93fe9f3740ec2bd79101f67de287a99	400	0.78	0.00	0.08	1	100.00	0	0	8.56700710372138e-8	0	0	0	0	0
0xed428d0034a66e2ff2fc2f7a1bd5da35009e2d89	300	0.76	0.04	1139.47	2	0.00	13	0	0	0	0	0	0	0
0x1297ad486549a430d59d9d5f99ed7c216b6e77dd	1400	0.74	3.65	36159.67	1	1.00	0	110	0.1699591999872574	0	0	0	0	0
0x37296990f12c03b70164aa69843c2c2787b3c03a	400	0.73	0.00	2.06	1	100.00	0	0	0.00015742862827794468	0	0	0	0	0
0x9cd77917ddb112d8c61b2e3d4b4fd1209a346611	650	0.72	0.80	40954.06	1	100.00	0	0	0	0	0	0	0	0
0xb2ef277f5346d9afcc3672882a8d20243599efc7	1000	0.71	0.01	92.27	3	100.00	0	0	0.000028933685395730418	0	0	0	0	0
0x807b755d5374769dd5282a05ebaca84ca70af607	1750	0.67	0.30	8109.14	1	0.00	0	27	0	0	0	0	0	0
0xc5caec1095aedb23e6f80a6e8f83424b884875ce	400	0.64	0.00	0.96	1	100.00	0	0	0	0	0	0	0	0
0x50f71121ca003c35a952fd461d8c84ccbc95184f	500	0.62	0.08	182.72	26	100.00	0	0	0.00003287224202499836	0	0	0	0	0
0xb2ef277f5346d9afcc3672882a8d20243599efc7	200	0.49	0.00	94.30	1	100.00	0	0	0	0	0	0	0	0
0xc90cf020ebadb85ea19b4837c2e1b4c3b7c88100	2800	0.48	0.00	0.57	2	94.00	15	89	6.990424905595205e-8	0	0	0	0	0
0x167810e72ad86f6076749abfcca9057cf7f16c5e	400	0.44	0.03	1171.78	2	0.00	0	0	0	0	0	0	0	0
0x85da627a9033abb6f34ee284a3598e183feda9c0	400	0.37	0.00	2.88	1	100.00	0	0	0	0	0	0	0	0
0x43e080ef535d8e3f89eabe67d12af90640ba2448	450	0.35	0.15	15104.06	1	100.00	0	0	0	0	0	0	0	0
0x7cde2bc8d433d723b07eb6af9ed9bbe0dbb6dc3f	3050	0.35	0.01	104.33	1	88.00	0	186	0	0	0	0	0	0
0xd9e38d3487298f9cfb2109f83d93196be5ad7cd3	400	0.26	0.01	166.59	1	49.00	0	132	0	0	0	0	0	0
0xedffe5011ab6093cbd3a176c63fe5d8e0d536404	700	0.25	0.04	5292.54	1	0.00	0	0	0	0	0	0	0	0
0xc72c4a11b95a8b132a8390b0c14bd84ffa2be37f	800	0.20	0.03	5920.02	1	0.00	0	4	0.004644932478259367	0	0	0	0	0
0x294125ebe0a93815a68e0165935c521275e2dc1e	2550	0.17	1.52	326928.66	1	0.00	0	0	0.0009589356067651877	0	0	0	0	0
0xd653f2c70d6b104324e9fac4fd9e0885a92a7c12	1500	0.17	0.00	120.69	1	100.00	0	0	0.000009169698411692906	0	0	0	0	0
0x0fcc57b257592dcc1767beef7f0548ca7d5764d1	400	0.13	0.01	4129.02	1	100.00	0	0	0	0	0	0	0	0
0x6e7803f9548c41ce5cd06d180c2df2e4731e6b2a	4850	0.09	0.00	21.46	1	100.00	0	0	0	0	0	0	0	0
0xa81698817f79d2894a5ee806d3634a3811c6abf4	2000	0.05	0.00	1.31	1	79.00	0	104	0	0	0	0	0	0
0x7fd22163ea11e6bff5dd57c4c80724363f7b4531	6200	0.03	0.00	1.17	6	100.00	2	0	0.000002867672010964384	0	0	0	0	0
0xddd54d4d71ff9ad625d8e90dc6ddeafeeb5632ba	400	0.03	0.00	25.39	1	28.00	0	81	0.00025114359127886843	0	0	0	0	0
0x7644ef24d9c05eef2bf6b323c6698f3f01b4ae47	400	0.03	0.00	0.21	1	9.00	0	188	0.13254530739528203	0	0	0	0	0
0x7fd22163ea11e6bff5dd57c4c80724363f7b4531	6150	0.02	0.00	1.18	4	100.00	3	0	6.302493527066133e-8	0	0	0	0	0
0xc2c2ee4a83c070067baff81c4f4f63da42f2738d	2900	0.01	0.00	8.28	1	84.00	0	146	0	0	0	0	0	0
0xbb6c02e3deefa950a6b34ef032c5b2a2847c592b	6200	0.01	0.00	2.48	2	94.00	0	93	0.06271755805814516	0	0	0	0	0
0x405a6a09f510438cba42d5f318000cfd18fba165	6200	0.01	0.00	2.56	2	93.00	0	82	0.010394960939452691	0	0	0	0	0
0x0af49c8c51c8013ed048852beab90a157661b005	6200	0.01	0.00	2.51	2	93.00	0	81	0	0	0	0	0	0
0x7cab66ad3b5ab40cff2d73ef19d10ac78413924c	6200	0.01	0.00	2.69	2	93.50	0	81	0.006534393502793945	0	0	0	0	0
0x3592009ba36ece24f24605f71a7fc4b8a8f7b94e	6200	0.01	0.00	2.26	2	93.00	0	81	0	0	0	0	0	0
0xfba98cccf3dbcf30f1048784ad3dc234f5075a85	6200	0.01	0.00	1.39	2	93.00	0	81	0.006348900605590568	0	0	0	0	0
0x47f2d21dd1c77030a4f34f6a0447ae44f13e9073	6050	0.00	0.00	354.62	1	71.00	0	76	0.00003454921809753486	0	0	0	0	0
0xe50c9c15750daf945178d4ee1f27dc13ecb74f1d	600	0.00	0.00	1376.88	1	1.00	0	216	0	0	0	0	0	0
0x5100d689ec1fb2d8feede24993f80d2a4a23d132	1450	0.00	0.00	868.27	1	19.00	0	215	0.31744697470230676	0	0	0	0	0
0x3f1f2bc7c5721eca7c5ad991f7e07f52796ef0ad	400	0.00	0.00	0.01	1	1.00	0	214	0	0	0	0	0	0
0x046a085f0b6a61c57beec73135a4ef91617c3430	1200	0.00	0.00	1647.49	1	7.00	0	214	0.2307333392313149	0	0	0	0	0
0xb066df06a33ddd72ec5d23d42caf152b74ad9e66	50	0.00	0.00	23611.61	2	49.00	64	1	0.0008593242475873897	0	0	0	0	0
0xb066df06a33ddd72ec5d23d42caf152b74ad9e66	300	0.00	0.00	3443.62	1	0.00	0	6	0	0	0	0	0	0
0x5aac153c1d3552bd81590f5de5102c4a1a3a08ed	800	0.00	0.00	836.23	1	0.00	0	2	0	0	0	0	0	0
0x735c9f1d619bc83560f2b23b6c6f35ba159f57b8	400	0.00	0.00	0.84	1	0.00	0	23	0	0	0	0	0	0
0x2d4888499d765d387f9cbc48061b28cde6bc2601	400	0.00	0.00	0.20	1	6.00	0	210	0	0	0	0	0	0
0x31be92cd745c622133f195a63ded70f1e41d6c98	3000	0.00	0.00	376.42	1	90.00	0	210	0.15175175582912148	0	0	0	0	0
0x47f4e5ca3d84348004a531be3986c850b6e76e08	800	0.00	0.00	100000.00	1	100.00	0	0	0	0	0	0	0	0
0x3ed69b5b6c8ef95eac83c149f1dbf2c60c39d0ca	2000	0.00	0.00	35126.17	1	89.00	0	208	0	0	0	0	0	0
0xf1bd2566ec71179e78e3712b782e9585a039e584	15600	0.00	0.00	1.00	1	25.00	0	208	0	0	0	0	0	0
0xbefb548a6f0cef90128a75db9be9368793804f62	5450	0.00	0.00	24.60	1	89.00	0	207	0	0	0	0	0	0
0x6205f8323b261c225221d94310d720c9b81c466e	1150	0.00	0.00	1726.71	1	0.00	0	0	0.00025138792879575433	0	0	0	0	0
0x6205f8323b261c225221d94310d720c9b81c466e	1200	0.00	0.00	1725.27	1	0.00	0	0	0	0	0	0	0	0
0x6b829179ce2d8cf88a6df95137e5599330e89e21	400	0.00	0.00	0.01	1	20.00	0	204	0.11593211081384336	0	0	0	0	0
0x91175fc924b9dcad3f7ccef6b240812cb54b5990	5350	0.00	0.00	59.51	1	89.00	0	204	0.12346530638157605	0	0	0	0	0
0x00fe994594bacfb5c07f54b873a096b0e9d2cc94	5350	0.00	0.00	140.90	1	89.00	0	204	0	0	0	0	0	0
0xbb3674167e4f80accaec1092446687929e4d9cf4	400	0.00	0.00	0.02	1	16.00	0	204	0	0	0	0	0	0
0x8ce01cf638681e12affd10e2feb1e7e3c50b7509	400	0.00	0.00	0.10	1	18.00	0	201	0.10923880917795836	0	0	0	0	0
0xf881c1fb83f11e786e2a7cd9a2ee26b2972432be	16650	0.00	0.00	0.05	1	68.00	0	201	0	0	0	0	0	0
0x847638e710c74077d2589ad844505e32368df05c	1000	0.00	0.00	5413.49	2	51.50	0	100	0.0023359325037775047	0	0	0	0	0
0x7b982d94ea0019aacd6a49d999c9fbaa023375ba	3000	0.00	0.00	2865.84	1	89.00	0	200	0.13893293864295497	0	0	0	0	0
0xed095213c45026b9d87bd7448f3e8d4ca1e7deeb	3000	0.00	0.00	19.88	1	89.00	0	199	0	0	0	0	0	0
0xe15446570585e178c097de0d80cd416ef15183c8	6200	0.00	0.00	184.25	1	89.00	0	198	0.1798302515136685	0	0	0	0	0
0x5957145fab56dfe5af988a4f55eda4b205922c1d	300	0.00	0.00	4919.00	1	0.00	0	198	0	0	0	0	0	0
0x5957145fab56dfe5af988a4f55eda4b205922c1d	400	0.00	0.00	4919.00	1	0.00	0	198	0	0	0	0	0	0
0x5957145fab56dfe5af988a4f55eda4b205922c1d	800	0.00	0.00	7378.50	1	0.00	0	198	0.17329580313003579	0	0	0	0	0
0x096f92f264faf13643d887f9d556f13813a5a97a	3000	0.00	0.00	0.19	1	89.00	0	197	0	0	0	0	0	0
0x6e79ee9b9c7257f8e3bed36c2e9c8ba8c3f7a14c	3000	0.00	0.00	51.63	1	89.00	0	197	0	0	0	0	0	0
0xe45d244d7089d5bbef53168e1035feff483b83c5	1750	0.00	0.00	1308.45	1	0.00	0	0	0.0005325267359856944	0	0	0	0	0
0x6e43ba61b8c788610017588835159d545643c58a	850	0.00	0.00	828.85	1	0.00	0	42	0.10003375230440703	0	0	0	0	0
0xba21ddec7247d07f7a285f82b35d2c9c14d7bcb7	2050	0.00	0.00	748.13	1	87.00	0	196	0	0	0	0	0	0
0x01337a450fef80c8f97bb192adef29d2500ab2ad	1700	0.00	0.00	444.11	1	89.00	0	194	0.09641002683531408	0	0	0	0	0
0x7fec24bbcaf8821e80147e9b4c892091a25f1238	6200	0.00	0.00	32.46	1	88.00	0	193	0	0	0	0	0	0
0xfebfec26811fb24294dc70819979a5206ac3cd23	3050	0.00	0.00	56.68	1	89.00	0	193	0.12207216462463144	0	0	0	0	0
0x775c9ced04aea9d9ac19be46cbce5909ec90ee37	3050	0.00	0.00	62.70	1	89.00	0	193	0.12207291760015782	0	0	0	0	0
0xcc6208d606da891d81f757e384899dab83f5211d	1300	0.00	0.00	5205.65	1	81.00	0	193	0	0	0	0	0	0
0x4ff99787619274cca67ceb06aa332fd033221090	1500	0.00	0.00	117.58	1	84.00	0	192	0.06796288820322127	0	0	0	0	0
0x0d78a03c6bfda9576f9a0f85212db8478f91ef68	5400	0.00	0.00	596.87	1	17.00	0	192	0	0	0	0	0	0
0x9485b5d1af489f4e23196a7949b211d6ac2378c1	3000	0.00	0.00	38.64	1	88.00	0	191	0	0	0	0	0	0
0x5b5886b20c831eef2efb4b572f535c4ef33570f7	3000	0.00	0.00	152.28	1	88.00	0	190	0	0	0	0	0	0
0x722ea2c01ce371f0db9b015beb4acfd53075b354	100	0.00	0.00	0.54	1	6.00	0	189	0.13177411779583537	0	0	0	0	0
0x4d703cc694ec5df70bbfa67b9da0f17eef93eb0e	1750	0.00	0.00	99.62	1	11.00	0	189	0.11736017589710768	0	0	0	0	0
0xc28b9e3aa4788570fc2b06307bd79310320d6100	1900	0.00	0.00	96.94	1	16.00	0	189	0.1262008991025354	0	0	0	0	0
0x449825835a87f4f1edae309236eb1df260d25e72	1900	0.00	0.00	110.86	1	14.00	0	189	0.12747522282307022	0	0	0	0	0
0x9d731c2b3c460d6518a66c4cc8d9a7b0bd2b434c	300	0.00	0.00	2585.80	1	1.00	0	188	0.12435999731894576	0	0	0	0	0
0xaf62cb7c7b43172a4986091f98ad94aaca049a53	6200	0.00	0.00	1.14	2	88.00	0	186	0	0	0	0	0	0
0xc4ed772ac9426819e6d0136d055783a99ef61a6c	6200	0.00	0.00	2.30	1	88.00	0	185	0.12524687497572629	0	0	0	0	0
0x723e3db71b07ad2f78cfc08e60b0ab1cd3f83404	6200	0.00	0.00	0.00	1	88.00	0	185	0.12524687497572629	0	0	0	0	0
0xb255fa250cccc4535639f0a2430f8479044b1462	1600	0.00	0.00	49408.33	1	100.00	0	0	9.321300398212884e-8	0	0	0	0	0
0x6e4ad886bd1e456a07ce9a6bce472e83d9bedf31	400	0.00	0.00	0.02	1	9.00	0	185	0.1289917954231612	0	0	0	0	0
0x4bc70be462c42c7533ac279e6c846b3fa752ca47	1500	0.00	0.00	546.94	1	41.00	0	184	0	0	0	0	0	0
0x582b547593018902eb5335e790557da2a13228af	400	0.00	0.00	11.04	1	7.00	0	182	0.1198690062316099	0	0	0	0	0
0xdefdae6c629e7c06f5728b2c3ae39aec63d44fe9	2150	0.00	0.00	2.96	1	32.00	0	182	0	0	0	0	0	0
0xb768d225b4a7571c775b71c195d455312c280dca	1500	0.00	0.00	16.61	1	40.00	0	181	0.12609080736188938	0	0	0	0	0
0x24aad82f5d891684a0bd8dde6b97b5acc17de5fa	400	0.00	0.00	0.02	1	6.00	0	181	0.1316898368087016	0	0	0	0	0
0x110d2975b8c320baa1fa4e0caadad7aaf69969a9	400	0.00	0.00	0.02	1	6.00	0	181	0.1316898368087016	0	0	0	0	0
0xffdc66342e614d61c0d3aec719e6c87d0d5e39e5	400	0.00	0.00	0.02	1	6.00	0	181	0.1316898368087016	0	0	0	0	0
0xf9a846f097693d470b3466a301a1ee12fa8bafb3	400	0.00	0.00	0.02	1	6.00	0	181	0.1316898368087016	0	0	0	0	0
0xbaf7bd114d7414861dbdf09bbec9fa0ca90f3366	400	0.00	0.00	0.02	1	6.00	0	181	0.1316898368087016	0	0	0	0	0
0x7bad5a12fecdc20ea788744e44e807d5d863f298	400	0.00	0.00	0.02	1	6.00	0	181	0.1316898368087016	0	0	0	0	0
0x7c3c209f0d6139094f1dbd0948ebc74f692da034	2400	0.00	0.00	33449.20	1	0.00	0	21	0.06091667376963983	0	0	0	0	0
0x098b63ee01e0697e7e986f7cfbe11ed063e100c1	3750	0.00	0.00	65050.52	1	88.00	0	179	0	0	0	0	0	0
0xbefb548a6f0cef90128a75db9be9368793804f62	15550	0.00	0.00	71.42	1	88.00	0	179	0.12056297543372452	0	0	0	0	0
0x6022b9550cb1a27b9e6cd1b9e4301356b889dc1a	400	0.00	0.00	0.00	1	4.00	0	178	0	0	0	0	0	0
0xe0014ea1c0040d4acbc087617a457975ff44381e	500	0.00	0.00	78.79	1	3.00	0	178	0	0	0	0	0	0
0xd7407fd10f6b27ddf892bdd378006dcd2316a9d7	150	0.00	0.00	378.24	1	0.00	0	13	0.08818371030263616	0	0	0	0	0
0xd4386a878b76715537b2f030f11a4ac933906daf	2800	0.00	0.00	0.43	1	87.00	0	177	0	0	0	0	0	0
0x7655b0a635568bd6fee95fbd9280c63513adb135	400	0.00	0.00	0.02	1	8.00	0	177	0.11688092572885722	0	0	0	0	0
0x47912b2b660f619574bd8b9173a93ed7f903c3fd	400	0.00	0.00	0.02	1	8.00	0	177	0.11688092572885722	0	0	0	0	0
0x316463dd4b52be611589371c8ebfc11b99fb0e83	400	0.00	0.00	0.02	1	8.00	0	177	0.11688092572885722	0	0	0	0	0
0x4e83fafe1bb068f403ee744d5213c5cf52a04ac4	400	0.00	0.00	0.02	1	8.00	0	177	0.11688092572885722	0	0	0	0	0
0xd84b6ae03ca22766ebfe78a701dee700f061abcd	400	0.00	0.00	0.02	1	8.00	0	177	0.11688092572885722	0	0	0	0	0
0x0d4c7eb7fe618330a3f67c3346f20f921677733f	400	0.00	0.00	0.02	1	8.00	0	177	0.11688092572885722	0	0	0	0	0
0x8570787474bdb7fd6874c35b522f16e2b12e6613	1500	0.00	0.00	266.70	1	38.00	0	177	0	0	0	0	0	0
0xac6b6e048ec51c859ec887745edecdd5fed3de72	1650	0.00	0.00	953.32	1	58.00	0	177	0	0	0	0	0	0
0xad2cf31e466568b9efe6ba1ac0f09e632ae3f1a7	450	0.00	0.00	0.02	1	10.00	0	177	0	0	0	0	0	0
0xe45580ceee87d2b206132430d03a4e7a86412810	1500	0.00	0.00	1063.03	1	58.00	0	177	0.10248602148327235	0	0	0	0	0
0x6205f8323b261c225221d94310d720c9b81c466e	800	0.00	0.00	841.15	1	0.00	0	23	0	0	0	0	0	0
0xc283fbbe3a79269415691b42bffe694ad6a83131	2000	0.00	0.00	3.25	1	38.00	0	175	0.09981023906976416	0	0	0	0	0
0xfa2d32896a178dc244bd1d01b26c5c94cbff2759	2000	0.00	0.00	78264.17	1	87.00	0	175	0	0	0	0	0	0
0x2f140ef7f3ab90602881ea37a6a63f023ac7b57f	400	0.00	0.00	11307.46	1	6.00	0	174	0	0	0	0	0	0
0x18dacc4a64d639c60b569d6c4da6c9b745e9d214	400	0.00	0.00	0.06	1	9.00	0	174	0	0	0	0	0	0
0xbb8c30610a36f1c04f1799a3cebbb18ce5ef43fb	3050	0.00	0.00	11.97	1	87.00	0	174	0.09844966076402173	0	0	0	0	0
0x3a49d89a94c14f525f105a36727edcfe2c0c9ef3	50	0.00	0.00	98.38	1	0.00	0	2	0	0	0	0	0	0
0x3c54b41bfbce351e0c9ef1cc45126e1c2372e99f	1400	0.00	0.00	574.38	1	37.00	0	173	0.10629462800274547	0	0	0	0	0
0x7e2208a6219967f984c8de924ca570d822228a36	400	0.00	0.00	0.01	1	8.00	0	171	0.08458175788621514	0	0	0	0	0
0x55517d04721117c4d7e2b0de08da03d3c13b795c	1500	0.00	0.00	285.80	1	87.00	0	167	0.010813886187233113	0	0	0	0	0
0x042bd025ffbacbb06222b45aff42e076d0bf14ef	300	0.00	0.00	2739.39	1	100.00	0	0	0	0	0	0	0	0
0x8b4a0374e9c6db71e9eabc935775f977d430ea71	2000	0.00	0.00	1028.07	1	87.00	0	166	0	0	0	0	0	0
0xb3fd64bb7a25843c59f209c7a96ac73c39116b86	300	0.00	0.00	885.42	1	100.00	0	0	0.0019798419093053354	0	0	0	0	0
0x8703a1ac3a2474ee68a1154b7538172f9865192c	50	0.00	0.00	0.93	1	100.00	0	0	0.00004175477512635695	0	0	0	0	0
0xc857ef91c9539f7cf1dabd85cbb12d4b4ca51d2d	1700	0.00	0.00	7323.17	1	84.00	0	165	0.007940235941261697	0	0	0	0	0
0xd7407fd10f6b27ddf892bdd378006dcd2316a9d7	1200	0.00	0.00	17308.40	1	35.00	0	164	0	0	0	0	0	0
0xcbe28f932fb44c2c078c73261e134872405331ec	2850	0.00	0.00	34.78	1	86.00	0	164	0	0	0	0	0	0
0x273d7a5cf56ad52a8a0c8bef4773fc39572f2a87	1200	0.00	0.00	275.85	1	86.00	0	164	0.00447221987376345	0	0	0	0	0
0x166a2483abfa02e87960d6ae8760fbfc66fc463c	7400	0.00	0.00	295.65	1	87.00	0	164	0.0076879265772267225	0	0	0	0	0
0x823cec536d75011e48752977a07c57bec0ad57e4	1400	0.00	0.00	1950.82	1	84.00	0	164	0.009892086907226094	0	0	0	0	0
0x824abd5d5a34c3af46dd385b1c32483ec09aec32	6150	0.00	0.00	31.75	1	100.00	0	35	0.002447522313164807	0	0	0	0	0
0x2e31e3195f8ece812408e10905d321556e7f34ec	6200	0.00	0.00	2.54	1	86.00	0	163	0.020890734358214313	0	0	0	0	0
0xff223ada24972d5e2b110daa3aa36bc55f31e92b	1650	0.00	0.00	34.31	1	86.00	0	163	0.021265197324804586	0	0	0	0	0
0x8c2c812df45d7988fc92a1adac875bb26c1351e1	6200	0.00	0.00	2.52	1	87.00	0	163	0.021308733191627294	0	0	0	0	0
0x2922d5acb66283a042b3d6a48ff7758c2ff94bce	6200	0.00	0.00	2.49	1	87.00	0	163	0	0	0	0	0	0
0x3edd11637163bf58898d5ba6a1fc6317392ffeac	6200	0.00	0.00	2.40	1	87.00	0	163	0.022322606739522133	0	0	0	0	0
0xfbbd26ac0aced67a5513fd61e1e5a1a9682bcc63	6200	0.00	0.00	2.41	1	87.00	0	163	0.022322606739522133	0	0	0	0	0
0x401b842136b280f1e2e0b140b0da009f39445a74	6200	0.00	0.00	2.52	1	87.00	0	163	0	0	0	0	0	0
0x9062f8442b17b421df10dcecfeff196b1fb19ff7	6200	0.00	0.00	2.57	1	87.00	0	163	0	0	0	0	0	0
0xd7b1c7779a3c77217e292871911b504c49b27ff2	6200	0.00	0.00	2.34	1	87.00	0	163	0	0	0	0	0	0
0x5d876b856fbf83ae94c7897162eeda2c71b2ea91	6200	0.00	0.00	2.49	1	87.00	0	163	0.019965560617496436	0	0	0	0	0
0x3e73c15b9a5edd8f702c6367806644e77cb157d7	6200	0.00	0.00	2.86	1	87.00	0	163	0.01982078101139262	0	0	0	0	0
0xe498f4f720bf811d53eb798bc752f4b5ac50ecdf	6200	0.00	0.00	1.73	1	87.00	0	163	0.019769917991241392	0	0	0	0	0
0xdd827d7485133763bf2eb6edea1ac2ccd90bb8b7	6200	0.00	0.00	1.76	1	87.00	0	163	0.01977113932880581	0	0	0	0	0
0x3418b48810c21eddd003a4e02f45a90935b85246	6200	0.00	0.00	1.75	1	86.00	0	163	0.020005760135588524	0	0	0	0	0
0x0f66e86f3279182c4e352c9530931a3ede8e684c	6200	0.00	0.00	1.76	1	86.00	0	163	0.02033193995266691	0	0	0	0	0
0x68e1775d4f7f8081429a41a15fd5a42da82fdac7	6200	0.00	0.00	1.78	1	86.00	0	163	0.020402037306188614	0	0	0	0	0
0x5beabe95e6c1051d9faeb88fd0f11a6880d5d567	6200	0.00	0.00	1.97	1	86.00	0	163	0.02061580385238626	0	0	0	0	0
0xf97fd28ad69b4b0f3f210874a4d5fe65e27c7248	6200	0.00	0.00	1.83	1	86.00	0	163	0	0	0	0	0	0
0x3713c591cbb8ec84b0af779300a4e664cf2af09b	6200	0.00	0.00	1.81	1	86.00	0	163	0	0	0	0	0	0
0x92f0f6151917fe37eec05099eaa0a8c9081733ba	6200	0.00	0.00	1.81	1	86.00	0	163	0	0	0	0	0	0
0x300afbe08ee4619ec93524f9255ce59a013a5b63	200	0.00	0.00	1048.73	2	0.00	12	3	0.000029943195412052148	0	0	0	0	0
0xd6a1bc2e41588d556d7a2beaf930a5a63e693ef7	6200	0.00	0.00	1.74	1	86.00	0	162	0	0	0	0	0	0
0xbf1433a60cc68b48323522fa877239dab20a408e	6150	0.00	0.00	1.73	1	86.00	0	162	0	0	0	0	0	0
0xc398eb8303d75a630c23bad159ea12a558d9ffe1	6200	0.00	0.00	1.73	1	86.00	0	162	0	0	0	0	0	0
0xb2a88294ef44e6cd6ed0d579d112e1c5f970f8c3	2550	0.00	0.00	37.00	1	86.00	0	162	0	0	0	0	0	0
0xdcc068f2f711f2f6bcd5e90e51b16aacc748bdcc	6200	0.00	0.00	1.72	1	86.00	0	162	0.015573622013842492	0	0	0	0	0
0x345aba8393cc678023150ede508b677ed3ed014d	6200	0.00	0.00	1.71	1	86.00	0	162	0.016165752290009383	0	0	0	0	0
0x15748e9a6b0c5a77f2e5451453b3952a9c559283	6200	0.00	0.00	1.72	1	86.00	0	162	0	0	0	0	0	0
0x991bc397a3d51100a959ad9d0dccd0a2cd2d19f6	6200	0.00	0.00	1.80	1	86.00	0	162	0	0	0	0	0	0
0x294125ebe0a93815a68e0165935c521275e2dc1e	700	0.00	0.00	196760.00	1	0.00	0	8	0	0	0	0	0	0
0x741c8cfaac6543f3d1cde415a9204be1b32afe5f	6200	0.00	0.00	2.24	1	86.00	0	162	0	0	0	0	0	0
0x9e69725d45e248ec2cf851a945915a8738f2fe4d	6200	0.00	0.00	3.18	1	86.00	0	162	0	0	0	0	0	0
0x8e077f61949cbac0b9dc772c715bfa8cced2c406	6150	0.00	0.00	2.59	1	86.00	0	162	0	0	0	0	0	0
0x61ef34d8d7071ae482900db6d197ba3d5e031aaf	6150	0.00	0.00	1.23	1	86.00	0	162	0	0	0	0	0	0
0x9fa62bf02ae7851929b96f8206dd37e80a66c6c6	6200	0.00	0.00	2.14	1	86.00	0	162	0.013063502513654957	0	0	0	0	0
0x5f46ebe556172ed5715435eed3fbd57e86f570ca	6200	0.00	0.00	2.80	1	87.00	0	162	0	0	0	0	0	0
0x9c708d63e13a528e4c66043f8c6aec7acfeff681	6200	0.00	0.00	2.48	1	87.00	0	162	0	0	0	0	0	0
0xac53afb2d0b1d4fd063a0e5f9cb01ce513d69a11	6200	0.00	0.00	2.49	1	87.00	0	162	0	0	0	0	0	0
0x17268bd621185eee74c42a476c7662e2da6a29f8	6200	0.00	0.00	1.44	1	87.00	0	162	0	0	0	0	0	0
0xb4269ff7c2fae58c23a87b7ac472fc721445a199	3000	0.00	0.00	108.17	1	86.00	0	161	0	0	0	0	0	0
0x7416fbf83b80e85c794dccfa5070b00ddf27469f	400	0.00	0.00	0.00	1	41.00	0	160	0.016285639692481535	0	0	0	0	0
0xfa0d2df8a5daa137fd95419fdf0bbc281479f591	600	0.00	0.00	72.21	1	68.00	0	160	0	0	0	0	0	0
0xef0f291b6e6868bb5d0b2c628b4a29dc88caad6f	4400	0.00	0.00	319.84	1	86.00	0	160	0.013684864790020068	0	0	0	0	0
0x21127e822f7fdb98ddbdffb348164c19f4a39f60	3050	0.00	0.00	302.34	1	86.00	0	160	0.013716131772878448	0	0	0	0	0
0xdf43664aec3b994e1dd159ec59d45ba87927255b	250	0.00	0.00	20.51	1	27.00	0	159	0	0	0	0	0	0
0x819bf413ec3cef27a4e24addbe143139f829113b	6150	0.00	0.00	0.06	1	86.00	0	159	0	0	0	0	0	0
0x87ba8c1b9273020e27e52b5f7d9902c2c45d04f3	6150	0.00	0.00	19.10	1	86.00	0	159	0.014074629756222201	0	0	0	0	0
0x2d71e3d640184e74de544d94a6082cde9888600e	6150	0.00	0.00	0.05	1	86.00	0	159	0.014043102068128643	0	0	0	0	0
0xb303c22faa9655018a6146ba722f3126d3ab19d3	6150	0.00	0.00	0.11	1	86.00	0	159	0	0	0	0	0	0
0x3d91ed19e34b9a7a764aac81329d3cb5c3910c34	6150	0.00	0.00	0.66	1	86.00	0	159	0	0	0	0	0	0
0xd81022175665aa58650ab2d5f80044646f844422	6150	0.00	0.00	0.01	1	86.00	0	159	0	0	0	0	0	0
0x1e28b35c2b7cc7e3cfc8f69cd3de9f027853dccd	6150	0.00	0.00	0.59	1	86.00	0	159	0	0	0	0	0	0
0x3534a2eb7aaa0361189af714a081ac0c33d027a2	6200	0.00	0.00	0.27	1	86.00	0	159	0	0	0	0	0	0
0x26b74643e00acc9cacb93c40e6a3f9ee36beb0e4	6200	0.00	0.00	0.30	1	86.00	0	159	0	0	0	0	0	0
0x19b1e36f874f7c5a3c99cbcc4ac865d4249bf73f	1500	0.00	0.00	168.02	1	86.00	0	159	0	0	0	0	0	0
0x7eaf78ecd7cc46bf39e8c00bd2c74f771e8093e2	6200	0.00	0.00	0.30	1	86.00	0	159	0	0	0	0	0	0
0x23801a0d93e576cae101710b08e9101755b02aa4	6200	0.00	0.00	0.04	1	86.00	0	159	0.01198351561076949	0	0	0	0	0
0x80e1f73b843a37b3bbce9849cc408f034b5f81e3	6200	0.00	0.00	0.32	1	86.00	0	159	0	0	0	0	0	0
0xb34b2811f6005286289f568cd3177b7fb096dd61	6150	0.00	0.00	0.61	1	86.00	0	159	0	0	0	0	0	0
0x55301d700c2add0ffc5185faf62ef1c7347e700e	6200	0.00	0.00	0.32	1	86.00	0	159	0	0	0	0	0	0
0x845a2e8496ba83e6d2675b63f3462d530d56eab6	6150	0.00	0.00	0.62	1	86.00	0	159	0.010806570343424582	0	0	0	0	0
0xaee678332012804edcb3c1c21371a79e521e08c1	6200	0.00	0.00	0.39	1	86.00	0	159	0	0	0	0	0	0
0x300afbe08ee4619ec93524f9255ce59a013a5b63	400	0.00	0.00	1048.73	1	0.00	0	12	0.005196936930962348	0	0	0	0	0
0xf5a0120d0269f8c4140562038339eeae35a463d9	6200	0.00	0.00	0.36	1	86.00	0	159	0.011023189942127587	0	0	0	0	0
0x79c0dc0201d72eb345ec4db7f10541894c7d2427	6150	0.00	0.00	0.04	1	86.00	0	159	0	0	0	0	0	0
0xc8f8274b079f4a86752fdb164a1eb7cb84e8544e	400	0.00	0.00	0.02	1	54.00	0	158	0.006346298630310887	0	0	0	0	0
0x98a97986048a6cc33b5986f3f03f819ef2f4971e	400	0.00	0.00	0.02	1	54.00	0	158	0.006346298630310887	0	0	0	0	0
0xa8b72f981a242990d6f6d2911f9255b589db85ea	400	0.00	0.00	0.02	1	54.00	0	158	0.006346298630310887	0	0	0	0	0
0x5a63902b4b83a8f1fa1c77d5f3cac1af9abc6138	400	0.00	0.00	0.02	1	54.00	0	158	0.006346298630310887	0	0	0	0	0
0xf9e3df084bfe17289fc770b5f4161e2bdb7e40c8	400	0.00	0.00	0.02	1	54.00	0	158	0.006346298630310887	0	0	0	0	0
0x42d9bdb0e6c7a01b92286d6fb1a4e89052d787d8	400	0.00	0.00	0.01	1	54.00	0	158	0.006346298630310887	0	0	0	0	0
0x4a50b5e8bcc00748f78724f4550fb683324a1125	950	0.00	0.00	1769.13	1	0.00	0	6	0	0	0	0	0	0
0x40234c7b11687b20e825f14e787b5b19e973d3df	1750	0.00	0.00	724.23	1	86.00	0	157	0	0	0	0	0	0
0x12951bdfe088916b77651c92fd16b4fb19117c41	3000	0.00	0.00	19.57	1	86.00	0	157	0	0	0	0	0	0
0x2f6ce46230a721b56359a10d6f8f7154e4b88591	1500	0.00	0.00	502.95	1	86.00	0	156	0	0	0	0	0	0
0xc72c4a11b95a8b132a8390b0c14bd84ffa2be37f	850	0.00	0.00	1892.34	1	0.00	0	0	0	0	0	0	0	0
0xb604a831664abe03974c24fcb46967d2faac272f	3050	0.00	0.00	339.35	1	86.00	0	156	0	0	0	0	0	0
0xdaadb1a87292bf175b169e5c2c8868b17e32215b	1400	0.00	0.00	283.69	1	76.00	0	156	0.0062765180235624385	0	0	0	0	0
0xb8e4bf9adeec5b1b7ebaa778878abeb6300259d5	400	0.00	0.00	0.02	1	56.00	0	156	0	0	0	0	0	0
0x567ab93ac9d263b5a6521edaea8a3055a3c5c644	400	0.00	0.00	0.02	1	56.00	0	156	0	0	0	0	0	0
0x17dbd994f9cf66651e362f5c9f643c3310daf82b	400	0.00	0.00	0.02	1	56.00	0	156	0	0	0	0	0	0
0x6ac6faf5479843f2e3be9a74ad5597508b190847	400	0.00	0.00	0.02	1	56.00	0	156	0	0	0	0	0	0
0x38ae6e411bdb7868feb5c4e7d10e48ed9adb1445	400	0.00	0.00	0.02	1	56.00	0	156	0	0	0	0	0	0
0x52da3625a793114dc2a6dd1c4f6f2508cc952337	400	0.00	0.00	0.02	1	56.00	0	156	0	0	0	0	0	0
0xe0f7a13e3b038ec45d2b2b6abf999fa20ea2355d	800	0.00	0.00	917.57	1	75.00	0	154	0.0013215112292686015	0	0	0	0	0
0x16eac8110d6833e4e39347be0055c7dd6fc6896d	2850	0.00	0.00	135.92	1	86.00	0	153	0.004873533031546362	0	0	0	0	0
0x1229c385cdd48221a9bd3658447d6387a6ac695d	400	0.00	0.00	0.00	1	53.00	0	153	0.005946598947659254	0	0	0	0	0
0x96ba3d8fbf4024cf93a8a5b9346fe83ac20a38b3	1600	0.00	0.00	1229.75	1	0.00	0	112	0.007326297323562159	0	0	0	0	0
0xe689e6a8cb4f06e345c230fa9235da67fdc670b1	400	0.00	0.00	0.00	1	53.00	0	153	0.00635583529606798	0	0	0	0	0
0x5b3165ecfe991fd6c05ca5786f40d976582f5f52	400	0.00	0.00	0.00	1	52.00	0	153	0	0	0	0	0	0
0x8acf32df1dc0ad8fb307d710f85c060ec9affaed	1350	0.00	0.00	5095.15	1	0.00	0	66	0	0	0	0	0	0
0x0a1efe960806c42c6e7c2638bf2f18b2acb1d118	400	0.00	0.00	0.00	1	52.00	0	153	0	0	0	0	0	0
0xc912415edfd1c620098838fffbe37c94935ea28e	400	0.00	0.00	0.00	1	52.00	0	153	0	0	0	0	0	0
0x8fea3ee39efcc9e96af5a9ab2420814ef8a98d61	400	0.00	0.00	0.00	1	55.00	0	152	0	0	0	0	0	0
0x1dd9f2d3e14bdc2f6ae6da0d0d28fba0b34bcb1b	400	0.00	0.00	0.00	1	55.00	0	152	0	0	0	0	0	0
0x2dbf57a3da40860f27d6b0b5f73f962ce6a82b80	400	0.00	0.00	0.00	1	55.00	0	152	0	0	0	0	0	0
0xc11979fa1af4b96c78acc5464a84585a0b0c6e66	400	0.00	0.00	0.00	1	55.00	0	152	0.0038384429091209427	0	0	0	0	0
0xbc436cf6767043021bc083db16808a94ede1c7e7	400	0.00	0.00	0.00	1	55.00	0	152	0.004011694251504494	0	0	0	0	0
0x91841c28da9d90537da49d8e25a83e64d579cc73	2900	0.00	0.00	99.26	1	86.00	0	152	0	0	0	0	0	0
0xdb69a928641c4f797df4ce49a877e8af54904e3e	400	0.00	0.00	0.94	1	56.00	0	152	0.0020919904656802046	0	0	0	0	0
0x4991f47d5594d4b659a1c56c04ba865561140908	1250	0.00	0.00	19.51	1	86.00	0	151	0.0022807157416537827	0	0	0	0	0
0xf8cf577e26ecd63f67cee0cb5a46fbe40814b386	4000	0.00	0.00	53.96	1	86.00	0	151	0	0	0	0	0	0
0x8751b2acf0da3446151f3e58fbbb13ce55c1fc7a	3100	0.00	0.00	301.95	1	86.00	0	151	0.0004171422470000685	0	0	0	0	0
0x83644867ce3934a1ecb8fcbbfb5d456fe9c711ad	2850	0.00	0.00	549.10	1	85.00	0	151	0.00004324524991439205	0	0	0	0	0
0xeb0f93419bebf4e3c2c3f880247f923fb24ff052	2000	0.00	0.00	168.79	1	83.00	0	150	0.00009629543460398793	0	0	0	0	0
0x499771b769d706ebead88efbef2248692d68ac5d	1700	0.00	0.00	820.26	1	85.00	0	150	0.00023322957768412422	0	0	0	0	0
0x3097bfe7ae48454d04f19fae50e159f871b7c9a0	400	0.00	0.00	0.07	1	51.00	0	150	0.00040426163026019424	0	0	0	0	0
0xe45d244d7089d5bbef53168e1035feff483b83c5	2700	0.00	0.00	1308.47	1	0.00	0	0	0	0	0	0	0	0
0x7e5c1a665bfd595a8de3ac91dabb37a65db04096	3000	0.00	0.00	105.92	1	85.00	0	149	0	0	0	0	0	0
0xe55ac567304a182e3a2c5d1253c38d3d465ad3c7	1500	0.00	0.00	13.26	1	78.00	0	148	0.00012152328647818678	0	0	0	0	0
0x758a60e064b7b606ece9e8e70c75c83b11bb8e79	1500	0.00	0.00	2225.92	1	81.00	0	147	6.754838910438821e-8	0	0	0	0	0
0x1d656fbff9e11e74c160d69573b936f7186c161b	400	0.00	0.00	0.01	1	50.00	0	147	0	0	0	0	0	0
0x8a0c5782914c49d06e0042faf176ac2d9bc88e67	1500	0.00	0.00	92.94	1	85.00	0	146	0.0005274723334669496	0	0	0	0	0
0x18067883b8d657c58517004cc961de65ddf7ef24	1400	0.00	0.00	230.72	1	84.00	0	146	0.0005274723334669496	0	0	0	0	0
0x4c83b3817184910bc3004cf8ec87ca0bf9d8da47	150	0.00	0.00	1070.29	1	0.00	0	0	0	0	0	0	0	0
0x636ab835fd2df941b6ed0915783bbc2628cc9b69	400	0.00	0.00	0.84	1	30.00	0	145	0.0005647142650389014	0	0	0	0	0
0x0c0c0f538c1d869a9682d94d26fb973f1a8c192e	400	0.00	0.00	0.10	1	38.00	0	145	0.000006661958151799041	0	0	0	0	0
0xca468c49d0e439e845ee9a5474be60bab0d13bf3	2100	0.00	0.00	277.28	1	84.00	0	145	0	0	0	0	0	0
0x5410927be2ffc0dd59c87283d11416c6c7354f82	3050	0.00	0.00	907.53	1	84.00	0	144	0.00007198663983798426	0	0	0	0	0
0xe967023c02d7e8003b3c6f49c64b6e5740c4fe0f	400	0.00	0.00	0.01	1	48.00	0	144	0.00007807096236156497	0	0	0	0	0
0x9defc4bf65571fc9ab6399cb9877f25fa6c833f1	2000	0.00	0.00	395.33	1	85.00	0	144	0	0	0	0	0	0
0x3713e7d428c58cf62e2c0add21f4b63a5a37ab00	3600	0.00	0.00	114.58	1	79.00	0	143	0.0006129734516746588	0	0	0	0	0
0x18ddd2f97cc22e06452d83b089af9ad2583ab033	1500	0.00	0.00	50.34	1	85.00	0	143	0	0	0	0	0	0
0xf2644f21935103716b25c4630184f05774491a5d	8900	0.00	0.00	56696.25	1	84.00	0	140	0.0004886540460158351	0	0	0	0	0
0xda9948d38c2ea47fc4b466e7891f5ec5f0d1a767	950	0.00	0.00	191.84	1	57.00	0	139	0	0	0	0	0	0
0x101b44ae2d61099dadaa19b564d83fcc4baf4d4d	1500	0.00	0.00	155.86	1	84.00	0	138	0	0	0	0	0	0
0xae691110740eab748f018051c8e367823c190ea8	3050	0.00	0.00	278.71	1	84.00	0	137	0	0	0	0	0	0
0x5be0883e3a609dcef046f0efd7d0f174a638c58e	1500	0.00	0.00	64.31	1	84.00	0	137	0	0	0	0	0	0
0xc8640e293667fb614596a9e404b5127e0670a3fc	1500	0.00	0.00	742.71	1	84.00	0	137	0.0053263265906711155	0	0	0	0	0
0x14f4709483ae2fb65f7fe5e9bf8436f2857229bd	1500	0.00	0.00	1350.48	1	83.00	0	137	0.005079820034037397	0	0	0	0	0
0x02a80ffb107a08ba7139930ac3bc7b97b18a04e7	1000	0.00	0.00	354.17	1	0.00	0	33	0.005865460138620993	0	0	0	0	0
0x6a8dfc07baf591ae8c45cd583e8735d278c58e6c	500	0.00	0.00	206.60	1	0.00	0	1	0	0	0	0	0	0
0xabb88bdfd210516351b7d5d93bb9209649695555	3000	0.00	0.00	257.04	1	84.00	0	135	0.016257447028611427	0	0	0	0	0
0x4ee50c094cd4e2f984bde43fb51a4cae7bc3a46a	1500	0.00	0.00	1221.50	1	84.00	0	135	0.01699118146875067	0	0	0	0	0
0xce680ce13e0533fa0691004ca7015204e5f65f3e	6200	0.00	0.00	8.92	1	83.00	0	135	0.017210429735570187	0	0	0	0	0
0xcbceb468fceb68b2488ce8f7f3f261d8fdf48d2f	6200	0.00	0.00	0.29	1	83.00	0	135	0.017215239007717376	0	0	0	0	0
0x4b7a9b069d2644cfb3e252b854e1cf2cfd44b79a	6200	0.00	0.00	0.45	1	83.00	0	135	0	0	0	0	0	0
0x71c2c70fbce076c5cf3de953ac75a6f6cab50b28	6150	0.00	0.00	0.42	1	83.00	0	135	0.018437807880100632	0	0	0	0	0
0x4b86174e124a13eb98dc5c18c3ab6ed9bc88b72d	6150	0.00	0.00	0.17	1	83.00	0	135	0.018440119778240227	0	0	0	0	0
0xcc4b426150adcb9c06d319ed10a2cb6c067f2f01	6150	0.00	0.00	0.17	1	83.00	0	135	0.018418940527054062	0	0	0	0	0
0xd18f3b863f03406fddbdf23d59248b31b4e83869	6150	0.00	0.00	0.17	1	83.00	0	134	0.018418940527054062	0	0	0	0	0
0x9a034d667f89972791e109ccc271347a48b07c83	800	0.00	0.00	356.63	1	22.00	0	134	0	0	0	0	0	0
0x6a8dfc07baf591ae8c45cd583e8735d278c58e6c	600	0.00	0.00	207.09	1	31.00	0	3	0	0	0	0	0	0
0xd7852ef8b57ebc7aa7e38e772f69baf27ca0ee4c	400	0.00	0.00	560.76	1	45.00	0	132	0	0	0	0	0	0
0xd9e38d3487298f9cfb2109f83d93196be5ad7cd3	1500	0.00	0.00	752.09	1	83.00	0	131	0	0	0	0	0	0
0x57f37bd24282e32999e8f9182cb8746e141b2391	1200	0.00	0.00	895.85	1	83.00	0	131	0.008779662900437746	0	0	0	0	0
0x558cdae7df3f6663024d87bafcb728d2b4aaeab1	1600	0.00	0.00	2081.01	1	27.00	0	130	0	0	0	0	0	0
0x8b4a0374e9c6db71e9eabc935775f977d430ea71	2150	0.00	0.00	1903.80	1	27.00	0	130	0.017850348415382467	0	0	0	0	0
0x4d2f4ce24a5dc999ce6300a8528029992145059b	200	0.00	0.00	5902.80	1	0.00	0	3	0.010854408022575868	0	0	0	0	0
0xa15e9f5483ad587951b4ac06ec4c5230c2395aee	400	0.00	0.00	9.62	1	22.00	0	128	0.035768029751037655	0	0	0	0	0
0x3ed69b5b6c8ef95eac83c149f1dbf2c60c39d0ca	1950	0.00	0.00	40017.77	1	83.00	0	128	0.04567623548753508	0	0	0	0	0
0xbe0028a2be331ff2e69e2179988f2b55ee8414ae	1650	0.00	0.00	254.74	1	81.00	0	128	0.052635007045198634	0	0	0	0	0
0xff2156f980d4b012b9a56d2ba75635cee54198c7	1500	0.00	0.00	64.86	1	82.00	0	127	0	0	0	0	0	0
0x9e3e0e63dc0e02420ea0c57af094ac6da424240e	1450	0.00	0.00	3.28	1	83.00	0	126	0	0	0	0	0	0
0x0e718d19e3039e56053d203929c953080d870f28	3050	0.00	0.00	200.39	1	82.00	0	125	0	0	0	0	0	0
0x1896b2fd954e33fc7ec6eb283328788bb7682a20	3000	0.00	0.00	170.67	1	82.00	0	125	0.007866915076393255	0	0	0	0	0
0x31eed61dd66cbcfd2323cc483c654ad8442e4a93	3050	0.00	0.00	185.20	1	82.00	0	124	0	0	0	0	0	0
0x9a2517f6b34ee33e41ef48bcfb25d75e8f8ffa0c	150	0.00	0.00	24.68	1	30.00	0	122	0.0030518919410194023	0	0	0	0	0
0x4ffd0a59a26cb2aa76d403215e4cc2845c053994	400	0.00	0.00	3.95	1	42.00	0	120	0.01043968370929571	0	0	0	0	0
0x749e08eecb6009ae94888ba79cce3ebea81b40f3	700	0.00	0.00	53.70	1	64.00	0	119	0	0	0	0	0	0
0x1643dcb7d0e195ddce39faee4c82f0d93c5ae7d5	6150	0.00	0.00	0.77	1	81.00	0	117	0	0	0	0	0	0
0xa82323e7d326bd50b5d2ca48718d6f6d6a7cd68b	6150	0.00	0.00	1.44	1	81.00	0	117	0	0	0	0	0	0
0xefc25ff14154b416588bf91602d477ae2eb5049d	6150	0.00	0.00	0.82	1	81.00	0	116	0	0	0	0	0	0
0x812716a37e143c4af82c7ed2949c62e0707f0a8f	6150	0.00	0.00	0.85	1	81.00	0	116	0	0	0	0	0	0
0x66541dc4ce3967848e712a83e14bae2edac9431e	6200	0.00	0.00	0.55	1	81.00	0	116	0	0	0	0	0	0
0xbea54c23195093cbbc200b874d13d428f568f26c	6200	0.00	0.00	0.78	1	81.00	0	116	0	0	0	0	0	0
0x3e19db20489a899eedbb63841c76fd9dd5d835bd	3050	0.00	0.00	721.17	1	81.00	0	116	0	0	0	0	0	0
0xeb73d0205f872fa69a87e5cb17cdeabfc2cae69d	6200	0.00	0.00	0.56	1	81.00	0	116	0	0	0	0	0	0
0xd24ad085ce95e64500983117ab59ba20dbf0cb8d	6200	0.00	0.00	0.81	1	81.00	0	116	0	0	0	0	0	0
0xb5778b235aaad50884b6c1eadf3c2d46fd33aa67	6200	0.00	0.00	0.05	1	81.00	0	116	0	0	0	0	0	0
0x5ce6b0708b1803142846fca168e3b42ffd4afc09	6200	0.00	0.00	0.62	1	81.00	0	116	0	0	0	0	0	0
0x8be3daf2e5c186d55b500470ac3e64089777fb15	6200	0.00	0.00	0.37	1	81.00	0	116	0	0	0	0	0	0
0x0e36c25d8798e1f51bee45ce674be96a45038eec	6200	0.00	0.00	0.54	1	81.00	0	116	0	0	0	0	0	0
0x3b9568efc484c5bc83db68c3e72f25f7f8ea4642	6150	0.00	0.00	0.31	1	81.00	0	116	0	0	0	0	0	0
0xa84d928ebda3c4287753a726ebdd82eb5c0dfd7d	6200	0.00	0.00	0.58	1	81.00	0	116	0	0	0	0	0	0
0x560e13d9f18761ab841c7e75d8b6b903e882f341	6200	0.00	0.00	0.34	1	81.00	0	116	0	0	0	0	0	0
0xb05dca457b8ea780cae4eaa0a7bff8db17f31ea3	6200	0.00	0.00	0.33	1	81.00	0	116	0	0	0	0	0	0
0x56cddeac408213b59bce93f0795e9396d3b46334	6200	0.00	0.00	0.17	1	81.00	0	116	0	0	0	0	0	0
0xc74127654ac55823a93ade53ee4a69cb0925fa5b	6200	0.00	0.00	0.52	1	81.00	0	116	0	0	0	0	0	0
0x0bc84f65ef379210279eb1c92ce2450c83f8f6b1	6200	0.00	0.00	0.32	1	81.00	0	116	0	0	0	0	0	0
0x76a2de3079a8beb29fa34a412a0cc542ca63bcc2	6200	0.00	0.00	0.52	1	81.00	0	116	0	0	0	0	0	0
0xd3b73846a62576eb6aad739aee39b8a36d18b21a	6200	0.00	0.00	0.34	1	81.00	0	116	0.00046949979617405546	0	0	0	0	0
0x474994ba3dbc7fe718867618a5e15c67949a0a9b	6200	0.00	0.00	0.43	1	81.00	0	116	0.00046949979617405546	0	0	0	0	0
0x60b220ae1e9c70d8340ef312843c0732831356e7	6200	0.00	0.00	0.33	1	81.00	0	116	0.00046949979617405546	0	0	0	0	0
0xc1cd10c199519376808360d131f1bde85560b3a2	6200	0.00	0.00	0.50	1	81.00	0	116	0.00046949979617405546	0	0	0	0	0
0x9e1948fc251c765b37ba7b284d40c797ff8a33da	6200	0.00	0.00	0.32	1	81.00	0	116	0.00046949979617405546	0	0	0	0	0
0xba00d14bddffda998e79d5ad854a6c937377f779	6200	0.00	0.00	0.51	1	81.00	0	116	0.00046949979617405546	0	0	0	0	0
0xac0d73b590168ea2ef4c649e03780529e5d8d1fa	6200	0.00	0.00	0.54	1	81.00	0	116	0	0	0	0	0	0
0x647f08fed6f712779237d4a17de1cbaf47ffb9b1	6200	0.00	0.00	0.33	1	81.00	0	116	0	0	0	0	0	0
0x09507062d3b8abe53c3d68eecb5601496e6350f4	6200	0.00	0.00	0.60	1	81.00	0	116	0.0004714765893587547	0	0	0	0	0
0x7a745e72cd8b8cfa5ce1d97a726bd655bf0b2775	6200	0.00	0.00	0.43	1	81.00	0	116	0.0004714765893587547	0	0	0	0	0
0x7759c89ea329269e8c05f153e0d71d9213bd973b	6200	0.00	0.00	0.63	1	81.00	0	116	0.0004714765893587547	0	0	0	0	0
0xa4557338c6ac0a1e54a0122b11f004268427d1a3	6200	0.00	0.00	0.19	1	81.00	0	116	0.0004714765893587547	0	0	0	0	0
0x0d6b6c1bd09308f8dcc3fdc1e46488d56213f4a6	6200	0.00	0.00	0.60	1	81.00	0	116	0.0004714765893587547	0	0	0	0	0
0xa3fe3cb631b1893f82f3f2086af7228d8568bcf8	6200	0.00	0.00	0.36	1	80.00	0	116	0.0004650513032888881	0	0	0	0	0
0xdbec5430f5e81349c666b1092e43bf1f7f32f0c3	6200	0.00	0.00	0.59	1	80.00	0	116	0.0004650513032888881	0	0	0	0	0
0xf53b404ae098ccb91d1059b3e8d24fefaa74707b	6200	0.00	0.00	0.35	1	80.00	0	116	0.0004650513032888881	0	0	0	0	0
0x2b085cc7fcd8a6c5b3543cc4b0f847a4be933522	6200	0.00	0.00	0.59	1	80.00	0	116	0.0004650513032888881	0	0	0	0	0
0x0015a12d2f566921f243045e46c06ca2aadb74bc	6200	0.00	0.00	0.36	1	80.00	0	116	0.00046522216621269763	0	0	0	0	0
0xbc9487ae88aa74299b432fb593100da789bed990	6200	0.00	0.00	0.59	1	80.00	0	116	0.00047416150000811896	0	0	0	0	0
0x38f1cc45667359eca76a7e96909fcf64bfb86b70	6200	0.00	0.00	0.36	1	80.00	0	116	0.00047416150000811896	0	0	0	0	0
0x20972ed2637e0b767fce6be4a651e0304bfde6c1	6200	0.00	0.00	1.29	1	80.00	0	116	0	0	0	0	0	0
0xa79cbe31b0424b328fa54fc52f28c5552d2ec190	6200	0.00	0.00	0.74	1	80.00	0	116	0	0	0	0	0	0
0x38c154b885aad991fafc02ad6a2633b2aca153e3	6200	0.00	0.00	0.35	1	80.00	0	116	0	0	0	0	0	0
0xe96754237f545edc1204efb2ea41e47adf6b2fe5	6200	0.00	0.00	0.33	1	81.00	0	116	0.00048364552923674253	0	0	0	0	0
0x47fa2fc99eea9f4070ba7f85ed664adcc633d5ea	6200	0.00	0.00	0.33	1	81.00	0	116	0.0005360422877354054	0	0	0	0	0
0x32d1eba58743e1293c7e82070b398ba4df7c1c33	6200	0.00	0.00	0.68	1	81.00	0	115	0.0007894762897087126	0	0	0	0	0
0x4dd60940c92787d5d8e4739ee559e8ce63e29016	6200	0.00	0.00	0.62	1	81.00	0	115	0.0007894762897087126	0	0	0	0	0
0x3553acbe6bc288df75e04d8dff23deee6f1c61e3	6200	0.00	0.00	0.65	1	81.00	0	115	0.0011574026834271223	0	0	0	0	0
0x5cc4448dd56577d5a3f2436ae9d636eda0fe1df8	6200	0.00	0.00	0.73	1	81.00	0	115	0.0011948131862449252	0	0	0	0	0
0xaaae4ce734338a09f848a1d131aa88b91c8673ae	6200	0.00	0.00	0.64	1	81.00	0	115	0	0	0	0	0	0
0xd546db7f7c6054ef3b694ac4a3f69a3de7723a93	6200	0.00	0.00	0.59	1	81.00	0	115	0	0	0	0	0	0
0xe8b646aa8cdd32e2cc2954595129fa3abefd9e1f	6200	0.00	0.00	0.59	1	81.00	0	115	0.0005479738092284414	0	0	0	0	0
0x40d566cf9aa8b52aa380d0ecb2ea83bf9b824340	6200	0.00	0.00	0.58	1	81.00	0	115	0.0005479738092284414	0	0	0	0	0
0x22143becad9a5b4275e092153e0636792d8546ac	6200	0.00	0.00	0.59	1	81.00	0	115	0	0	0	0	0	0
0xa6fb34ab7a9613ff8e6d337e42ec18741377b443	6200	0.00	0.00	0.62	1	81.00	0	115	0.00033593231180129024	0	0	0	0	0
0x790b50e9e451c3585686428185904a5643501370	6200	0.00	0.00	0.89	1	81.00	0	115	0.00033593231180129024	0	0	0	0	0
0x0ceec2cee4c62d99643da2b2a2a4521d0f10386e	6200	0.00	0.00	0.36	1	81.00	0	115	0	0	0	0	0	0
0x3901c7939929910f3b7ad30ed645fa8560d02189	6200	0.00	0.00	0.73	1	81.00	0	115	0	0	0	0	0	0
0x215f6e42010b527811073a0f4491860933cfd8de	6200	0.00	0.00	0.72	1	81.00	0	115	0	0	0	0	0	0
0xcfbb87685271beab066e70b8f23b6bdbd53c7a48	6200	0.00	0.00	0.48	1	81.00	0	115	0.0002363378804770555	0	0	0	0	0
0x0fb4f28ac3a2c63dfcef44f38cc01ee5e63f914f	6200	0.00	0.00	0.58	1	81.00	0	115	0	0	0	0	0	0
0x51bc40544c702b71e32a448c2db274365875e92f	6200	0.00	0.00	0.81	1	81.00	0	115	0	0	0	0	0	0
0x968b97352e4442e79de20a6052d82b6e75e77666	6150	0.00	0.00	7.11	1	81.00	0	115	0	0	0	0	0	0
0xef135364501d81f565c65a3ebd2c70287b8d57e2	400	0.00	0.00	1072.16	1	37.00	0	115	0	0	0	0	0	0
0xca7422bbe12ff7402ee22ea35b8027fdf93226fd	5350	0.00	0.00	1284.72	1	81.00	0	115	0.0005159484905759015	0	0	0	0	0
0xe6bc5be9d0651a1238230bc84a5576eb2e0351f9	1500	0.00	0.00	71.98	1	100.00	0	5	0	0	0	0	0	0
0x171a1c48b32b5f05981ea2b99f52c232ffea0091	1350	0.00	0.00	427.69	2	90.00	0	57	3.575140183897929e-10	0	0	0	0	0
0x171a1c48b32b5f05981ea2b99f52c232ffea0091	1300	0.00	0.00	327.06	1	80.00	0	113	0	0	0	0	0	0
0x480610cb9762362b28de7ffb3a9eb427e423ecb8	1500	0.00	0.00	1096.78	1	64.00	0	113	0.004411099482393155	0	0	0	0	0
0x148c615fe6bd82f447529c0485d411c9e2876f15	1850	0.00	0.00	71.19	1	81.00	0	112	0	0	0	0	0	0
0x0a99ff5b33b607cc65676d56396552417eb6ef24	3100	0.00	0.00	505.19	1	80.00	0	111	0	0	0	0	0	0
0x40234c7b11687b20e825f14e787b5b19e973d3df	2700	0.00	0.00	917.00	1	79.00	0	109	0	0	0	0	0	0
0x47f4e5ca3d84348004a531be3986c850b6e76e08	350	0.00	0.00	50000.00	1	100.00	0	1	0	0	0	0	0	0
0x166a2483abfa02e87960d6ae8760fbfc66fc463c	2800	0.00	0.00	466.19	1	80.00	0	109	0.0008494049288820804	0	0	0	0	0
0x4c2073675883e3644b5b7ebc7c920128700fe9c4	5600	0.00	0.00	9.35	1	80.00	0	108	0.00008632959012100372	0	0	0	0	0
0x763e8c86740d565aed402d10b73537bf91eb2812	400	0.00	0.00	93.70	1	34.00	0	107	0	0	0	0	0	0
0xe019b72b18cbde76d050d6384fb11b22699e1a08	1250	0.00	0.00	1368.33	1	79.00	0	107	0	0	0	0	0	0
0x75ab646a470c58e041b97ee73b544ab83d68ff75	2200	0.00	0.00	173.90	1	79.00	0	107	0.002868717603776716	0	0	0	0	0
0x00c08048c1c2601e55390fa0f20fc3d2354fa6ba	1500	0.00	0.00	99.85	1	61.00	0	106	0.005053422779754957	0	0	0	0	0
0x108313e03945012041b29c1bc5aebee7ea74cc9c	3000	0.00	0.00	636.28	1	79.00	0	106	0.0008323617188277233	0	0	0	0	0
0xa97cb4f071b4ef085f6f2499bd92b23150c4870e	3000	0.00	0.00	494.05	1	79.00	0	106	0.0011649720276674103	0	0	0	0	0
0x869f666d5f6b2a752d3f0007ede66f55eb9b852f	400	0.00	0.00	4.94	1	22.00	0	105	0.0003734919164721795	0	0	0	0	0
0x215d3bf7da093eafa41d2acb6dabefb88a840f8d	15050	0.00	0.00	8.56	1	79.00	0	103	0	0	0	0	0	0
0x1591560fc90459467edc2319adaa8438bc13a306	450	0.00	0.00	8.13	1	49.00	0	103	0.0007522958465844276	0	0	0	0	0
0x8a8ae9f0666dabb7498539da01aeb6986d9722d3	3850	0.00	0.00	80.30	1	78.00	0	102	0	0	0	0	0	0
0x45e2a28d38e83f984cb08acce7747a8685cef68e	3000	0.00	0.00	4.57	1	78.00	0	102	0	0	0	0	0	0
0xfab0a984054ad5e1f868f72066a8e3f098cab8bc	650	0.00	0.00	104.68	1	48.00	0	102	0	0	0	0	0	0
0x744de7ed2a44d7049159a69665a1de13efacb54d	1500	0.00	0.00	105.51	1	79.00	0	102	0.0008831683827148495	0	0	0	0	0
0x1297ad486549a430d59d9d5f99ed7c216b6e77dd	2600	0.00	0.00	36161.04	1	67.00	0	101	0	0	0	0	0	0
0xc4b8267a2e12c0951d8cf57d41e3092ec648a9e2	1500	0.00	0.00	409.71	1	72.00	0	101	0.000033523316977923656	0	0	0	0	0
0xfb49cc19a313d8ec8770feb92ed26c507a7873f6	1600	0.00	0.00	395.52	1	78.00	0	100	0.00039706874613854026	0	0	0	0	0
0x35521b0d9785b86e1423278f3498bde00284d104	2100	0.00	0.00	282.98	1	77.00	0	98	0	0	0	0	0	0
0x32abb158b439e126c097d7f3b79f8b7d4a5d4276	3000	0.00	0.00	438.26	1	68.00	0	97	0.0006797640729194754	0	0	0	0	0
0xc9c628a45a5aea84ca17aed2c842928b6ba2ed59	50	0.00	0.00	0.28	1	6.00	0	97	0.0006797640729194754	0	0	0	0	0
0x3cbe3b55d919f5da8b28b7d476211736a43fad33	650	0.00	0.00	96.57	1	50.00	0	96	0	0	0	0	0	0
0x271089c997e99ebdb65a9a8330ba0b840b1f3647	1500	0.00	0.00	3.15	1	77.00	0	96	0.001365152406607173	0	0	0	0	0
0x222ffd9a0fbabe7777612f5180a14c3ab4c91fd3	4850	0.00	0.00	197.87	1	76.00	0	94	0	0	0	0	0	0
0x7991d634a29040a8c416377f052763f154c250de	1550	0.00	0.00	361.79	1	77.00	0	94	0.0056029554109437996	0	0	0	0	0
0xcaddb35ce1683dffcd3e341950aff33e893bc3d6	1300	0.00	0.00	19603.12	1	76.00	0	93	0.009186047777254291	0	0	0	0	0
0x38602d1446fe063444b04c3ca5ecde0cba104240	2000	0.00	0.00	98.76	1	76.00	0	93	0.007755733794478914	0	0	0	0	0
0xe435a521e2884b0c1c8030c8906bd81a25689a6e	1500	0.00	0.00	4478.99	1	76.00	0	93	0	0	0	0	0	0
0x9e050fb77160c7f06eb2265cef1c865cabfdb8c0	400	0.00	0.00	135.84	1	46.00	0	93	0	0	0	0	0	0
0xb27f17043f26bf21ecbb4498908bd5f2f866b757	1400	0.00	0.00	294.71	1	76.00	0	91	0.0029079310830071314	0	0	0	0	0
0xb27f17043f26bf21ecbb4498908bd5f2f866b757	1500	0.00	0.00	1512.82	1	76.00	0	91	0.0029117595973238153	0	0	0	0	0
0xa76800da6975602b34b434291f1c90aa1b2dc259	2250	0.00	0.00	1000.00	1	0.00	0	0	0	0	0	0	0	0
0x3bbde793804a1a2a6cc402434f15a21e323b7f9b	2900	0.00	0.00	36.09	1	76.00	0	90	0	0	0	0	0	0
0x1a47ba8bd4e46ab78e08b8bbf991524ac5ee41e7	2400	0.00	0.00	506.59	1	75.00	0	89	0	0	0	0	0	0
0xb7c9253d7594250fba1f2ab8213042aacc6b124c	2850	0.00	0.00	9.40	1	75.00	0	89	0.0043886931083592096	0	0	0	0	0
0xf98641b26dbc9e19e9b4fec1fa869113ac4ee15d	700	0.00	0.00	48.37	1	52.00	0	86	0.0019241202414033154	0	0	0	0	0
0x7af296c40b5bb9d2c725d0735dd8c1a4f8f5a77c	3350	0.00	0.00	1480.57	1	74.00	0	86	0	0	0	0	0	0
0x048596cd4dde71483213aee4f1c86049f1f0578a	2350	0.00	0.00	2439.66	1	73.00	0	86	0.002108391024213674	0	0	0	0	0
0xc542341c46c53158b5d2d404232daad96fc9057b	1550	0.00	0.00	22.71	1	74.00	0	86	0	0	0	0	0	0
0xd918a80843af12e66fb9855110fc8071df9f5656	1650	0.00	0.00	23.67	1	74.00	0	85	0.0007676716944682305	0	0	0	0	0
0x0bcf7b084613f1ca63fa47918cc5f3b383be4aab	400	0.00	0.00	957.22	1	37.00	0	85	0	0	0	0	0	0
0x723265936ec47139d543c63f081de65e587cf5c1	1200	0.00	0.00	176.45	1	74.00	0	84	0.0016457597208030528	0	0	0	0	0
0x6c9ff349a9670a1e540b667bad1511cf51a17296	1800	0.00	0.00	56.13	1	63.00	0	83	0.00013736666297781142	0	0	0	0	0
0x26cfc29bcf8c724386874f6390bd4231e0c0b125	1950	0.00	0.00	11.31	1	71.00	0	82	0	0	0	0	0	0
0x0b09f2845a509655797db011ba5e5581cf9afd65	750	0.00	0.00	52.12	1	45.00	0	81	0	0	0	0	0	0
0x21a717e607e6071a2c96a472bb05404698418a41	1500	0.00	0.00	78.16	1	72.00	0	81	0	0	0	0	0	0
0x14e79374c45060870342a6bc4595a66bb3a71462	2650	0.00	0.00	344.29	1	72.00	0	80	0	0	0	0	0	0
0x9ceac1b64750832cee94d8fb4c9ec1e7f1d35129	1400	0.00	0.00	223.08	1	65.00	0	80	0	0	0	0	0	0
0xfa6f2d64cb00c9b16fb839c35810a73b0a7cdd17	3000	0.00	0.00	190.05	1	72.00	0	79	0.41398134776922113	0	0	0	0	0
0x0db26325f93fe9f3740ec2bd79101f67de287a99	50	0.00	0.00	0.81	1	0.00	0	79	0	0	0	0	0	0
0xd4655a482c9cc8f0e6356be63e776a5bb09b90ad	2650	0.00	0.00	1496.39	1	72.00	0	79	0	0	0	0	0	0
0x84e2bb2c2c40a918197c2659ac460eea8ab89724	600	0.00	0.00	77.95	1	33.00	0	79	0.00005374602154439856	0	0	0	0	0
0x22cca50880e523daef4629609785040efc8da5f5	1500	0.00	0.00	30.07	1	72.00	0	79	0.00004772151152021564	0	0	0	0	0
0xa593118875319cd7bd22d05e22776305214bf4d4	3000	0.00	0.00	334.37	1	72.00	0	79	1.5930263774777131e-7	0	0	0	0	0
0x3cbe3b55d919f5da8b28b7d476211736a43fad33	400	0.00	0.00	146.67	1	17.00	0	79	0	0	0	0	0	0
0x188b780e8090b3fe6ecfe0bb00577a8c31a5fbcb	2250	0.00	0.00	163.48	1	71.00	0	79	0.00012999915144362717	0	0	0	0	0
0x49eb6a53e6c89c9fd0235161aeb7b3eabcd74187	700	0.00	0.00	53.62	1	38.00	0	79	0.00012999915144362717	0	0	0	0	0
0xc7c780466e6fdf955839def6f4d7b1f5f8a21db6	1150	0.00	0.00	531.53	1	72.00	0	78	0	0	0	0	0	0
0xa70c9358f42ec95b9f44bd611680c78371837a53	400	0.00	0.00	14.47	1	26.00	0	78	0.00043540983777345943	0	0	0	0	0
0x0c6f0fb61201a8486450001b86e46e926ec71f87	1500	0.00	0.00	80.41	1	72.00	0	78	0.00049758690022772	0	0	0	0	0
0x363978e2b46223bb1413ee49e844ee5c9d44b321	3000	0.00	0.00	29.95	1	72.00	0	78	0.00049758690022772	0	0	0	0	0
0x00e81d0d81012e24a8c39aea69a9816c85409201	900	0.00	0.00	47.93	1	55.00	0	78	0.0007789262546520348	0	0	0	0	0
0x346bfffcbd587c110dd34e46c295ba8e7003490f	1500	0.00	0.00	35.21	1	71.00	0	77	0	0	0	0	0	0
0x348543289d429a63b7f082094634a5c9f961d377	400	0.00	0.00	62.68	1	31.00	0	77	0	0	0	0	0	0
0x39cae8acaee5e64b2caa2423e0ac4c3c262f9497	3000	0.00	0.00	5.30	1	71.00	0	77	0.0011139348273347949	0	0	0	0	0
0x3ac7902e0540f5b2068d3e8492a9518c5939747e	1500	0.00	0.00	134.22	1	57.00	0	77	0.0002073733154084323	0	0	0	0	0
0xed2a166db9b800c85c7fb2c9a1de706911b9e796	3200	0.00	0.00	2465.48	1	71.00	0	76	0.0005492240904625412	0	0	0	0	0
0x18f6eb1a7fc319f11fe00078776ff74560bcaf61	1500	0.00	0.00	62.92	1	70.00	0	76	0.0013787228949735386	0	0	0	0	0
0x6095813cd9f3a40335f6b4bd5699a5fd885ee0cd	6200	0.00	0.00	1.73	1	71.00	0	75	0.0021519212870635407	0	0	0	0	0
0x1fe6d19adff60b443ac84014d4fc00176ed5e415	3000	0.00	0.00	1012.97	1	71.00	0	75	0.005303983621163244	0	0	0	0	0
0x58232f42d3fe2e578ad886cbdf074ebcf80bf195	1500	0.00	0.00	4090.17	1	70.00	0	74	0.0050274980882725195	0	0	0	0	0
0x657b3665862c0178017f50d5e11de27d694dfc59	1500	0.00	0.00	485.01	1	70.00	0	74	0.004299980801147907	0	0	0	0	0
0x50e6e9cd26bc589966c8a5cea703d0ab0d7c6725	900	0.00	0.00	637.19	1	52.00	0	73	0	0	0	0	0	0
0x00678920b62b9b453337b5c781fe868dbb1366e5	4000	0.00	0.00	0.24	1	69.00	0	73	0.0010561793995056412	0	0	0	0	0
0xa9b874c14513f96c58a2abce7a04579ffd751731	550	0.00	0.00	76.01	1	10.00	0	71	0.0038424294772743117	0	0	0	0	0
0x88684a23dd3e96bfb9c9800426e78e639c7397ca	500	0.00	0.00	330.01	1	33.00	0	71	0	0	0	0	0	0
0x4558465ef552ff5a148881472d0712a7351dfcee	900	0.00	0.00	1877.44	1	50.00	0	70	0.0032166622338070106	0	0	0	0	0
0x2b83ac024b0a4ba3f93776cacb61d98310614afe	3000	0.00	0.00	506.79	1	68.00	0	69	0.0010433155588462917	0	0	0	0	0
0x206c7b407dbd1b0fb3c7fceff8dcd07515f53787	3000	0.00	0.00	74.80	1	67.00	0	67	0	0	0	0	0	0
0x3b359b43727d01ad095840b813a6a81f18cea639	6200	0.00	0.00	17.66	1	66.00	0	67	0	0	0	0	0	0
0x772b56bc6df4d7682cc370a89ad238f479a94a2c	6150	0.00	0.00	27.98	1	66.00	0	66	0.010325576404046632	0	0	0	0	0
0xe93eb81e84bd9ff182b7e3e49d0e4b675043ed29	6200	0.00	0.00	34.87	1	66.00	0	66	0.012391175732451298	0	0	0	0	0
0x59ffb14823e88e14b73c675f054a0ac889e18435	6200	0.00	0.00	16.56	1	67.00	0	66	0.013129671862921466	0	0	0	0	0
0xc8a1cbb2f844e59249aaeb7f5a49ed284a22c141	500	0.00	0.00	7.80	1	37.00	0	66	0	0	0	0	0	0
0xc50965e638cf07fb735d48d40c53c8e64c2add7c	1500	0.00	0.00	9686.31	1	66.00	0	66	0	0	0	0	0	0
0x5aac153c1d3552bd81590f5de5102c4a1a3a08ed	400	0.00	0.00	491.90	1	40.00	0	65	0	0	0	0	0	0
0x8a84092147f43b0dc95b3b3a333d97be56f02ea2	400	0.00	0.00	7.99	1	30.00	0	64	0	0	0	0	0	0
0x8ccb2c0530f9e3d2dc8a08f96223f69d78df677a	50	0.00	0.00	233.27	1	100.00	0	0	0	0	0	0	0	0
0x69f3720fe09b9102db2de6b753620f3e3ed0f311	9800	0.00	0.00	1078.64	1	66.00	0	64	0	0	0	0	0	0
0xb8a20288716c96fcb5c03fbac1d1b8a0effca9d0	6200	0.00	0.00	14.60	1	66.00	0	64	0.006309051405006816	0	0	0	0	0
0xc6b7ced24e325c74a23f12e02e85013c20083ab3	6200	0.00	0.00	19.16	1	66.00	0	64	0.006804774844471062	0	0	0	0	0
0x742531a1d3f1ee0b63370fdcc28463b3eea17ba4	800	0.00	0.00	48.43	1	45.00	0	64	0.0075901235086939245	0	0	0	0	0
0x15012a94ceb95d9bd22839affe7a9cf9bb757ba1	6200	0.00	0.00	16.96	1	66.00	0	64	0.008499024447239378	0	0	0	0	0
0x8e6830cf79ab3e57735b2ffb270e3d93fbdfcc12	6200	0.00	0.00	18.61	1	64.00	0	64	0	0	0	0	0	0
0xa4b83bed76d12ea190e86932e1348e9d39842c72	6200	0.00	0.00	16.35	1	65.00	0	63	0	0	0	0	0	0
0xd79ef62bb788a3ff3308e8d2f597e138a90c135d	6200	0.00	0.00	17.84	1	65.00	0	63	0	0	0	0	0	0
0x4164485d8452a9b6e3c902da534943a4bf395f14	6200	0.00	0.00	26.84	1	65.00	0	63	0	0	0	0	0	0
0xb3537919f8b4bca79ac0e7df8b5f254f4f88bc37	2750	0.00	0.00	184.71	1	58.00	0	62	0	0	0	0	0	0
0x69f3720fe09b9102db2de6b753620f3e3ed0f311	7850	0.00	0.00	433.06	1	63.00	0	60	0.00825772447851092	0	0	0	0	0
0xcf649b9ea58a4e1b3276b33a287f1c59fde54266	2100	0.00	0.00	999.90	1	62.00	0	60	0	0	0	0	0	0
0x330cdef9652a8e80e2008c94dd45b29008d5608b	600	0.00	0.00	7.95	1	30.00	0	60	0	0	0	0	0	0
0xfab820f896d5a45f581ab3619cb41a92bc9104ff	300	0.00	0.00	50.13	1	17.00	0	59	0	0	0	0	0	0
0x5440afc3ef2b0af19c358f9d519657a6cc5909e5	1900	0.00	0.00	235.83	1	62.00	0	58	0	0	0	0	0	0
0xf837b9d96a0b1068858cda8887128e1fcdae99cc	1550	0.00	0.00	11.34	1	61.00	0	58	0.00731957175665876	0	0	0	0	0
0x6c4529e615b21b662b4103a916188c0813ecadde	200	0.00	0.00	37400.79	1	0.00	0	0	0.000022473942662415425	0	0	0	0	0
0x2550c71998b617e17fb7c007f34213b6734e446e	1450	0.00	0.00	988.45	1	61.00	0	56	0	0	0	0	0	0
0xb7b2db158983fe2e3293cdba7a3204b84b182d1a	400	0.00	0.00	10.72	1	25.00	0	56	0.014065796579820766	0	0	0	0	0
0xaf18be4e0b3a22925f613faa58e846b0fa6d829e	1350	0.00	0.00	1183.44	1	61.00	0	56	0.015463080481692426	0	0	0	0	0
0x4918384a87557845a7337dc90f4aa418453cd66a	650	0.00	0.00	30.60	1	57.00	0	55	0	0	0	0	0	0
0x6095813cd9f3a40335f6b4bd5699a5fd885ee0cd	1500	0.00	0.00	18.92	1	59.00	0	55	0	0	0	0	0	0
0x30ad826a94119aea4989bb60448600811296da98	100	0.00	0.00	58.54	1	100.00	0	0	0	0	0	0	0	0
0x047705099cccfab3020e79192c928699853e2391	400	0.00	0.00	11.13	1	11.00	0	54	0	0	0	0	0	0
0xd4926dd0c0a70d900020ac3a665f52f38b6282f9	900	0.00	0.00	39.35	1	34.00	0	53	0.0037160584153705933	0	0	0	0	0
0xd62355ea1833f8721c2ac7216b3fdd6d836c8167	1950	0.00	0.00	107.03	1	58.00	0	53	0	0	0	0	0	0
0xfcc7cd99f99eb15db9ab3e2b2ca19e83cbb01e11	1500	0.00	0.00	1213.47	1	39.00	0	53	0.002504971972561165	0	0	0	0	0
0x9292caf0be2602ab761df2a1ee1101668900dd02	50	0.00	0.00	302545.65	5	40.00	0	0	0.00009771470906416724	0	0	0	0	0
0xb3b92e3361956faaeca754cf5c6972370b44e33a	1200	0.00	0.00	3162.02	1	58.00	0	53	0	0	0	0	0	0
0x5fade1e92a963c8437067d51ba745af5d819c3db	400	0.00	0.00	14.68	1	10.00	0	52	0.006725542194463419	0	0	0	0	0
0x59e10ee0b33ff33553e70ca428d34df8a85946ac	1350	0.00	0.00	54.11	1	54.00	0	52	0.007266979089948222	0	0	0	0	0
0xe840907f25ccde2980c2726fbed32504e99b212e	1500	0.00	0.00	49410.39	1	58.00	0	52	0.00863092123949416	0	0	0	0	0
0x7176a107372745b554a2d81f34809f6b2237341c	1500	0.00	0.00	258.32	1	57.00	0	51	0	0	0	0	0	0
0xd7d5fa2993f5d34acab7d327f168086bcbda7f44	900	0.00	0.00	74.60	1	30.00	0	50	0	0	0	0	0	0
0x757c31b080793255b0669a896ffd8c135e26e9b8	3150	0.00	0.00	173.48	1	56.00	0	50	0.004728136074749756	0	0	0	0	0
0x8ca32d1f41d4a55a400fd485374a9d0b5ad954f7	1500	0.00	0.00	342.56	1	54.00	0	50	0.004875347290345111	0	0	0	0	0
0x42b57b0294de39ffd8f9cc571497676c78919844	2100	0.00	0.00	17.66	1	53.00	0	49	0	0	0	0	0	0
0xb854742a0d9aa0754765a834f0eafe6d67fe2d90	1500	0.00	0.00	159.96	1	55.00	0	49	0.00786347406358523	0	0	0	0	0
0x87f77acb99b94d6e663574256158a354dd32e457	600	0.00	0.00	101.46	1	100.00	0	4	0	0	0	0	0	0
0x9483fd5ce00ccc2c59cc2c01348f7f18ea4a391a	1500	0.00	0.00	1.63	1	54.00	0	48	0.012888697154211926	0	0	0	0	0
0xfa28b76efd78e6d4cd8712572f4ad80c5fb856ab	900	0.00	0.00	5052.24	1	54.00	0	48	0	0	0	0	0	0
0x947e6a20342bf63943bb9a76fa10acc7ff95dfa6	3050	0.00	0.00	564.11	1	54.00	0	48	0	0	0	0	0	0