wallet	ticks	apr	total_profit_usd	mid_deposited_usd	rebalances	in_range	rebalances_gap_hours	mid_duration_hours	impermanent_loss_avg	auto_rebalance	vfat_cutoff_tick_low_avg	vfat_cutoff_tick_high_avg	vfat_buffer_ticks_below_avg	vfat_buffer_ticks_above_avg
0x3c5aac016ef2f178e8699d6208796a2d67557fe2	25	198264.07	1078.54	1066.02	2	100.0	0	20	0.0	0.0	0.0	0.0	0.0	0.0
0xd37e5a41d7792e353fa905d9693ffc0b4016068a	10	132120.61	4051.79	74.62	1	100.0	0	349	0.0	0.0	0.0	0.0	0.0	0.0
0x0c8ac71c2052366593f695ebcaa409bd3039c0f4	10	73419.02	5555.47	213.83	3	98.0	0	220	0.0	0.0	0.0	0.0	0.0	0.0
0x26570de098f37d1d717e2860fbf19d54fe9a6011	15	62182.98	1071.97	37.01	1	97.0	0	392	0.0	0.0	0.0	0.0	0.0	0.0
0xa7b4d4d74d7d68d598c5e4f3573a32dc6e1d29b2	55	36053.85	1144.55	181.64	2	99.0	461	196	0.0	0.0	0.0	0.0	0.0	0.0
0x6fc54c941604608b7e1702e198e767a76ebb4302	10	32214.44	185.63	9.56	1	97.0	0	513	0.0	0.0	0.0	0.0	0.0	0.0
0xdb8a01d53e03d162917f77f7e61307c9a1a7b823	40	21551.79	1195.19	88.01	1	98.0	0	551	5.13986999295e-05	0.0	0.0	0.0	0.0	0.0
0xd4943d5e9a2413bc1e566f31b01d5a805f9d7d13	25	17255.71	502.95	55.01	2	97.5	0	445	3.6931578462e-06	0.0	0.0	0.0	0.0	0.0
0x6fb737d1ebb73cda6cfa36fd16d9273065d1b084	25	14163.86	3829.18	132.86	2	99.0	410	371	6.3767890967e-06	0.0	0.0	0.0	0.0	0.0
0xb6ad3564bd6345bde177be74fae683a987650b63	10	13838.35	542.32	167.17	13	89.15	13	35	4.312443906247136e-08	0.0	0.0	0.0	0.0	0.0
0x3b68b2d2fc0fb1ea0e852bb92449edec3834d197	15	12588.39	2435.7	67.26	1	87.0	0	2498	1.3632702744e-06	0.0	0.0	0.0	0.0	0.0
0x3bbde793804a1a2a6cc402434f15a21e323b7f9b	25	9793.6	116.56	5.32	3	99.33	0	226	6.701301254648703e-07	0.0	0.0	0.0	0.0	0.0
0xcd791be31b86b22c9822110e7d5a17ab136063ac	25	6783.76	261.95	12.05	1	94.0	0	2806	0.0	0.0	0.0	0.0	0.0	0.0
0xd681ac85823bfe056947e645c6a6ea737cf1fc3b	25	6011.47	813.38	149.65	1	90.0	0	783	0.0	0.0	0.0	0.0	0.0	0.0
0xbc2086c30b7db99e8953f3e4065736a474e2e7cb	50	5152.77	1312.52	120.74	1	99.0	0	1842	0.0	0.0	0.0	0.0	0.0	0.0
0x3f01532c7d850a69663a5c80a6593130cd6793bc	50	4313.21	328.07	30.18	1	100.0	0	2202	5.5257239117e-06	0.0	0.0	0.0	0.0	0.0
0x55f5534f878cd4c2048b04884a343af32223c61b	25	4089.73	315.42	14.0	2	94.5	0	672	0.0	0.0	0.0	0.0	0.0	0.0
0xbdcc47f2689591975d0e02c208e8fbae607c451d	25	3965.94	165.5	4.95	2	97.0	0	1640	4.2875346495e-06	0.0	0.0	0.0	0.0	0.0
0x8364ab71eaabe46fd130a9b995082014138a3a36	25	2567.47	5161.35	1467.51	1	95.0	0	1196	5.88715441729e-05	0.0	0.0	0.0	0.0	0.0
0x6e91724c9b7e22472a5c9eb73a1c1623af8e1d27	50	1871.38	808.18	48.49	2	99.5	0	2038	0.0	0.0	0.0	0.0	0.0	0.0
0x91ddeb35264287785762e666b5fba5da9e83b5c8	15	311.71	44.59	2610.91	1	99.0	0	45	4.0200797579e-06	0.0	0.0	0.0	0.0	0.0
0x199745e7b4efead0b2f027e3c3c88b1c77b3b780	10	248.15	235.46	34633.11	1	100.0	0	17	9.685861002139973e-08	0.0	0.0	0.0	0.0	0.0
0x5de0d282a5ba9d2e0bb8d4d9647804287e0a6484	5	189.09	4.94	317.76	1	100.0	0	71	8.205195078936356e-07	0.0	0.0	0.0	0.0	0.0
0x009d13e9bec94bf16791098ce4e5c168d27a9f07	5	154.93	9.01	1061.52	1	66.0	0	39	0.0	0.0	0.0	0.0	0.0	0.0
0x8e07b24159224a2c7f406f28da520b7a063ec9f0	10	138.14	70.0	18494.74	1	100.0	0	18	0.0	0.0	0.0	0.0	0.0	0.0
0x4a4a2fa0cf9ee113b9d026e93edd835edae048eb	10	132.35	57.89	5284.5	5	94.0	486	110	0.0	0.0	0.0	0.0	0.0	0.0
0xbc2086c30b7db99e8953f3e4065736a474e2e7cb	10	115.97	1.14	120.1	1	74.0	0	72	0.0	0.0	0.0	0.0	0.0	0.0
0xabea63c0967f2f5faf4b262c0104233ab5a56ac8	10	109.96	40.68	13504.03	1	100.0	0	14	0.0	0.0	0.0	0.0	0.0	0.0
0x42a1ef5ffdaf134eb958814e443db9c244375c8f	5	106.5	621.88	13397.05	4	99.75	79	81	0.0	0.0	0.0	0.0	0.0	0.0
0x329cfe850ff4cf637aa2353ef2d3672156e54d6c	15	106.16	42.29	2423.46	1	99.0	0	139	2.393070519524088e-07	0.0	0.0	0.0	0.0	0.0
0x1563c4751ad2be48fd17464b73585b6ba8b6a5f0	5	102.56	0.11	19.15	1	99.0	0	38	4.1225804991995574e-07	0.0	0.0	0.0	0.0	0.0
0x2506d559ba6a2d119f2ed0ef543d24b071f11d28	25	101.16	0.76	68.94	1	100.0	0	87	2.4654901897e-06	0.0	0.0	0.0	0.0	0.0
0xef46b09b69647412c129ebd8739bdf0f0c10dccd	10	98.33	30.12	5590.43	1	100.0	0	38	0.0	0.0	0.0	0.0	0.0	0.0
0x9e0ef1bc1a3411001a30ea016faeab76d28bf8e3	10	97.64	24.84	1364.39	3	100.0	0	26	0.0	0.0	0.0	0.0	0.0	0.0
0x0ad71aa8b01a77abc7a8f40cc323b592256c3664	5	91.82	0.02	3.93	1	100.0	0	26	0.0	0.0	0.0	0.0	0.0	0.0
0x9e0ef1bc1a3411001a30ea016faeab76d28bf8e3	5	87.45	1864.25	11166.12	13	81.46	53	94	0.0	0.0	0.0	0.0	0.0	0.0
0x6c9e52a76048e8da6d97fc016201151854465b5e	15	86.02	0.59	250.78	1	100.0	0	19	0.0	0.0	0.0	0.0	0.0	0.0
0x5ca642d0138f8fa36f4ec6311190825392246ada	5	83.88	1.35	73.16	1	98.0	0	177	1.7607338365e-06	0.0	0.0	0.0	0.0	0.0
0x1ad9d29509059fe8ff680aa39c107103915f188a	5	79.56	807.94	8691.24	7	99.0	79	154	0.0	0.0	0.0	0.0	0.0	0.0
0x9c9553cd0c8673651a36e5e11c4989bb629d4067	10	78.75	50.74	4722.39	2	87.5	0	49	4.3343104161e-06	0.0	0.0	0.0	0.0	0.0
0x89b50c915b69a23c5f1cdc668c660a0454e629f5	5	78.04	47.22	7360.7	1	35.0	0	65	2.0894417751e-06	0.0	0.0	0.0	0.0	0.0
0x20c9b776445c11e91f46aa048d57dd9c2f4f6fdb	10	75.86	20.51	9868.49	1	100.0	0	21	0.0	0.0	0.0	0.0	0.0	0.0
0xc889952f94df4babac890790c71f3962145fce01	15	73.6	0.87	215.71	1	97.0	0	40	0.0	0.0	0.0	0.0	0.0	0.0
0x714c8a1db40eedc9240af30bb25d5440796536aa	10	72.19	0.88	222.91	1	85.0	0	31	0.0	0.0	0.0	0.0	0.0	0.0
0xe17a55acd7f56ef5f90c52a4c418d6076315e8ee	5	68.45	47.46	12652.87	1	95.0	0	47	0.0	0.0	0.0	0.0	0.0	0.0
0x05970c883c8d2db8287edb0c264961001cf2280a	5	66.46	16.17	8882.31	1	100.0	0	18	0.0	0.0	0.0	0.0	0.0	0.0
0x441921132b11fdc628f25fe80d7369143fa6c18e	10	64.78	149.07	22312.87	2	100.0	461	154	0.0	0.0	0.0	0.0	0.0	0.0
0x5c9de63470d0d6d8103f7c83f1be4f55998706fc	10	62.98	25.31	7334.19	1	100.0	0	27	0.0	0.0	0.0	0.0	0.0	0.0
0xd13cf36b646adcad473523f7b32baa74f4f8f502	10	60.57	13.05	2621.88	1	52.0	0	55	3.7103729977e-06	0.0	0.0	0.0	0.0	0.0
0x714c8a1db40eedc9240af30bb25d5440796536aa	5	59.68	0.37	223.29	1	100.0	0	16	2.0910890796699283e-07	0.0	0.0	0.0	0.0	0.0
0xb4ce0c954bb129d8039230f701bb6503dca1ee8c	10	59.1	36.37	11231.85	1	99.0	0	45	0.0	0.0	0.0	0.0	0.0	0.0
0x3e5d788fd8bec4f85bac9881d8136e04f2d653d2	5	58.81	7.67	793.49	1	98.0	0	120	1.3942361376e-06	0.0	0.0	0.0	0.0	0.0
0x3214e141bdae08be1f382a885cf3d2a448a5e780	10	58.27	49.9	2798.03	2	78.0	0	113	4.767224665e-06	0.5	-443636.0	443636.0	0.0	0.0
0xd2255493f6f12eb05771075a9599142adc31261e	10	56.83	0.77	492.6	1	100.0	0	13	0.0	0.0	0.0	0.0	0.0	0.0
0x12aaf66a87fad4aeb40f45189c5f315e46da4b1a	10	55.74	6.38	2090.59	1	60.0	0	37	7.1751511954e-06	0.0	0.0	0.0	0.0	0.0
0x126ff8fabec84ef8a96f25dd0c2668fb9b7e7088	10	54.26	22.3	4999.61	1	100.0	0	60	0.0	0.0	0.0	0.0	0.0	0.0
0x83c9e62b8e942241d960894b3c2cc3b9a23c9b3c	5	53.89	2.34	793.07	1	96.0	0	39	1.2617407119108748e-08	0.0	0.0	0.0	0.0	0.0
0x031f72deb03c509af42624ddcd1f63fce5ecb220	5	52.54	597.05	205828.34	2	100.0	14	11	0.0	0.0	0.0	0.0	0.0	0.0
0x4fd1cb0c9661e1886734e7ab9c0197a37cb1a02c	10	51.15	33.51	2689.88	2	74.5	0	98	0.0	0.0	0.0	0.0	0.0	0.0
0x2dc1056c52c5f7d5e2455c78fe7a5b2e2fbc5613	5	50.95	110.05	3195.58	5	79.6	120	88	0.0	0.0	0.0	0.0	0.0	0.0
0xdb09194d9ca57ae286ecdb0b423e832306b8fbe4	5	49.85	2.74	171.28	2	64.0	644	59	0.0	0.0	0.0	0.0	0.0	0.0
0x1be3d6c73e7af74a0ab818c4a95bd72f058f320a	5	46.99	422.03	327811.7	1	100.0	0	19	0.0	0.0	0.0	0.0	0.0	0.0
0x392a8341857bbb0d54187b32f250142066b74c75	5	46.41	1026.73	47460.3	4	99.75	95	136	2.396421006078953e-07	0.0	0.0	0.0	0.0	0.0
0x7a58ff245480964b989a78af1facfffffceafe82	5	46.19	2.56	673.44	1	91.0	0	69	0.0	0.0	0.0	0.0	0.0	0.0
0xea6b0532f019756646c1e509b749fcbcf11dc3cb	5	45.65	0.61	54.32	1	71.0	0	196	0.0	0.0	0.0	0.0	0.0	0.0
0x27164e2a13158c1a796728f7e2460933e9e3a44f	10	45.37	1.15	926.37	1	100.0	0	12	0.0	0.0	0.0	0.0	0.0	0.0
0x4b2c88573f8f2baee29d5a1b68651afc868475a0	15	44.64	1.59	652.13	1	100.0	0	48	0.0	1.0	-887272.0	887272.0	0.0	0.0
0x26570de098f37d1d717e2860fbf19d54fe9a6011	25	44.55	0.25	16.81	1	98.0	0	287	0.0	0.0	0.0	0.0	0.0	0.0
0x8c695d728b426e7a16052e32e8ca72777ed51fbf	5	43.17	20.22	1828.96	2	71.5	56	116	0.0	0.0	0.0	0.0	0.0	0.0
0x5aaa7986136e54f0bcfb7baf3058aed1698abf37	10	43.04	0.01	1.56	1	32.0	0	109	0.0	0.0	0.0	0.0	0.0	0.0
0xc40f6f6ade14de9aa40e5a868aa8db4ae2ab5be4	10	42.88	382.21	26431.49	2	89.5	0	153	0.0	0.0	0.0	0.0	0.0	0.0
0x84d0f74d21a89f86b67e9a38d8559d0b4e10f12d	10	42.69	312.62	60870.45	4	75.0	313	12	0.0	0.0	0.0	0.0	0.0	0.0
0xa12eec92d8c155c8ea9159cb87da4e062bf9992d	5	42.36	2.4	2069.07	1	100.0	0	22	1.988088693671841e-07	0.0	0.0	0.0	0.0	0.0
0x286e07e3038c42bddee38ff56c4f18c384d7b3c1	5	41.71	0.01	6.75	1	100.0	0	14	1.572667107652137e-07	0.0	0.0	0.0	0.0	0.0
0xbce83d5060a7d7007fd7ca17301c1e5131b2d50e	5	40.64	99.95	27105.71	2	100.0	197	64	3.001611847963659e-07	0.0	0.0	0.0	0.0	0.0
0x56f6f446a3944ab802e00f58d5921cc43252b792	5	40.59	59.66	53652.43	1	100.0	0	9	0.0	0.0	0.0	0.0	0.0	0.0
0x304856144a8cc390cd59c76f7df2dcd8174ba549	10	40.36	35.19	5304.28	1	33.0	0	133	0.0	0.0	0.0	0.0	0.0	0.0
0xbca4d68be543dcefb1a8bccb519503f9ba3f2026	5	40.34	891.38	67173.27	2	81.0	0	120	0.0	0.0	0.0	0.0	0.0	0.0
0x2130fd01026867a6c8dde24ad5e64f2e2dfce196	5	39.34	213.32	12945.5	4	99.75	56	47	2.537763998944343e-07	0.0	0.0	0.0	0.0	0.0
0x3352cfe4b92b354c9e56382a6fc6d7462fea9ba2	5	38.47	122.52	14752.69	2	100.0	0	29	3.071504162122096e-09	0.0	0.0	0.0	0.0	0.0
0x97bb1dd5be6d1dfecdc9c702c5df6d40659218cd	10	38.33	77.38	24559.26	1	36.0	0	63	3.2613366229e-06	0.0	0.0	0.0	0.0	0.0
0xb3bfb32977cfd6200ab9537e3703e501d8381c9b	5	37.22	3163.59	236449.58	3	91.33	602	110	0.0	0.0	0.0	0.0	0.0	0.0
0x392a8341857bbb0d54187b32f250142066b74c75	10	35.89	146.68	74580.28	1	40.0	0	45	0.0	0.0	0.0	0.0	0.0	0.0
0x5ebb8663b9d213026ad9776dba264c3ef1a40f37	5	34.61	754.16	23393.55	1	62.0	0	801	3.0858885002e-06	0.0	0.0	0.0	0.0	0.0
0xfcb7edb8561822e2f2f4f6af5239de5e25b6dc86	5	32.86	0.19	106.07	1	95.0	0	43	7.622818043451218e-07	0.0	0.0	0.0	0.0	0.0
0x7af418840aa874acfcc6b07134a830733b64be79	5	32.66	0.48	134.95	1	65.0	0	92	0.0	0.0	0.0	0.0	0.0	0.0
0x5ba323cc3e4b01ded640fc78c8948dcfb8f298cd	5	32.38	0.23	20.09	1	47.0	0	297	0.0	0.0	0.0	0.0	0.0	0.0
0x49ceaeec7268289d70fcafc851d1157d37623aaf	5	32.32	19.2	4394.62	3	100.0	0	36	0.0	0.0	0.0	0.0	0.0	0.0
0xb4427e29283f9dd0430c4fdf094795768f5158ca	5	31.58	1.73	999.26	1	100.0	0	27	0.0	0.0	0.0	0.0	0.0	0.0
0x9aa9baaf1e4cfea1560cc5dd19f4351b49e299f4	5	30.99	5.54	631.86	3	100.0	43	19	3.488491828740337e-07	0.0	0.0	0.0	0.0	0.0
0xff1fc55b3b5d2cc62b82d1f77da88355e8175254	5	30.55	4.21	5029.3	1	100.0	0	3	1.1945699984750036e-08	0.0	0.0	0.0	0.0	0.0
0xd3f8f55b6b244afd86f2d0fb7f2de445cc0c10a8	5	30.48	150.04	15698.08	3	92.67	172	77	0.0	0.0	0.0	0.0	0.0	0.0
0x67927d35e13f0c307ad7f2c83db3964f1e1673b0	5	29.9	4.18	5105.14	1	100.0	0	23	3.9894150094e-06	0.0	0.0	0.0	0.0	0.0
0x68c7af8d76e32d79ebc47dcafe2035f48363a7e8	5	29.78	26.16	2003.3	1	41.0	0	372	1.4227796496e-06	0.0	0.0	0.0	0.0	0.0
0xb4ce0c954bb129d8039230f701bb6503dca1ee8c	5	29.38	0.26	32.44	1	55.0	0	236	0.0	0.0	0.0	0.0	0.0	0.0
0xccd49d8c4497303ab2224d529f6b2aa7c5634970	5	28.94	0.57	722.77	1	100.0	0	19	0.0	0.0	0.0	0.0	0.0	0.0
0x958270483b345db08347514e8b93b938624d6371	10	28.64	0.25	312.77	1	100.0	0	10	0.0	0.0	0.0	0.0	0.0	0.0
0xa24875087f3b491ebe2d59b46a358172e02c0ffa	5	28.45	0.08	100.0	1	100.0	0	23	1.0858212107223153e-07	0.0	0.0	0.0	0.0	0.0
0x11ab6ec20b3e02b219961a0092e1bc768977d980	5	28.0	12.6	1368.99	1	43.0	0	285	0.0	0.0	0.0	0.0	0.0	0.0
0x1884ea1a8d77d192f787faa95d4ed4fac806c7d9	5	27.72	0.05	61.42	1	100.0	0	20	4.0163291581407634e-07	0.0	0.0	0.0	0.0	0.0
0x3ad3f947c3d0995b2cc6717d0a6baca8e366c507	25	27.64	0.23	37.48	1	98.0	0	180	1.2530744553e-06	0.0	0.0	0.0	0.0	0.0
0xd8a2cc4ee652625b02b8c2385705527458bdd9f8	10	27.26	28.27	18925.89	1	100.0	0	25	4.35205516069459e-07	0.0	0.0	0.0	0.0	0.0
0xe695cf91811dbc72733e3cc8c6dd679695e0d895	5	27.05	14.31	1632.1	4	100.0	35	49	0.0	0.0	0.0	0.0	0.0	0.0
0xd211dbe903af354658238731b75354f522f11bee	10	26.37	0.6	103.76	1	19.0	0	173	0.0	0.0	0.0	0.0	0.0	0.0
0xf73bd5710d3e3d4e8db7ec6058f9fb77ff8414e9	25	26.22	0.72	1008.43	1	100.0	0	5	0.0	0.0	0.0	0.0	0.0	0.0
0x323273736dc92520021578be759fe87fbee788aa	5	25.88	11.05	7794.9	1	100.0	0	47	0.0	0.0	0.0	0.0	0.0	0.0
0xa056c95d109e69667f23b0bd4c5b94a58cbb412a	5	25.31	37.96	3178.48	7	99.14	19	70	0.0	0.0	0.0	0.0	0.0	0.0
0xa14010166d72ff3cc101c29e95d12adb06146475	5	25.3	509.51	31410.4	3	91.67	336	133	0.0	0.3333333333333333	-33.666666666666664	317.6666666666667	0.0	0.0
0x2803a994a465f0fa5d86c1c507bed9116adc52c9	5	25.17	13.85	10042.16	1	100.0	0	45	0.0	0.0	0.0	0.0	0.0	0.0
0x8c656aabd8829f681f5bca37313f69a85d283433	10	25.13	22.06	1567.08	2	62.5	0	212	1.1536028077e-06	0.0	0.0	0.0	0.0	0.0
0x5bd21d173ec7c00e6a123cee48729369ef417109	5	24.85	50.13	4350.13	2	76.0	185	260	0.0	0.0	0.0	0.0	0.0	0.0
0x498afecb37af3f00e3f4ad18c8865257df5ecd8d	5	24.59	1.24	923.47	1	100.0	0	33	3.2138398609049545e-07	0.0	0.0	0.0	0.0	0.0
0xb3bfb32977cfd6200ab9537e3703e501d8381c9b	10	24.43	118.77	88740.42	1	42.0	0	26	3.5236262907e-06	0.0	0.0	0.0	0.0	0.0
0x09fc1031d03a78ed4f60463fa9749870d33439bc	50	24.07	63.49	8021.68	1	98.0	0	273	0.0	0.0	0.0	0.0	0.0	0.0
0xa6861734e12e45e3b3a1dfc3d06d1bc5d3c34589	5	23.7	0.25	190.01	1	100.0	0	26	0.0	0.0	0.0	0.0	0.0	0.0
0x8a998c997d248f4263bb61df63e0defe3fb7bd6f	5	23.66	576.05	46194.95	6	100.0	172	19	2.4590435983758613e-07	0.0	0.0	0.0	0.0	0.0
0x4aa63e8115c5b29a3e0e062a77c11592931453dc	5	23.6	383.86	12627.29	4	94.75	94	142	0.0	0.25	-221818.0	221818.0	0.0	0.0
0x3b40abf90f92c982d862354e59d903b786be2b72	5	23.22	35.22	3300.04	4	61.75	25	59	1.2366738577e-06	0.0	0.0	0.0	0.0	0.0
0x39763a917192917dceff6ac3fc8cea1a4aa8cef8	10	23.08	0.29	464.88	1	100.0	0	19	3.5956272959e-06	0.0	0.0	0.0	0.0	0.0
0xf038236880f5ab18ac824a7ed03afa18fe567cd1	25	22.91	82.23	4094.5	1	98.0	0	744	0.0	0.0	0.0	0.0	0.0	0.0
0x392a8341857bbb0d54187b32f250142066b74c75	15	22.85	186.68	74556.63	1	99.0	0	78	4.3016989970112724e-08	0.0	0.0	0.0	0.0	0.0
0xd5ad941ca8e2ed3c3049d7adf370351827bd70bb	5	22.8	959.7	68109.58	4	99.75	30	116	0.0	0.0	0.0	0.0	0.0	0.0
0x35dabbf0190cb68dee6d58b7ebfd28dd34959879	5	22.63	27.33	28580.17	3	100.0	427	10	0.0	0.0	0.0	0.0	0.0	0.0
0xf925cc2cbea0b2b30aef6c29ec0c77d7cb6fcb6f	10	22.57	11.96	566.4	2	58.0	0	324	0.0	0.0	0.0	0.0	0.0	0.0
0x0be834885b66d4a97e37cb8c233f56865c0ff6a3	5	22.08	4.47	7393.52	1	100.0	0	21	0.0	0.0	0.0	0.0	0.0	0.0
0xc0f4878e996ad68b2119bdfd3f4428c8d33f5fcf	5	22.05	18.06	6164.67	2	92.5	315	44	0.0	0.0	0.0	0.0	0.0	0.0
0x3c948a11c4d5462ace49a505ece7112531b16725	5	21.96	214.04	31224.46	4	100.0	105	47	0.0	0.0	0.0	0.0	0.0	0.0
0x774cabc3460363f62b7cd03938d121174ae2cedd	5	21.93	0.01	13.41	1	100.0	0	8	0.0	0.0	0.0	0.0	0.0	0.0
0x304856144a8cc390cd59c76f7df2dcd8174ba549	5	21.37	23.53	4755.52	3	68.0	120	61	6.245343131539016e-08	0.0	0.0	0.0	0.0	0.0
0xe41277b8045ab83ca8a0233f4013808e7cebff42	5	21.35	5.88	2011.13	1	100.0	0	111	0.0	0.0	0.0	0.0	0.0	0.0
0xba334681a8e1f55b8f49bb8a287aa83f6fd5637f	10	21.16	0.12	210.21	1	100.0	0	14	0.0	0.0	0.0	0.0	0.0	0.0
0x6181bbb6387f98bab4e112fb83ce29d0a2d7f777	5	21.1	3.35	1933.65	1	100.0	0	66	3.102577084135305e-07	0.0	0.0	0.0	0.0	0.0
0xba801f9e35d23e6fb0f1fbfefa980abdef153b78	5	21.04	9.72	1814.48	4	89.0	1	43	0.0	0.0	0.0	0.0	0.0	0.0
0xbe7dd82facd47d3598803f44cb980078466aeba3	5	20.84	54.26	4324.19	5	97.4	28	139	0.0	0.0	0.0	0.0	0.0	0.0
0x17b268a2cb1fb896fd892aa649f621099e4c7626	5	20.84	0.94	1653.06	1	100.0	0	10	0.0	0.0	0.0	0.0	0.0	0.0
0x504a16725207bddf5a4fbf5e603e2f639d3ad466	5	20.79	1.82	1064.36	1	100.0	0	49	0.0	0.0	0.0	0.0	0.0	0.0
0xd73c5d65f32f2a90c3a137bd57e294b53d3a2074	5	20.75	0.54	950.0	1	100.0	0	24	0.0	0.0	0.0	0.0	0.0	0.0
0x6f6c9a617962bc0e79141cd7e4ffa1e8014a6bc7	5	20.71	3.15	78.8	7	76.29	16	144	0.0	0.0	0.0	0.0	0.0	0.0
0xb63cf382fd5805f8a377cfc6eb75fdd46b9ec847	5	20.46	5.58	1991.28	1	100.0	0	101	0.0	0.0	0.0	0.0	0.0	0.0
0x0e8c234f27f9dce6707eb1d79a79afde88030d0b	5	20.28	0.93	1670.73	1	100.0	0	23	0.0	0.0	0.0	0.0	0.0	0.0
0x51dcd4d4632149f8fdf9fca8c79700595e8034cd	5	20.2	1.38	511.49	4	99.5	223	69	0.0	0.0	0.0	0.0	0.0	0.0
0xfcb7edb8561822e2f2f4f6af5239de5e25b6dc86	10	20.08	1.06	967.97	1	98.0	0	43	7.622818043451218e-07	0.0	0.0	0.0	0.0	0.0
0x120b09ebf1367a5c5a34255c2656ea786cf51b93	20	19.6	0.45	70.16	1	97.0	0	281	0.0	0.0	0.0	0.0	0.0	0.0
0xe3db698cedab1065f46c21ecca221a0af8b888ee	5	19.44	0.38	712.76	1	100.0	0	21	0.0	0.0	0.0	0.0	0.0	0.0
0x029279fae98391f98e8792947f9c2f68413b31ab	5	19.4	7.49	942.59	4	100.0	46	67	2.0634580988332374e-07	0.0	0.0	0.0	0.0	0.0
0xab9cde6b97fc31278fe1e496bcc96c157692c17f	5	19.14	1.04	1976.54	1	100.0	0	22	7.62474638982269e-07	0.0	0.0	0.0	0.0	0.0
0x1af17cb9eeffe8b743748dffc56363d13412a16f	5	18.95	9.13	17586.94	1	100.0	0	17	0.0	0.0	0.0	0.0	0.0	0.0
0x6f0d2f06ae622b2047d7af6f82460e332913257c	5	18.93	76.39	35754.34	3	65.33	371	34	0.0	0.0	0.0	0.0	0.0	0.0
0x91841c28da9d90537da49d8e25a83e64d579cc73	45	18.91	0.02	43.24	1	100.0	0	14	0.0	0.0	0.0	0.0	0.0	0.0
0xce3bcc903b570a51e0097c5a877904dacae38aef	5	18.84	10.22	9895.96	1	100.0	0	43	0.0	0.0	0.0	0.0	0.0	0.0
0x0aeb014499161cc9cdeea102836b3268f027d467	5	18.39	5.23	2593.28	1	100.0	0	77	1.0687403406e-06	0.0	0.0	0.0	0.0	0.0
0x5076b69eb78606dfa41a9d68e9a1bf1d73c0e9a9	5	17.95	3.44	998.5	1	93.0	0	148	0.0	0.0	0.0	0.0	0.0	0.0
0x9be55ee878230843650d6c913cc18d735856d177	5	17.77	62.03	127404.17	1	100.0	0	22	0.0	0.0	0.0	0.0	0.0	0.0
0x4ffd0a59a26cb2aa76d403215e4cc2845c053994	5	17.71	0.02	11.48	1	10.0	0	49	1.2117845948e-06	0.0	0.0	0.0	0.0	0.0
0xf7e8081d5f5a44d54fe81b86204ccdb693c60831	5	17.7	0.81	333.99	1	100.0	0	100	1.5724607838e-06	0.0	0.0	0.0	0.0	0.0
0x95e1aa85b73202e8f511cf1aca6414aaf3abfbeb	5	17.66	22.73	2394.21	5	99.0	26	74	2.2836708524209826e-07	0.0	0.0	0.0	0.0	0.0
0xe9c0df9bd4607850d410c957fec11ec209de5ef6	5	17.64	234.52	25158.87	3	100.0	0	91	0.0	0.0	0.0	0.0	0.0	0.0
0x82aa832b6ac60db4059f7115c747e132c36f6156	5	17.54	12.03	8344.42	1	100.0	0	65	1.2247369785001186e-07	0.0	0.0	0.0	0.0	0.0
0x897a7f6af47881c62d7ca7e3dc5bd8a1341ad8ae	5	17.44	288.76	67186.85	2	98.0	243	51	6.623448178810776e-07	0.0	0.0	0.0	0.0	0.0
0x79ee22a5a4ed44a141a8f81209a7da9d1e96103b	5	17.2	68.73	24312.08	1	94.0	0	140	0.0	0.0	0.0	0.0	0.0	0.0
0xfece90bfd244b28bcc7d3d48e42f82277df957c7	5	17.2	0.03	9.73	1	95.0	0	139	0.0	0.0	0.0	0.0	0.0	0.0
0x921d3bae22894b5d05fc4491721fddc016ab98b8	10	16.89	0.52	548.31	2	100.0	10	20	0.0	0.0	0.0	0.0	0.0	0.0
0xb8eb33115aaaead8385e79163d67ab1cb3e88948	10	16.73	1.69	238.54	2	97.5	0	114	1.3030742207e-06	0.0	0.0	0.0	0.0	0.0
0xd9eed39ffcf0274c0b44e3f50586b208b9e8b50b	5	16.71	4.15	4533.22	1	100.0	0	39	0.0	0.0	0.0	0.0	0.0	0.0
0x5e7dbb835decd32bd1f265f3caa0444982d0ec3e	5	16.65	0.02	12.49	1	100.0	0	67	0.0	0.0	0.0	0.0	0.0	0.0
0x14ebe391c51e64ca9ed842d61b680bea10ccd5ca	10	16.61	6.82	14991.38	1	100.0	0	11	0.0	0.0	0.0	0.0	0.0	0.0
0xa764fbda4ff2812d1021df393138d44319eac877	5	16.55	3.22	1421.4	1	100.0	0	118	6.148664910554659e-08	0.0	0.0	0.0	0.0	0.0
0xdf98f0e1fe7f717c579d605aad7908f634578a5d	5	16.48	129.95	8162.96	7	85.14	203	106	1.965547826e-06	0.0	0.0	0.0	0.0	0.0
0x3541b1100c28ba3abf565baa2806d2acd6dab342	5	16.37	0.66	729.52	2	100.0	26	16	1.3158524270195926e-08	0.0	0.0	0.0	0.0	0.0
0xdf0063e86c453322458e59b8e7e186f44b4fc5ea	5	16.34	150.41	61424.11	2	98.5	339	63	0.0	0.0	0.0	0.0	0.0	0.0
0x648a9d1af71d17457e0518ef748af8e4ff2f85cf	5	16.24	1.71	767.12	1	100.0	0	115	1.3590489844617082e-07	0.0	0.0	0.0	0.0	0.0
0xe3c3ea36bb3df6dbcb3ef2f18ea290da1772cad2	5	16.2	27.84	20909.71	1	100.0	0	65	0.0	0.0	0.0	0.0	0.0	0.0
0x2250a2c15a1ef5a7e9b5b68155b3dc2a819ff80c	50	16.14	0.27	612.49	1	100.0	0	14	0.0	0.0	0.0	0.0	0.0	0.0
0x66a0f5491c5ace4e491fb8a90da3af1c2b9ac233	20	15.97	1.03	2345.64	1	88.0	0	21	0.0	0.0	0.0	0.0	0.0	0.0
0x3a54157ac9f5e678dd410c668d2a7502ddc08645	5	15.97	0.02	14.16	1	100.0	0	69	5.800555813451069e-07	0.0	0.0	0.0	0.0	0.0
0x55531a61506fc139c7c281c03b540c714bbb3752	5	15.95	59.05	27025.38	1	99.0	0	116	0.0	0.0	0.0	0.0	0.0	0.0
0x6b733d728d64dbef342cd220a8ac23569aadcd82	5	15.87	0.44	1004.71	1	100.0	0	2	0.0	0.0	0.0	0.0	0.0	0.0
0xc95b2251eea54985aabff294780c4e8ff32c1b16	5	15.83	152.72	23740.72	7	98.43	48	46	4.76739918970586e-07	0.0	0.0	0.0	0.0	0.0
0xedeed75328937a17749c1a59772e2ec79eb51314	5	15.78	104.3	20655.68	8	100.0	230	11	1.757774481525587e-10	0.0	0.0	0.0	0.0	0.0
0x2a9f9e338a5d66f87fa130fd3faee92494a7bea9	5	15.76	16.32	18901.0	1	100.0	0	43	8.094209413833653e-07	0.0	0.0	0.0	0.0	0.0
0x5a2401fbd0693ffb46942c4fd3dfe84733c1b645	15	15.72	0.86	2003.03	1	100.0	0	17	0.0	0.0	0.0	0.0	0.0	0.0
0x79e41c2d158c5d6f2606459d04c4280cf20b8e13	5	15.65	3.01	1405.77	1	100.0	0	103	3.2847613518072194e-08	0.0	0.0	0.0	0.0	0.0
0x587a86f228dd4cfb1fe253db332443f2294ea634	5	15.64	6.36	14837.83	1	100.0	0	19	2.171654078786389e-07	0.0	0.0	0.0	0.0	0.0
0x675683330501a86b1475e29af4d6ec659d72c90a	10	15.51	79.57	93613.64	1	100.0	0	47	2.5005950643475217e-07	0.0	0.0	0.0	0.0	0.0
0x4243e2bfe90d3d58d83860a18e2168105a4f8a69	5	15.3	96.06	114554.11	1	100.0	0	35	0.0	0.0	0.0	0.0	0.0	0.0
0xaf2b501659b8de6b23f84241afbcf43001729115	5	15.24	0.15	362.41	1	100.0	0	17	0.0	0.0	0.0	0.0	0.0	0.0
0x00913eaaaccf42b4348dab0d59dc543890941f9c	5	15.2	0.14	332.84	1	100.0	0	23	0.0	0.0	0.0	0.0	0.0	0.0
0x83cac2cffc90b22fb063bfacfce4cb8544724cda	10	15.17	2.06	1653.02	1	100.0	0	66	9.213859786250111e-07	0.0	0.0	0.0	0.0	0.0
0x982d9a2e8d487c698b29e72701068a5ac207e139	10	15.16	45.49	109540.92	1	100.0	0	22	0.0	0.0	0.0	0.0	0.0	0.0
0x1717234cc7c10c1d6db1b3ba1fc0c73543acf48c	5	15.07	0.01	13.67	1	100.0	0	19	0.0	0.0	0.0	0.0	0.0	0.0
0x8e8c7de842a42e9772e5ab544320ce8e7c69dcf7	5	15.05	0.35	286.83	1	100.0	0	50	1.0862725163818254e-07	0.0	0.0	0.0	0.0	0.0
0xb7a55cfc3d09a47dc5b6ce2813bc78d32567cf73	5	14.98	42.56	24965.89	4	94.5	6	25	1.19364394729e-05	0.0	0.0	0.0	0.0	0.0
0x4ad06c6bfac635ec55753293ca86d4e9f5514963	5	14.96	0.08	15.61	1	93.0	0	296	5.685357407e-06	0.0	0.0	0.0	0.0	0.0
0x0f8c4b108f95e971efe53c661532a4ca89769f8e	5	14.95	1.41	688.71	1	91.0	0	119	0.0	0.0	0.0	0.0	0.0	0.0
0x342e4538518c62328c95dde170768bfa9367f4cd	5	14.88	0.06	78.01	1	100.0	0	37	0.0	0.0	0.0	0.0	0.0	0.0
0x93ae6eef133a1097167a15f585eacf1ddf89151e	5	14.85	3.82	836.72	3	100.0	137	68	1.0058694617972226e-09	0.0	0.0	0.0	0.0	0.0
0x51bc3dd10a9ee4946f961038cf5d50057e49eb77	5	14.83	7.75	9533.8	1	100.0	0	45	0.0	0.0	0.0	0.0	0.0	0.0
0x12ef4c32cca34c18f72f4bdf1b5ebe163c344749	5	14.83	0.04	90.29	1	100.0	0	23	0.0	0.0	0.0	0.0	0.0	0.0
0x8fbec4d1a46dc75c6dfc9278a2dafad20d571ac4	5	14.82	1.84	1410.4	2	100.0	6	32	9.23527643248434e-08	0.0	0.0	0.0	0.0	0.0
0xca0073964efe7f9422ceb16901018b1db0cc4785	10	14.61	1.5	1873.8	1	100.0	0	46	3.804982884325625e-07	0.0	0.0	0.0	0.0	0.0
0xa4b120fdb2fd946a67fbe996cb650dc2cd7d55f2	5	14.49	2.14	1798.13	1	100.0	0	49	1.7628464243912845e-07	0.0	0.0	0.0	0.0	0.0
0x5bc7bcba624bb090865811f32dba5b9baf7ca761	5	14.48	5.62	7081.87	1	100.0	0	33	2.1174700881587682e-07	0.0	0.0	0.0	0.0	0.0
0xc68886fa22badbad87a77c1da540013bbff16cfd	5	14.41	9.66	12235.45	1	100.0	0	33	0.0	0.0	0.0	0.0	0.0	0.0
0xa6d507ec7f95c83ab747143a1bd7e501152c2aeb	5	14.37	0.04	30.04	2	100.0	0	35	1.416350037253267e-07	0.0	0.0	0.0	0.0	0.0
0x315178907fe88c7b8cc09d51f03ffb60a55e11e5	5	14.36	190.57	121082.52	1	97.0	0	92	0.0	0.0	0.0	0.0	0.0	0.0
0x87a32e84f4df0405810a08ba8dd186bb2e54704a	5	14.25	6.25	4003.04	1	100.0	0	73	2.705236035183134e-09	0.0	0.0	0.0	0.0	0.0
0xcf0ad755f550e4c4b923a33e2b8384a49f507868	10	14.24	0.14	72.34	1	99.0	0	116	0.0	0.0	0.0	0.0	0.0	0.0
0xec133e1274574c91cce51a0c76122588563aa90d	5	14.16	7.0	2577.89	1	100.0	0	155	0.0	0.0	0.0	0.0	0.0	0.0
0x9969a5772f5488b3baaabfa255bce7652cc0243e	5	14.15	53.31	11445.66	2	97.0	0	124	0.0	0.0	0.0	0.0	0.0	0.0
0x2f4f42f26d8ff2f56ed17b22d8c0e70f232fcaa9	10	14.06	0.18	156.24	1	100.0	0	60	0.0	0.0	0.0	0.0	0.0	0.0
0xc427a7d23660ae65f4dfe538ef284c1b6810621e	5	14.02	16.52	3910.12	3	88.67	0	96	1.71058780769e-05	0.0	0.0	0.0	0.0	0.0
0x7185c46f4f6ee10938d5dcbe33f758985444bc7a	5	13.98	7.93	20711.88	1	100.0	0	11	0.0	0.0	0.0	0.0	0.0	0.0
0x2932c3e41f92a3e4f5f36a81e346397de8620502	10	13.94	0.09	236.81	1	100.0	0	23	0.0	0.0	0.0	0.0	0.0	0.0
0xe10c1c23d1ca5338810aeeee847f8f8ee9250100	5	13.9	5.71	15001.07	1	100.0	0	18	0.0	0.0	0.0	0.0	0.0	0.0
0x6ff00fb7b4eec164fa511e29e8ca1338aa5941c7	5	13.8	124.55	110139.35	3	100.0	11	16	1.678015800384477e-07	0.0	0.0	0.0	0.0	0.0
0xa723e29d9d82673e78b4aa8533ae36cbc5cd3e54	10	13.8	4.45	5888.0	1	100.0	0	32	0.0	0.0	0.0	0.0	0.0	0.0
0x744318995551c5539986b3571b96d06b02547d1a	5	13.74	0.01	2.72	1	98.0	0	119	0.0	0.0	0.0	0.0	0.0	0.0
0x281e5c38bacea0f32e48edc9952de4c068f9012e	10	13.72	0.9	340.71	1	100.0	0	153	0.0	0.0	0.0	0.0	0.0	0.0
0xbd30003fd01299b0e678a8977e76c3c571d07ad9	5	13.62	1.09	488.65	1	97.0	0	121	0.0	0.0	0.0	0.0	0.0	0.0
0x3b686ed5c35e0830ec754f5858dee82dded647c0	5	13.58	74.98	66647.59	3	100.0	0	6	0.0	0.0	0.0	0.0	0.0	0.0
0x95e3619fc7097b537fbd7062fc4ea05e13953c0e	5	13.53	0.04	32.2	1	100.0	0	63	0.0	0.0	0.0	0.0	0.0	0.0
0x43e1ccfe765f6c2a09bbe63d456bcb1e85835fe5	5	13.52	135.11	121559.58	1	100.0	0	66	0.0	0.0	0.0	0.0	0.0	0.0
0x91ddeb35264287785762e666b5fba5da9e83b5c8	10	13.44	9.4	3189.15	1	100.0	0	182	0.0	0.0	0.0	0.0	0.0	0.0
0xfec87a6980f6031691ead9d3a40cf687dee33b10	10	13.42	3.68	5001.95	1	100.0	0	47	1.517864645e-06	0.0	0.0	0.0	0.0	0.0
0xb1d009a27f194ad430430469c27aadfea7a0bd6b	10	13.42	0.01	9.63	1	100.0	0	62	0.0	0.0	0.0	0.0	0.0	0.0
0xd8a2cc4ee652625b02b8c2385705527458bdd9f8	5	13.34	276.69	42933.03	7	80.43	43	36	0.0	0.0	0.0	0.0	0.0	0.0
0x761fffabd313559d71334e8f816be85ce9fba2a5	5	13.34	83.02	49332.96	2	99.0	0	48	0.0	0.0	0.0	0.0	0.0	0.0
0x6d7ac63aaa7ba8925dcb3e44be6355261dcf688f	10	13.3	36.83	25278.55	1	100.0	0	87	0.0	0.0	0.0	0.0	0.0	0.0
0x6f6830ba0571887fe2b5ce0be27814fffc4029da	20	13.3	2.18	2991.61	1	100.0	0	46	5.24880983121534e-07	0.0	0.0	0.0	0.0	0.0
0x8ad7b990951e55130968f23d4ab5e219ad10dbcd	10	13.25	151.1	113261.39	2	100.0	323	67	0.0	0.0	0.0	0.0	0.0	0.0
0x3d27f5adb3a34b7820397cc5335f328b93ec4030	10	13.14	1.01	699.94	1	100.0	0	89	3.3952007316e-06	0.0	0.0	0.0	0.0	0.0
0x7f922d3a1d139c35d74432d8796d169fca4f1310	25	13.12	1.78	4940.6	1	100.0	0	16	0.0	0.0	0.0	0.0	0.0	0.0
0x7b1dac408ada0017b0a7bbb4ffad30922717d389	10	13.08	1.91	2665.28	1	100.0	0	35	4.3972347651e-06	0.0	0.0	0.0	0.0	0.0
0x122edefc9a3a02f4f7c4caf41ad29d9c900d0528	5	13.02	8.7	4062.63	1	95.0	0	139	6.1245679083e-06	0.0	0.0	0.0	0.0	0.0
0x78266b7341161ad0cbfac66c7fb234f4017bd18b	5	12.96	0.85	1244.22	2	100.0	24	21	3.470455089971125e-07	0.0	0.0	0.0	0.0	0.0
0x1bfb332c5bd1f3df868756dad13a06c47036298e	5	12.89	6.84	507.33	11	91.09	28	87	3.144837344e-06	0.0	0.0	0.0	0.0	0.0
0xdc4eb419f1f6f1d8321f8c1ac01ffe03645aa133	25	12.87	2.6	3687.15	1	100.0	0	48	3.27285373802e-05	0.0	0.0	0.0	0.0	0.0
0x2ceba06d249bbfa20894e2092b77dd86db0a9302	5	12.84	0.01	21.38	1	100.0	0	12	0.0	0.0	0.0	0.0	0.0	0.0
0x69c17ef055f0dbd5becebe0307b2d218c0b50623	5	12.79	7.02	20026.88	1	100.0	0	5	8.583369237591398e-07	0.0	0.0	0.0	0.0	0.0
0x26570de098f37d1d717e2860fbf19d54fe9a6011	5	12.77	10.72	1736.95	5	98.4	39	40	0.0	0.0	0.0	0.0	0.0	0.0
0xa1d6a0ddd1d3a7a8d5e44d7ad43401088845def9	25	12.77	0.61	1754.68	1	100.0	0	3	4.4195828841e-05	0.0	0.0	0.0	0.0	0.0
0x35fadf310e5c90f38c05f4f30a010cf6e86fc0e9	5	12.68	9.68	5569.0	1	96.0	0	100	0.0	0.0	0.0	0.0	0.0	0.0
0x2d29c09ef733f48fe10074a2dd7c38b50a9d4d89	10	12.64	33.43	48255.63	1	100.0	0	28	0.0	0.0	0.0	0.0	0.0	0.0
0x77b5c24f94afe2e12f67368ae0330dbe1033c78c	5	12.63	30.01	7887.81	1	91.0	0	261	0.0	0.0	0.0	0.0	0.0	0.0
0x9e0ef1bc1a3411001a30ea016faeab76d28bf8e3	25	12.61	14.97	11933.43	2	100.0	280	1	1.799856097495223e-07	0.0	0.0	0.0	0.0	0.0
0x99b6a44fa3d3e0d3f33464ffac5710f31c3db580	5	12.54	18.66	4072.16	2	100.0	746	234	0.0	0.0	0.0	0.0	0.0	0.0
0xa1fc2baeaa77cd984c1870b724205012c472ea55	5	12.51	0.17	70.91	2	98.5	0	66	1.1286243495e-06	0.0	0.0	0.0	0.0	0.0
0xc50965e638cf07fb735d48d40c53c8e64c2add7c	5	12.5	20180.94	558342.93	30	96.0	0	131	4.98216340035403e-07	0.0	0.0	0.0	0.0	0.0
0xec26de1b53436b959e534287888a297066cdd37d	10	12.48	0.01	29.48	1	100.0	0	18	0.0	0.0	0.0	0.0	0.0	0.0
0x07851687a828517a7691fa1df277bce8a3a9ce42	5	12.47	11.38	5554.65	1	79.0	0	138	0.0	0.0	0.0	0.0	0.0	0.0
0xb97f255b37eef7d47dbe1debbecd1f2ecfc37abe	25	12.39	4.57	13455.19	1	38.0	0	3	0.0	0.0	0.0	0.0	0.0	0.0
0xebda78dd8ceedcaff6b4e179b8afe0d5a65fcbcd	10	12.38	0.18	542.41	1	62.0	0	5	0.0	0.0	0.0	0.0	0.0	0.0
0xfddd8135484c4ec8b471abc584ed74e5389c42c4	5	12.35	1.01	997.81	1	100.0	0	51	0.0	0.0	0.0	0.0	0.0	0.0
0x0bafed0fe7fb5effb8e751d6ad93786f4d95024b	10	12.34	0.01	18.81	1	74.0	0	1	0.0	0.0	0.0	0.0	0.0	0.0
0xc2f3d29d6a221c9d721e2aab424d7b37ac9147ab	5	12.31	0.33	61.03	1	76.0	0	367	0.0	0.0	0.0	0.0	0.0	0.0
0x512e0c58285804fc7193665fee3c5551dc5366d2	5	12.29	2.37	2141.82	3	100.0	176	10	4.776360640335042e-07	0.0	0.0	0.0	0.0	0.0
0x4a4a2fa0cf9ee113b9d026e93edd835edae048eb	5	12.28	31.1	3375.85	15	90.27	78	62	7.703123324394786e-09	0.0	0.0	0.0	0.0	0.0
0x8ad7b990951e55130968f23d4ab5e219ad10dbcd	5	12.22	467.66	151767.06	8	78.0	103	20	0.0	0.0	0.0	0.0	0.0	0.0
0x095ce1a6a1a916c0f13271bc40e6b0a6bb9186f7	10	12.19	6.91	941.07	1	99.0	0	506	5.5408544419321977e-08	0.0	0.0	0.0	0.0	0.0
0xb7932b64b728d113301d298d15ceddb0bf9a25f7	5	12.13	6.48	6501.31	1	100.0	0	54	0.0	1.0	0.0	39.0	0.0	0.0
0x7fe0639b003536014466e7f5f137733479932126	5	12.12	0.03	85.02	1	100.0	0	23	5.86205528563255e-09	0.0	0.0	0.0	0.0	0.0
0x5c913285dd9421edc9d8f1000a35d9bbdf0dcb62	5	12.07	0.45	678.8	1	100.0	0	31	0.0	0.0	0.0	0.0	0.0	0.0
0x24d0076cf07674475c22ca670500679a7cddc869	5	12.06	1.7	2576.76	1	100.0	0	43	9.674373413481874e-07	0.0	0.0	0.0	0.0	0.0
0x0670f4a13ef33a21d3d87e13458f4d3e2cd4725c	5	12.06	0.2	298.73	1	100.0	0	28	3.5118175034654087e-08	0.0	0.0	0.0	0.0	0.0
0xcbcc3d5389906c1f03535f539a93267e30cf9823	5	12.04	6.12	4344.15	2	100.0	260	24	0.0	0.0	0.0	0.0	0.0	0.0
0x457d90dc48ba7549c1c04922dc0f3dea23c3a9f2	5	11.95	4.11	808.98	2	66.0	0	913	4.4557430967e-06	0.0	0.0	0.0	0.0	0.0
0xca11c106fc3911019edd2b509add0d8bd30af8f4	5	11.93	182.63	55893.73	1	100.0	0	222	2.2221428253e-06	0.0	0.0	0.0	0.0	0.0
0x73d5a3f293f7114a7c9a0d4dd03995f645999999	5	11.91	1.25	202.83	4	99.25	0	86	0.0	0.0	0.0	0.0	0.0	0.0
0xc1dd8204aaa49bf7f44037b35edae84045f2bd85	5	11.91	0.08	82.18	1	99.0	0	66	0.0	0.0	0.0	0.0	0.0	0.0
0x0737807303e1baa89cf1f9c8fc1926ea58bb52f6	5	11.9	62.92	12199.2	2	100.0	0	68	0.0	0.0	0.0	0.0	0.0	0.0
0xc6105ff5c25d5174f8da886b5dcdfe7b207b9663	5	11.88	0.07	114.59	1	100.0	0	38	4.384962504211387e-07	0.0	0.0	0.0	0.0	0.0
0x5aaa7986136e54f0bcfb7baf3058aed1698abf37	5	11.85	0.01	2.01	1	95.0	0	231	9.7747659522e-06	0.0	0.0	0.0	0.0	0.0
0x9899ce8183e9fa70d246f739552b721b45b97102	5	11.83	0.11	113.37	1	100.0	0	68	0.0	0.0	0.0	0.0	0.0	0.0
0x0f1ff2019f5a0fbd27ca9a4b8dc5ca195d45a0d9	5	11.66	66.25	135599.0	2	100.0	874	6	1.0287449725e-06	0.0	0.0	0.0	0.0	0.0
0xbebc55b616c3224c102566e7214fe5615ec4f605	5	11.65	0.93	1450.84	1	100.0	0	30	2.8486624170653844e-08	0.0	0.0	0.0	0.0	0.0
0x4dbf27ad161b5aa701de9d988d731caed6a7e63f	10	11.58	20.45	21477.06	1	100.0	0	71	0.0	0.0	0.0	0.0	0.0	0.0
0xb21f69a8eba1475c96c09e8c62842dcc16f0d441	10	11.56	19.09	60243.12	1	100.0	0	8	0.0	0.0	0.0	0.0	0.0	0.0
0x73d5a3f293f7114a7c9a0d4dd03995f645999999	10	11.54	0.17	176.77	1	100.0	0	55	2.391935705e-06	0.0	0.0	0.0	0.0	0.0
0x9800511c5082c3aa6f4335a75dc78b1a87ea307a	5	11.52	173.79	251136.62	4	100.0	461	9	3.50989515229827e-09	0.0	0.0	0.0	0.0	0.0
0x995409fcf736f47e6de732ba854ed05f0cee85cd	10	11.43	0.07	230.07	1	0.0	0	1	4.05394217306e-05	0.0	0.0	0.0	0.0	0.0
0x31b735bb71163daa2b2bd0f3df605b9f6c0a1d62	5	11.36	0.17	187.21	1	100.0	0	51	1.7346118985628325e-07	0.0	0.0	0.0	0.0	0.0
0x995409fcf736f47e6de732ba854ed05f0cee85cd	50	11.36	0.07	221.21	1	100.0	0	16	3.38912672259e-05	0.0	0.0	0.0	0.0	0.0
0x13dcdc649a3ab73e891a41419c4b3924bf65ff17	5	11.35	1.18	1267.44	1	93.0	0	68	0.0	0.0	0.0	0.0	0.0	0.0
0x781e028a002dda7e5842fc8671fe006b51b4c7bd	10	11.27	0.45	245.35	1	98.0	0	141	0.0	0.0	0.0	0.0	0.0	0.0
0x2d7316187bd62557efbc10f33ab77715d68ec094	5	11.26	6.49	5259.89	1	100.0	0	74	0.0	0.0	0.0	0.0	0.0	0.0
0xabc032e965504a58b27d778c6262654f744db6a0	5	11.24	0.03	15.11	1	89.0	0	141	0.0	0.0	0.0	0.0	0.0	0.0
0xa668fade70fccbaeb48590aaad54e55ccc287857	5	11.2	0.69	412.8	2	100.0	351	48	1.636980651e-06	0.0	0.0	0.0	0.0	0.0
0xee7cffb7b27f825dda9e6e5e7aff507e05f39990	5	11.16	13.89	7573.49	1	100.0	0	126	5.1945469814e-06	1.0	-887272.0	887272.0	0.0	0.0
0xdddcd66893097ba4fb6086aeea5c199245477c45	5	11.15	4.18	13697.73	1	100.0	0	13	0.0	0.0	0.0	0.0	0.0	0.0
0x2250a2c15a1ef5a7e9b5b68155b3dc2a819ff80c	5	11.08	0.88	606.37	3	100.0	24	32	9.226342282768013e-08	0.0	0.0	0.0	0.0	0.0
0x59e10ee0b33ff33553e70ca428d34df8a85946ac	5	11.08	0.01	13.64	1	100.0	0	66	1.3623768779780221e-08	0.0	0.0	0.0	0.0	0.0
0x00f98baf21eed79164d1cf99eae6b4439b96dd46	10	11.04	12.03	19886.72	1	100.0	0	33	1.277861150228432e-07	0.0	0.0	0.0	0.0	0.0
0xa1eca898ad4a4909c527c78b559ffdad005e761d	5	11.01	14.75	1489.33	7	98.57	91	95	1.3362766195e-06	0.1428571428571428	-126753.14285714286	126753.14285714286	0.0	0.0
0xdabb6eefa9bd9146f5230dc6e86a583e8aa2bfbe	25	11.01	1.5	4976.69	1	85.0	0	15	1.4934065095673077e-08	0.0	0.0	0.0	0.0	0.0
0xed420f5f00186fa868aff815f9f5725be1cadc6d	5	11.0	3.06	5086.46	1	100.0	0	26	0.0	0.0	0.0	0.0	0.0	0.0
0xfff8da424e3741d85569a9e7d5fc7a8f2595cd62	10	10.99	0.57	473.91	1	100.0	0	89	2.2331401172e-06	0.0	0.0	0.0	0.0	0.0
0x96ba3d8fbf4024cf93a8a5b9346fe83ac20a38b3	30	10.97	1.49	4954.16	1	92.0	0	15	0.0	0.0	0.0	0.0	0.0	0.0
0xb8da19f218a93d430c7eb167785e2afc5a43c7d3	5	10.95	1.81	2016.31	1	100.0	0	58	4.0957265357022266e-07	0.0	0.0	0.0	0.0	0.0
0x508b0907701dfad406bc80e7833fd60e267e26bb	5	10.91	16.71	6337.7	2	92.5	0	83	0.0	0.0	0.0	0.0	0.0	0.0
0x0e07672811d4eb22c7ef9f3ebb155cf17f9b2304	5	10.91	7.91	3309.93	1	74.0	0	179	0.0	0.0	0.0	0.0	0.0	0.0
0xf9010472cf3f03851900ba9107368287c770e76a	5	10.9	0.21	236.46	1	100.0	0	55	4.296500488720767e-07	0.0	0.0	0.0	0.0	0.0
0x48667208496cb4dfdd13a39d3bd77001b7fd3d2f	10	10.88	0.37	153.23	1	97.0	0	169	2.5999420949e-06	0.0	0.0	0.0	0.0	0.0
0x546dcbd40e6fb1950a63fef7c5c6b3ec296d7dbd	10	10.87	0.02	26.98	1	100.0	0	48	4.7033018812e-06	0.0	0.0	0.0	0.0	0.0
0xd878dffc82f15d249fedb3950b41dda7bc328fe5	5	10.86	0.12	66.26	3	90.0	24	65	2.0042677369e-06	0.0	0.0	0.0	0.0	0.0
0x9718a4f8a6052fb20dae061f9c4e226bdf906e22	5	10.85	21.19	4877.66	3	94.0	0	97	0.0	0.0	0.0	0.0	0.0	0.0
0xc95078df8fd5e5af4d1c7a5702eedcb7cb6c35dd	5	10.85	1.07	1200.48	1	100.0	0	70	0.0	0.0	0.0	0.0	0.0	0.0
0x8aaa8e6494b13116ad65168283ec5269479611ff	50	10.82	2.52	8501.68	1	100.0	0	22	3.51585057178e-05	0.0	0.0	0.0	0.0	0.0
0x0737807303e1baa89cf1f9c8fc1926ea58bb52f6	10	10.8	7.84	8299.05	2	100.0	337	7	0.0	0.0	0.0	0.0	0.0	0.0
0xb99b7ef32525f0dc9fa758e250c36a02b5a90bd9	5	10.79	0.51	870.5	1	100.0	0	46	0.0	0.0	0.0	0.0	0.0	0.0
0x4991f47d5594d4b659a1c56c04ba865561140908	25	10.79	0.01	12.18	1	100.0	0	88	0.0	0.0	0.0	0.0	0.0	0.0
0x91841c28da9d90537da49d8e25a83e64d579cc73	5	10.74	0.09	69.62	2	91.5	38	53	2.8828280262e-06	0.0	0.0	0.0	0.0	0.0
0x41caa3369c80a8fba8cfd94b457da68f6e91c3e6	5	10.71	5.94	4140.23	2	50.0	0	29	0.0	0.0	0.0	0.0	0.0	0.0
0x23c043a293b302e146aa9fcf9a9ca937b895dd56	10	10.68	3.9	4436.75	1	100.0	0	62	0.0	0.0	0.0	0.0	0.0	0.0
0xfff81df58b94d3d4a4e07a77d6bf2f5c3034b092	10	10.68	0.08	262.5	1	100.0	0	24	1.663670090579217e-07	0.0	0.0	0.0	0.0	0.0
0x2ffdb5725edc475082add02e6b7532a180eda4fa	10	10.64	0.29	200.58	1	99.0	0	98	0.0	0.0	0.0	0.0	0.0	0.0
0x5c1ae812d7a382210696b56d4761d24affc1f786	5	10.6	1.5	706.6	3	88.33	0	39	1.6188828351e-06	0.0	0.0	0.0	0.0	0.0
0xe791c14b4f875bc5ffcd7254291855295c001a02	5	10.58	24.18	20855.36	1	84.0	0	93	0.0	0.0	0.0	0.0	0.0	0.0
0xd4943d5e9a2413bc1e566f31b01d5a805f9d7d13	10	10.58	0.03	18.63	1	100.0	0	138	0.0	0.0	0.0	0.0	0.0	0.0
0xb6ad3564bd6345bde177be74fae683a987650b63	5	10.57	0.88	184.36	10	100.0	15	44	4.873208725442169e-08	0.0	0.0	0.0	0.0	0.0
0xe45ae2fc6f28c7b0b8aba6f844f95d6b052c7dee	5	10.55	47.81	9739.55	3	88.67	0	96	5.0413309142e-05	0.0	0.0	0.0	0.0	0.0
0x22138a0cff84952c018cbcbf5650149017d6b292	5	10.54	45.33	17949.89	2	88.0	0	83	3.5553531951e-06	0.0	0.0	0.0	0.0	0.0
0x5388a7f24e86c9c9d855a98c2f5a339afa6a3acc	5	10.52	55.95	38838.37	1	100.0	0	109	4.6524339936127035e-09	0.0	0.0	0.0	0.0	0.0
0x9f9e3267673c40b8819680340ee0ceec3428275f	5	10.51	0.0	16.94	1	92.0	0	24	0.0	0.0	0.0	0.0	0.0	0.0
0x97b73b8eaa8662381383a67e0dbcab67f78337dd	5	10.48	54.83	25004.63	4	100.0	83	26	0.0	0.0	0.0	0.0	0.0	0.0
0xd73c5d65f32f2a90c3a137bd57e294b53d3a2074	25	10.48	0.22	256.39	1	100.0	0	66	6.3362646351e-06	0.0	0.0	0.0	0.0	0.0
0x8ec9d9c1b89f0126c7852deaf73d61789eb37454	5	10.47	0.28	960.38	1	100.0	0	7	0.0	0.0	0.0	0.0	0.0	0.0
0x4130d96971a2ccd408f3ff75d5bc9daf147b314c	80	10.46	2.86	10000.0	1	100.0	0	5	0.0	0.0	0.0	0.0	0.0	0.0
0x672fd76b1d6c6287c3dbca06506552ab4f113c43	5	10.42	1.75	1532.01	1	100.0	0	92	0.0	0.0	0.0	0.0	0.0	0.0
0xe8e50f783ac30c5aba5c2f59ed2c2bde08b9a04f	5	10.39	244.3	19288.18	11	93.27	29	107	0.0	0.0	0.0	0.0	0.0	0.0
0x86462590436713cf5292ae561ebaa94f75cd6e07	5	10.36	11.26	2892.43	7	96.71	35	27	0.0	0.0	0.0	0.0	0.0	0.0
0x593851ca21bfd716a9fc71c744e8b1cdf101535b	5	10.35	0.21	68.51	2	83.5	0	122	0.0	0.0	0.0	0.0	0.0	0.0
0xec64a0ba61ce31c800a116b21e8099a37eca6171	5	10.34	5.51	9713.89	1	100.0	0	25	0.0	0.0	0.0	0.0	0.0	0.0
0x7cff84d9bb1fc0640e32c395b128f6c3c8628acd	5	10.32	43.18	38178.05	1	94.0	0	76	0.000123697182508	0.0	0.0	0.0	0.0	0.0
0xc66193793eb28b8c71508303e8c0fc679844d40b	5	10.31	0.01	19.37	1	100.0	0	12	0.0	0.0	0.0	0.0	0.0	0.0
0xaa902d176987901f3c3d75efb50f33520e406647	5	10.27	5.79	1342.85	2	84.5	0	158	3.6109148282e-06	0.0	0.0	0.0	0.0	0.0
0x8e1dfeb00c819b4d3b47ccbd97b248dc9f59ca8e	10	10.24	0.9	1608.14	1	100.0	0	32	1.6035963668059594e-07	0.0	0.0	0.0	0.0	0.0
0xd68543e607bb645f4809e8d129d5876dd73b2032	5	10.21	1.19	4250.44	1	100.0	0	23	0.0	0.0	0.0	0.0	0.0	0.0
0xd1301dc2e061f7a59e8809bfbe9f81ac84e4ff12	5	10.19	0.08	47.45	2	100.0	0	70	7.5623251161e-06	0.0	0.0	0.0	0.0	0.0
0x64b8adaa849c8843ecd3d041fb8df69a3b057665	5	10.18	15.47	27737.48	1	92.0	0	47	0.0	0.0	0.0	0.0	0.0	0.0
0x9ab1c356e6af86361446497fce954b3cdf940206	5	10.17	557.39	1000023.46	1	95.0	0	45	0.0	0.0	0.0	0.0	0.0	0.0
0x35621ac5925e4f52e5ecbb10ce7202fbfacd98b1	5	10.14	9.01	5836.88	3	98.67	0	134	0.0	0.0	0.0	0.0	0.0	0.0
0x300afbe08ee4619ec93524f9255ce59a013a5b63	5	10.14	46.71	168074.88	1	100.0	0	23	4.3988168663133826e-08	0.0	0.0	0.0	0.0	0.0
0xc5ee3ad4fa356b1c7b8a0717b0632f82faaebfb2	5	10.1	10.18	2230.48	3	77.33	0	133	0.0	0.0	0.0	0.0	0.0	0.0
0xb21f69a8eba1475c96c09e8c62842dcc16f0d441	5	10.1	68.5	45192.05	2	93.5	4	49	0.0	0.0	0.0	0.0	0.0	0.0
0x88fc4c96e5f3107f8dae72d690af7272deeab756	5	10.09	6.22	2047.4	1	98.0	0	248	0.0	0.0	0.0	0.0	0.0	0.0
0x6ffcbea30114d74570f678e4ac017d4cf0c0417a	5	10.08	0.07	248.31	1	100.0	0	12	3.1914471065874745e-10	0.0	0.0	0.0	0.0	0.0
0xca107049414cb4808ca70740fb3d448895466716	5	10.04	0.07	121.65	1	100.0	0	47	0.0	0.0	0.0	0.0	0.0	0.0
0x4832606179a3506f3e64c1b04dfbe3a13a55d0f1	5	10.01	76.65	27825.92	2	82.0	0	89	0.0	0.0	0.0	0.0	0.0	0.0
0x91ddeb35264287785762e666b5fba5da9e83b5c8	5	10.0	53.57	9272.27	3	82.67	74	173	1.80988860417e-05	0.0	0.0	0.0	0.0	0.0
0xd0fa2255bbf8b09f7e8f957fa0a2deeb70ad5c09	5	10.0	847.75	366549.72	2	65.0	10	63	6.921176354257597e-07	0.0	0.0	0.0	0.0	0.0
0xe3964b997f1c7e6dee6ef028d7d2e6bbd3532acc	10	10.0	3.88	3539.21	1	100.0	0	75	2.4784337804e-06	0.0	0.0	0.0	0.0	0.0
0x3482e460d7e8108ef7d24a5d7c60133dc5697597	5	10.0	0.41	500.33	1	98.0	0	71	0.0	0.0	0.0	0.0	0.0	0.0
0x0db67f7aef03f9e7446aef7becac2f0601ad4311	50	9.99	0.15	250.4	2	100.0	18	12	4.0296676828e-06	0.0	0.0	0.0	0.0	0.0
0x89078d7cadfef249719cde3fcedc834291d2f05c	5	9.98	2.39	1748.25	1	94.0	0	116	0.0	0.0	0.0	0.0	0.0	0.0
0x4e0a0537a8891fd35101bbbab7415ff52a219c57	5	9.98	0.96	3513.92	1	100.0	0	21	0.0	0.0	0.0	0.0	0.0	0.0
0x5f5130215a9be6b34a986fab0679a61dbba1bddc	5	9.97	4.91	2994.2	1	68.0	0	136	5.26737224615e-05	0.0	0.0	0.0	0.0	0.0
0x4821228ae24108bdbfcecf461662d84aa03c6707	10	9.97	0.34	1232.55	1	100.0	0	22	0.0	0.0	0.0	0.0	0.0	0.0
0x2832f80ea0b0592b1275ef6ba08025d9752ee4d2	5	9.97	0.15	532.33	1	100.0	0	22	0.0	0.0	0.0	0.0	0.0	0.0
0xabf0f7bd0dc8ce44b084b4b66b8db97f1b9ce419	5	9.95	84.0	51374.29	1	87.0	0	140	0.0	0.0	0.0	0.0	0.0	0.0
0xfccbf47e9ce902dcd42c32fca8920100f08f33f1	5	9.92	0.22	815.73	1	100.0	0	6	1.0045356213e-06	0.0	0.0	0.0	0.0	0.0
0xc1c0981a525f28ef357f5ffb68af24de85ebaa6a	5	9.91	0.68	975.9	2	100.0	171	25	5.702718630651304e-07	0.0	0.0	0.0	0.0	0.0
0x8cb06a5fcf7d8194bff895ad85ab25b9cecfd081	5	9.88	0.16	143.96	1	97.0	0	91	6.3124639959e-06	0.0	0.0	0.0	0.0	0.0
0xbff68161d79b791e35f9bad222bb86cc51e047ab	5	9.86	24.85	5233.97	3	89.33	0	104	0.0	0.0	0.0	0.0	0.0	0.0
0x0e833e50d6bb572e496131746b27f52ce0ce3b86	5	9.83	12.86	47740.19	1	100.0	0	1	0.0	0.0	0.0	0.0	0.0	0.0
0x10e6bdbef34d5279e729142a19b0bce07813b6a8	10	9.81	56.07	29808.85	1	99.0	0	149	0.0	0.0	0.0	0.0	0.0	0.0
0xac207c599e4a07f9a8cc5e9cf49b02e20ab7ba69	5	9.8	6.57	3633.88	2	96.0	570	51	0.0	0.0	0.0	0.0	0.0	0.0
0xa9efdc366ec338a2c1e4e1014bbd5fa0ab5c4131	5	9.78	0.11	41.01	1	85.0	0	237	1.27602903354e-05	0.0	0.0	0.0	0.0	0.0
0x1c74b67f9c6dd986e4735b3e2b34bc1eaa828a20	5	9.77	7.04	9628.29	2	100.0	16	40	0.0	0.0	0.0	0.0	0.0	0.0
0x19043de39ec459a3a89b2485b84da448bf601a99	5	9.77	0.03	15.76	1	77.0	0	166	0.0	0.0	0.0	0.0	0.0	0.0
0x3e5d788fd8bec4f85bac9881d8136e04f2d653d2	25	9.76	1.13	736.77	2	99.5	595	87	4.66614808736e-05	0.0	0.0	0.0	0.0	0.0
0xd8a30dbb3b8b204b6d8bb800d0f2865d07dc904c	5	9.76	12.38	11577.99	1	91.0	0	93	0.0	0.0	0.0	0.0	0.0	0.0
0x83f1cdd65a7b50c65077ea97ad203cc6cc015ca3	5	9.75	3.22	5978.1	2	82.0	0	2	0.0	0.0	0.0	0.0	0.0	0.0
0x61be4048c631954a8adb3a7088b17ed8d9c2a33a	5	9.71	42.9	23035.48	1	77.0	0	146	6.39636945742e-05	0.0	0.0	0.0	0.0	0.0
0x44a5aa2d447392161a03f670181852675b9709f7	10	9.71	2.54	4777.42	1	100.0	0	30	1.0323551014e-06	0.0	0.0	0.0	0.0	0.0
0x3a280c60ab0a6864ed321cf1acfdfa83b38f3357	5	9.71	0.3	221.94	1	99.0	0	118	7.0999821355e-06	0.0	0.0	0.0	0.0	0.0
0xd63cfb940f62ad17382c38cd1360db70145f2310	5	9.67	1.36	5118.68	1	89.0	0	23	0.0	0.0	0.0	0.0	0.0	0.0
0xe67bb59d1d27f2a7b520921248c5e0ec84ba19d0	25	9.59	0.05	28.81	3	100.0	1	152	3.5098281836e-06	0.0	0.0	0.0	0.0	0.0
0x84d0f74d21a89f86b67e9a38d8559d0b4e10f12d	5	9.55	115.03	20720.76	7	99.29	176	37	0.0	0.0	0.0	0.0	0.0	0.0
0x4130d96971a2ccd408f3ff75d5bc9daf147b314c	20	9.54	30.44	116485.88	1	100.0	0	15	0.0	0.0	0.0	0.0	0.0	0.0
0xb7b6654268d045b8e0393ec754de2bb6e4ff339b	5	9.51	0.52	198.25	1	85.0	0	235	0.0	0.0	0.0	0.0	0.0	0.0
0xa95695c71256e41c5d128ed8bcca88a01dace919	15	9.48	0.02	43.18	1	100.0	0	47	5.1121123334e-06	0.0	0.0	0.0	0.0	0.0
0x79195ac29470a0843ae479af5b42aaa0c124d8e8	5	9.46	0.72	699.11	1	70.0	0	96	3.3282205880169613e-07	0.0	0.0	0.0	0.0	0.0
0xdeaf42d4a2cc1dc14505ce4e4f59629aec253d75	5	9.42	816.08	42664.34	39	95.41	9	57	6.999699964948236e-11	0.0	0.0	0.0	0.0	0.0
0x33126050727566fbdd52a7f7f29ebab941b70fed	25	9.4	0.09	351.93	1	100.0	0	21	0.0	0.0	0.0	0.0	0.0	0.0
0xbfcac232944660aa999a5672cacfaca515cf6128	5	9.39	18.35	17835.12	2	95.0	0	47	1.24217730379e-05	0.0	0.0	0.0	0.0	0.0
0x09cc15dda77789d42c0133c909e88fb6e3af793a	5	9.37	388.56	83216.01	4	68.75	366	145	0.0	0.0	0.0	0.0	0.0	0.0
0x83fe9748fac353106c5c988b93ce229f895e0b02	5	9.37	174.56	38541.89	8	86.88	177	54	1.488232176383164e-08	0.0	0.0	0.0	0.0	0.0
0x1ffa6e44c439f05e9c91d563630b53f8167b4602	5	9.34	0.15	97.54	1	93.0	0	127	0.0	0.0	0.0	0.0	0.0	0.0
0x7d616781763ffd4c1c5480f08ece670d7c85a90b	5	9.31	0.93	1826.04	1	93.0	0	44	0.0001574222294853	0.0	0.0	0.0	0.0	0.0
0xdb0132c875ea7a00c4a6283da592ae6500205396	15	9.29	5.9	552.31	1	89.0	0	996	0.0	0.0	0.0	0.0	0.0	0.0
0x39c81b01650323e6d1006ad4526389d778f52256	5	9.26	3.41	13460.16	1	98.0	0	20	2.8927513717e-06	0.0	0.0	0.0	0.0	0.0
0x88aa22e940e681f7521c679b07da64dc14198102	5	9.25	1.43	1127.21	1	98.0	0	105	1.25299825182e-05	0.0	0.0	0.0	0.0	0.0
0x43e1ccfe765f6c2a09bbe63d456bcb1e85835fe5	10	9.22	35.3	139679.15	1	100.0	0	13	0.0	0.0	0.0	0.0	0.0	0.0
0x5882aa5d97391af0889dd4d16c3194e96a7abe00	5	9.21	19.17	5641.45	2	97.5	0	167	9.4868301492e-06	0.0	0.0	0.0	0.0	0.0
0xf7e8081d5f5a44d54fe81b86204ccdb693c60831	10	9.21	0.12	99.07	1	100.0	0	101	3.0145364537e-06	0.0	0.0	0.0	0.0	0.0
0x3e756be298ea913947525b0b0babcd0b09e3e708	5	9.19	138.58	80749.8	5	82.4	85	25	0.0	0.0	0.0	0.0	0.0	0.0
0xb97f255b37eef7d47dbe1debbecd1f2ecfc37abe	20	9.18	7.43	29559.25	1	100.0	0	6	0.0	0.0	0.0	0.0	0.0	0.0
0xdaeffcf87360d1fd41dd3ba4bfad5f145d3866df	10	9.17	0.1	198.23	1	100.0	0	47	1.2339473887124086e-07	0.0	0.0	0.0	0.0	0.0
0x53a50d58ee38c1134945b4c7c906b3566a87c8d2	5	9.15	1.52	1211.14	1	89.0	0	115	0.0	0.0	0.0	0.0	0.0	0.0
0xea31776d40a38292c378920eb09b9f857bc31b33	5	9.15	0.11	209.62	1	100.0	0	47	0.0	0.0	0.0	0.0	0.0	0.0
0x5558d84d090cd6a6b16834d0814e67d620ed8366	5	9.13	246.49	59431.49	4	92.25	12	85	0.0	0.0	0.0	0.0	0.0	0.0
0xa49a835c5995d5e7dcab453ea096a66dcce700e3	5	9.11	0.07	100.18	2	100.0	4	25	4.764695804571062e-07	0.0	0.0	0.0	0.0	0.0
0x9406faa69f06e03883d92a0cb72b2f11e388d9fb	5	9.11	25.55	10140.76	2	83.0	0	107	2.31316268695e-05	0.0	0.0	0.0	0.0	0.0
0x8aaa8e6494b13116ad65168283ec5269479611ff	5	9.11	22.72	18206.41	1	98.0	0	97	3.9405497243e-05	0.0	0.0	0.0	0.0	0.0
0x839435084253cfbcf01b2aa99870586f9aa82449	5	9.11	0.04	80.16	1	93.0	0	42	0.0	0.0	0.0	0.0	0.0	0.0
0x5a40ab806a038afe9c4ef413d36b6356a5e4d2c5	5	9.1	2057.87	278391.42	9	92.33	9	71	0.0	0.0	0.0	0.0	0.0	0.0
0xbf3b2afcca202b0a8fe6e6a9d70e3934de8fa83b	5	9.08	0.03	139.1	1	100.0	0	15	0.0	0.0	0.0	0.0	0.0	0.0
0x72b7448f470d07222dbf038407cd69cc380683f3	5	9.04	1047.01	585329.4	3	93.33	9	17	6.754036848318398e-07	0.0	0.0	0.0	0.0	0.0
0xaa672cf1298714ca00324f8ad9dbe366a7959b86	5	9.03	171.49	41288.74	5	95.0	3	51	0.0	0.0	0.0	0.0	0.0	0.0
0x0006776a8b00db9ac842b3f926513cf49473e000	5	9.03	42.56	10114.89	1	61.0	0	404	0.0	0.0	0.0	0.0	0.0	0.0
0xe634df41eb6a3f6d311bd9e6cfb6bf2f221acb60	5	9.0	0.17	341.03	1	100.0	0	42	0.0	0.0	0.0	0.0	0.0	0.0
0xc3a03c3f58c674fc41756744bf2210c8bdbc4081	10	8.99	0.05	192.13	1	100.0	0	15	1.7091112969325198e-07	0.0	0.0	0.0	0.0	0.0
0xb8421264a8e40083145627c67a111d22e413d03b	5	8.98	8.4	16783.96	2	97.0	6	38	6.173991318192408e-08	0.0	0.0	0.0	0.0	0.0
0xcf3fe53a837b780369e4ac191cbdc42d05b39bc8	10	8.98	1.19	2424.26	1	100.0	0	36	3.675987181317453e-07	0.0	0.0	0.0	0.0	0.0
0x3197e6f4b8d7424f5662c16f83155c1976fb3948	5	8.98	0.98	499.77	1	94.0	0	185	0.0	0.0	0.0	0.0	0.0	0.0
0x3f3487774b6c9850f98a14e105d41ef1938eb72b	10	8.97	19.28	39213.39	1	100.0	0	26	0.0	0.0	0.0	0.0	0.0	0.0
0xaa2d99b67da3014b3b45a5fe8b07af1c02a369b2	5	8.94	0.59	448.96	2	100.0	193	19	0.0	0.0	0.0	0.0	0.0	0.0
0xa0d1d716aa96c1cdc065ab6233ac7d3a530f45ee	5	8.94	0.37	1526.94	1	100.0	0	7	0.0	0.0	0.0	0.0	0.0	0.0
0xd28811310b47fa48799d3eba24b243725487387b	5	8.89	0.5	1017.02	1	83.0	0	46	5.31105137646e-05	0.0	0.0	0.0	0.0	0.0
0x73b1b3410ac9c28216a0012aedc6926436518f50	5	8.88	0.56	329.32	1	100.0	0	164	3.223712941e-06	0.0	0.0	0.0	0.0	0.0
0xd8a30dbb3b8b204b6d8bb800d0f2865d07dc904c	10	8.87	6.16	4219.95	2	100.0	0	49	0.0	0.0	0.0	0.0	0.0	0.0
0xc44d7fd052634a4fed213938d1c0fa3c0f46cce5	5	8.87	7.99	4693.98	1	95.0	0	168	0.0	0.0	0.0	0.0	0.0	0.0
0xae025de76780d42525b4e0a86af9b51f9b671378	5	8.86	36.65	40362.49	2	95.0	176	38	4.34769229229e-05	0.0	0.0	0.0	0.0	0.0
0xe0b04a836be3382a9021038abbaf03731e25a4a3	5	8.85	1.01	2083.04	1	100.0	0	39	1.107269143e-06	0.0	0.0	0.0	0.0	0.0
0x02ad9a8eee316a143f46bb91064aa035fdf8c11a	5	8.84	638.42	152334.32	5	97.6	102	91	7.722984696201253e-08	0.0	0.0	0.0	0.0	0.0
0x3edbd9d266ac5a7feb90a234722488877d4c3f7c	5	8.84	0.05	98.5	1	89.0	0	43	0.0	0.0	0.0	0.0	0.0	0.0
0x99646b7084051ec86c76f0d14b5d4d36ed5bd272	5	8.81	1.4	1163.7	1	98.0	0	100	0.0	0.0	0.0	0.0	0.0	0.0
0xe9868b0f6dfbfcfa856759db83521571b9bd1c83	5	8.79	0.01	41.97	1	100.0	0	11	0.0	0.0	0.0	0.0	0.0	0.0
0xa7bf4152baff618ff0dd569993badccfd1e1df0b	5	8.78	10.48	10889.84	1	87.0	0	95	8.3757863755e-06	0.0	0.0	0.0	0.0	0.0
0xc2fb9a129cb251175e19f219580c843989a44359	5	8.78	7.83	10847.22	1	100.0	0	56	0.0	1.0	-887272.0	887272.0	0.0	0.0
0xc33f2507893133b881ba8562e6def8162626f1e2	5	8.78	1.04	197.26	1	50.0	0	527	0.0	0.0	0.0	0.0	0.0	0.0
0x6619b0d21cbbcc86207ffd0093646104720bada1	5	8.78	0.3	157.85	1	93.0	0	185	0.0	0.0	0.0	0.0	0.0	0.0
0x33494ad6c0feb5481500ec41a61f73dbe2ffcac3	5	8.77	0.13	559.55	1	100.0	0	13	5.886283127587433e-07	0.0	0.0	0.0	0.0	0.0
0xa4a62f7127c644aaef733029e0d052e411fdafb4	5	8.76	319.29	37189.15	5	94.8	15	171	0.0	0.0	0.0	0.0	0.0	0.0
0x1711b96c5077f9fcd27012fa8626f4216cbe5c5f	5	8.75	0.11	66.66	1	71.0	0	150	3.5578817225e-06	0.0	0.0	0.0	0.0	0.0
0x8e4b32ab1f254f310dbe9c23c150822570d3baad	10	8.74	0.02	22.57	1	100.0	0	66	0.0	0.0	0.0	0.0	0.0	0.0
0xe643bea0678bec6ca9c386b20d2440c98a39b857	5	8.72	0.1	27.08	2	76.0	0	156	0.0	0.0	0.0	0.0	0.0	0.0
0x8fb20c72139b2a971ab814503d61111349f8cc78	40	8.72	1.25	5226.54	1	100.0	0	17	0.0	0.0	0.0	0.0	0.0	0.0
0xf340182120b3ae50223966cb3a7c8ed809281678	5	8.72	0.24	999.82	1	91.0	0	22	1.8594474515e-06	0.0	0.0	0.0	0.0	0.0
0x97006db48f27a1312bbed5e96de146a97a78e396	5	8.69	0.75	3150.78	1	100.0	0	19	0.0	0.0	0.0	0.0	0.0	0.0
0x7afc53fbb65017617cd4babe4a6ad19b65ac4850	20	8.68	0.01	11.26	1	97.0	0	115	0.0	0.0	0.0	0.0	0.0	0.0
0xc39bb2ef2bd5424dafda87272834325f6e58177a	5	8.66	2.01	2824.01	1	100.0	0	58	8.150778385562774e-07	0.0	0.0	0.0	0.0	0.0
0x038edc61b0913f5a1fb5d4c9c05ec278b595e652	10	8.66	0.77	406.73	1	81.0	0	188	3.36940091272e-05	0.0	0.0	0.0	0.0	0.0
0x0023e7b2ebc33f3e774214499ca441a114ebecce	5	8.65	12.66	2668.97	4	91.25	0	77	0.0	0.0	0.0	0.0	0.0	0.0
0xca2cebc209bcde7e178cbcddf7f3bbbe1a26fbc7	5	8.64	1410.2	164175.38	5	92.8	163	137	7.908645915932766e-07	0.0	0.0	0.0	0.0	0.0
0x7fe4d3f9a56444a7a779d691b1c1c2421c0c9aab	5	8.64	2.87	1349.31	1	98.0	0	202	7.2467097544e-06	0.0	0.0	0.0	0.0	0.0
0x0db1d29eaf9ef2bab26cb3dcc82e8c22652be40a	5	8.64	0.02	8.44	1	51.0	0	239	0.0	0.0	0.0	0.0	0.0	0.0
0xc03f803250cc551cd39641763c173f3d514554dd	5	8.63	9.05	9311.61	4	100.0	0	18	0.0	0.0	0.0	0.0	0.0	0.0
0x77738dbb9261bc53a9bbae1364163e414810054c	5	8.62	0.02	94.7	1	100.0	0	14	0.0	0.0	0.0	0.0	0.0	0.0
0xe1fb6bea15d8f6ed62e4962131fd8f6ba0d5cd5a	5	8.58	0.01	10.94	1	85.0	0	43	0.0	0.0	0.0	0.0	0.0	0.0
0xb52215bca54fda7b1f950c54b85c47a0af213791	10	8.56	2.62	875.66	2	97.5	172	335	0.0	0.0	0.0	0.0	0.0	0.0
0xe0b3688362d4d22a15b64fb885406302155d4150	5	8.56	8.42	8967.05	1	100.0	0	77	2.091446349439252e-07	0.0	0.0	0.0	0.0	0.0
0xa906b773bf4e1f5c668eedeed06aa8917057ea7d	5	8.54	236.15	87458.2	4	74.25	4	114	0.0	0.0	0.0	0.0	0.0	0.0
0x921d3bae22894b5d05fc4491721fddc016ab98b8	5	8.52	0.22	247.2	4	71.75	0	3	0.0	0.0	0.0	0.0	0.0	0.0
0xcb71eb21f53a2f4de0f26dc90518df10be13d1ec	5	8.52	13.94	15799.64	2	100.0	11	14	0.0	0.0	0.0	0.0	0.0	0.0
0x0cb1bc9c2a357ffc3627fa8e1cd7cf6ff74f6edb	5	8.52	3718.03	3980487.17	1	100.0	0	79	0.0	0.0	0.0	0.0	0.0	0.0
0xadc654de46873897acf2a8a478c419aa148047aa	10	8.52	0.21	299.92	1	100.0	0	70	0.0	0.0	0.0	0.0	0.0	0.0
0x9a0b6fdd70fc7d321cd68cf7d9c73ef1414058e1	10	8.49	0.02	24.49	2	89.5	0	24	0.0	0.0	0.0	0.0	0.0	0.0
0x8703cb33299449766a8390fb98122ab6d0619c0c	5	8.47	0.19	116.36	1	95.0	0	161	8.6421824141e-06	0.0	0.0	0.0	0.0	0.0
0xaeb0c5160a824b5ebffa3c7269fb9f78cbfbeea2	5	8.43	62.94	19054.61	4	86.75	4	57	0.0	0.0	0.0	0.0	0.0	0.0
0xcdc8bbc2c740e44e9231dc3a8842800aa2433d18	5	8.43	682.73	1477214.38	1	81.0	0	46	6.06996954144e-05	0.0	0.0	0.0	0.0	0.0
0xe76804dc0241b2c2793abb5cb2bba70a2a56a1cf	5	8.43	0.75	807.34	1	100.0	0	84	0.0	0.0	0.0	0.0	0.0	0.0
0x8ad7b990951e55130968f23d4ab5e219ad10dbcd	15	8.42	53.76	232898.28	1	100.0	0	17	1.7470658253415653e-08	0.0	0.0	0.0	0.0	0.0
0xf3b8d66a259e3f2adfdf51913b553ae4d4215e06	5	8.42	0.02	71.87	1	100.0	0	18	2.628897100009908e-09	0.0	0.0	0.0	0.0	0.0
0x55cb8ddc294d4090867e392ddda458f647e59e1c	5	8.38	8.41	4598.44	2	97.0	24	77	0.0	0.0	0.0	0.0	0.0	0.0
0x37932819b5c6310771ab77bfe01efc064654308f	10	8.37	0.34	492.21	1	100.0	0	55	2.4559032585358412e-08	0.0	0.0	0.0	0.0	0.0
0xb97f255b37eef7d47dbe1debbecd1f2ecfc37abe	15	8.36	147.68	130523.13	2	71.0	0	72	5.9129693807e-06	0.0	0.0	0.0	0.0	0.0
0xf5fcaae203bd5dd81ef969c3fecc872f38aeccab	10	8.36	0.07	57.03	1	97.0	0	120	0.0001309469700006	0.0	0.0	0.0	0.0	0.0
0x6a0fa43089831b3b2d921b78773c54c84730baae	5	8.35	0.02	7.87	1	55.0	0	217	6.18457487777e-05	0.0	0.0	0.0	0.0	0.0
0x94bb26991e1d2c25feb6553ce968525ca4d405de	5	8.34	14.82	21622.48	1	99.0	0	68	0.0	0.0	0.0	0.0	0.0	0.0
0x81e8ea69a0cc65c72c8edb2ad4bd48594723dbaa	25	8.34	0.32	1418.26	1	37.0	0	8	5.60077265454e-05	0.0	0.0	0.0	0.0	0.0
0xd7e20a009c543eb011774762dc3dd084e17883ff	5	8.33	25.25	17305.29	5	100.0	85	25	0.0	0.0	0.0	0.0	0.0	0.0
0x1241de051c6c822809e405806418c0211fd027ca	5	8.31	101.61	28499.3	2	82.0	1	186	0.0	0.0	0.0	0.0	0.0	0.0
0x655301eb3992fa35ff6fec91567240310a9756a6	10	8.31	0.35	768.64	1	100.0	0	27	0.0	0.0	0.0	0.0	0.0	0.0
0x4dbf27ad161b5aa701de9d988d731caed6a7e63f	5	8.3	43.84	22264.01	2	82.0	0	100	0.0	0.0	0.0	0.0	0.0	0.0
0xa4a62f7127c644aaef733029e0d052e411fdafb4	10	8.3	8.21	36124.85	1	19.0	0	10	0.0	0.0	0.0	0.0	0.0	0.0
0xfff81df58b94d3d4a4e07a77d6bf2f5c3034b092	25	8.29	0.12	292.18	2	60.0	0	6	3.89984493309e-05	0.0	0.0	0.0	0.0	0.0
0xfef62ef23b15e44072ac387ee016d1702ef74146	5	8.28	1.87	8267.87	1	81.0	0	22	0.0	0.0	0.0	0.0	0.0	0.0
0x5d5411b031662cc3ee1067568048343c2116d9a4	5	8.26	8.99	19871.76	1	99.0	0	44	3.924275349120876e-07	0.0	0.0	0.0	0.0	0.0
0x7622f628135378f1b8d1876952de9bab80245f1c	5	8.25	2.01	1112.6	1	98.0	0	169	5.0653196526e-06	0.0	0.0	0.0	0.0	0.0
0xbb226555fbb98850273b10b0cf55ad2f99966d20	5	8.22	133.4	592179.36	1	81.0	0	22	4.0116893029e-06	0.0	0.0	0.0	0.0	0.0
0xe506b89e12b573e4408a84eaa0a79697bb2800a1	5	8.21	2383.69	460201.94	4	99.5	67	47	1.5507030742e-06	0.0	0.0	0.0	0.0	0.0
0x2bd326bed7cdced1806d473b208d0ba77d45d868	5	8.21	2.3	499.64	3	80.0	0	129	0.0	0.0	0.0	0.0	0.0	0.0
0x61c41492c69dd33a44e9e4861399736e53dbd4df	5	8.21	3.95	2192.29	1	96.0	0	171	5.5911926422e-06	0.0	0.0	0.0	0.0	0.0
0xc8674a5995e2df15846c7247abc947ab8cb5dff6	5	8.2	0.19	162.58	2	99.0	2	48	7.2408350315e-06	0.0	0.0	0.0	0.0	0.0
0x1f98b5740fc08be136166eb8598b8035293aac6f	5	8.19	6.68	14887.79	1	77.0	0	47	0.0	0.0	0.0	0.0	0.0	0.0
0x5a9ad3dea65b7b9f7502d0da527f21196e5ce876	5	8.16	6.78	3623.15	2	96.0	0	73	3.1818241708e-06	0.0	0.0	0.0	0.0	0.0
0x6f27486b6c9a7a7fef4a6186aa9c0ba746a5a0dd	10	8.14	0.06	266.86	1	100.0	0	2	0.0	0.0	0.0	0.0	0.0	0.0
0x0f9287ad157d509a826aba386334e237885c806c	30	8.12	0.43	1919.42	1	83.0	0	11	9.0169565492e-05	0.0	0.0	0.0	0.0	0.0
0x86462590436713cf5292ae561ebaa94f75cd6e07	10	8.11	2.54	5714.48	2	90.5	0	3	0.0	0.0	0.0	0.0	0.0	0.0
0x7d76a61b0dd67ae9218aeda5ab574db3e010a28a	5	8.06	0.12	182.71	1	87.0	0	65	8.2120738986e-06	0.0	0.0	0.0	0.0	0.0
0x35621ac5925e4f52e5ecbb10ce7202fbfacd98b1	10	8.05	12.97	10299.93	2	100.0	0	112	3.090049766e-06	0.0	0.0	0.0	0.0	0.0
0x92ff5ebb3cb32ce771d9095d8efdb39765fb9108	5	8.04	173.14	36006.0	5	71.8	74	118	5.553837612026769e-08	0.0	0.0	0.0	0.0	0.0
0x95cf9511bf739cbd2935f6b35515d9e11c9c5434	5	8.04	6.94	4497.0	1	79.0	0	147	1.9450635047e-05	0.0	0.0	0.0	0.0	0.0
0xd1d373a6de19f0f8113aa3c677ddb4da4f529d45	10	8.03	3.04	4606.22	1	100.0	0	54	0.0	0.0	0.0	0.0	0.0	0.0
0xa2b3e9ac31011dbbc8ccaaf2621516fb5336ff3a	5	8.03	0.22	1000.4	1	99.0	0	21	0.0	0.0	0.0	0.0	0.0	0.0
0xe6b55ee42874b0b62bb82e8ddaaffc6b8640568f	25	8.02	3.46	7873.0	1	100.0	0	38	1.76122363915e-05	0.0	0.0	0.0	0.0	0.0
0x94fb63c1298b2e11e24f53c5c1d391f6a3a62ff3	5	8.02	1.67	2527.66	1	91.0	0	59	2.1090980295e-06	0.0	0.0	0.0	0.0	0.0
0x936071db640a5f05a600dbbdff4bf321a5828fcb	15	8.02	0.14	329.18	1	100.0	0	27	0.0	0.0	0.0	0.0	0.0	0.0
0xaaf66ffeb4006b20f38422221093559645554f20	5	7.98	769.29	90974.02	11	78.55	3	79	0.0	0.0	0.0	0.0	0.0	0.0
0x83c9e62b8e942241d960894b3c2cc3b9a23c9b3c	10	7.97	0.56	1277.19	1	100.0	0	28	1.9941874818130145e-07	0.0	0.0	0.0	0.0	0.0
0xfe12ad182f4a46493c03a15cc4167abc256e4f96	10	7.97	0.13	120.58	1	100.0	0	96	5.883839193643325e-07	0.0	0.0	0.0	0.0	0.0
0x200b0e0b2030c4f9fba3312c3c7505b9050aafd6	5	7.96	1.5	594.24	2	93.5	628	76	0.0	0.0	0.0	0.0	0.0	0.0
0x1241de051c6c822809e405806418c0211fd027ca	10	7.96	51.92	39709.98	2	100.0	0	62	2.4134007958e-06	0.0	0.0	0.0	0.0	0.0
0xdce62b21a8b1a9b39dd3ded27c876d416cc91b3e	5	7.96	15.06	17815.4	2	97.0	0	37	0.0	0.0	0.0	0.0	0.0	0.0
0xea869669210a69b035b382e0f2a498b87dc6a45c	20	7.96	45.71	209501.46	1	100.0	0	5	0.0	0.0	0.0	0.0	0.0	0.0
0xa47f3645e37480f39a7cb5088e7e95347c91c7dc	10	7.96	0.13	117.32	1	100.0	0	96	1.129851767700529e-09	0.0	0.0	0.0	0.0	0.0
0xde90e45de4f61c8db9eb54f5787fdc8f4410f749	10	7.96	0.13	115.34	1	100.0	0	96	0.0	0.0	0.0	0.0	0.0	0.0
0xd58dcd4594087c2758717a59f44a5ac09db65105	5	7.95	0.14	315.93	1	100.0	0	33	2.19824158875781e-12	0.0	0.0	0.0	0.0	0.0
0x4aa76de68b2c73087bba7e31f3936d520347fcce	5	7.95	0.25	282.44	2	86.0	0	41	0.0	0.0	0.0	0.0	0.0	0.0
0x29b88025d5a58735dcb6d1a627595ea9e4a310e2	5	7.94	0.55	1253.15	1	100.0	0	35	0.0	0.0	0.0	0.0	0.0	0.0
0xc96f41f037d277e5d93a0bb8a181b1979be719cd	45	7.93	0.28	1310.85	1	100.0	0	19	0.0	0.0	0.0	0.0	0.0	0.0
0xcf42612fb0984e1aa4ea66fd81ed6a73886f6aad	5	7.92	0.3	692.99	1	88.0	0	46	3.2153240958e-06	0.0	0.0	0.0	0.0	0.0
0x7824f6bf5638f5fd2f110e7c84eaca04f2cdeb32	5	7.9	54.7	32640.15	2	98.5	25	78	0.0	0.0	0.0	0.0	0.0	0.0
0x6cf517dd48ba0594ec776711482f70abc8e1c777	10	7.9	0.07	331.42	1	100.0	0	0	2.3845744157e-06	0.0	0.0	0.0	0.0	0.0
0x4f46c9d3257d95e35a2441df2fdf293af13f47d9	5	7.89	23.09	17797.78	1	85.0	0	123	8.1572166799e-06	0.0	0.0	0.0	0.0	0.0
0xc95b2251eea54985aabff294780c4e8ff32c1b16	10	7.88	61.95	18439.96	7	93.71	135	104	8.172692142086444e-07	0.0	0.0	0.0	0.0	0.0
0xba291f1373554150b62cec128384074008bde040	10	7.88	33.09	30640.96	1	94.0	0	118	0.0	0.0	0.0	0.0	0.0	0.0
0x6b73f63cf407beb818d011b0f1ea144ffa56fb7b	10	7.88	8.85	13660.28	1	100.0	0	49	0.0	0.0	0.0	0.0	0.0	0.0
0xe073dc6c0f43dcba012c3debdfa5c59000443f6b	5	7.87	1141.08	757030.43	2	100.0	46	69	3.5784682939e-06	0.0	0.0	0.0	0.0	0.0
0x8fb20c72139b2a971ab814503d61111349f8cc78	5	7.86	23.23	4114.18	5	80.6	191	66	7.956065206649043e-07	0.0	0.0	0.0	0.0	0.0
0x78266b7341161ad0cbfac66c7fb234f4017bd18b	10	7.85	1.72	1054.21	6	100.0	34	15	0.0	0.0	0.0	0.0	0.0	0.0
0xa2d30b5c2c84f8c0e47a0dfebb3eda04a6a2ca28	5	7.85	2.22	2068.79	1	90.0	0	115	0.0	0.0	0.0	0.0	0.0	0.0
0x71aabece380059ad48e943816d8ec479bea7fb0a	5	7.84	1.31	3043.65	1	93.0	0	44	3.0172485954e-06	0.0	0.0	0.0	0.0	0.0
0x1fa54c596f77262b7baaf8c7dbd254978c82e504	5	7.84	0.12	540.36	1	100.0	0	2	1.090608714449104e-08	0.0	0.0	0.0	0.0	0.0
0x55f5534f878cd4c2048b04884a343af32223c61b	5	7.84	0.01	6.94	1	100.0	0	145	0.0	0.0	0.0	0.0	0.0	0.0
0xc4f06a2738ded32aa0dac4febfa762aebbbc52f4	5	7.83	0.18	277.33	1	85.0	0	55	5.18532886961e-05	0.0	0.0	0.0	0.0	0.0
0xb5311b189ea1ebddf12ae6f14322cd048ca00775	5	7.82	10.74	3249.92	2	84.5	0	164	0.0	0.0	0.0	0.0	0.0	0.0
0x61be4048c631954a8adb3a7088b17ed8d9c2a33a	10	7.81	28.01	16300.19	2	100.0	0	99	0.0	0.0	0.0	0.0	0.0	0.0
0x7ff91aaeae7968bfced57181594089a72fe19305	20	7.81	0.7	3247.36	1	100.0	0	6	0.0	0.0	0.0	0.0	0.0	0.0
0x5ab4d4ce3f69957980e6cdd3bc7d6c61fa01327c	5	7.8	8.56	5006.66	1	59.0	0	171	0.0	0.0	0.0	0.0	0.0	0.0
0x3d219b0fac375f0fbe8d65611deacb0353f58838	5	7.79	7.12	1501.1	6	86.0	81	121	0.0	0.0	0.0	0.0	0.0	0.0
0x39f2299440a87c89761861777f8d9e803e25196c	5	7.79	4.88	6109.27	2	82.0	2	34	2.40815272833e-05	0.0	0.0	0.0	0.0	0.0
0x66702555f5ac2de84b7c2fc17e94c723306d4652	5	7.79	0.41	956.29	1	93.0	0	37	0.0	0.0	0.0	0.0	0.0	0.0
0xa2e764a56c5dfa248f8831256c8c37bd438be302	5	7.77	4.35	20436.23	1	79.0	0	21	0.0	0.0	0.0	0.0	0.0	0.0
0x71a3d1863a038750568b69bfa072a179de4782dc	5	7.77	0.29	336.09	1	87.0	0	81	7.7189266978e-06	0.0	0.0	0.0	0.0	0.0
0xca7adb37f8292a4adb196f1a0ccab648ff83ef56	10	7.76	0.13	158.47	1	100.0	0	95	1.5110339646184914e-07	0.0	0.0	0.0	0.0	0.0
0xdb2a1b03a7e1877349d81600a434299fd4990e8a	5	7.75	3.13	4916.25	1	90.0	0	69	5.3602978722e-06	0.0	0.0	0.0	0.0	0.0
0x8cf8577af4b6d699865108e552d13da7a4751970	5	7.74	0.56	147.95	1	47.0	0	422	0.0	0.0	0.0	0.0	0.0	0.0
0x10fab6713bfbb7a186858ede16c44e4921871bb6	5	7.74	0.22	1053.97	1	100.0	0	20	0.0	0.0	0.0	0.0	0.0	0.0
0xc4974ecf75c3e1e142861f84977b2064a926e616	5	7.73	0.11	502.42	1	98.0	0	17	0.0	0.0	0.0	0.0	0.0	0.0
0xf1e0c20ae26fde2fd9499168f5ef9fefae6a8ff2	5	7.72	0.25	397.79	1	79.0	0	70	0.0	0.0	0.0	0.0	0.0	0.0
0xc44b50751355698e2f1bcc886ee31e4282068c7d	10	7.71	11.44	15154.45	2	100.0	3	23	0.0	0.0	0.0	0.0	0.0	0.0
0x7edae8a1512b0b66e12094f64d945ff36042bd31	10	7.71	77.66	122494.73	1	100.0	0	66	0.0	0.0	0.0	0.0	0.0	0.0
0xf46b5e722000087b0f72521c465f712cbd41956e	15	7.71	6.56	15542.63	1	100.0	0	28	0.0	1.0	-887272.0	887272.0	0.0	0.0
0x0e5dcec05495e0ddfaf358b269602f44496cd6c4	5	7.7	1.38	503.64	2	48.0	0	64	0.0	0.0	0.0	0.0	0.0	0.0
0x1852cb2d91b0b367fcbdb809bd35cac4841b2a1a	15	7.7	28.1	44417.04	3	100.0	0	5	0.0	0.0	0.0	0.0	0.0	0.0
0xa02113a2ed51e82b05649709fbbd4232dc11244c	5	7.7	90.35	67008.2	2	65.0	0	114	3.70213547373e-05	0.0	0.0	0.0	0.0	0.0
0xbd2e708cf66a171ae1f7fc70c79d3ce8ddd3f5ed	5	7.7	35.16	7893.67	3	80.0	23	118	0.0	0.0	0.0	0.0	0.0	0.0
0xed32f2de7e3159f3a0fe14c13ad7fefbbc0d1572	5	7.7	0.12	145.04	1	96.0	0	74	0.0	0.0	0.0	0.0	0.0	0.0
0xa01e030d10232b6dfc1d7db2e25241d324b2191b	5	7.69	65.3	155051.17	1	100.0	0	25	0.0	0.0	0.0	0.0	0.0	0.0
0x53eb0fcdeb99d49d495ce3f7e21517e857ae7e4f	5	7.68	3.06	14539.64	1	97.0	0	21	0.0	0.0	0.0	0.0	0.0	0.0
0x2c5d36bd146b0ab5d4195bb6e915484f05ed5c98	10	7.68	0.37	124.52	2	83.5	0	159	0.0	0.0	0.0	0.0	0.0	0.0
0x63c972fd4d6dbda8591000b00241ccfa763b7afd	5	7.66	1.53	3646.65	1	100.0	0	30	0.0	0.0	0.0	0.0	0.0	0.0
0xc8d36252240840bf28938077a0ac9d7467027a14	5	7.65	3.07	2438.35	1	84.0	0	121	0.0	0.0	0.0	0.0	0.0	0.0
0x52bb4d1121ba28e7cac4b3c994ccbfe8ed1174fb	10	7.64	0.2	71.67	1	96.0	0	292	9.0255292573e-06	0.0	0.0	0.0	0.0	0.0
0xc18dad44e77cf2f2f689f68d93a3603cbcdc5a30	5	7.63	315.66	122890.93	6	99.67	123	41	6.109108237802493e-07	0.0	0.0	0.0	0.0	0.0
0x4d2f4186fc6f6ef8814d0e2d07eb1af5d0bef0f4	5	7.63	919.01	53483.3	12	85.17	7	105	2.7397654996e-06	0.0	0.0	0.0	0.0	0.0
0x0d40013211c19a676db67b74b2473e3a3e72a24b	5	7.63	15.23	2510.03	5	92.6	0	89	0.0	0.0	0.0	0.0	0.0	0.0
0x8e6ed79c48944265fe5d004010c11cb28aa105b4	5	7.63	2042.33	195469.95	8	86.13	7	132	4.6789746382946973e-07	0.0	0.0	0.0	0.0	0.0
0x43a996fa50d2f378d707aca9ddcde1c30cb68f63	10	7.63	2.17	5199.61	1	100.0	0	27	8.285762409521169e-07	0.0	0.0	0.0	0.0	0.0
0xfe8427a949048d14bb26778fa1253d79aadab6ee	5	7.63	0.33	799.58	1	95.0	0	41	1.8229304954e-06	0.0	0.0	0.0	0.0	0.0
0x6b8791feb8acbd7b200235b5504f2f4561b08959	10	7.63	0.17	200.36	1	100.0	0	76	0.0	0.0	0.0	0.0	0.0	0.0
0xca0073964efe7f9422ceb16901018b1db0cc4785	5	7.61	5.67	9058.55	1	95.0	0	71	0.0	0.0	0.0	0.0	0.0	0.0
0x4492dbff5671106fcdcb5a0f999d8f87af7fecf1	10	7.6	0.3	361.41	2	100.0	0	24	3.133049375492192e-11	0.0	0.0	0.0	0.0	0.0
0x00236feeac26ef92552e3981096350d136084c64	5	7.6	103.4	248135.18	2	61.0	0	5	2.516033548172203e-07	0.0	0.0	0.0	0.0	0.0
0xd5451b645f9176a3cd91a563649f85320939bd83	5	7.6	10.29	6177.95	1	71.0	0	170	2.60039460742e-05	0.0	0.0	0.0	0.0	0.0
0xde9c31ef16851db0f02d33f3c82db8ea74fb6726	10	7.59	2.9	1378.94	3	90.33	1	79	0.0	0.0	0.0	0.0	0.0	0.0
0xc4f1feb2b38c9c28bf2fb92c0b26f6f15019a74a	5	7.59	7.17	11724.4	3	100.0	0	7	4.988232049640828e-11	0.0	0.0	0.0	0.0	0.0
0x3dc9bcf867d10ba2a491c12abc049060c51f7ed4	10	7.59	0.48	257.54	1	74.0	0	196	0.0	0.0	0.0	0.0	0.0	0.0
0x3c49aa72e4783ccaabca0f6ef534f66b21751c27	5	7.59	0.23	139.53	1	72.0	0	169	1.92901781326e-05	0.0	0.0	0.0	0.0	0.0
0x642243b782a4cf8420759625dc6d5db75b9133a2	5	7.58	12.57	30322.98	2	86.5	0	23	0.0	0.0	0.0	0.0	0.0	0.0
0x42982dafd5577db35255bb1dab0b288464844de1	5	7.58	6.02	5790.54	1	100.0	0	99	1.9443924248463418e-08	0.0	0.0	0.0	0.0	0.0
0xa634845c3c848f5ac3abcd85bfc53502ece2a799	25	7.58	0.42	2045.68	1	100.0	0	20	8.949846419525899e-08	0.0	0.0	0.0	0.0	0.0
0x7b719f436085d9738919264b2ad02a4a17ef25db	5	7.56	0.83	4025.03	1	74.0	0	22	9.20670432669e-05	0.0	0.0	0.0	0.0	0.0
0x316c42af89b913429dbe4a86f30373172340a821	5	7.55	3.62	2188.82	1	90.0	0	177	5.3399879185e-06	0.0	0.0	0.0	0.0	0.0
0xf81f74f3bf7efb72aced1f56ca623efa54f89b9b	25	7.55	0.5	2420.43	1	100.0	0	12	3.579292418010027e-09	0.0	0.0	0.0	0.0	0.0
0x86a851c344c76f39a5258d9fe431b2660fae8479	5	7.54	9.58	18950.18	2	65.5	0	34	3.17319388543e-05	0.0	0.0	0.0	0.0	0.0
0x0c84169c113987ad25359c2dc763f6fe0acac3a9	10	7.54	3.09	14938.23	1	100.0	0	23	0.0	0.0	0.0	0.0	0.0	0.0
0x2a0059610c92842dc2ef84af76b244c28687e647	5	7.54	2.5	2015.61	1	97.0	0	122	0.0	0.0	0.0	0.0	0.0	0.0
0x3edb7d5b494ccb9bb84d11ca25f320af2bb15f40	5	7.54	0.02	13.09	1	96.0	0	144	0.0	0.0	0.0	0.0	0.0	0.0
0xb7a55cfc3d09a47dc5b6ce2813bc78d32567cf73	10	7.53	8.1	9967.31	5	100.0	0	9	0.0	0.0	0.0	0.0	0.0	0.0
0xd550ac5225eddc5ae90730bc2ef7d334cd9bd4b4	5	7.52	0.76	1235.15	1	85.0	0	63	0.0	0.0	0.0	0.0	0.0	0.0
0xbc06b4d8b7cfac0b5522789b6b0c6da3d651aa52	5	7.51	1.32	491.5	2	79.5	0	131	1.7109067385e-06	0.0	0.0	0.0	0.0	0.0
0x5558d84d090cd6a6b16834d0814e67d620ed8366	15	7.51	15.15	73681.62	1	100.0	0	23	1.6709189587515993e-08	0.0	0.0	0.0	0.0	0.0
0x2b5abe232f35350f80f9c3a61761294a467f1ab6	10	7.5	168.23	67505.17	3	98.33	0	84	0.0	0.0	0.0	0.0	0.0	0.0
0xe702fa35674e54a446fd5cb783286ae872fcbe16	5	7.49	83.84	11375.94	8	92.88	10	102	6.205625180388807e-08	0.0	0.0	0.0	0.0	0.0
0x8286abc91c851b45e6ed6100a2b1e9201296a153	10	7.49	12.3	19980.57	1	100.0	0	70	0.0	0.0	0.0	0.0	0.0	0.0
0x26653c187b6df38e40278b5b316d84d40465338d	10	7.49	1.53	1064.31	1	87.0	0	152	0.0	0.0	0.0	0.0	0.0	0.0
0x589b483486c4320c66cc0ff9fe3a74d31cb9fc37	10	7.49	1.41	380.83	1	77.0	0	432	0.0	0.0	0.0	0.0	0.0	0.0
0x17827d081f5f018ad6d65b5a799dbfa28a5aa018	5	7.47	19.45	95088.64	1	100.0	0	11	7.35438121512999e-07	0.0	0.0	0.0	0.0	0.0
0x24bfae3526e246cf75d0bdb494ca7860948d37ac	5	7.47	0.15	184.1	1	86.0	0	92	4.3709763586e-06	0.0	0.0	0.0	0.0	0.0
0x0db67f7aef03f9e7446aef7becac2f0601ad4311	5	7.47	0.07	318.35	1	93.0	0	17	0.0	0.0	0.0	0.0	0.0	0.0
0x0afea1b8a21adc495506b1e282424e51b273ae52	5	7.47	0.06	26.77	1	45.0	0	260	2.52256338595e-05	0.0	0.0	0.0	0.0	0.0
0x1d08b5667c9de15b5ab40f882d2bff6deae2c83d	15	7.46	8.49	2940.75	2	94.0	133	660	1.8481091657029938e-07	0.0	0.0	0.0	0.0	0.0
0x281e5c38bacea0f32e48edc9952de4c068f9012e	5	7.45	2.4	339.56	5	83.6	0	146	0.0	0.0	0.0	0.0	0.0	0.0
0xcc42e3814eb13e2e269bb2bbc182429ef36fb00d	5	7.45	2.65	1000.14	1	74.0	0	309	0.0	0.0	0.0	0.0	0.0	0.0
0x936071db640a5f05a600dbbdff4bf321a5828fcb	5	7.45	0.07	330.96	1	65.0	0	2	1.28665736065e-05	0.0	0.0	0.0	0.0	0.0
0xd064eea34f0697aac62735d0dbf91548a26320f2	5	7.44	2.56	1451.7	3	100.0	2	47	0.0	0.0	0.0	0.0	0.0	0.0
0xdd1668df77888c16225f4f030987b83213f6b03b	10	7.44	0.45	1095.56	1	100.0	0	25	2.7075586217506498e-08	0.0	0.0	0.0	0.0	0.0
0xe15485bab481f0e6d2fb2d8a1d63dd5a8f53f092	5	7.44	0.15	182.4	1	70.0	0	76	1.6050739293e-06	0.0	0.0	0.0	0.0	0.0
0xfa7b07b6de964d022c832f20ced2dac16384b7aa	15	7.43	8.47	2937.75	2	94.0	134	660	0.0	0.0	0.0	0.0	0.0	0.0
0x6956eb714559b5719342b75013ab318c5e465b67	5	7.42	3.07	515.84	7	62.71	2	87	1.14209041604e-05	0.0	0.0	0.0	0.0	0.0
0xf07c3499e8fcfd401f03e7d426d83a17e61e047d	5	7.41	1.52	1877.82	1	92.0	0	74	7.2931780614e-06	0.0	0.0	0.0	0.0	0.0
0xa062a5cefe6a67f04780e010f25837866384ccd7	5	7.41	0.13	328.08	1	100.0	0	32	9.706368486739336e-07	0.0	0.0	0.0	0.0	0.0
0x95c7603944bfed303c4c93349cd61f6818931f91	5	7.4	53.74	29411.51	3	89.67	0	65	2.3262588559e-06	0.0	0.0	0.0	0.0	0.0
0x7788ea4ce2b1eac4d6e25790bfe6d3d537cce53a	10	7.4	1.02	2511.25	1	100.0	0	24	0.0	0.0	0.0	0.0	0.0	0.0
0x7994a41d3574b018c76c246b75dddfa897a62705	5	7.4	0.1	251.53	1	100.0	0	26	1.0209735279431699e-07	0.0	0.0	0.0	0.0	0.0
0x59e10ee0b33ff33553e70ca428d34df8a85946ac	10	7.4	0.0	18.39	1	9.0	0	23	2.38081098946e-05	0.0	0.0	0.0	0.0	0.0
0xc125fa384407c574522a18c17440d437d6767bba	5	7.39	1583.51	103553.82	13	79.92	37	84	1.6457071824e-06	0.0	0.0	0.0	0.0	0.0
0x7f4b43d3627a34c9ef01a2cc6d98b6b75c6c0a87	5	7.39	0.04	17.38	2	50.0	712	81	3.2076355072e-06	0.0	0.0	0.0	0.0	0.0
0x4e244f3405644adc778d909038cacf4e7b6e862f	5	7.38	0.31	504.91	1	95.0	0	49	0.0	0.0	0.0	0.0	0.0	0.0
0x52549de94ef9021f5eba89a97d798c4ef982dfb2	10	7.38	0.12	83.55	1	100.0	0	147	0.0	0.0	0.0	0.0	0.0	0.0
0x77ff16823a4ecebdd6a9c9ad6c76f4ccdd4fdabf	5	7.38	0.02	35.25	1	89.0	0	66	0.0	0.0	0.0	0.0	0.0	0.0
0xee7cffb7b27f825dda9e6e5e7aff507e05f39990	25	7.37	24.91	41147.47	1	100.0	0	54	5.339329200992893e-07	0.0	0.0	0.0	0.0	0.0
0x2ae3949c1440384fd899acf29e58aab0cfb7c2cb	5	7.36	2128.78	723924.13	4	46.75	16	45	1.84531749547e-05	0.0	0.0	0.0	0.0	0.0
0x19c5cc0ba2e3e202557d125f7eba764fe3c88f8c	5	7.34	14.57	3161.85	3	77.0	0	205	0.0	0.0	0.0	0.0	0.0	0.0
0x66a0f5491c5ace4e491fb8a90da3af1c2b9ac233	5	7.34	8.82	2342.37	4	83.25	48	70	7.0235345206e-06	0.0	0.0	0.0	0.0	0.0
0xf55a8bee48aee922002d1cf6027f242c8f50b424	15	7.33	9.05	22536.23	2	77.0	0	8	0.0	0.0	0.0	0.0	0.0	0.0
0x61dbfd006f35ddb87114656898c26689d39ffa7e	25	7.33	1.0	4993.7	1	100.0	0	18	0.0	0.0	0.0	0.0	0.0	0.0
0xfd1d1152a49bbad1b94d4dea9056b12fd0a36efb	5	7.33	0.76	539.32	1	90.0	0	151	0.0	0.0	0.0	0.0	0.0	0.0
0x67a61ca6158b07f26c962b48af7f3b24cfb08692	5	7.32	0.59	438.19	4	94.75	1	29	1.0699756358700797e-07	0.0	0.0	0.0	0.0	0.0
0x5db447eb1b37232f1a8020f911b1ca626513de44	10	7.32	0.01	10.45	1	100.0	0	55	6.624454873538355e-07	0.0	0.0	0.0	0.0	0.0
0x633bcb12fe73c7eacaec3157a9a52b916add5968	30	7.31	0.33	1627.82	1	100.0	0	23	0.0	0.0	0.0	0.0	0.0	0.0
0x2299078448aeb38b1344496781764c4b8765f458	5	7.3	1.03	5140.94	1	74.0	0	21	8.70309660561e-05	0.0	0.0	0.0	0.0	0.0
0xbdab13eb71aaa83e6917a4e7a29c00b9490defc5	5	7.29	0.09	95.03	1	76.0	0	109	0.0	0.0	0.0	0.0	0.0	0.0
0xa9bf52c9956a2ac3dda14e10e063808c1baba488	5	7.27	0.27	854.18	3	94.0	467	12	1.3224559151e-06	0.0	0.0	0.0	0.0	0.0
0xeecafff217eaa6928c0cfd89be0613c518cc928e	5	7.27	10.1	7230.06	4	95.75	246	26	0.0	0.0	0.0	0.0	0.0	0.0
0x2b5abe232f35350f80f9c3a61761294a467f1ab6	20	7.27	47.64	119619.83	1	100.0	0	31	0.0	0.0	0.0	0.0	0.0	0.0
0x9726d0e8bd180a2136110eed2eb56ffde8c98c7d	5	7.26	0.13	78.52	2	80.5	37	78	2.29828426345e-05	0.0	0.0	0.0	0.0	0.0
0xa112f61cf3cac6f987af1fb275e955d8eb08723a	5	7.26	1.24	3116.22	1	77.0	0	47	1.29222373246e-05	0.0	0.0	0.0	0.0	0.0
0x444c0f7cef548c98d8cabecf82742e7b27edb1c6	5	7.24	2.3	2222.44	4	61.5	24	63	0.0	0.0	0.0	0.0	0.0	0.0
0xc20ef0082b98260bb62c769bedcfedead311f93d	5	7.23	25.17	6739.4	6	99.67	152	78	1.7481830797786795e-09	0.0	0.0	0.0	0.0	0.0
0x5e340b4907365814b789edd30e150601879c1104	5	7.22	0.13	78.5	2	80.5	37	78	0.0	0.0	0.0	0.0	0.0	0.0
0x0665eecff6d58534e9fc207541a205d79d3dfb33	5	7.22	1.98	10029.56	1	100.0	0	11	1.0524419669e-06	0.0	0.0	0.0	0.0	0.0
0xd37e5a41d7792e353fa905d9693ffc0b4016068a	5	7.22	0.02	26.23	1	91.0	0	83	0.0	0.0	0.0	0.0	0.0	0.0
0x6f8adc605edf0da9f3970d12405e8e47e9ac7454	5	7.21	3.31	15808.35	2	100.0	54	13	0.0	0.0	0.0	0.0	0.0	0.0
0x72b28c8ba938839091bf2158a6fccb8a15d961a0	5	7.21	3.67	9281.88	1	97.0	0	33	0.0	0.0	0.0	0.0	0.0	0.0
0x980cfb8484a33280e28bb2b4d0dd579786a51dd2	5	7.2	11.66	5000.99	2	82.0	0	152	0.0	0.0	0.0	0.0	0.0	0.0
0x874f1bcff7becb45c95f5582a7c5ec936f81684b	5	7.2	0.13	79.01	2	80.5	38	77	0.0	0.0	0.0	0.0	0.0	0.0
0xcbaeda2f6effdcf07d5ae4d576a0b07c49f91f49	5	7.2	0.01	27.72	1	100.0	0	25	0.0	0.0	0.0	0.0	0.0	0.0
0x1be1200e71a5e219ca6cd666b2171b1e593f5db9	5	7.19	2.61	828.85	1	42.0	0	383	0.0	0.0	0.0	0.0	0.0	0.0
0xb80ca9c2b8e0aeb4895b1f0a8d1f73472fbdf2d7	5	7.19	0.12	209.51	1	81.0	0	71	0.0	0.0	0.0	0.0	0.0	0.0
0x99f1ce9d0b95d5d9b3929d0079bdb27628e7efd7	5	7.18	181.47	18312.09	17	90.29	28	44	8.204505702276025e-09	0.0	0.0	0.0	0.0	0.0
0x4963373675ff0678134683e71e72141fd8d9a548	10	7.16	2.47	3144.03	1	100.0	0	95	0.0	0.0	0.0	0.0	0.0	0.0
0x6a414b51ceaf33ef465eb853b0b070512afdd717	5	7.15	46.27	26336.89	4	94.0	277	37	0.0	0.0	0.0	0.0	0.0	0.0
0xa100fa6fada1be2041a20ba80c11e8f370c9306b	25	7.14	11.24	28748.2	2	92.0	1	7	0.0	0.0	0.0	0.0	0.0	0.0
0x893a83f5521001559883cb9682b15439c023e54f	5	7.14	3.31	5534.29	2	96.5	73	46	0.0	0.0	0.0	0.0	0.0	0.0
0xd2f8d886c19d3bd783a5e311a5035a57b2f6cf44	5	7.12	0.19	160.92	1	93.0	0	122	0.0	0.0	0.0	0.0	0.0	0.0
0xfc57a3566f4dc9e36d756975617ef73025add5f7	5	7.1	0.21	63.0	1	43.0	0	393	0.0	0.0	0.0	0.0	0.0	0.0
0xebc1cdbbbec61c6077f2ca5651139622b6b718bf	5	7.09	53.41	137485.33	1	95.0	0	33	0.0	0.0	0.0	0.0	0.0	0.0
0x5543c440f7d757e42094bc4f6c140dcde51c9a8d	10	7.09	0.05	124.64	1	100.0	0	29	5.837461625191054e-07	0.0	0.0	0.0	0.0	0.0
0xff00244b02674a5ca011d35e63526970408bc1e3	5	7.07	0.4	111.58	4	97.5	13	53	0.0	0.0	0.0	0.0	0.0	0.0
0x075267ffca613e8a86cb8eca03655281a0e2137b	5	7.07	0.22	370.26	1	100.0	0	52	0.0	0.0	0.0	0.0	0.0	0.0
0x27dc3661794b60913808ef169f25c591b490e2aa	15	7.05	100.55	520282.99	1	100.0	0	4	0.0	0.0	0.0	0.0	0.0	0.0
0xebc1cdbbbec61c6077f2ca5651139622b6b718bf	10	7.04	14.15	36709.92	1	100.0	0	39	2.7804792579e-06	0.0	0.0	0.0	0.0	0.0
0xbefe67542bab11de3ca315163a93afb116bfb119	5	7.03	667.55	138805.62	7	89.86	0	90	7.831298609595194e-07	0.0	0.0	0.0	0.0	0.0
0xc174ec23b7a9765871839cfa9c872123c9b794f2	5	7.03	17.32	44980.7	1	88.0	0	40	1.13421729786e-05	0.0	0.0	0.0	0.0	0.0
0x04b9d539b8ddfef5b1e762332a367c13eb26f9a1	5	7.03	0.01	2.13	1	68.0	0	289	0.0	0.0	0.0	0.0	0.0	0.0
0x28d068eaa4a4052129e25f000c3778dc0991ca82	5	7.02	5.46	1985.54	3	95.33	1	98	3.26266834956e-05	0.0	0.0	0.0	0.0	0.0
0x5bc81274740a73d33ec8539182c326b8b58004c2	10	7.02	0.57	985.17	1	100.0	0	69	7.26096294201284e-08	0.0	0.0	0.0	0.0	0.0
0x234ef83bd3859c04c93eaafd0ecf6dfefe2d5a4b	5	7.02	0.44	762.32	1	66.0	0	69	4.82214151831e-05	0.0	0.0	0.0	0.0	0.0
0x02451877cea0f7b0f5e5e85de3329565ad1b144b	5	7.01	6.54	7854.27	3	100.0	19	21	1.7501578704800144e-07	0.0	0.0	0.0	0.0	0.0
0xaa17879e7cac3aee12d6aa568691e638ef0c57f0	10	7.0	114.58	99611.11	1	89.0	0	139	5.92847643643e-05	0.0	0.0	0.0	0.0	0.0
0xee96fd5b955e14c52ac2510b2bb633aec68f285b	10	7.0	1.82	9505.5	1	89.0	0	1	0.0	0.0	0.0	0.0	0.0	0.0
0xcef13daa45ca6ca8b1af80e20280c7e5f6016b3c	5	6.99	0.99	5180.7	1	65.0	0	23	5.91765734858e-05	0.0	0.0	0.0	0.0	0.0
0xb497f8964067480b744a772dc59918fdc5d2fdb6	5	6.96	16.43	16533.34	4	99.0	27	18	1.5608979969e-06	0.0	0.0	0.0	0.0	0.0
0x18e9ddd34068def0e07c28f3e762a07fd1894c26	10	6.95	14.45	18959.51	1	92.0	0	92	5.23146562625e-05	0.0	0.0	0.0	0.0	0.0
0xa8aecb79085c0a94a97da3424dc2b1b1c6c425ba	5	6.95	9.7	8486.72	1	94.0	0	138	0.0	0.0	0.0	0.0	0.0	0.0
0xde9c31ef16851db0f02d33f3c82db8ea74fb6726	15	6.95	0.65	1135.05	1	100.0	0	54	0.0	0.0	0.0	0.0	0.0	0.0
0xf8f981c2a021d7e62625da627251e7079f0920cd	5	6.95	0.61	799.64	1	100.0	0	73	0.0	0.0	0.0	0.0	0.0	0.0
0xa1d6a0ddd1d3a7a8d5e44d7ad43401088845def9	10	6.95	0.36	1916.76	1	100.0	0	13	3.055390940254199e-07	0.0	0.0	0.0	0.0	0.0
0xc52d4727e972c305c9a865a86f291674ccbf03be	5	6.95	0.02	63.87	1	95.0	0	37	0.0	0.0	0.0	0.0	0.0	0.0
0x58e4dfff1ee14fe34deaaeabaf55c8a4fab85be1	5	6.94	0.02	124.9	1	100.0	0	16	0.0	0.0	0.0	0.0	0.0	0.0
0x8aaa8e6494b13116ad65168283ec5269479611ff	10	6.93	3.72	7729.39	2	50.0	28	15	1.28615071259e-05	0.0	0.0	0.0	0.0	0.0
0x2f140ef7f3ab90602881ea37a6a63f023ac7b57f	5	6.92	23.74	13076.45	2	68.0	456	127	6.4748738537e-06	0.0	0.0	0.0	0.0	0.0
0xc2d5904602e2d76d3d04ec28a5a1c52e136c4475	5	6.92	146.17	51523.12	2	67.0	0	160	0.0	0.0	0.0	0.0	0.0	0.0
0x01f109ac6e947715b3c3c506ee60d324d45edcd3	10	6.92	0.52	1371.9	1	100.0	0	31	0.0	0.0	0.0	0.0	0.0	0.0
0xe6a8fce2ac5bc33cf88386e67f7d7dac2c655244	25	6.9	22.13	12745.57	3	73.67	87	43	0.0	0.0	0.0	0.0	0.0	0.0
0xe14bf261865624dca616ddc0a9f00c10ad0a78e5	5	6.9	28.92	76542.27	1	100.0	0	29	0.0	0.0	0.0	0.0	0.0	0.0
0xb3521ce0e400bc2bcaf02cf5859e8865f7a30535	5	6.9	0.13	231.69	1	85.0	0	56	0.0	0.0	0.0	0.0	0.0	0.0
0xb577517fb7a0a174551d6933c7ff2f0eea3004b6	10	6.9	0.11	594.73	1	100.0	0	4	0.0	0.0	0.0	0.0	0.0	0.0
0xce29ecb0d2d8c8f0126ed923c50a35cfb0b613a8	5	6.89	259.07	99722.62	2	99.0	10	150	0.0	0.0	0.0	0.0	0.0	0.0
0xbd6ec76bc659d0d296be9e2711f04239252dd493	5	6.89	0.01	32.72	2	70.0	0	18	1.7648304095e-06	0.0	0.0	0.0	0.0	0.0
0xb495023d8eb9526d8ec346703f2cff12f2a6963d	10	6.89	3.52	2328.77	1	100.0	0	191	0.0	0.0	0.0	0.0	0.0	0.0
0x1bc8c6c06a43e3fbb2ebc613e0ebc0ecb95b5937	5	6.88	122.55	120285.96	2	70.0	0	67	0.0	0.0	0.0	0.0	0.0	0.0
0xf018b923bebdef7a8124371b322d7e29a08c3198	5	6.88	7.05	18706.14	1	100.0	0	31	1.2204081745e-06	0.0	0.0	0.0	0.0	0.0
0xee5d89290c3502db0cedc181f62c46d433f8d2a3	15	6.88	0.03	50.04	1	100.0	0	49	0.0	0.0	0.0	0.0	0.0	0.0
0x10df1eff2c2689073f207c7cb1cfee1afccb4a53	20	6.87	8.11	43078.73	1	100.0	0	3	1.26693356139e-05	0.0	0.0	0.0	0.0	0.0
0x7029da61e5232d67026a97514fb86cb166511aa0	5	6.86	0.13	673.14	1	100.0	0	20	0.0	0.0	0.0	0.0	0.0	0.0
0xfc786f192ef5ee453f891b41ccb0e99b14e51f99	10	6.86	0.05	278.83	1	100.0	0	16	0.0	0.0	0.0	0.0	0.0	0.0
0xa1c9d41719c4ffd99463f1cfa579d9b6a96b50c6	5	6.85	2.5	2191.38	2	100.0	865	19	6.528622087387248e-09	0.0	0.0	0.0	0.0	0.0
0xfef62ef23b15e44072ac387ee016d1702ef74146	45	6.85	1.55	8265.42	1	100.0	0	21	0.0	0.0	0.0	0.0	0.0	0.0
0x6b8791feb8acbd7b200235b5504f2f4561b08959	5	6.85	0.22	595.62	1	100.0	0	36	0.0	0.0	0.0	0.0	0.0	0.0
0x5345462544ed763639519376c298e939228dd1f4	5	6.84	88.17	20083.92	5	72.4	15	58	0.0	0.0	0.0	0.0	0.0	0.0
0xcf3fe53a837b780369e4ac191cbdc42d05b39bc8	5	6.84	0.46	2444.08	1	63.0	0	24	0.0	0.0	0.0	0.0	0.0	0.0
0x28165971e4d592ca6c45a3786786ec2f6b4b8d23	5	6.83	4.24	1186.16	4	96.5	88	91	3.43553348297e-05	0.0	0.0	0.0	0.0	0.0
0x00ab97c782c661fb3d08c96dce06176938101211	10	6.83	9.75	8684.2	1	92.0	0	143	0.0	0.0	0.0	0.0	0.0	0.0
0xb243c08a11ba59194e19214bfa28047d96e6f4be	5	6.82	2.0	3605.24	3	98.33	0	15	2.1382625633e-06	0.0	0.0	0.0	0.0	0.0
0x96ba3d8fbf4024cf93a8a5b9346fe83ac20a38b3	5	6.82	10.81	4976.03	5	95.8	7	44	5.095533528454155e-07	0.0	0.0	0.0	0.0	0.0
0x7cfc8aeb00517d9a711eeea66adafa507d31a590	5	6.82	0.19	1019.73	1	100.0	0	9	2.1183621523590546e-08	0.0	0.0	0.0	0.0	0.0
0xc6685b08b58f23d3c8baff233dfaf264491f5846	5	6.82	0.04	39.47	1	57.0	0	111	0.0	0.0	0.0	0.0	0.0	0.0
0xe2b1755c08a1f0489de8cc11140177cfe7ac1af8	5	6.81	0.08	159.66	2	81.0	0	31	7.7138662069e-06	0.0	0.0	0.0	0.0	0.0
0xc68216dc6a6f1f788e160b2869658df211273025	10	6.81	0.27	487.72	1	100.0	0	57	0.0	0.0	0.0	0.0	0.0	0.0
0x8199117a9580a98e40b732b735fc42753422f981	5	6.8	138.85	94906.75	3	65.67	5	30	3.25347867905e-05	0.0	0.0	0.0	0.0	0.0
0x1bfb332c5bd1f3df868756dad13a06c47036298e	10	6.8	0.3	249.6	2	99.0	115	53	5.961048987757067e-07	0.0	0.0	0.0	0.0	0.0
0x28165971e4d592ca6c45a3786786ec2f6b4b8d23	45	6.8	0.15	816.62	1	100.0	0	11	0.0	0.0	0.0	0.0	0.0	0.0
0x0f4f26acb4a7c2ba4da29beb66dc510c23c704f2	5	6.79	0.59	601.63	2	73.0	0	66	0.0	0.0	0.0	0.0	0.0	0.0
0x5cb5e85d648cecab3abeb490992349730889af00	10	6.79	0.75	1006.08	1	94.0	0	89	0.0	0.0	0.0	0.0	0.0	0.0
0x67c43205c696b5e2f15d3f91c3b71ca523912ba5	5	6.78	0.4	722.51	1	64.0	0	67	0.0	0.0	0.0	0.0	0.0	0.0
0x6cf517dd48ba0594ec776711482f70abc8e1c777	20	6.78	0.11	587.74	1	100.0	0	1	0.0	0.0	0.0	0.0	0.0	0.0
0xc373956fefaff488103475f77a5190bfea9baf1d	5	6.78	0.11	285.31	1	100.0	0	39	0.0	0.0	0.0	0.0	0.0	0.0
0x10df1eff2c2689073f207c7cb1cfee1afccb4a53	5	6.77	141.73	80705.52	4	95.0	59	37	0.0	0.0	0.0	0.0	0.0	0.0
0x8e6ed79c48944265fe5d004010c11cb28aa105b4	10	6.77	51.24	138117.17	1	100.0	0	29	0.0	0.0	0.0	0.0	0.0	0.0
0x3756c2a65e70d7c556bb716fbf7bd52278a2887e	5	6.77	0.82	491.28	1	79.0	0	198	8.072843427e-06	0.0	0.0	0.0	0.0	0.0
0x66a0f5491c5ace4e491fb8a90da3af1c2b9ac233	10	6.77	0.43	2343.84	1	100.0	0	18	0.0	0.0	0.0	0.0	0.0	0.0
0xa7006a764b57b1cf08e166b7cf1e5bd93a8b59da	5	6.77	0.03	38.39	1	84.0	0	75	1.33383644906e-05	0.0	0.0	0.0	0.0	0.0
0x972a2b2651c811834cd1d19a9506d876b87d4120	10	6.76	147.54	132705.94	1	100.0	0	127	0.0	0.0	0.0	0.0	0.0	0.0
0x7f0759cb20de8c7a996db6f6c12b33314d0379c3	5	6.76	7.42	10009.33	1	87.0	0	73	8.0124464729e-06	0.0	0.0	0.0	0.0	0.0
0xb8fa7c4643ea5fa68fb6b4d889965e363168ba9e	5	6.76	3.35	4522.78	1	65.0	0	75	2.1139415662e-06	0.0	0.0	0.0	0.0	0.0
0xa24a72015c521bb07c2fdadac2e295ec1f826e89	5	6.76	0.27	1436.3	1	90.0	0	19	0.0	0.0	0.0	0.0	0.0	0.0
0x4817c8b823c8fc0d90d9052552ecb8158849ee4a	5	6.75	1.94	242.01	16	80.94	5	66	0.0	0.0	0.0	0.0	0.0	0.0
0x2f7fa22bfaf8978fc21bb1ec194e5da603664b23	5	6.75	1.43	2577.58	1	96.0	0	50	0.0	0.0	0.0	0.0	0.0	0.0
0xf38d868aa43d4f662c0c1b18950a999828a562ef	5	6.74	8.99	4579.68	3	61.33	216	141	4.669700367128845e-07	0.0	0.0	0.0	0.0	0.0
0x25ff32d7b4d5ac6d17b1ae32f040720b362cf187	5	6.74	1.32	1297.0	3	90.0	0	30	0.0	0.0	0.0	0.0	0.0	0.0
0x24b60f73756a428094483c9ff91d5f3b6f81694a	5	6.73	129.34	16745.44	12	90.17	20	54	4.4047625732031775e-08	0.0	0.0	0.0	0.0	0.0
0x30b3d95e24ea00f5fb4b9bdf4f714159d9d793c2	5	6.73	407.28	81855.52	5	81.0	64	112	0.0	0.0	0.0	0.0	0.0	0.0
0x10e6bdbef34d5279e729142a19b0bce07813b6a8	25	6.72	15.87	28732.09	1	100.0	0	48	0.0	0.0	0.0	0.0	0.0	0.0
0x9064020a70c2a3d6f4332f70d81e9530feb4a5cc	5	6.72	0.15	267.63	1	95.0	0	57	6.7847107154e-06	0.0	0.0	0.0	0.0	0.0
0x2c934fac8c7262c318adb4f1681c6b06199bb4b9	15	6.72	0.07	197.04	1	100.0	0	32	0.0	0.0	0.0	0.0	0.0	0.0
0x1ce8ed87b7b4cb60f0cc3664bf1fe216163ff55a	10	6.71	32.69	50022.53	2	83.0	75	35	0.0	0.0	0.0	0.0	0.0	0.0
0x5a393e7ccc7208b97520aa585d2837d8aeb1d212	5	6.7	1.42	1687.04	3	95.67	14	24	0.0	0.0	0.0	0.0	0.0	0.0
0x10720be2a75ee331be03a5b147dd50d118d810e5	5	6.7	0.04	216.35	1	95.0	0	14	0.0	0.0	0.0	0.0	0.0	0.0
0x15ee3c29f188d82c7c78e04f3b22f6ab0654e452	15	6.69	0.66	200.25	1	100.0	0	432	0.0	0.0	0.0	0.0	0.0	0.0
0xb05cf01231cf2ff99499682e64d3780d57c80fdd	5	6.68	0.01	19.31	2	60.5	0	141	0.0	0.0	0.0	0.0	0.0	0.0
0x68594bcb3a39b1b80723bea6649b5bc6dab1c513	5	6.68	4.16	2329.07	5	48.0	166	28	0.0	0.0	0.0	0.0	0.0	0.0
0x503d3d5190791bbca1272a632404bf6670091ad8	5	6.67	16.36	29835.2	1	89.0	0	54	1.25495690062e-05	0.0	0.0	0.0	0.0	0.0
0x921d43ffeb08c9e71b93c5c8e05667d14f84f0b2	5	6.66	41.03	26340.37	3	85.33	0	50	0.0	0.0	0.0	0.0	0.0	0.0
0x606282964a963e9ea9260257850c698801f4c7ea	5	6.65	0.02	109.67	1	76.0	0	22	0.0	0.0	0.0	0.0	0.0	0.0
0x5a40ab806a038afe9c4ef413d36b6356a5e4d2c5	10	6.64	108.39	596186.94	1	100.0	0	13	1.7899459692216624e-08	0.0	0.0	0.0	0.0	0.0
0x4b2c88573f8f2baee29d5a1b68651afc868475a0	5	6.63	11.84	3445.63	2	97.0	600	157	4.6781838236e-06	0.0	0.0	0.0	0.0	0.0
0xc8f9e520f96fd26acab0c43d5aed719ff67b934e	5	6.63	35.3	48260.91	2	78.5	87	41	0.0	0.0	0.0	0.0	0.0	0.0
0x42fc6537115079f26d59282c8bb59f9833ce2e3b	5	6.63	0.74	2047.95	1	100.0	0	35	3.344431620533328e-07	0.0	0.0	0.0	0.0	0.0
0x9fb7ed50fc5bace2e7e1101e8fd6805c9a678c84	5	6.62	2.21	842.14	3	85.0	0	78	0.0	0.0	0.0	0.0	0.0	0.0
0xaaf66ffeb4006b20f38422221093559645554f20	10	6.62	36.24	199937.24	1	100.0	0	11	9.313653515086172e-07	0.0	0.0	0.0	0.0	0.0
0xbb12c5453375332107b24914d169b6ac99bdea8b	5	6.62	0.14	750.88	1	100.0	0	17	0.0	0.0	0.0	0.0	0.0	0.0
0xee23f4bc1671d048a8e592aabd0b2be497bcb5c2	5	6.61	1.95	5387.91	1	100.0	0	43	0.0	0.0	0.0	0.0	0.0	0.0
0x043ac44f8cec7e359a31415f1e54459a8c2599a0	10	6.61	0.36	997.83	1	100.0	0	43	0.0	0.0	0.0	0.0	0.0	0.0
0xbabf21a466e4d3ec2311e4590d7f988e91c929f7	5	6.61	0.06	349.33	1	80.0	0	21	0.0	0.0	0.0	0.0	0.0	0.0
0x64466121d49449f16877d6759016518d9535d9d1	5	6.59	9.3	6167.06	5	100.0	94	19	0.0	0.0	0.0	0.0	0.0	0.0
0xa112f61cf3cac6f987af1fb275e955d8eb08723a	10	6.58	2.83	3134.01	1	93.0	0	107	0.0	0.0	0.0	0.0	0.0	0.0
0x0c9c3ba64072eb566b0e9a4b6bb0d7b204d68469	5	6.57	19.76	7061.37	3	66.67	0	71	0.0	0.0	0.0	0.0	0.0	0.0
0x4016f938b565dd7676d358ceaa8dbfcdf21e2ab6	5	6.57	1.41	343.19	4	89.75	268	83	4.451797513960188e-07	0.0	0.0	0.0	0.0	0.0
0x444c0f7cef548c98d8cabecf82742e7b27edb1c6	15	6.56	0.6	3329.41	1	100.0	0	16	1.3076044691473498e-07	0.0	0.0	0.0	0.0	0.0
0x4e7ed9b5cfe6fff19cfcaf08b6b1bbf9bb1627c5	5	6.56	0.24	675.48	1	100.0	0	29	1.9062076805e-06	0.0	0.0	0.0	0.0	0.0
0x30eb4bcfcbfa26f703a876df63e9d52d9f0aa8d1	5	6.55	7.75	7069.88	4	92.75	126	28	0.0	0.0	0.0	0.0	0.0	0.0
0xe62bb274d3f021523fa7686bf4e9c4edbfc52bb9	10	6.55	1.12	1251.36	1	89.0	0	108	5.27574210651e-05	0.0	0.0	0.0	0.0	0.0
0x514259c9f46d24c6b2564bc95280888b98755164	5	6.55	0.5	215.24	1	61.0	0	312	1.28504781815e-05	0.0	0.0	0.0	0.0	0.0
0xd3c1326dd3b2e2606eed0711874f52a6259d8a9c	5	6.55	0.09	259.97	1	95.0	0	35	1.946716932e-06	0.0	0.0	0.0	0.0	0.0
0xc3d0748661bf9df1015fb9222b7a259a72a66d22	5	6.54	300.42	837865.45	1	100.0	0	29	0.0	0.0	0.0	0.0	0.0	0.0
0x5908848d85c9265ef3bdb1e0e3302abb1eaa7c55	5	6.53	15.48	12364.29	1	52.0	0	145	5.55136321356e-05	0.0	0.0	0.0	0.0	0.0
0xc5310ae4d318b2ab1ec6296cfb5c523c0784bb27	5	6.53	1.16	3239.89	1	89.0	0	37	5.2185777588e-06	0.0	0.0	0.0	0.0	0.0
0x441921132b11fdc628f25fe80d7369143fa6c18e	5	6.52	85.44	38994.91	2	84.5	58	186	0.0	0.0	0.0	0.0	0.0	0.0
0x52bfb207e6d54e95e308719449ce7e02d631bf65	5	6.52	0.05	19.09	3	85.0	0	64	0.0	0.0	0.0	0.0	0.0	0.0
0xd697348cab58ce38f72b230d99c94b1145a05d0f	5	6.51	5928.06	599335.88	17	78.76	17	56	3.789439539936268e-07	0.0	0.0	0.0	0.0	0.0
0x9a6940e51f181850a4aecaeb077e7e21251029cf	5	6.51	3.47	374.21	10	84.2	49	102	1.0745372458e-06	0.0	0.0	0.0	0.0	0.0
0x4130d96971a2ccd408f3ff75d5bc9daf147b314c	5	6.51	36.69	102851.43	1	100.0	0	29	0.0	0.0	0.0	0.0	0.0	0.0
0x83cac2cffc90b22fb063bfacfce4cb8544724cda	5	6.5	1.72	1656.06	2	99.5	67	37	7.4927528292e-06	0.0	0.0	0.0	0.0	0.0
0x3efed426257b1493e4fad8f54361649642f5b43e	10	6.5	10.92	30642.17	1	100.0	0	46	0.0	0.0	0.0	0.0	0.0	0.0
0x3eb210eaa4026f62d027fafaba1fa5592febb06a	5	6.5	0.28	798.73	1	77.0	0	37	0.0	0.0	0.0	0.0	0.0	0.0
0xc200b58a4b620a77df3c4415ed07afacd2fef43a	5	6.49	1.26	7102.3	1	84.0	0	14	0.0	0.0	0.0	0.0	0.0	0.0
0x01ca0fae5480ba25b08c51496bf6c485c2289fbc	5	6.47	0.29	541.16	1	90.0	0	50	9.2024923326e-05	0.0	0.0	0.0	0.0	0.0
0xe1dc8450e71d2317150a6103a24698c0ce00dd2a	5	6.47	0.11	212.98	1	100.0	0	48	5.81938419674799e-07	0.0	0.0	0.0	0.0	0.0
0xc40f6f6ade14de9aa40e5a868aa8db4ae2ab5be4	5	6.46	119.21	19274.3	7	82.0	0	99	0.0	0.0	0.0	0.0	0.0	0.0
0xf56001723d00c15ca5c390fd38d1786d34f0ad48	5	6.46	0.8	2261.73	1	100.0	0	29	0.0	0.0	0.0	0.0	0.0	0.0
0xa2b6c41df96a3565b3e675a61e59a849a9af608a	5	6.46	0.28	121.52	1	61.0	0	310	0.0	0.0	0.0	0.0	0.0	0.0
0x02a230444d34fdad7a98e6ee93aa03918ea3723f	5	6.46	0.18	99.11	1	71.0	0	230	0.0	0.0	0.0	0.0	0.0	0.0
0x0fcc57b257592dcc1767beef7f0548ca7d5764d1	5	6.45	17.82	6764.78	6	83.33	179	51	0.0	0.0	0.0	0.0	0.0	0.0
0xb6398fad2f8d238afd3a522a8ceafd400e71ef62	5	6.45	1.75	9915.66	1	100.0	0	13	0.0	0.0	0.0	0.0	0.0	0.0
0xa8bc5978e9522b55011d4c36523b0b1c31c14294	10	6.45	0.08	95.3	1	100.0	0	109	0.0	0.0	0.0	0.0	0.0	0.0
0x3c4195600808ecf3099dcb7e5768128b6079ebd7	5	6.44	0.96	728.9	2	95.5	160	44	0.0	0.0	0.0	0.0	0.0	0.0
0x8c580556fdb1f57853e49f409ae9b89f7658e7a2	5	6.44	0.71	1998.75	1	87.0	0	37	5.2102066883e-06	0.0	0.0	0.0	0.0	0.0
0xca0073964efe7f9422ceb16901018b1db0cc4785	35	6.43	1.6	9060.99	1	100.0	0	9	0.0	0.0	0.0	0.0	0.0	0.0
0xf56001723d00c15ca5c390fd38d1786d34f0ad48	10	6.43	0.6	3410.58	1	100.0	0	24	0.0	0.0	0.0	0.0	0.0	0.0
0x8e07b24159224a2c7f406f28da520b7a063ec9f0	5	6.42	133.14	63416.7	2	66.5	45	133	0.0	0.0	0.0	0.0	0.0	0.0
0xd7f81eefafd93e98d1ec18419eb6bd1284f4d5e5	5	6.41	14.82	6415.89	4	75.0	26	24	0.0	0.0	0.0	0.0	0.0	0.0
0x790b7fd80043aafd0b6b040990fb6fe74f482293	5	6.41	16067.85	1983383.51	8	93.38	35	100	0.0	0.0	0.0	0.0	0.0	0.0
0xec0663e4f0a695eae3a4b89ccce531c81bd66c7b	10	6.41	0.78	4414.17	1	100.0	0	21	4.4247091546267836e-07	0.0	0.0	0.0	0.0	0.0
0xf100a95757c700b35f2630d9b794e3361e69696e	15	6.4	0.64	829.69	3	100.0	0	10	0.0	0.0	0.0	0.0	0.0	0.0
0x8a57f0b83ef42e7f24f6054d0df17cfe1c03bd8f	5	6.4	9.31	2383.45	2	89.5	241	95	8.587575095475586e-12	0.0	0.0	0.0	0.0	0.0
0x525808d71e3558cab1bb8c90a9e6d35fdf23e131	5	6.39	175.19	56137.92	7	89.14	82	80	0.0	0.0	0.0	0.0	0.0	0.0
0x4371ebaaefeb8e56ea8448787508efefa2291d74	10	6.38	4.74	11271.65	2	100.0	0	11	0.0	0.0	0.0	0.0	0.0	0.0
0xd211dbe903af354658238731b75354f522f11bee	5	6.38	0.1	196.55	1	100.0	0	56	0.0	0.0	0.0	0.0	0.0	0.0
0x3c5aac016ef2f178e8699d6208796a2d67557fe2	10	6.37	27.56	2298.72	4	98.25	17	218	5.383134632497288e-07	0.0	0.0	0.0	0.0	0.0
0xd65370c5565f2bea121f3c22823233f98a4be793	10	6.37	3.85	1801.81	2	99.5	15	147	0.0	0.0	0.0	0.0	0.0	0.0
0x927d81b91c41d1961e3a7d24847b95484e60c626	20	6.37	14.48	82947.87	1	100.0	0	9	0.0	0.0	0.0	0.0	0.0	0.0
0xe1b09030aefe8ead4d430e6d74f3b1ff925fed84	10	6.36	0.99	1338.76	3	100.0	77	7	9.748071313116686e-07	0.0	0.0	0.0	0.0	0.0
0xa9cec403edbfd2dfe214258c3c0755b79e60aeac	5	6.35	1.34	547.21	3	89.0	4	68	0.0	0.0	0.0	0.0	0.0	0.0
0x733d6d5010a9e478c8110e3a22d3e2ccd45c1a8f	5	6.35	6.96	1942.0	3	59.0	47	96	0.0	0.0	0.0	0.0	0.0	0.0
0xea869669210a69b035b382e0f2a498b87dc6a45c	10	6.33	30.44	175502.47	1	100.0	0	1	0.0	0.0	0.0	0.0	0.0	0.0
0x51a1476c2c4bc15b72a705b734a2ac0a9e99e71a	5	6.33	0.21	405.63	1	89.0	0	52	1.16138175743e-05	0.0	0.0	0.0	0.0	0.0
0xf4cae903dc1698bb309c650685f69cd84b45bc3c	10	6.33	0.01	3.99	1	74.0	0	195	4.10296192021e-05	0.0	0.0	0.0	0.0	0.0
0xac4523d70c3bbd7dec29f005d02f922afb177c50	5	6.32	60.95	81121.02	3	71.33	20	18	0.0	0.0	0.0	0.0	0.0	0.0
0x4371ebaaefeb8e56ea8448787508efefa2291d74	5	6.32	7.22	20838.5	1	75.0	0	46	0.0	0.0	0.0	0.0	0.0	0.0
0x6970c8bac3b9cd30454c940637e30f3c92dedce9	10	6.31	0.36	301.62	1	83.0	0	146	5.86794522305e-05	0.0	0.0	0.0	0.0	0.0
0x240ac7c9585edb8564498fdb4b01f89337652430	10	6.3	0.69	1323.55	1	89.0	0	72	5.24768096088e-05	0.0	0.0	0.0	0.0	0.0
0xd7edaf6892cfb6076cc57ea2880bf4cc6708e3e3	5	6.3	0.06	123.95	1	74.0	0	62	1.25575063125e-05	0.0	0.0	0.0	0.0	0.0
0xa4a355802930f3d3325f8269e789502c4585a0a8	10	6.29	2.3	3334.77	1	100.0	0	93	1.1848044767504008e-08	0.0	0.0	0.0	0.0	0.0
0xa056c95d109e69667f23b0bd4c5b94a58cbb412a	25	6.28	3.5	2762.27	2	98.5	551	23	0.0	0.0	0.0	0.0	0.0	0.0
0x13a888f3c79b1e503a083947bec9a9cfe9089e23	5	6.28	0.49	715.14	1	58.0	0	86	5.99643980137e-05	0.0	0.0	0.0	0.0	0.0
0x34fe84c0f5d30b15c97010359a411bc6164e3ac9	5	6.26	1.85	474.49	4	85.5	96	101	3.13757955922e-05	0.0	0.0	0.0	0.0	0.0
0xff96e936f039a9885305196f127d0264cd1f9f39	10	6.25	0.17	493.5	1	97.0	0	47	0.0	0.0	0.0	0.0	0.0	0.0
0x451248229712d6f207ff9466d8d3a33cb59d103c	5	6.24	6.33	9257.3	1	100.0	0	81	0.0	0.0	0.0	0.0	0.0	0.0
0x64ad468324620aef7d63a8f7833920bed9beb6fe	5	6.24	0.0	9.92	1	91.0	0	34	2.3072286192e-06	0.0	0.0	0.0	0.0	0.0
0xeb496a29a13231ed6a4c15b32e5a709fad4af2e5	10	6.23	0.8	674.09	1	81.0	0	148	0.0	0.0	0.0	0.0	0.0	0.0
0x72651bd24ebb7e26ae7d26a98268e01d9d4129bd	10	6.23	0.51	1000.22	1	98.0	0	65	0.0	0.0	0.0	0.0	0.0	0.0
0x995409fcf736f47e6de732ba854ed05f0cee85cd	5	6.22	0.21	203.7	2	98.5	509	43	0.0	0.0	0.0	0.0	0.0	0.0
0x71a2a425deb623de19b34ad6c9c006da6ef639af	10	6.21	1.72	1796.1	2	98.0	926	50	0.0	0.0	0.0	0.0	0.0	0.0
0xeb029a5856e6e4b860c843842ebbfd6dfe77c6e9	5	6.21	0.4	483.65	2	77.0	94	50	0.0	0.0	0.0	0.0	0.0	0.0
0x0c13f7c69f1b3d05c0a007e29f03b4d948b0859d	5	6.2	16.33	25007.37	2	50.0	0	24	0.0	0.0	0.0	0.0	0.0	0.0
0xfa7b07b6de964d022c832f20ced2dac16384b7aa	10	6.19	2.98	2930.62	1	94.0	0	133	0.0	0.0	0.0	0.0	0.0	0.0
0xf925cc2cbea0b2b30aef6c29ec0c77d7cb6fcb6f	5	6.18	21.73	1864.22	11	79.73	0	142	2.5711611324878575e-07	0.0	0.0	0.0	0.0	0.0
0xe62e72312b40928b49104ee3d78f1cdfc6e706b7	5	6.17	3.35	6612.19	1	80.0	0	57	0.0	0.0	0.0	0.0	0.0	0.0
0x1d08b5667c9de15b5ab40f882d2bff6deae2c83d	10	6.17	2.97	2931.15	1	93.0	0	133	0.0	0.0	0.0	0.0	0.0	0.0
0x200b0e0b2030c4f9fba3312c3c7505b9050aafd6	10	6.17	0.22	638.03	1	100.0	0	32	0.0	0.0	0.0	0.0	0.0	0.0
0xb24cc8f9e7879bd934448502eef99fb693ee03f4	25	6.17	0.0	0.66	1	100.0	0	15	0.0	0.0	0.0	0.0	0.0	0.0
0xd93ec7e214c50fe64050d0a88002942f0e242659	5	6.16	45.85	8215.96	7	79.57	112	54	2.9509974939858e-07	0.0	0.0	0.0	0.0	0.0
0x9bf6b8ba7ca95be5a5b6373cf61df3ba347bc522	5	6.15	245.97	34943.59	9	73.56	0	91	0.0	0.0	0.0	0.0	0.0	0.0
0x4914f49da9e565a33c8a2b8643d8f19981605d58	5	6.15	2.4	7133.27	1	76.0	0	42	6.63438231018e-05	0.0	0.0	0.0	0.0	0.0
0xc03d7825d2b3ec9d73d581802ab49301c4ebb4d5	5	6.14	373.19	396470.93	2	89.5	0	60	3.0254580396e-06	0.0	0.0	0.0	0.0	0.0
0x14c97d009cbc9bcf97a9d6888ab96b2502cbe106	10	6.13	1.1	1048.89	2	90.0	0	76	0.0	0.0	0.0	0.0	0.0	0.0
0x8310260aa4bb285c75962cac8156170119c79eda	10	6.13	2.55	5991.84	2	100.0	752	36	0.0	0.0	0.0	0.0	0.0	0.0
0xd754729c3840c52aeea62c5b48fe8ae51a5a386d	5	6.1	0.19	336.36	2	10.5	795	55	0.0	0.0	0.0	0.0	0.0	0.0
0x2a9f9e338a5d66f87fa130fd3faee92494a7bea9	10	6.09	1.06	3177.56	1	100.0	0	29	0.0	0.0	0.0	0.0	0.0	0.0
0x912caf8bbbb1b5bdc01ee527d632753ca793796a	25	6.09	0.26	264.1	1	100.0	0	141	0.0	0.0	0.0	0.0	0.0	0.0
0x5146b43ae9fd7c28ae40c79f321465a069ea4263	5	6.08	0.15	458.22	1	91.0	0	31	0.000145709263144	0.0	0.0	0.0	0.0	0.0
0x8a5fbdeed3577c5d9b2e7d1c147b33849f92cb49	10	6.08	0.14	423.88	1	100.0	0	27	3.3545211053365165e-08	0.0	0.0	0.0	0.0	0.0
0x59ae0de4bae0ba8dcf1799adcc206f76c9aea8e0	5	6.08	0.12	141.08	1	71.0	0	113	0.0	0.0	0.0	0.0	0.0	0.0
0xd655428a4a5d655bcd89f1fa5d10f47976dd599e	5	6.08	0.0	9.65	1	63.0	0	48	0.0	0.0	0.0	0.0	0.0	0.0
0x60201f7c0774cba96e1db1a915ae1748da3faf12	5	6.07	4243.94	1445881.19	10	91.9	1	26	4.0889377439512486e-08	0.0	0.0	0.0	0.0	0.0
0xb52215bca54fda7b1f950c54b85c47a0af213791	5	6.07	1.56	945.03	7	73.57	132	29	0.0	0.0	0.0	0.0	0.0	0.0
0x11dc22ed01d083c9626590a1727d2f9f24bb1001	5	6.07	1.01	757.05	1	88.0	0	186	0.0	0.0	0.0	0.0	0.0	0.0
0x8ceff1ad0171bfb91ec3b6bc6283765317601596	10	6.07	0.73	879.88	1	100.0	0	117	0.0	0.0	0.0	0.0	0.0	0.0
0xe2c8781e73844f38fd80b5cdc971561d516cb4cb	5	6.06	0.07	240.87	2	100.0	67	16	0.0	0.0	0.0	0.0	0.0	0.0
0xca11c106fc3911019edd2b509add0d8bd30af8f4	10	6.05	82.26	55143.51	1	68.0	0	196	0.0	0.0	0.0	0.0	0.0	0.0
0x4513a07a0b09b6e734e0c383232058338d74bfd2	5	6.04	3.86	804.87	2	46.5	0	294	1.7858780843e-06	0.0	0.0	0.0	0.0	0.0
0x8440a2e6e763ee99b29dcf663a72896817d6a6fd	15	6.04	0.34	256.12	1	94.0	0	182	3.14409795199e-05	0.0	0.0	0.0	0.0	0.0
0x8d21da0046903e99406b5680449085188082e3f5	5	6.04	0.01	55.18	1	88.0	0	18	0.0	0.0	0.0	0.0	0.0	0.0
0x60fc9edde8ba8d742257315dd5664e4545b54a5d	5	6.03	0.31	48.45	8	73.5	0	102	0.0	0.0	0.0	0.0	0.0	0.0
0xd0c66ba33b773238a30c79a6cc3e8d23a5aab555	10	6.03	2.62	3968.01	1	97.0	0	78	0.0001217040856538	0.0	0.0	0.0	0.0	0.0
0x81a57be2cf8d386712f3838c3171f1b31d9bc5b4	5	6.03	1.27	1924.69	1	88.0	0	73	0.0	0.0	0.0	0.0	0.0	0.0
0x16f562fb6587a19e19761654adb195f8bc879b5d	5	6.02	28.94	16108.91	2	74.0	22	129	3.85011331704e-05	0.5	-443636.0	443636.0	0.0	0.0
0x44a5aa2d447392161a03f670181852675b9709f7	5	6.02	2.57	7789.12	1	70.0	0	46	1.09208559417e-05	0.0	0.0	0.0	0.0	0.0
0xbad7501e9b66d7c93f8d3ecba3f07bd989a18710	5	6.01	1.31	794.35	1	70.0	0	222	0.0	0.0	0.0	0.0	0.0	0.0
0x3463db771e99822f26dcf57cefdacca3301c34d5	10	6.0	2.44	3706.89	2	100.0	0	46	0.0	0.0	0.0	0.0	0.0	0.0
0x95c7603944bfed303c4c93349cd61f6818931f91	10	5.98	62.29	48513.81	4	98.0	39	32	0.0	0.0	0.0	0.0	0.0	0.0
0x0baab15f2ebee9403db0946a7873e3a7cd9a71ee	5	5.97	0.01	43.48	1	79.0	0	13	0.0	0.0	0.0	0.0	0.0	0.0
0xee96fd5b955e14c52ac2510b2bb633aec68f285b	50	5.96	2.97	9092.02	1	100.0	0	41	3.51527189468e-05	0.0	0.0	0.0	0.0	0.0
0x8129b399b9eb9ab34753fc92df406ecfe1677f85	5	5.96	1.69	10333.43	1	73.0	0	14	0.0	0.0	0.0	0.0	0.0	0.0
0x87a0e04834f77355f70800d881748fb2f1fce30c	5	5.95	57.99	8231.95	10	84.6	1	82	0.0	0.0	0.0	0.0	0.0	0.0
0x1265156d15eccf173f39c41bbe028c95cc420388	5	5.95	2255.25	240126.06	11	86.18	3	97	0.0	0.0	0.0	0.0	0.0	0.0
0x26570de098f37d1d717e2860fbf19d54fe9a6011	10	5.95	4.16	1578.91	3	100.0	8	178	5.377096175725646e-08	0.0	0.0	0.0	0.0	0.0
0xfe8427a949048d14bb26778fa1253d79aadab6ee	10	5.95	5.56	2569.71	2	89.5	9	137	0.0	0.0	0.0	0.0	0.0	0.0
0xe167720b29882a19a5a6f4bc974e8037b126e10a	5	5.95	16.3	99995.9	1	57.0	0	21	4.87875706722e-05	0.0	0.0	0.0	0.0	0.0
0x788b8b3e7063d17fb0c6dfdbf26d45b82f51c82c	5	5.93	94.09	27987.52	10	80.7	55	30	3.376032786661653e-10	0.0	0.0	0.0	0.0	0.0
0x3f3895a8733bd0bd4ecdeec580360802416c7c78	5	5.93	0.16	1000.35	1	100.0	0	17	5.083721665855023e-07	0.0	0.0	0.0	0.0	0.0
0x4ecdf94995e2251abd671f26086c6c054eba3d26	5	5.91	72.37	19356.3	3	58.67	0	297	0.0	0.0	0.0	0.0	0.0	0.0
0x602eacced3966bf05a67fc927a65e6fff4105cea	5	5.91	0.52	1615.07	1	76.0	0	32	4.080536331e-06	0.0	0.0	0.0	0.0	0.0
0x6fbcb0a9e8410ae6df0d55029afa5bf590e07e35	5	5.91	0.33	676.15	1	84.0	0	49	5.54904146188e-05	0.0	0.0	0.0	0.0	0.0
0xdabb6eefa9bd9146f5230dc6e86a583e8aa2bfbe	5	5.9	12.57	4980.3	4	97.0	10	54	1.3557444056289114e-08	0.0	0.0	0.0	0.0	0.0
0x0302f3434dbdee9d3faf680cba8a2bae6b34a83c	10	5.88	7.34	2921.68	2	86.0	0	186	6.0678905733e-06	0.0	0.0	0.0	0.0	0.0
0x5efd95ced49055f9f2d945a459debfccee33aa54	10	5.88	12.15	15097.59	1	100.0	0	107	1.7105250105e-06	0.0	0.0	0.0	0.0	0.0
0xa634845c3c848f5ac3abcd85bfc53502ece2a799	5	5.87	5.08	2850.71	3	46.67	11	88	2.141638411e-06	0.0	0.0	0.0	0.0	0.0
0xbd965b59b7eb8b5f703e47ec5b8dcac3b5ccc098	10	5.86	0.74	765.95	1	97.0	0	132	0.0	0.0	0.0	0.0	0.0	0.0
0xcf71deae0ed1d543695cdb9661fc85fd4cd7e1f0	5	5.86	0.73	4528.01	1	100.0	0	13	3.9117598049642766e-10	0.0	0.0	0.0	0.0	0.0
0x20d04b71ea3c962928532c8bb2168aeda5f50d5a	5	5.85	2062.82	542718.0	3	84.33	10	259	4.392966546e-06	0.0	0.0	0.0	0.0	0.0
0x09cc15dda77789d42c0133c909e88fb6e3af793a	10	5.85	155.21	138385.72	1	97.0	0	161	2.25217168359e-05	0.0	0.0	0.0	0.0	0.0
0x3205ba3c9e3bc6f947fd95dd18339cae516e40c7	5	5.85	0.16	500.64	1	100.0	0	30	0.0	0.0	0.0	0.0	0.0	0.0
0x6d7ac63aaa7ba8925dcb3e44be6355261dcf688f	25	5.84	12.87	40218.39	1	100.0	0	47	0.0	0.0	0.0	0.0	0.0	0.0
0x6f27486b6c9a7a7fef4a6186aa9c0ba746a5a0dd	5	5.83	0.52	223.47	3	100.0	294	27	0.0	0.0	0.0	0.0	0.0	0.0
0x7bb64b85003ab367997a12efef6ade75972ee6e9	5	5.83	0.16	996.72	1	92.0	0	13	0.0	0.0	0.0	0.0	0.0	0.0
0xfa66a01537f35080d453eeb1110568a0119ba5e6	5	5.82	12.96	40646.57	1	85.0	0	29	0.000149687274531	0.0	0.0	0.0	0.0	0.0
0xce090f2e691cb9fa2bc95ab2065acb755cafa798	5	5.82	7.26	22758.59	1	94.0	0	48	2.8688498798e-06	0.0	0.0	0.0	0.0	0.0
0xe8f4edd82934ef493f12bcbad39108f6ffa5d4a8	5	5.8	0.66	2087.99	1	100.0	0	24	2.93273882956413e-07	0.0	0.0	0.0	0.0	0.0
0x9969a5772f5488b3baaabfa255bce7652cc0243e	10	5.79	23.82	18126.56	3	50.0	0	23	0.0	0.0	0.0	0.0	0.0	0.0
0x0d40013211c19a676db67b74b2473e3a3e72a24b	10	5.79	1.72	3610.01	1	100.0	0	51	0.0	0.0	0.0	0.0	0.0	0.0
0x58f7781c28e6c35a37e0a9577f94ebd797ba8d1c	5	5.78	49.38	43374.92	3	60.67	296	53	0.0	0.0	0.0	0.0	0.0	0.0
0x9cfce0b3cbf61c73eb742612739e99d2050ee20b	10	5.77	1.34	853.29	3	85.67	0	79	0.0	0.0	0.0	0.0	0.0	0.0
0x757b53549c5723d7689f4e228187886bc8be9ed2	5	5.76	10.82	3381.89	3	65.0	0	155	0.0	0.0	0.0	0.0	0.0	0.0
0xca686974913389d42f3c5f61010503daccdb487a	5	5.76	72.51	459516.85	1	91.0	0	22	0.0	0.0	0.0	0.0	0.0	0.0
0x4a58ffe3c90f150ba64f0efb4ddea5e9a427dada	5	5.74	30.05	8248.67	4	65.75	110	105	0.0	0.0	0.0	0.0	0.0	0.0
0x88b35c2324cd1ddc58df3b2a43e19178a3056f06	5	5.74	0.03	99.77	2	100.0	0	17	3.982186858042525e-07	0.0	0.0	0.0	0.0	0.0
0x597bead1c77e8774b86d1f2ebc9bc9abc94d214b	25	5.74	0.02	12.5	1	99.0	0	192	0.0	0.0	0.0	0.0	0.0	0.0
0x50e01433711f0cde93d09856405f64a579fa5244	5	5.73	29.56	188133.08	1	100.0	0	7	0.0	0.0	0.0	0.0	0.0	0.0
0x6be99217c86d8fb15c8284781f84793aba668966	10	5.71	1.82	1035.43	2	94.5	0	94	0.0	0.0	0.0	0.0	0.0	0.0
0x95be0afb27c2426d9457ceee22edab30650cdcb0	5	5.71	6.72	7057.67	2	62.0	75	64	0.0	0.0	0.0	0.0	0.0	0.0
0xcdc05f7fe4753ce3f44fdb0389c07c64e7c96e0b	5	5.71	25.45	32520.67	1	67.0	0	99	2.81260291723e-05	0.0	0.0	0.0	0.0	0.0
0x74f84e55e5de0dd2c536719f2a5c040552789df9	30	5.71	0.35	371.95	1	100.0	0	133	0.0	0.0	0.0	0.0	0.0	0.0
0x85b5594abfee34b56cbd4f07dd5ad5bca98b6190	5	5.71	0.01	9.84	1	100.0	0	84	1.7141843500212417e-11	0.0	0.0	0.0	0.0	0.0
0x1852cb2d91b0b367fcbdb809bd35cac4841b2a1a	5	5.7	206.74	27268.0	7	64.57	5	42	0.0	0.0	0.0	0.0	0.0	0.0
0x146baade6ecc534394a26c5e22c431c1eee0e3c7	5	5.7	638.38	121105.77	4	82.75	0	248	4.78175721241314e-08	0.0	0.0	0.0	0.0	0.0
0xca6ff42933c0c76e9ae059b495476fad3e366494	10	5.7	2.09	4452.21	1	100.0	0	48	2.175241287e-06	0.0	0.0	0.0	0.0	0.0
0x9450da5e2a4eeec46fc86b361a559f8e912b31ad	5	5.7	0.62	998.04	1	55.0	0	93	4.95346356488e-05	0.0	0.0	0.0	0.0	0.0
0x718e3f29d209e998a7cbefbba240d31ba57553a7	5	5.69	85.55	23958.41	15	99.73	6	7	0.0	0.0	0.0	0.0	0.0	0.0
0x8e6ed79c48944265fe5d004010c11cb28aa105b4	25	5.69	11.45	73494.03	1	37.0	0	8	0.0	0.0	0.0	0.0	0.0	0.0
0xa4a355802930f3d3325f8269e789502c4585a0a8	5	5.69	1.02	1632.15	2	95.0	0	31	0.0	0.0	0.0	0.0	0.0	0.0
0xf578ed9311b13df15d5f5579a45732504ac2004e	5	5.69	0.01	7.29	1	55.0	0	163	2.87144488186e-05	0.0	0.0	0.0	0.0	0.0
0x3f3487774b6c9850f98a14e105d41ef1938eb72b	5	5.68	1202.69	75762.56	13	71.46	66	153	0.0	0.0	0.0	0.0	0.0	0.0
0xe744006b9f99db10aeea2e1516222c74baf51387	5	5.68	0.61	2584.96	2	100.0	246	8	1.8618276365067746e-07	0.0	0.0	0.0	0.0	0.0
0x8de82d220a16cd183682ad7081c69bcbe375c003	5	5.68	6.29	20211.85	1	100.0	0	25	0.0	0.0	0.0	0.0	0.0	0.0
0x94791c864c2a2b534d063fa62434b55f96c02654	5	5.67	4.35	1797.11	3	76.67	23	65	3.9206837776362136e-08	0.0	0.0	0.0	0.0	0.0
0xa38a777f828247955cb725c707af411a94dd4f71	25	5.67	0.31	2005.35	1	71.0	0	20	0.0	0.0	0.0	0.0	0.0	0.0
0xa05e21550eb86462388783047da318d2de20bbda	5	5.66	1.19	735.56	3	66.67	69	14	1.846042504046371e-07	0.0	0.0	0.0	0.0	0.0
0x9c1c9a65b57a2c2c53518a5cae3ad64b62fc9848	5	5.66	1.69	964.5	2	53.0	156	74	0.0	0.0	0.0	0.0	0.0	0.0
0x3f76a3dde0287060e4ce39543ad2d643219b4fe8	5	5.66	0.4	1299.22	1	100.0	0	33	1.1235632979e-06	0.0	0.0	0.0	0.0	0.0
0x8f2ca1c48e99d4a23e9595fc734ef9f1ac41ab8f	20	5.65	0.28	298.97	1	98.0	0	144	0.0	0.0	0.0	0.0	0.0	0.0
0x144c7803cedcd7f19ace24472964dae204f12f8d	5	5.65	0.09	100.02	1	95.0	0	131	1.573240882e-06	0.0	0.0	0.0	0.0	0.0
0x08444d3aef5624b135c47826b56d1a6651642563	45	5.65	0.01	52.15	1	100.0	0	0	8.3466447309e-06	0.0	0.0	0.0	0.0	0.0
0xc68216dc6a6f1f788e160b2869658df211273025	5	5.64	0.31	557.3	2	91.5	0	20	7.8481812548e-06	0.0	0.0	0.0	0.0	0.0
0x67cdcbea528b34530e5a4d871b284aaca50bed7a	5	5.64	10.4	20406.5	2	100.0	0	32	2.035295820768113e-08	0.0	0.0	0.0	0.0	0.0
0xc0f4878e996ad68b2119bdfd3f4428c8d33f5fcf	10	5.63	35.54	8106.27	6	86.5	6	115	0.0	0.0	0.0	0.0	0.0	0.0
0x654961eea46d79cdc3f2c7d490a6b0daaf3d99a9	10	5.63	0.78	184.34	3	75.67	391	366	3.3733750274e-06	0.0	0.0	0.0	0.0	0.0
0xc080be7b086a5817a4118d37acb92e761ffaf0f5	25	5.63	0.02	109.53	1	100.0	0	23	0.0	0.0	0.0	0.0	0.0	0.0
0x51f1e7210251af0bc3042e6b0ee2a3816f7d212f	5	5.62	0.1	41.25	2	70.0	0	105	0.0	0.0	0.0	0.0	0.0	0.0
0x8e2d2ee8fc344938b2cbdb60d5aa1ea4154c6918	15	5.62	2.08	2698.75	1	100.0	0	119	0.0	0.0	0.0	0.0	0.0	0.0
0x71d4507b876552607bc8ef6438e7a6af9ec475e7	10	5.61	1.07	997.15	2	100.0	0	59	2.2575599167851126e-07	0.0	0.0	0.0	0.0	0.0
0xae7b2617303cecd259d84d369f7f89e439328e0b	10	5.61	0.63	4117.98	1	100.0	0	9	3.631954292870887e-07	0.0	0.0	0.0	0.0	0.0
0xc3969f44626eee1b5c8d045bf4811c4afde27cd8	5	5.61	0.06	180.41	1	100.0	0	26	0.0	0.0	0.0	0.0	0.0	0.0
0xb18b9492d77e793541adfa3eb9914d233a9ae7f5	5	5.6	2.02	712.5	5	99.6	161	55	4.957673027661258e-07	0.0	0.0	0.0	0.0	0.0
0x429d821e190fd37fb8572322922efee78bfb9a01	5	5.6	15.2	14969.23	3	100.0	86	39	0.0	0.0	0.0	0.0	0.0	0.0
0x7f2e54d53258dc45b8581f11f924075146608d19	5	5.59	1831.93	188385.83	12	80.5	3	110	0.0	0.0	0.0	0.0	0.0	0.0
0x5d13da62ac7bc2becb7f1c76ea60c75438e45132	10	5.59	13.91	15147.69	1	100.0	0	127	0.0	0.0	0.0	0.0	0.0	0.0
0x1b82a02b9b08b0a6f753a69243ca892891bf058f	10	5.59	0.08	528.51	1	0.0	0	0	0.0	0.0	0.0	0.0	0.0	0.0
0x19312c283892c80bb94bee87e88d6e726b377a1d	10	5.58	0.37	1221.15	1	100.0	0	46	3.8055967266359403e-07	0.0	0.0	0.0	0.0	0.0
0x94bb26991e1d2c25feb6553ce968525ca4d405de	10	5.57	2.04	6667.94	1	100.0	0	42	2.108434538e-06	0.0	0.0	0.0	0.0	0.0
0x61a3b4576d9870442bc6891559b70025ed60af3d	5	5.57	0.24	141.72	1	69.0	0	263	4.642767281737292e-08	0.0	0.0	0.0	0.0	0.0
0x38fc02ddfd5e39136b170e807c324ace4180181e	5	5.56	507.15	59029.27	9	73.11	13	120	0.0	0.0	0.0	0.0	0.0	0.0
0x39d27f1157b6fd3a711263788431c036442d760b	5	5.56	14.12	1850.51	5	78.2	50	295	1.7260241214e-06	0.0	0.0	0.0	0.0	0.0
0x5ca642d0138f8fa36f4ec6311190825392246ada	10	5.56	0.41	364.96	3	81.33	356	118	3.542571203e-06	0.0	0.0	0.0	0.0	0.0
0x010cd99435d1b5fed3001435bb37b98195efc339	15	5.56	4.54	9934.69	1	100.0	0	69	0.0	0.0	0.0	0.0	0.0	0.0
0x7a8be6c5ed6303073f1192a54b0cf0b7c75a9808	5	5.56	0.36	264.37	1	61.0	0	215	3.6306807782e-06	0.0	0.0	0.0	0.0	0.0
0xaed0a189fe381d5bb35da6fa925ac36e54d84607	5	5.55	27.89	9563.57	3	64.33	0	156	0.0	0.0	0.0	0.0	0.0	0.0
0x0c57387e2638fd94b2789002c7a9744c7d282095	5	5.55	0.28	686.78	2	75.5	0	26	2.6828228194e-06	0.0	0.0	0.0	0.0	0.0
0x55ddc2aff5b75a6ad209480d73a35c4c75411ea2	5	5.55	0.13	423.28	1	76.0	0	37	0.0	0.0	0.0	0.0	0.0	0.0
0xb0bada5d45d939a03c6d211d24a61a4418d7cd13	5	5.54	182.55	8331.39	75	87.27	12	42	0.0	0.0	0.0	0.0	0.0	0.0
0x213bddf596932002b519864d35d5ac80b74f4262	5	5.54	0.91	2975.22	2	100.0	0	0	4.008346932149465e-07	0.0	0.0	0.0	0.0	0.0
0x3456b9f12323875e78191af5460fb75004815901	25	5.54	0.06	97.52	1	100.0	0	86	0.0	0.0	0.0	0.0	0.0	0.0
0x5e721ca90d8438f49b151ce1b1555414daf4a3a1	5	5.53	158.36	44779.64	3	82.67	0	103	0.0	0.0	0.0	0.0	0.0	0.0
0x71f12a5b0e60d2ff8a87fd34e7dcff3c10c914b0	5	5.52	14.0	92631.66	1	37.0	0	22	3.5729909475e-06	0.0	0.0	0.0	0.0	0.0
0xc95b2251eea54985aabff294780c4e8ff32c1b16	20	5.52	3.4	22487.72	1	100.0	0	3	0.0	0.0	0.0	0.0	0.0	0.0
0x10eb84abd429fa4df8dcabbc7c2803822a5b82d9	15	5.52	2.27	14982.1	1	100.0	0	2	0.0	0.0	0.0	0.0	0.0	0.0
0x5d5411b031662cc3ee1067568048343c2116d9a4	15	5.51	3.68	24378.67	1	100.0	0	5	0.0	0.0	0.0	0.0	0.0	0.0
0xbacb1b5aa23d701e812c08f45ba09d6e6c17631e	5	5.51	2.63	8700.91	1	98.0	0	28	0.0	0.0	0.0	0.0	0.0	0.0
0xa2772d664574e5707d7dcf65be988a39d63a8d7a	10	5.51	1.46	4819.23	1	100.0	0	25	1.896696688596933e-07	0.0	0.0	0.0	0.0	0.0
0x68594bcb3a39b1b80723bea6649b5bc6dab1c513	10	5.5	4.16	4148.63	3	51.0	93	18	0.0	0.0	0.0	0.0	0.0	0.0
0xb1c9f695ff402ca8fdc29629da08dce6640d5e51	5	5.5	10.17	2596.81	5	94.2	19	106	0.0	0.0	0.0	0.0	0.0	0.0
0x5b7ad20cc58d6b751922af75dd9cdaad8bdfd3f4	5	5.5	238.18	394908.48	1	94.0	0	75	6.8319265134e-06	0.0	0.0	0.0	0.0	0.0
0xa06c44151e84a85456a1370cc73a23848d1802ff	10	5.5	49.59	109763.13	1	100.0	0	55	1.3860807168e-06	0.0	0.0	0.0	0.0	0.0
0x673a25b2871c1c1560e8aae8faf84b60b70e4940	5	5.5	9.68	21421.45	1	75.0	0	48	5.43245425754e-05	0.0	0.0	0.0	0.0	0.0
0x42eeb8e6fe1c6e6ca3a58863d136bdd94d21afad	5	5.48	2.48	2258.0	2	69.0	0	94	0.0	0.0	0.0	0.0	0.0	0.0
0xd3b45bbd86dcb8e00269355f690a1bb151ff563f	5	5.47	0.05	163.69	1	99.0	0	28	5.0650655114e-06	0.0	0.0	0.0	0.0	0.0
0x2588253cc1daac3e7d823b9190ec87e75c67f2c4	10	5.46	0.27	916.15	1	100.0	0	48	6.661279305930634e-08	0.0	0.0	0.0	0.0	0.0
0xabe635a453db40eb18c26b28c6ad624127745fad	5	5.45	189.98	24905.54	11	77.0	0	89	0.0	0.0	0.0	0.0	0.0	0.0
0x9d8dc28e9d9c4c5a387a858182edf9ab8b90f565	5	5.45	10.08	984.35	19	87.11	7	75	2.555497521197331e-07	0.0	0.0	0.0	0.0	0.0
0x5333c1d733794e02f34d5f0d88c65d03fd2e4db1	5	5.45	32.98	16520.86	3	75.0	2	81	2.0707521664e-05	0.0	0.0	0.0	0.0	0.0
0xbe05257d3e244aba3bd125116011aed4c5f60a56	10	5.45	0.88	1041.59	2	87.0	0	63	2.4645156138e-05	0.0	0.0	0.0	0.0	0.0
0x3bdceff8f2fce1084c9bc93c10092a8b5eaf38f6	10	5.45	0.01	8.02	1	67.0	0	179	0.0	0.0	0.0	0.0	0.0	0.0
0x0422211c02fef3f623b1da67a116482b029d8bca	5	5.44	0.53	127.52	1	67.0	0	651	6.3206806455e-06	0.0	0.0	0.0	0.0	0.0
0xe5e81625caa2257a0a67e79628f8c61703f5071b	5	5.44	0.36	203.1	1	60.0	0	282	1.01900701876e-05	0.0	0.0	0.0	0.0	0.0
0x7d4390e53b9f07d913dab03a9a3991365d9d3a1d	10	5.44	0.36	793.79	1	100.0	0	70	8.63936522321751e-07	0.0	0.0	0.0	0.0	0.0
0x9cba756d2ea30542ea4d05c911ba1ca16250a65e	5	5.43	1.76	1310.55	5	88.0	262	78	0.0	0.0	0.0	0.0	0.0	0.0
0xd780a523a3573d02913f7c2fd9bd165792e37c9b	5	5.43	5.89	9908.15	1	100.0	0	92	5.7343541026710916e-08	0.0	0.0	0.0	0.0	0.0
0x7e68430e70378fa44fe178bb76a10ccc9db59d1a	25	5.43	0.41	2734.26	1	100.0	0	15	2.0292141189e-06	0.0	0.0	0.0	0.0	0.0
0xacf89c236462a336917817b1d91fde5488ffb3ac	5	5.42	1.78	4097.04	2	100.0	0	11	1.0048555321162669e-07	0.0	0.0	0.0	0.0	0.0
0x597bead1c77e8774b86d1f2ebc9bc9abc94d214b	5	5.42	0.01	44.76	1	100.0	0	28	1.2614967959123646e-07	0.0	0.0	0.0	0.0	0.0
0x82578c8618b60d67eff645ae9be8709ffae357e0	5	5.41	6.28	1908.0	5	68.8	17	235	3.8097546517e-06	0.0	0.0	0.0	0.0	0.0
0xb36cbd83659f6f1f2d58a8ba82190314802a6dc6	5	5.4	9.37	31661.21	2	90.0	0	9	2.0606719608e-06	0.0	0.0	0.0	0.0	0.0
0x8dd10cb775edce5dfafc9f141562b281c5d4bc71	5	5.4	0.02	32.73	1	58.0	0	84	1.72969960798e-05	0.0	0.0	0.0	0.0	0.0
0xab6cf92726ef40cebd00d2527393e6607cc1175f	5	5.39	32.01	9494.44	3	100.0	9	34	0.0	0.0	0.0	0.0	0.0	0.0
0x2b5f10e23640a52371cf2635d2c4593a1c70aad5	5	5.39	0.2	302.72	2	74.5	38	53	1.7271420349e-06	0.0	0.0	0.0	0.0	0.0
0xe29a1b640bf46d334d9fb5a08a0fba9caaa91f65	5	5.37	2.38	2118.88	4	83.25	34	27	0.0	0.0	0.0	0.0	0.0	0.0
0xf76e0176494608dc2fd1592917dab33b6d2e3ed9	5	5.37	192.28	55779.96	7	96.29	119	48	2.09924750011e-05	0.0	0.0	0.0	0.0	0.0
0x994d39587e05e8033a65ca626ce41b2a96c7ae19	5	5.37	0.02	74.41	1	60.0	0	45	0.0	0.0	0.0	0.0	0.0	0.0
0xe7f969671f7dd4f37fb2b0548041e2fd3569d228	5	5.36	3.29	964.41	8	86.13	129	43	0.0	0.0	0.0	0.0	0.0	0.0
0x196875d1a1902867d25e577d3898ce03d05a070e	5	5.36	1.01	2298.84	1	87.0	0	48	3.9768252357e-06	0.0	0.0	0.0	0.0	0.0
0xf04c4b23fcc37c6861927f75d44c90cd1e461ee6	15	5.36	0.39	877.17	1	100.0	0	59	0.0	0.0	0.0	0.0	0.0	0.0
0xeb4576fe753dab07635c0bb6c8f0a355e1db5d31	5	5.36	0.12	282.74	1	84.0	0	50	4.0207713492e-06	0.0	0.0	0.0	0.0	0.0
0xedd30dd9afab86d55dab764ba1d34d43426a8e83	40	5.36	0.03	97.01	1	100.0	0	40	1.1703238378402148e-08	0.0	0.0	0.0	0.0	0.0
0xd7ee5ec89e11f0a828768d40df3cdc07d3e53465	5	5.35	2.03	215.21	12	84.67	6	128	0.0	0.0	0.0	0.0	0.0	0.0
0xb8f9f88f25639dec2839151fe105d45213d6efbc	25	5.35	2.97	10134.98	1	100.0	0	42	0.0	0.0	0.0	0.0	0.0	0.0
0x10720be2a75ee331be03a5b147dd50d118d810e5	25	5.35	0.14	134.09	1	99.0	0	152	0.0	0.0	0.0	0.0	0.0	0.0
0x18668c448a12714b0422e71f63943f764c721faa	5	5.35	0.0	12.59	1	32.0	0	22	0.0	0.0	0.0	0.0	0.0	0.0
0xca2f01257904fa21049b5dd74635921ca6474af1	5	5.33	5.03	17231.14	1	100.0	0	36	0.0	0.0	0.0	0.0	0.0	0.0
0x88dad5eb5d4f033eb3635edfca02b5c2af5739e8	5	5.32	40.65	7092.75	9	87.56	47	83	5.152293308046612e-07	0.0	0.0	0.0	0.0	0.0
0x7b7a009685bb67af28e39d82c1a177554c832cf8	5	5.32	0.25	594.83	2	100.0	149	12	0.0	0.0	0.0	0.0	0.0	0.0
0x9da7624d5ed68a00f520b91282ed8dc248583955	5	5.31	5.81	39940.44	1	100.0	0	21	0.0	0.0	0.0	0.0	0.0	0.0
0x90d7c97ce424ace7862313c568fe912b2dd1f77d	5	5.31	0.63	4359.6	1	53.0	0	13	0.0	0.0	0.0	0.0	0.0	0.0
0x6d488404f7c09aad0305551ee8eef7e84626d136	10	5.31	0.15	507.08	1	100.0	0	46	2.3362900947e-06	0.0	0.0	0.0	0.0	0.0
0x9c9aead2ede0f12bf8818bcd7dd287705692d8b8	5	5.3	8.93	2371.3	5	55.8	23	212	0.0	0.0	0.0	0.0	0.0	0.0
0xf9d602a72a25f492a641e855d4a802067b9518c1	5	5.3	0.01	39.49	1	100.0	0	24	0.0	0.0	0.0	0.0	0.0	0.0
0x1d120ac69d8dfc978a009f458615d9b24ebb5d92	10	5.29	5.33	2829.16	1	100.0	0	299	0.0	0.0	0.0	0.0	0.0	0.0
0xd5db2085a97057262306ef72f58550c50f5ca087	10	5.29	1.33	763.33	1	96.0	0	283	6.7669523429e-06	0.0	0.0	0.0	0.0	0.0
0xc72c4a11b95a8b132a8390b0c14bd84ffa2be37f	5	5.29	0.3	2038.42	1	100.0	0	16	0.0	0.0	0.0	0.0	0.0	0.0
0x0f9287ad157d509a826aba386334e237885c806c	10	5.27	1.33	1535.95	1	94.0	0	130	0.0	0.0	0.0	0.0	0.0	0.0
0x98e065d90e591cdafc62d1a7eabe91e5a50eed5e	10	5.26	0.3	348.56	1	100.0	0	123	0.0	0.0	0.0	0.0	0.0	0.0
0xcb0fd804a913ee4cb4e8cce26dd5cc8012359b79	5	5.25	0.22	478.7	2	89.0	206	33	1.49977804397e-05	0.0	0.0	0.0	0.0	0.0
0xf9d4fd46e2d1435e7bac9bcee6fa9536e76e5101	5	5.23	0.31	45.94	10	91.6	165	109	1.623777889925293e-08	0.0	0.0	0.0	0.0	0.0
0xf2a79fce2cf839d09a2978ab7be7bb0a7ffad6d6	5	5.23	27.45	4426.81	2	51.5	0	414	2.2737627114e-06	0.0	0.0	0.0	0.0	0.0
0xa386cc9f98c289d492a53fee4987c29bc31af0ef	5	5.23	0.14	242.06	1	48.0	0	91	4.75420930845e-05	0.0	0.0	0.0	0.0	0.0
0x02d3b9a34cdffd7f9b24e3694ba8ab38cc76dde5	5	5.22	180.9	22061.8	13	82.85	5	82	1.2868823032e-06	0.0	0.0	0.0	0.0	0.0
0x1adb67a4c80a760579378624714dc01b89e69549	5	5.22	286.63	2004815.34	1	100.0	0	12	3.4420577499361116e-09	0.0	0.0	0.0	0.0	0.0
0x51cd245699780ad2be18fdf254d6c519adf971a6	5	5.21	5.49	19197.4	1	66.0	0	40	0.0	0.0	0.0	0.0	0.0	0.0
0x5cb5e85d648cecab3abeb490992349730889af00	25	5.21	0.28	991.12	1	100.0	0	37	4.0593528538579455e-08	0.0	0.0	0.0	0.0	0.0
0x3541b1100c28ba3abf565baa2806d2acd6dab342	10	5.21	0.21	744.96	1	84.0	0	47	5.61009508404e-05	0.0	0.0	0.0	0.0	0.0
0xa8a4910eeed47ae944c4d35154ece23f7e131e98	5	5.21	0.05	365.37	1	62.0	0	23	0.0	0.0	0.0	0.0	0.0	0.0
0x5544de3a7a687028c0caf47fc6d4d94a80b638ee	5	5.19	1.9	963.26	4	90.75	211	81	0.0	0.0	0.0	0.0	0.0	0.0
0x265f83d5006ba4b1a816b664697af231a2b348ba	5	5.19	0.28	394.25	4	93.0	4	13	2.3983936003e-06	0.0	0.0	0.0	0.0	0.0
0x664d8f8f2417f52cbbf5bd82ba82eefc58a87f07	5	5.19	16.43	115628.86	1	74.0	0	15	6.816455178082492e-07	0.0	0.0	0.0	0.0	0.0
0xbe0f3a1d19e232893d729788537eb7074567d33b	5	5.19	0.08	71.22	1	55.0	0	169	2.92797176615e-05	0.0	0.0	0.0	0.0	0.0
0x81ff4f6bcc2ba68ee0cde9914cdacaa058e59bb4	10	5.19	0.07	499.15	1	100.0	0	10	0.0	0.0	0.0	0.0	0.0	0.0
0xf265ebea8b6fdc17a070953a9866f79b00806ee8	10	5.18	0.06	79.91	1	98.0	0	114	0.0	0.0	0.0	0.0	0.0	0.0
0xae362fbca2edf0732383e24f772cf43340d808e2	5	5.17	0.15	176.05	2	58.0	0	59	2.56143773691e-05	0.0	0.0	0.0	0.0	0.0
0xfa7b07b6de964d022c832f20ced2dac16384b7aa	5	5.17	2.24	2939.25	2	66.5	0	59	0.0	0.0	0.0	0.0	0.0	0.0
0x24b9db4eec2602a731a7241931a5e5e66f0c2bf8	10	5.17	0.09	216.38	1	96.0	0	56	0.0	0.0	0.0	0.0	0.0	0.0
0x655301eb3992fa35ff6fec91567240310a9756a6	5	5.17	0.55	3874.14	1	100.0	0	15	8.238897009071877e-07	0.0	0.0	0.0	0.0	0.0
0x2ae3949c1440384fd899acf29e58aab0cfb7c2cb	20	5.16	259.49	918728.99	2	100.0	0	7	2.7477215058e-06	0.0	0.0	0.0	0.0	0.0
0x1d08b5667c9de15b5ab40f882d2bff6deae2c83d	5	5.16	2.23	2937.83	2	66.5	0	59	0.0	0.0	0.0	0.0	0.0	0.0
0x6f189533283149508766f9929e5ab6cd621b6a1a	10	5.16	0.23	182.43	1	94.0	0	210	0.0	0.0	0.0	0.0	0.0	0.0
0xb1d009a27f194ad430430469c27aadfea7a0bd6b	5	5.15	6.88	4436.01	5	100.0	27	54	1.5186501833852617e-07	0.0	0.0	0.0	0.0	0.0
0xb243d782448e136e3e81175c291b27f849030f42	5	5.15	2.39	3154.41	2	65.5	0	59	0.0	0.0	0.0	0.0	0.0	0.0
0x4e28e714bfc5a292751cb5dcd68c2d66aef3c7b7	5	5.15	0.06	452.11	1	100.0	0	21	0.0	0.0	0.0	0.0	0.0	0.0
0x6e05c6dd712d17bf56e62bd694c3710d8641d724	10	5.14	2.66	1429.61	2	92.0	818	226	2.2934531995e-06	0.0	0.0	0.0	0.0	0.0
0x6859da14835424957a1e6b397d8026b1d9ff7e1e	25	5.14	38.33	272075.43	1	100.0	0	21	0.0	0.0	0.0	0.0	0.0	0.0
0x3d27ed809b23a0a72136bc97f54663c4819685a3	10	5.13	253.15	200083.58	1	94.0	0	209	0.0	0.0	0.0	0.0	0.0	0.0
0x123b37ec05c7d717c9a5fac7c321a7e0a11ff191	5	5.13	4.88	1509.53	1	76.0	0	541	0.0	0.0	0.0	0.0	0.0	0.0
0x3171355fb8fa42d83374439d5fb39200bd79c3c6	15	5.13	0.48	1692.13	1	100.0	0	35	0.0	0.0	0.0	0.0	0.0	0.0
0x9424ad1e800c42b2e574c715ca4409d035c385a4	5	5.11	2.68	642.7	9	96.44	37	48	5.7870609539002595e-09	0.0	0.0	0.0	0.0	0.0
0xceafc343492d3d3ceee81be19986bb4458255220	10	5.1	37.62	17950.35	1	100.0	0	355	0.0	0.0	0.0	0.0	0.0	0.0
0xaf41166ae5af9474ceba8de0af03a053a110ffac	5	5.09	3.78	1673.61	4	96.0	0	78	0.0	0.0	0.0	0.0	0.0	0.0
0xc902be3811f244fa0c1d1f1c238852c8d83ae4dc	5	5.09	0.85	393.11	2	96.0	0	168	1.0290059693e-06	0.0	0.0	0.0	0.0	0.0
0x3b3bf9696d30c811afb01dd1c0eb8b459f151b60	10	5.09	0.15	1099.27	1	0.0	0	0	1.98831427655e-05	0.0	0.0	0.0	0.0	0.0
0xf503ccc4f4a7efc25b00cb92dd74c9470bbba586	5	5.08	0.5	892.07	1	59.0	0	92	0.0	0.0	0.0	0.0	0.0	0.0
0xa16a593876d8a348f28a709317387492a7d28c60	10	5.08	0.3	303.77	1	83.0	0	155	0.0	0.0	0.0	0.0	0.0	0.0
0xff4f7b726ee86f810531d2842b3bdd8a512db594	5	5.07	0.03	118.02	2	98.0	652	12	0.0	0.0	0.0	0.0	0.0	0.0
0x925bed4c96b17341fad0ce8ece0f9eb3d073062b	5	5.07	0.13	909.05	1	100.0	0	13	1.0890366941e-06	0.0	0.0	0.0	0.0	0.0
0x8e82cb56a3849a8c6a08dbf92666a9cf0ab27880	5	5.06	0.21	752.29	1	67.0	0	39	0.0	0.0	0.0	0.0	0.0	0.0
0x7617452156f474836604c1a79c79c0627be5fe74	5	5.04	3.73	2564.43	5	98.0	207	57	0.0	0.0	0.0	0.0	0.0	0.0
0xcbe97e84c8f640b1af06bd151b6599709f86969a	5	5.04	0.66	2402.06	1	57.0	0	46	0.0	0.0	0.0	0.0	0.0	0.0
0x8310260aa4bb285c75962cac8156170119c79eda	5	5.03	73.59	8418.92	10	86.6	16	103	0.0	0.0	0.0	0.0	0.0	0.0
0x42982dafd5577db35255bb1dab0b288464844de1	10	5.03	1.6	3145.01	3	98.33	5	14	0.0	0.0	0.0	0.0	0.0	0.0
0xd42a08d2f4cb730ff8485f744abed7368712c112	5	5.03	0.19	258.58	2	100.0	120	23	0.0	0.0	0.0	0.0	0.0	0.0
0x52cc1bc45d387a52ce48a9c051614a6265529bba	10	5.03	0.02	142.23	1	0.0	0	0	2.43453173842e-05	0.0	0.0	0.0	0.0	0.0
0x05ca29cffff00a458e6b5bb45b29ec89fdca763e	10	5.02	0.05	36.93	2	63.5	0	89	0.0	0.0	0.0	0.0	0.0	0.0
0xb22a22ae957044e3ab4f27ebbb70e47447b5a00d	10	5.02	0.14	522.37	1	100.0	0	47	3.7598878455114004e-07	0.0	0.0	0.0	0.0	0.0
0x730b6650001a50b7ba0feab0905c6d52d7a8d56c	5	5.02	0.06	82.75	1	61.0	0	109	0.0	0.0	0.0	0.0	0.0	0.0
0xd2c637eb039c944a7a3d8c58512008374d22eae7	15	5.02	0.04	71.09	1	100.0	0	93	5.1364042352e-06	0.0	0.0	0.0	0.0	0.0
0xaa17879e7cac3aee12d6aa568691e638ef0c57f0	15	5.0	6.81	24863.22	1	100.0	0	43	5.893854293503865e-08	0.0	0.0	0.0	0.0	0.0
0xc3a03c3f58c674fc41756744bf2210c8bdbc4081	5	5.0	0.06	431.76	1	20.0	0	5	0.0	0.0	0.0	0.0	0.0	0.0
0xff87903e030b6a78bc683b14a106ee25d3e375e1	5	4.99	2.34	17152.0	1	93.0	0	15	5.390642277e-06	0.0	0.0	0.0	0.0	0.0
0x3688355e18b077c01503d9736009874c271c2077	10	4.99	0.33	1199.44	1	79.0	0	47	0.0	0.0	0.0	0.0	0.0	0.0
0x7edae8a1512b0b66e12094f64d945ff36042bd31	5	4.98	46.57	170616.95	1	50.0	0	44	5.34693344378e-05	0.0	0.0	0.0	0.0	0.0
0xf55a8bee48aee922002d1cf6027f242c8f50b424	10	4.98	3.1	22693.1	1	0.0	0	1	1.33388031064e-05	0.0	0.0	0.0	0.0	0.0
0xd064eea34f0697aac62735d0dbf91548a26320f2	25	4.98	0.12	877.26	1	100.0	0	13	8.62032001336388e-08	0.0	0.0	0.0	0.0	0.0
0xafe47d6f287ce1397f6d1af56868ce8981d555e8	5	4.98	0.04	288.62	1	44.0	0	14	4.4051900349e-06	0.0	0.0	0.0	0.0	0.0
0x28fd174fc197ba46436d2ae835d74934e57c3033	5	4.97	6.91	1218.75	3	60.0	0	721	0.0	0.0	0.0	0.0	0.0	0.0
0xe9d3f818869fe6b49b4af1cc20128e0390dfaff6	10	4.97	0.59	2179.44	1	100.0	0	48	0.0	0.0	0.0	0.0	0.0	0.0
0x7b55b0b671f2952b092bebc75dfcfb9b86cdd032	5	4.96	3.52	5182.98	1	90.0	0	110	5.1570551939e-06	0.0	0.0	0.0	0.0	0.0
0x06d0634766b353fb6afd1e0e03e870fb2fc000f0	10	4.96	0.17	213.65	1	94.0	0	128	0.0	0.0	0.0	0.0	0.0	0.0
0x3b94d7a8775cf86326d2bd291c7a0c435c10e92b	5	4.95	29.63	4054.95	12	82.0	10	82	6.175556362582786e-08	0.0	0.0	0.0	0.0	0.0
0x42982dafd5577db35255bb1dab0b288464844de1	15	4.95	1.33	4904.74	1	100.0	0	41	3.996482367263354e-07	0.0	0.0	0.0	0.0	0.0
0xaed5e6cdb9a40282086de49f2aff9195be41443b	10	4.95	0.13	954.42	1	100.0	0	23	1.1293287416e-06	0.0	0.0	0.0	0.0	0.0
0x5d5411b031662cc3ee1067568048343c2116d9a4	10	4.93	37.57	13400.21	3	73.67	59	168	0.0	0.0	0.0	0.0	0.0	0.0
0xe809968423551135675f38ca77d9595c5d225918	5	4.93	0.28	206.61	1	82.0	0	222	3.455067343338669e-08	0.0	0.0	0.0	0.0	0.0
0xbff68161d79b791e35f9bad222bb86cc51e047ab	10	4.93	11.28	5572.36	1	100.0	0	352	1.0515428527924089e-07	0.0	0.0	0.0	0.0	0.0
0x835f394f3d770b6ff818303f045e39f541b3d781	5	4.91	117.37	11114.28	21	83.48	10	85	2.2967184767775875e-08	0.0	0.0	0.0	0.0	0.0
0x38fc02ddfd5e39136b170e807c324ace4180181e	10	4.91	40.25	59838.86	1	82.0	0	102	5.5678380794e-06	0.0	0.0	0.0	0.0	0.0
0xd0fa2255bbf8b09f7e8f957fa0a2deeb70ad5c09	10	4.91	32.87	244262.56	1	100.0	0	10	2.4512003538035287e-08	0.0	0.0	0.0	0.0	0.0
0x89b8b30bb630d902f3aec4cf25171155b9e391ba	10	4.91	5.76	3059.83	1	47.0	0	322	0.0	0.0	0.0	0.0	0.0	0.0
0xcf47dfe46126a87ae4ee5536daad8ed552c1a617	5	4.91	0.36	531.05	1	91.0	0	98	5.99006898416e-05	0.0	0.0	0.0	0.0	0.0
0xea5dc4894f0a67853f52a79f079d06b81ae7daa4	5	4.9	0.64	312.83	3	54.33	0	197	0.0	0.0	0.0	0.0	0.0	0.0
0x4e0a0537a8891fd35101bbbab7415ff52a219c57	10	4.9	0.18	1375.75	1	100.0	0	21	7.285265724021883e-08	0.0	0.0	0.0	0.0	0.0
0x6e8e930525d80196187705b0bf43fa1802c91788	5	4.9	0.12	231.13	1	90.0	0	88	8.037546606e-06	0.0	0.0	0.0	0.0	0.0
0x8e975a66ece24f3805898d1755828673ba449a7e	5	4.9	0.01	42.27	1	70.0	0	46	0.0	0.0	0.0	0.0	0.0	0.0
0x14b191966fbbfb7184719fefad35c91258ad7a24	5	4.89	0.08	199.34	2	49.0	4	34	9.4550773821e-06	0.0	0.0	0.0	0.0	0.0
0xca686974913389d42f3c5f61010503daccdb487a	40	4.89	161.26	1204229.61	1	100.0	0	14	0.0	0.0	0.0	0.0	0.0	0.0
0x3d27ed809b23a0a72136bc97f54663c4819685a3	25	4.89	41.55	77581.55	1	100.0	0	74	0.0	0.0	0.0	0.0	0.0	0.0
0x757b53549c5723d7689f4e228187886bc8be9ed2	10	4.88	1.83	3740.42	2	98.0	0	36	0.0	0.0	0.0	0.0	0.0	0.0
0x8cc011012205343bf01e58c8058a8c83db6c95eb	5	4.88	0.19	208.85	2	98.0	0	61	0.0	0.0	0.0	0.0	0.0	0.0
0x1c2305184dc407207783b8983a45fe5a65e244e7	5	4.88	0.49	611.41	1	88.0	0	129	0.0	0.0	0.0	0.0	0.0	0.0
0x9da7c92e41e65d8e9b3d0c86690ce10fa34d8bc0	10	4.88	0.04	33.83	1	67.0	0	169	0.0	0.0	0.0	0.0	0.0	0.0
0x67c990ca1c79faa6c59d40dc7f705e8129ac9f30	10	4.88	0.01	49.6	1	100.0	0	38	0.0	0.0	0.0	0.0	0.0	0.0
0xbea2014bda7b632c574763720ee7708c92356407	5	4.87	11.31	6235.54	6	89.33	34	31	1.016094060742508e-07	0.0	0.0	0.0	0.0	0.0
0x8059bfe8b3d9193f75ff1f8b0444ce1af7e08032	10	4.87	0.05	96.76	1	97.0	0	91	6.5870087828e-06	0.0	0.0	0.0	0.0	0.0
0x70b7cd605f52293ee64cb0d9d606a355e55e606b	5	4.87	0.03	105.1	1	100.0	0	25	0.0	0.0	0.0	0.0	0.0	0.0
0xb7e163c290f1301adc7d37b42ed6d7067093516a	5	4.85	0.77	3437.81	2	90.5	5	12	0.0	0.0	0.0	0.0	0.0	0.0
0x3e95c598e813b9eef48e198d18fc6bb77c4260d9	5	4.85	0.26	241.06	1	60.0	0	170	0.0	0.0	0.0	0.0	0.0	0.0
0xebda78dd8ceedcaff6b4e179b8afe0d5a65fcbcd	5	4.84	0.85	532.76	1	41.0	0	286	0.0	0.0	0.0	0.0	0.0	0.0
0xdbe4a0ac6947864385cbb3913f569b3589c38737	10	4.84	0.09	167.1	1	69.0	0	94	0.0	0.0	0.0	0.0	0.0	0.0
0xfec87a6980f6031691ead9d3a40cf687dee33b10	5	4.83	7.48	5028.65	4	80.25	2	39	0.0	0.0	0.0	0.0	0.0	0.0
0x977bcc40cd619cd57c22767d76d129e3049da6df	5	4.83	8.09	30587.29	1	68.0	0	37	0.0	0.0	0.0	0.0	0.0	0.0
0x633a5fe06a3f4672349aa81c96e2f0a3944fa188	5	4.83	4.51	17057.5	1	100.0	0	25	0.0	0.0	0.0	0.0	0.0	0.0
0x8387235038fe5d7d7f5b09a88509bb329abedd2d	25	4.83	1.04	718.0	1	99.0	0	264	2.96976259028e-05	0.0	0.0	0.0	0.0	0.0
0xb609099b6bbab96b126d2542a8d521d6ecf448f0	5	4.82	0.86	572.62	4	100.0	0	30	0.0	0.0	0.0	0.0	0.0	0.0
0x6114868297157cf8f2798ab86df6cca8db6e0e61	5	4.82	0.0	2.8	1	100.0	0	15	7.678435443025933e-07	0.0	0.0	0.0	0.0	0.0
0xc99c2d3fc54befdb070d035dfbc410fa905f0432	10	4.81	1.62	774.12	2	64.0	1	216	0.0	0.0	0.0	0.0	0.0	0.0
0x41477ad5c0fa869322c040f327089bd9aa030522	25	4.81	0.33	2470.99	1	100.0	0	15	7.293581294476327e-08	0.0	0.0	0.0	0.0	0.0
0x0bb81bfd47fe635a3c8975d2586752578c00615d	5	4.81	0.15	577.63	1	100.0	0	46	8.972693366082751e-07	0.0	0.0	0.0	0.0	0.0
0x560a1d3944c8537901aa4884095062d2938ac0ec	10	4.81	0.11	796.84	1	89.0	0	24	0.0001992120249649	0.0	0.0	0.0	0.0	0.0
0xba096422b632d0e935fc74b57fd7a8558c77bc5f	10	4.8	0.35	295.2	1	57.0	0	212	6.17152074333e-05	0.0	0.0	0.0	0.0	0.0
0x8ca32d1f41d4a55a400fd485374a9d0b5ad954f7	5	4.8	0.16	248.1	1	100.0	0	106	0.0	0.0	0.0	0.0	0.0	0.0
0xaed0a189fe381d5bb35da6fa925ac36e54d84607	10	4.79	5.66	11646.65	2	98.5	0	36	0.0	0.0	0.0	0.0	0.0	0.0
0xd1d373a6de19f0f8113aa3c677ddb4da4f529d45	15	4.79	1.72	4358.07	1	98.0	0	71	0.0	0.0	0.0	0.0	0.0	0.0
0x3dec52bded2a7c93763fa179d3b04a396efeae87	10	4.79	0.01	33.73	1	100.0	0	48	0.0	0.0	0.0	0.0	0.0	0.0
0xa634845c3c848f5ac3abcd85bfc53502ece2a799	10	4.78	1.65	4199.07	1	100.0	0	48	0.0	0.0	0.0	0.0	0.0	0.0
0x2f2f665974261c4129b1dc6c359bd259cd66f78a	5	4.76	4.42	8377.57	3	78.67	102	20	0.0	0.0	0.0	0.0	0.0	0.0
0xbebc55b616c3224c102566e7214fe5615ec4f605	15	4.76	0.19	1441.01	1	100.0	0	16	0.0	0.0	0.0	0.0	0.0	0.0
0x68761e8628cfd91c07a16e54753b25047a43c3a2	5	4.75	1.01	2578.03	1	91.0	0	51	0.0	0.0	0.0	0.0	0.0	0.0
0x8cb06a5fcf7d8194bff895ad85ab25b9cecfd081	15	4.74	0.28	308.21	2	92.0	0	80	1.29307102358e-05	0.0	0.0	0.0	0.0	0.0
0x0055d4369a59bc819f58a76ecc3709407204dbab	10	4.74	9.19	8855.24	1	97.0	0	186	0.0	0.0	0.0	0.0	0.0	0.0
0x9df3bcf7e55f7d689b950308ac434871d9c9c62a	10	4.74	2.58	9914.06	1	100.0	0	37	0.0	0.0	0.0	0.0	0.0	0.0
0x679641f9450609d2ca03b2c468ac8631f87d8ee6	5	4.74	1.17	409.34	1	74.0	0	519	0.0	0.0	0.0	0.0	0.0	0.0
0xc9ee3e74fe984e4fa262bd147c2d38870e41d4c5	5	4.73	4.29	4323.72	3	76.0	82	45	0.0	0.0	0.0	0.0	0.0	0.0
0xed37e794d1ee39695831a1fd8ea0ad382ff0c684	10	4.73	0.5	956.46	1	100.0	0	75	0.0	0.0	0.0	0.0	0.0	0.0
0xbb0c1e9297b0d851402475dc6689ae5ffcb9bbd9	10	4.72	0.19	494.53	1	85.0	0	59	0.0	0.0	0.0	0.0	0.0	0.0
0xa803ff080f68c0f28b27177847f13a64d98dbbe6	10	4.72	0.05	28.54	1	100.0	0	334	5.200706199026683e-07	0.0	0.0	0.0	0.0	0.0
0x794d8592d2e4dc66cd72165e3d04fde426af68f1	5	4.71	3.18	1403.03	2	36.5	0	171	3.48936476712e-05	0.0	0.0	0.0	0.0	0.0
0xe3f0261d8ee5a21f0bd96d696154622d0358209f	5	4.71	0.51	1973.26	1	94.0	0	25	0.0	0.0	0.0	0.0	0.0	0.0
0x39997ed72817f5d4b72ed2248e89f1c8672b988b	15	4.7	0.65	1687.41	1	100.0	0	49	0.0	0.0	0.0	0.0	0.0	0.0
0xeed2a75957c32e3392736d001438c2ec339513bb	25	4.69	0.27	1037.19	2	100.0	0	6	0.0	0.0	0.0	0.0	0.0	0.0
0x55a80847f4c0d8828ad4fc7b63a8ece75ca91b37	10	4.69	0.64	1000.01	1	100.0	0	108	1.5571141598e-06	0.0	0.0	0.0	0.0	0.0
0x6d1e0084a6910a8803ab7c22483a1a2db3f1001a	10	4.68	0.0	3.84	1	100.0	0	86	7.246219180245816e-08	0.0	0.0	0.0	0.0	0.0
0x42982dafd5577db35255bb1dab0b288464844de1	20	4.68	0.58	4490.36	1	54.0	0	6	1.97471198171e-05	0.0	0.0	0.0	0.0	0.0
0xa929e98c8892e1c90a096fbdbb2583a631127fc5	25	4.68	0.22	565.33	1	100.0	0	71	0.0	0.0	0.0	0.0	0.0	0.0
0xae5905de19d8e65b45d8179f71c72af8018721cd	5	4.67	54.62	21801.24	7	83.71	35	54	8.700625140990934e-08	0.0	0.0	0.0	0.0	0.0
0xa6fbe8f447fe74d39c2d904d521a2819c4ba7c33	15	4.67	13.08	34089.12	1	100.0	0	70	0.0	0.0	0.0	0.0	0.0	0.0
0xc2cd0d62c659b55e9a05b9d0a32b4885a1c8fdde	10	4.66	18.4	48012.54	1	100.0	0	58	1.921495174e-06	0.0	0.0	0.0	0.0	0.0
0x6df6317d97d399be94f7e42173938f7595afb5ab	5	4.65	296.88	44133.44	15	81.4	39	37	0.0	0.0	0.0	0.0	0.0	0.0
0xaddadf3df10bebfff7201427d50cc0448e2e6f3a	10	4.65	0.74	854.04	2	100.0	0	77	3.7278000131202315e-07	0.0	0.0	0.0	0.0	0.0
0x089da352d9b9c929f2e41bd85769fafc31b67376	10	4.65	0.08	604.67	1	100.0	0	23	0.0	0.0	0.0	0.0	0.0	0.0
0x4187064b239f29735249f08f7126ffa3d5e52c31	5	4.63	4.17	4683.34	2	94.0	0	23	0.0	0.0	0.0	0.0	0.0	0.0
0x4a24fd841e74c28309bca5730b40679e18c5fca0	5	4.63	4.9	2941.08	2	89.5	0	166	8.227307946029327e-07	0.0	0.0	0.0	0.0	0.0
0xc2cd0d62c659b55e9a05b9d0a32b4885a1c8fdde	15	4.63	7.86	30974.11	1	100.0	0	36	0.0	0.0	0.0	0.0	0.0	0.0
0x2c082ba1e9fa1f232db23ea1244c722c3924b219	10	4.63	2.86	22548.72	1	100.0	0	9	0.0	0.0	0.0	0.0	0.0	0.0
0x1d120ac69d8dfc978a009f458615d9b24ebb5d92	5	4.63	0.78	470.59	1	41.0	0	290	0.0	0.0	0.0	0.0	0.0	0.0
0xf993740fd4b54dde1ed304c27c5acee3569085f7	5	4.61	23.9	94791.89	2	100.0	0	12	4.706457445990964e-10	0.0	0.0	0.0	0.0	0.0
0x3a28c6735d9ffa75ad625b6af41d47ce476cde94	5	4.61	0.04	168.93	2	100.0	6	16	0.0	0.0	0.0	0.0	0.0	0.0
0x614f9c3d56206731b5bce592df0fd841f453a41c	10	4.61	0.07	289.52	1	94.0	0	36	0.0	0.0	0.0	0.0	0.0	0.0
0xfbe05d1f77316863879906d06450ae804fd7561f	5	4.6	911.11	141075.8	28	89.07	0	33	0.0	0.0	0.0	0.0	0.0	0.0
0x39ed352ebaf619350c1ce7ed9983e2251e029186	5	4.59	1.44	5713.8	1	82.0	0	29	0.0	0.0	0.0	0.0	0.0	0.0
0xe8ad0453b2588012113dde30a43b5dc9c6472b45	25	4.59	1.08	780.92	1	99.0	0	243	0.0	0.0	0.0	0.0	0.0	0.0
0x449661f50c662fdf3bcb677d6497ccddd59bd9dc	5	4.59	0.68	149.3	1	59.0	0	848	0.0	0.0	0.0	0.0	0.0	0.0
0xec503872f08ae43715e0770426a10c0cff9e6ffd	10	4.58	0.3	236.63	2	64.0	0	114	0.0	0.0	0.0	0.0	0.0	0.0
0xe55114f2a9aa184f37f2b1fdeb677d6d09340b83	10	4.57	0.18	711.48	1	100.0	0	46	1.3426131095e-06	0.0	0.0	0.0	0.0	0.0
0x00dc56403915be0076213e3cefd95a20b713a68c	5	4.56	12.74	11321.89	1	85.0	0	212	1.759605794404706e-08	0.0	0.0	0.0	0.0	0.0
0xd7edaf6892cfb6076cc57ea2880bf4cc6708e3e3	10	4.56	0.04	103.55	1	98.0	0	63	0.0	0.0	0.0	0.0	0.0	0.0
0xc98f971bde087220c78e892257d463dd9e982a0a	25	4.53	4.77	19214.72	1	100.0	0	48	5.7411135401e-06	0.0	0.0	0.0	0.0	0.0
0xa100fa6fada1be2041a20ba80c11e8f370c9306b	10	4.53	0.19	764.57	1	100.0	0	45	0.0	0.0	0.0	0.0	0.0	0.0
0xebda78dd8ceedcaff6b4e179b8afe0d5a65fcbcd	30	4.53	0.07	536.84	1	100.0	0	15	1.927622950148589e-07	0.0	0.0	0.0	0.0	0.0
0xf100a95757c700b35f2630d9b794e3361e69696e	10	4.52	0.28	1018.63	2	100.0	7	10	0.0	0.0	0.0	0.0	0.0	0.0
0xe8e50f783ac30c5aba5c2f59ed2c2bde08b9a04f	20	4.52	1.75	3546.06	1	100.0	0	88	2.9796994871489346e-07	0.0	0.0	0.0	0.0	0.0
0x213bddf596932002b519864d35d5ac80b74f4262	10	4.52	0.44	444.04	1	100.0	0	174	0.0	0.0	0.0	0.0	0.0	0.0
0x9c1c9a65b57a2c2c53518a5cae3ad64b62fc9848	20	4.52	0.21	571.36	1	100.0	0	66	0.0	0.0	0.0	0.0	0.0	0.0
0x977762a5d4f5b334ffe4eb4f05b2c6847ff7348d	5	4.51	46.68	51893.56	3	100.0	4	31	0.0	0.0	0.0	0.0	0.0	0.0
0xa2e764a56c5dfa248f8831256c8c37bd438be302	10	4.51	10.23	11835.67	1	100.0	0	156	3.9923950923e-06	0.0	0.0	0.0	0.0	0.0
0xb90781ceb500f80a9c101225ed5451449a3aa5bc	25	4.51	0.51	828.61	1	100.0	0	97	0.0	0.0	0.0	0.0	0.0	0.0
0xd4493c9613a3a0bb49265693fabf072ef762d462	5	4.5	1.64	432.22	5	91.2	2	149	0.0	0.0	0.0	0.0	0.0	0.0
0xd3e7f47c60c0a0aa3bff97835701be44edf36345	5	4.5	0.98	199.47	1	51.0	0	941	0.0	0.0	0.0	0.0	0.0	0.0
0xd89288a93db89aa48e15a81364caf59509716482	10	4.5	0.01	117.81	1	100.0	0	23	2.5762739719e-06	0.0	0.0	0.0	0.0	0.0
0xbf43d63536126c0ac2e2e2ebf33ce5d81a6b4995	5	4.5	0.01	52.88	1	100.0	0	7	1.2120249248681604e-08	0.0	0.0	0.0	0.0	0.0
0x0813290698e0fe46fbeca7974c598920c35d27fa	5	4.49	3.69	1424.08	3	56.33	22	67	0.0	0.0	0.0	0.0	0.0	0.0
0xec575ddb2a27b29b08690a5b333319a9b5fe6ab4	10	4.49	62.81	25517.74	1	100.0	0	474	0.0	0.0	0.0	0.0	0.0	0.0
0x0a44bfd056cac5518946b05d0a57bc3011073e57	10	4.48	74.31	23303.79	1	68.0	0	604	0.0	0.0	0.0	0.0	0.0	0.0
0xc18c9c9b4e44a0a68739dd9dc1e793ea499df240	20	4.48	11.42	92942.35	1	7.0	0	14	0.0	0.0	0.0	0.0	0.0	0.0
0x513bb2a1d6fd2009a708be45759eda01dc607f12	5	4.48	0.15	108.06	1	49.0	0	250	0.0	0.0	0.0	0.0	0.0	0.0
0x4e28e714bfc5a292751cb5dcd68c2d66aef3c7b7	10	4.48	0.01	97.68	1	100.0	0	20	0.0	0.0	0.0	0.0	0.0	0.0
0x60201f7c0774cba96e1db1a915ae1748da3faf12	80	4.47	108.4	884489.84	1	100.0	0	6	3.02331254808e-05	0.0	0.0	0.0	0.0	0.0
0x642243b782a4cf8420759625dc6d5db75b9133a2	10	4.47	14.18	28959.42	2	100.0	46	38	0.0	0.0	0.0	0.0	0.0	0.0
0xd5bd29aa9816f2140bfe283a5b3a8f42d2060a8c	15	4.47	3.61	669.23	1	86.0	0	1044	0.0	0.0	0.0	0.0	0.0	0.0
0xb52ab3e36c65c7863b71383eadb385bfeec7d6bf	20	4.47	0.1	851.02	1	100.0	0	9	1.5362265015e-06	0.0	0.0	0.0	0.0	0.0
0x95aa6cf80aa61c3433215c7b8330c065ed29ce97	10	4.45	0.38	315.96	2	68.0	0	90	0.0	0.0	0.0	0.0	0.0	0.0
0x579b7e00d630af04257c63b4b131ec0c4cbf7760	5	4.45	15.08	20605.04	1	92.0	0	135	5.930359980865774e-07	0.0	0.0	0.0	0.0	0.0
0xc2684efd0236ff3476c8bee6e051c9d7fb5b3fe6	25	4.45	0.17	1431.63	1	100.0	0	24	0.0	0.0	0.0	0.0	0.0	0.0
0x86d6161109f89d871ac7ac50d811542a092ec1a1	10	4.43	9.26	76262.67	1	100.0	0	8	0.0	0.0	0.0	0.0	0.0	0.0
0x7f679d9f7caeeb10473ded398e953fee3b5abec7	5	4.43	0.32	874.32	1	48.0	0	61	6.27468012992e-05	0.0	0.0	0.0	0.0	0.0
0x58c4f03a954e4cbb1b8e204a881a8e9a99d015dd	5	4.42	2.63	2239.27	4	75.0	83	44	1.9444723609041148e-10	0.0	0.0	0.0	0.0	0.0
0x673a25b2871c1c1560e8aae8faf84b60b70e4940	10	4.42	4.16	4291.55	1	77.0	0	168	2.92205253327e-05	0.0	0.0	0.0	0.0	0.0
0xa6a29c399888912f38539c46d814f33a5a86c97a	20	4.42	1.72	3545.7	1	100.0	0	74	0.0	0.0	0.0	0.0	0.0	0.0
0x02eb568d31d379896f1b41467b7f177647e2ce32	10	4.42	0.0	4.2	1	96.0	0	45	0.0	0.0	0.0	0.0	0.0	0.0
0x0a00b86b03a49e3690462f06fe5b381bfb6488d8	10	4.41	0.04	20.42	1	53.0	0	410	0.0	0.0	0.0	0.0	0.0	0.0
0x9e851c0af10516e0175ca65460a76f42705f0ee0	10	4.4	0.11	114.29	1	91.0	0	190	0.0	0.0	0.0	0.0	0.0	0.0
0xeb3076445fd8f8ac208516879382114282cb30cd	5	4.39	52.62	17137.91	8	74.38	45	32	4.782500076516705e-07	0.0	0.0	0.0	0.0	0.0
0x16ebee8d00c4250df016919b4c2a439a3f75cfd5	5	4.38	3.66	1967.57	6	70.17	182	32	0.0	0.0	0.0	0.0	0.0	0.0
0x92422f23bad585bacec3cceab7f7df8225471bab	5	4.38	0.26	1075.43	1	99.0	0	34	0.0	0.0	0.0	0.0	0.0	0.0
0x22b4a59ac896de7bc97e263dfbd4b95592d6797e	5	4.38	0.07	278.6	1	100.0	0	40	9.215030738474184e-07	0.0	0.0	0.0	0.0	0.0
0xf7da4555ac3cc6b45c4859b52e4d0b6ce135d974	5	4.37	6.09	7951.06	3	98.67	40	17	1.3875303498759686e-07	0.0	0.0	0.0	0.0	0.0
0x0afde01ec6cc3f0e349a8a126fc9f615a5c1ee7b	5	4.37	0.25	207.23	1	52.0	0	222	4.4644070107e-06	0.0	0.0	0.0	0.0	0.0
0xbfa7349abbaa600bbedad185f7b08229d38e1f2d	25	4.36	0.01	3.6	1	99.0	0	302	0.0	0.0	0.0	0.0	0.0	0.0
0x14ebe391c51e64ca9ed842d61b680bea10ccd5ca	5	4.35	10.6	12909.5	5	74.0	192	17	0.0	0.0	0.0	0.0	0.0	0.0
0x5b7ad20cc58d6b751922af75dd9cdaad8bdfd3f4	10	4.35	114.38	191992.97	1	96.0	0	118	0.0	0.0	0.0	0.0	0.0	0.0
0x4d2a353dcd9b25a241382241c9b9a27b7cd08f20	5	4.35	6.31	17636.25	1	66.0	0	50	5.260018232e-06	0.0	0.0	0.0	0.0	0.0
0x1695c8177628025da48ca76f0fd6cb38e4a014c9	5	4.34	0.31	2587.46	1	60.0	0	23	0.0	0.0	0.0	0.0	0.0	0.0
0x28268f23e578ce72309988c05bd61da0faea8a7d	5	4.34	0.06	266.49	1	100.0	0	43	8.167818643656234e-08	0.0	0.0	0.0	0.0	0.0
0xc0f159a4a4f29a66c5cc29f9cbcb75de56557334	10	4.34	0.01	13.43	1	99.0	0	98	0.0	0.0	0.0	0.0	0.0	0.0
0x40f2da0a878fdb19e4ac60a7638d3204a8eded5d	10	4.34	0.0	18.55	1	100.0	0	17	0.0	0.0	0.0	0.0	0.0	0.0
0x41443f0f6cb365fafff4d10f17d45db34f9f5fc6	10	4.33	0.92	1126.49	2	100.0	0	65	0.0	0.0	0.0	0.0	0.0	0.0
0x9f00b0fdffb692074e4509cf17b668937ba36047	5	4.32	0.3	2571.87	1	100.0	0	11	0.0	0.0	0.0	0.0	0.0	0.0
0x912caf8bbbb1b5bdc01ee527d632753ca793796a	10	4.31	0.03	15.04	2	2.0	0	141	1.95887402132e-05	0.0	0.0	0.0	0.0	0.0
0x39ed352ebaf619350c1ce7ed9983e2251e029186	10	4.31	12.26	4989.34	3	98.67	27	174	0.0	0.0	0.0	0.0	0.0	0.0
0x503a63e5e17c50ab32af3f61606b7eb9b51af2b5	15	4.31	0.01	9.98	1	91.0	0	177	1.55940637402e-05	0.0	0.0	0.0	0.0	0.0
0xf765288e2fa6855a8bf9c9f748d250a149a9164b	5	4.3	0.71	240.9	4	94.75	312	100	3.9151745734322674e-08	0.0	0.0	0.0	0.0	0.0
0x5bf581fcb30c3014ef45db2748e4cfc8699c0aa5	5	4.3	0.42	447.75	1	98.0	0	181	0.0	0.0	0.0	0.0	0.0	0.0
0x51dcd4d4632149f8fdf9fca8c79700595e8034cd	10	4.29	1.06	371.65	7	90.57	247	99	0.0	0.0	0.0	0.0	0.0	0.0
0x0be834885b66d4a97e37cb8c233f56865c0ff6a3	10	4.29	1.5	6373.73	2	71.5	1	3	0.0	0.0	0.0	0.0	0.0	0.0
0xfdf18abe83dda4385f2bcead6d3a0ea8ee1cbe4f	25	4.28	0.04	18.02	3	100.0	0	137	0.0	0.0	0.0	0.0	0.0	0.0
0xc8ce7cfb94c6c13647a021f2d838d403fb7903e3	5	4.27	0.02	23.74	2	56.0	66	42	6.48635522737e-05	0.0	0.0	0.0	0.0	0.0
0xa2f20b85ef47760626a0c1857001729dec9495ee	5	4.27	3.2	8882.68	2	70.5	0	23	0.0	0.0	0.0	0.0	0.0	0.0
0xff00244b02674a5ca011d35e63526970408bc1e3	10	4.27	0.06	105.75	2	99.5	79	46	2.8629615234e-06	0.0	0.0	0.0	0.0	0.0
0x93ae6eef133a1097167a15f585eacf1ddf89151e	10	4.26	0.34	1468.45	1	100.0	0	27	0.0	0.0	0.0	0.0	0.0	0.0
0xc9ee309b4739823e511dab7d5e2702a9b6084bf5	10	4.26	0.04	39.8	1	93.0	0	182	0.0	0.0	0.0	0.0	0.0	0.0
0x61c4f7a1cd459eb3c78da2cefb48b0df3f10fea5	10	4.25	0.39	666.14	1	58.0	0	120	5.47488443802e-05	0.0	0.0	0.0	0.0	0.0
0x583d8ed6defc328427acb1dcdbe8c5820e71fe80	10	4.24	4.3	37038.66	1	100.0	0	19	6.867047819270056e-07	0.0	0.0	0.0	0.0	0.0
0x1c2305184dc407207783b8983a45fe5a65e244e7	10	4.24	0.58	625.13	1	66.0	0	182	6.20664855621e-05	0.0	0.0	0.0	0.0	0.0
0xdbf7b6c8c65254c7af6b877f6b6261e922be91ec	5	4.23	194.38	45185.68	4	91.5	86	42	0.0	0.0	0.0	0.0	0.0	0.0
0x91841c28da9d90537da49d8e25a83e64d579cc73	10	4.23	0.12	92.62	2	100.0	0	95	0.0	0.0	0.0	0.0	0.0	0.0
0xbec1927e1c4e78eb628d7e4bd2b09a09e30a96a0	10	4.23	48.41	23190.78	1	55.0	0	422	5.596494057e-06	0.0	0.0	0.0	0.0	0.0
0x76a5aae9925655b933e7a878207263f3606e0b8a	20	4.23	0.23	1001.68	1	100.0	0	47	6.65838739699609e-07	0.0	0.0	0.0	0.0	0.0
0xef23497ea266b7f95a2f2d94f9a062d54f65e3f5	5	4.23	0.09	163.11	1	49.0	0	116	0.0	0.0	0.0	0.0	0.0	0.0
0x6582b7c80df319553a988f62436b8a1be6b2b24c	5	4.23	0.05	145.6	3	100.0	0	10	5.788131307582489e-07	0.0	0.0	0.0	0.0	0.0
0x309c65c98c56c4db478ec67d3d0c91738cbafc36	5	4.22	0.41	234.6	3	90.0	0	77	0.0	0.0	0.0	0.0	0.0	0.0
0xce29ecb0d2d8c8f0126ed923c50a35cfb0b613a8	10	4.22	58.1	55779.67	1	100.0	0	203	6.200450819449088e-07	0.0	0.0	0.0	0.0	0.0
0x7a83abe43e822a316030cac9203d60a59b155b57	10	4.22	40.01	21616.79	1	49.0	0	373	0.0	0.0	0.0	0.0	0.0	0.0
0x9a2a659980a8fd84790b456696000c8eba9bc578	20	4.22	5.35	23121.76	1	100.0	0	41	0.0	0.0	0.0	0.0	0.0	0.0
0xcd0fe5ac36e0b0d803bb2baa850a2d1c321e3400	10	4.22	0.3	855.37	1	87.0	0	68	0.0	0.0	0.0	0.0	0.0	0.0
0xe1b09030aefe8ead4d430e6d74f3b1ff925fed84	5	4.21	0.92	1986.37	4	100.0	44	7	3.01937758129256e-07	0.0	0.0	0.0	0.0	0.0
0xea5dc4894f0a67853f52a79f079d06b81ae7daa4	10	4.21	0.58	711.88	1	100.0	0	145	7.282257574736661e-07	0.0	0.0	0.0	0.0	0.0
0xac590ce92688c0a37358c22e82a0bc9dabfba14c	5	4.21	0.02	212.71	1	100.0	0	22	1.8704648940826022e-08	0.0	0.0	0.0	0.0	0.0
0x1ee4aec751ab97a6f1f60b87c48e52387eee91de	5	4.2	15.07	43609.41	1	100.0	0	50	1.6916948175e-06	0.0	0.0	0.0	0.0	0.0
0x8a38419e4169e616785da5b5664499b46f688fd1	10	4.19	0.11	152.6	2	77.5	0	71	1.05801882255e-05	0.0	0.0	0.0	0.0	0.0
0x6900f3f047f75ed801843be4f17114f5f931f986	5	4.18	0.05	139.76	2	50.5	50	46	4.2640531661142244e-07	0.0	0.0	0.0	0.0	0.0
0x694a943ac4a1d7edca0162a7ebb24cb08c9c6dd7	10	4.18	0.58	516.62	2	76.0	0	103	3.29158808431e-05	0.0	0.0	0.0	0.0	0.0
0xe809968423551135675f38ca77d9595c5d225918	10	4.18	20.86	7292.4	1	99.0	0	589	0.0	0.0	0.0	0.0	0.0	0.0
0x69c61ccdc2c82788c562b6d011052006f1b0d7eb	10	4.18	6.21	13547.42	1	85.0	0	89	1.34477498581e-05	0.0	0.0	0.0	0.0	0.0
0x2b7661955d8df0efcb9172da6d50bcb1e63e8fa4	10	4.18	2.81	6122.03	1	99.0	0	76	6.1440826093e-06	0.0	0.0	0.0	0.0	0.0
0x0c4e7870ff6f11e722b9c0e1ea8e930528afa6b5	25	4.18	0.5	1446.23	1	100.0	0	61	0.0	0.0	0.0	0.0	0.0	0.0
0x82f261d6f598850a3be5a964b2083343085f3dbe	10	4.18	0.03	152.07	1	95.0	0	32	0.0	0.0	0.0	0.0	0.0	0.0
0xaf2196982f5432b80c28c9bdc314cfc877484802	15	4.17	0.28	491.67	1	100.0	0	97	0.0	0.0	0.0	0.0	0.0	0.0
0x9e1669410b3b76b0b0a6ad0b6d7a7ddf8f804b0b	5	4.16	76.2	30831.6	15	95.53	25	25	0.0	0.0	0.0	0.0	0.0	0.0
0x01687175bd4d85a80ed82540cf846a3d53fa0f57	5	4.16	0.07	232.39	2	100.0	0	28	1.471312793821511e-07	0.0	0.0	0.0	0.0	0.0
0xc5fdfa344d08e032b77d650bd4f0dbf508349542	10	4.16	15.75	42681.02	3	100.0	9	10	0.0	0.0	0.0	0.0	0.0	0.0
0x95333df86727053ba59db90e8005b5fbacbb5208	5	4.16	9.69	26089.26	3	88.33	198	25	2.1409468272300577e-07	0.0	0.0	0.0	0.0	0.0
0x655301eb3992fa35ff6fec91567240310a9756a6	20	4.16	0.15	641.27	1	100.0	0	27	0.0	0.0	0.0	0.0	0.0	0.0
0x9cfce0b3cbf61c73eb742612739e99d2050ee20b	25	4.16	0.05	462.54	1	100.0	0	24	0.0	0.0	0.0	0.0	0.0	0.0
0xb3057a634a567e6e2481e1b0240e63e9ae16c61a	10	4.15	67.41	197590.59	1	100.0	0	49	0.0	0.0	0.0	0.0	0.0	0.0
0x44c85037e76a53ce50e9e7db9b8a4721c7662932	10	4.15	0.02	169.75	1	100.0	0	22	3.6592040508764974e-08	0.0	0.0	0.0	0.0	0.0
0xe37d4ec17cb2a1c1c4f184ab15df5cd45027fc7e	5	4.14	2.77	1359.69	8	97.25	208	31	5.5511151231257833e-14	0.0	0.0	0.0	0.0	0.0
0x5f6ebd0eb18515ab06c8d194aeae7773f9d1dabc	5	4.14	0.51	2249.0	1	100.0	0	46	4.750094872996158e-07	0.0	0.0	0.0	0.0	0.0
0xa1eca898ad4a4909c527c78b559ffdad005e761d	10	4.14	0.21	1831.33	1	100.0	0	12	0.0	0.0	0.0	0.0	0.0	0.0
0x921d3bae22894b5d05fc4491721fddc016ab98b8	40	4.14	0.03	249.66	1	100.0	0	8	4.3230349855e-06	0.0	0.0	0.0	0.0	0.0
0x10dc442ee1c3f5772b44431b440daf3cea91c1b8	10	4.14	0.01	6.5	1	67.0	0	187	0.0	0.0	0.0	0.0	0.0	0.0
0xda3381c93a19ae0a8000687101a01ab6e70027ea	10	4.13	5.59	24656.04	1	100.0	0	30	4.305164336138034e-07	0.0	0.0	0.0	0.0	0.0
0xf3acf8a3d3efca769c51464faf2fe121e37511fe	5	4.13	0.21	184.29	1	46.0	0	239	0.0	0.0	0.0	0.0	0.0	0.0
0xb6ad3564bd6345bde177be74fae683a987650b63	25	4.12	0.19	104.13	10	97.8	28	46	0.0	0.0	0.0	0.0	0.0	0.0
0x2f2f665974261c4129b1dc6c359bd259cd66f78a	10	4.11	8.32	24659.44	1	100.0	0	69	1.0268808026125953e-08	0.0	0.0	0.0	0.0	0.0
0x8b3a60d7fe674365c7de12e0b83cabd74d9e503d	25	4.11	0.52	1532.02	1	100.0	0	71	0.0	0.0	0.0	0.0	0.0	0.0
0xe53f4d44c45dbc16a20ab64f8a8b4404ddbbefec	10	4.11	0.0	7.21	1	100.0	0	131	0.0	0.0	0.0	0.0	0.0	0.0
0xb177da4ec6b12dd4ff75b60b5aae55394ed35245	5	4.1	4.63	649.51	12	73.83	28	73	0.0	0.0	0.0	0.0	0.0	0.0
0x2424618d727e17a38cad7d531dfc90540dcdb566	10	4.1	23.14	29393.57	1	71.0	0	167	0.0	0.0	0.0	0.0	0.0	0.0
0x2b5abe232f35350f80f9c3a61761294a467f1ab6	15	4.1	16.65	74120.2	1	100.0	0	28	0.0	0.0	0.0	0.0	0.0	0.0
0x704481f6212c7dc9c7896c7283105f089992c644	5	4.1	3.7	10966.9	1	47.0	0	66	0.0	0.0	0.0	0.0	0.0	0.0
0x795955044c990f85511f367b4f6dc261d2048fff	5	4.08	0.02	77.83	2	100.0	0	8	0.0	0.0	0.0	0.0	0.0	0.0
0x270bcbce3a095c863c0459ca61c2ce0b8d49ee6c	5	4.08	0.05	48.21	1	39.0	0	215	0.0	0.0	0.0	0.0	0.0	0.0
0x39ab2229145266bee3f78ed44c33c618663cefd3	5	4.07	8.72	2891.47	3	47.0	0	705	0.0	0.0	0.0	0.0	0.0	0.0
0xc3d8beb4662dcfcabe95859cd5be08e9a29af83e	10	4.07	66.49	22915.56	1	68.0	0	601	1.3710144131096056e-09	0.0	0.0	0.0	0.0	0.0
0x392080632ee63cd466e09e1bb966b69e0d4824e3	5	4.07	0.9	4043.36	1	100.0	0	29	0.0	0.0	0.0	0.0	0.0	0.0
0x0d30ca8dc55d1b5ef9cba4fa504da8341e252cec	5	4.06	11.85	53284.07	1	43.0	0	39	0.0	0.0	0.0	0.0	0.0	0.0
0xb2a03b41c7e06512fbb852443a143c664bb339e7	5	4.05	7.16	15260.83	4	100.0	3	5	1.2578426911158402e-07	0.0	0.0	0.0	0.0	0.0
0x537d2444a21dcbc2022f14405b0874b26e4b1c2e	5	4.05	1.29	993.04	5	69.2	2	42	1.5763804728e-06	0.0	0.0	0.0	0.0	0.0
0xee1e986590c58c50cf90e7a73d03fcdf5ff7503d	5	4.05	0.0	13.97	2	89.5	0	34	1.453280124e-06	0.0	0.0	0.0	0.0	0.0
0x5fa125ee772e5fd6f5028422751a5e6751993459	20	4.05	0.46	1046.9	1	100.0	0	94	0.0	1.0	-887272.0	887272.0	0.0	0.0
0x093b23e3bc0aa7f60d4335b44bcb9a229c0572d0	5	4.04	0.36	631.58	5	100.0	11	9	3.558716610285728e-07	0.0	0.0	0.0	0.0	0.0
0xbd6ec76bc659d0d296be9e2711f04239252dd493	10	4.04	0.1	62.34	2	67.5	0	148	9.503379228e-06	0.0	0.0	0.0	0.0	0.0
0x73b966fccac6c19ef06c7977d17575d353c779e9	5	4.04	598.09	599893.74	1	100.0	0	209	4.179605106457984e-07	0.0	0.0	0.0	0.0	0.0
0xacd37800e67ce9a35bf6cef176be1303d73f8f29	15	4.04	7.36	66558.57	1	92.0	0	22	0.0	0.0	0.0	0.0	0.0	0.0
0xfd1d918196c4586a7d58cb75f1acae330ff5f348	5	4.04	0.08	360.87	1	93.0	0	45	0.0	0.0	0.0	0.0	0.0	0.0
0x3c948a11c4d5462ace49a505ece7112531b16725	10	4.03	8.81	33349.2	2	100.0	476	2	0.0	0.0	0.0	0.0	0.0	0.0
0xf7f7de4913c04f84c8dcf9d324eb780965077898	5	4.03	21.81	4814.57	1	47.0	0	971	0.0	0.0	0.0	0.0	0.0	0.0
0x0fcc57b257592dcc1767beef7f0548ca7d5764d1	20	4.03	0.32	1459.41	1	100.0	0	24	0.0	0.0	0.0	0.0	0.0	0.0
0x4474328904692ef81b22c7b276db02546d7f5343	5	4.02	0.37	359.99	3	80.33	0	97	0.0	0.0	0.0	0.0	0.0	0.0
0xa2d30b5c2c84f8c0e47a0dfebb3eda04a6a2ca28	25	4.02	44.99	7234.64	3	100.0	0	463	1.6658240675e-06	0.0	0.0	0.0	0.0	0.0
0x60201f7c0774cba96e1db1a915ae1748da3faf12	40	4.01	45.48	414422.49	1	100.0	0	0	2.32666063193e-05	0.0	0.0	0.0	0.0	0.0
0x09fc1031d03a78ed4f60463fa9749870d33439bc	20	4.01	2.64	8022.68	1	91.0	0	48	0.0	0.0	0.0	0.0	0.0	0.0
0xdeaa067e429ad097465d8f3b50ca306f13061038	5	4.01	0.19	863.59	1	56.0	0	30	0.0	0.0	0.0	0.0	0.0	0.0
0xbeb5c459a1089a85718d9ed7639e639193ae36f8	5	4.01	0.04	167.97	1	71.0	0	30	0.0	0.0	0.0	0.0	0.0	0.0
0x37ef98a3c46a921ce959e425cab5047f2a612f54	10	3.99	5.35	48969.09	1	100.0	0	17	0.0	0.0	0.0	0.0	0.0	0.0
0x096d2d9ceffcb157672330466da9779b2558a37f	5	3.99	0.04	63.93	1	80.0	0	120	2.3243451607868337e-07	0.0	0.0	0.0	0.0	0.0
0x5a61b66fb81e3db39844a868e993d7a43c62c9ad	25	3.98	2.15	9846.77	1	100.0	0	44	0.0	0.0	0.0	0.0	0.0	0.0
0x28dd1372349695dcbcbae903ee76dbb9dd7c6b9e	5	3.97	0.42	1284.93	1	74.0	0	68	2.9809559709e-06	0.0	0.0	0.0	0.0	0.0
0xf8913f767d0c2cbd2eded538740be89db0137039	35	3.97	0.29	2650.11	1	99.0	0	13	0.0	0.0	0.0	0.0	0.0	0.0
0x23ee739530231e7aff44a386dcbab639a6c04c92	25	3.97	0.29	298.51	3	100.0	0	68	0.0	0.0	0.0	0.0	0.0	0.0
0x8499e0ddc16efbe4695489277a70e33ac83531b9	5	3.96	0.44	2952.85	2	100.0	0	2	0.0	0.0	0.0	0.0	0.0	0.0
0x245f6514ff0b711b2603139be85b85419dc8f7aa	5	3.96	8.23	37929.66	1	100.0	0	27	0.0	0.0	0.0	0.0	0.0	0.0
0x043145a2bf34706451d7653684e9cb2c5ffe7aaf	25	3.96	2.59	1706.09	1	99.0	0	315	0.0	0.0	0.0	0.0	0.0	0.0
0xcd338b907aac7c3c96a118b6c1f3cb22c6f86af0	25	3.96	0.67	3088.09	1	100.0	0	45	0.0	0.0	0.0	0.0	0.0	0.0
0x979a0e1e98eebcb5cb8a008fa47f91459e820129	10	3.96	0.44	160.34	1	100.0	0	582	4.8572358024e-06	0.0	0.0	0.0	0.0	0.0
0xb2d2e6447d815465ca3ef6372257f4ffc3ae5cd0	50	3.96	0.01	105.39	1	100.0	0	23	0.0	0.0	0.0	0.0	0.0	0.0
0x4e430992db6f3bddbc6a50d1513845f087e9af4a	5	3.95	1.16	2046.74	2	92.0	0	117	1.0615305467e-06	0.5	-25.5	24.5	2.5	2.5
0x2ae3949c1440384fd899acf29e58aab0cfb7c2cb	50	3.95	99.01	915740.59	1	100.0	0	3	0.0	0.0	0.0	0.0	0.0	0.0
0x183b2f39a068341cc1f18ced3e5ad8f6846bf73f	10	3.95	0.26	147.93	1	41.0	0	377	0.0	0.0	0.0	0.0	0.0	0.0
0x6a3230bdf391e2e19009eee95c7aa678af2f4af5	25	3.95	0.04	34.2	1	99.0	0	220	0.0	0.0	0.0	0.0	0.0	0.0
0x91841c28da9d90537da49d8e25a83e64d579cc73	25	3.95	0.01	44.26	1	100.0	0	38	0.0	0.0	0.0	0.0	0.0	0.0
0x9899ce8183e9fa70d246f739552b721b45b97102	10	3.94	0.02	65.57	2	68.0	68	46	0.0	0.0	0.0	0.0	0.0	0.0
0x126ff8fabec84ef8a96f25dd0c2668fb9b7e7088	15	3.94	10.55	8138.28	1	99.0	0	280	4.9551968528e-06	0.0	0.0	0.0	0.0	0.0
0xff1b6800830d38f7f792482febaf95b8613b6252	15	3.94	8.55	15846.28	1	100.0	0	103	2.8626042314e-06	0.0	0.0	0.0	0.0	0.0
0x41edac74c294e10ad788cb1d682f18a71f5c3d2e	5	3.94	0.02	102.12	1	48.0	0	35	0.0	0.0	0.0	0.0	0.0	0.0
0xc8ce7cfb94c6c13647a021f2d838d403fb7903e3	40	3.94	0.01	22.7	1	100.0	0	66	0.0	0.0	0.0	0.0	0.0	0.0
0xf340182120b3ae50223966cb3a7c8ed809281678	15	3.93	0.87	1008.56	1	69.0	0	192	0.0	0.0	0.0	0.0	0.0	0.0
0x11c2acdf362f40e911815f21029e696153209021	25	3.93	0.22	136.83	1	99.0	0	344	0.0	0.0	0.0	0.0	0.0	0.0
0xd8c78c808662f90560f634c6724310b40da1dbac	15	3.92	1.28	1061.8	2	97.0	239	124	4.14700411954e-05	0.0	0.0	0.0	0.0	0.0
0x7f2e54d53258dc45b8581f11f924075146608d19	10	3.92	17.71	164761.99	1	100.0	0	11	4.8753701742e-06	0.0	0.0	0.0	0.0	0.0
0x1ebd06d04873e1cebd4a53cb92577c1f4b64c2c1	10	3.92	0.43	1998.48	1	100.0	0	33	1.5201728764679956e-08	0.0	0.0	0.0	0.0	0.0
0xcafd5319ba356f1effdfd09dd8996d6d0c169d72	5	3.92	0.21	965.32	1	100.0	0	31	0.0	0.0	0.0	0.0	0.0	0.0
0x4ee8564da1cc3028d14af94e9a87fa7376c1ada3	10	3.92	0.07	128.93	1	100.0	0	98	1.471575195e-06	0.0	0.0	0.0	0.0	0.0
0xcb546b14850304e5dccac8b71f04e0c819d50b92	5	3.91	30.28	70700.38	1	100.0	0	79	0.0	0.0	0.0	0.0	0.0	0.0
0x3b3bf9696d30c811afb01dd1c0eb8b459f151b60	50	3.9	1.82	3163.96	3	100.0	155	111	1.3314534659987962e-10	0.0	0.0	0.0	0.0	0.0
0xa5ba45f484bc67fe293cf01f7d92d5ba3514dd42	10	3.9	2.31	12144.53	2	100.0	86	77	0.0	0.0	0.0	0.0	0.0	0.0
0x7a83abe43e822a316030cac9203d60a59b155b57	5	3.9	10.25	31986.53	1	55.0	0	53	0.0	0.0	0.0	0.0	0.0	0.0
0x8f2ca1c48e99d4a23e9595fc734ef9f1ac41ab8f	15	3.9	0.03	243.39	1	5.0	0	19	1.8412380387e-05	0.0	0.0	0.0	0.0	0.0
0xd0f54ca35479bd757a2ad4a34da98e2187f5224e	5	3.89	0.02	459.96	2	92.0	21	28	0.0	0.0	0.0	0.0	0.0	0.0
0x77d0bba906e1886afe194f77913845dcf52b17e6	25	3.89	0.02	146.92	1	7.0	0	13	1.6491188759e-05	0.0	0.0	0.0	0.0	0.0
0xb35be2482d515f4a2b4607b7750704d28f211a3c	25	3.89	0.01	17.88	1	93.0	0	120	5.69757464985e-05	0.0	0.0	0.0	0.0	0.0
0xc889cfd9c734147f01d2457acf27d324242dff4e	5	3.89	0.01	61.74	1	100.0	0	6	0.0	0.0	0.0	0.0	0.0	0.0
0x96f35503564cb4285d4093bdf6c1b6b7111ac1bb	5	3.88	2.7	4374.35	2	100.0	79	19	2.4917721219708255e-07	0.0	0.0	0.0	0.0	0.0
0xd13cf36b646adcad473523f7b32baa74f4f8f502	5	3.88	3.33	5335.2	2	96.5	138	75	3.9848208233e-06	0.0	0.0	0.0	0.0	0.0
0xbe9064c409224d858f5fb12a5d3e8e417d9e28b7	40	3.88	1.13	5289.17	1	100.0	0	38	0.0	0.0	0.0	0.0	0.0	0.0
0x03696eefcebc504149b5a3e13825c1a4d4af7f15	5	3.88	0.44	2069.19	1	70.0	0	37	5.57852263383e-05	0.0	0.0	0.0	0.0	0.0
0x42982dafd5577db35255bb1dab0b288464844de1	30	3.88	0.29	2763.71	1	0.0	0	2	0.0	0.0	0.0	0.0	0.0	0.0
0xe9ccb5875bb0b6639eb8de0c0149a36111276928	10	3.88	0.29	548.29	1	90.0	0	96	0.0	0.0	0.0	0.0	0.0	0.0
0x0b776552c1aef1dc33005dd25acda22493b6615d	5	3.87	4.41	1551.47	6	78.67	1	77	4.844154706991807e-08	0.0	0.0	0.0	0.0	0.0
0xa1fb7fa7d0aa54b9f0d2e88599387976bc1fdea1	10	3.87	0.4	286.2	2	98.5	438	152	0.0	0.0	0.0	0.0	0.0	0.0
0x7e8ce0bc69b8f32517b1581a518086c84d7f1215	10	3.87	13.24	5705.94	2	73.0	0	258	3.71249455677e-05	0.0	0.0	0.0	0.0	0.0
0x80af84179173a54343b6ba1114f83678f72b1a31	5	3.86	0.42	987.58	2	49.0	0	17	0.0	0.0	0.0	0.0	0.0	0.0
0xdeaa067e429ad097465d8f3b50ca306f13061038	10	3.86	7.06	16707.64	1	98.0	0	85	0.0	0.0	0.0	0.0	0.0	0.0
0xeed2a75957c32e3392736d001438c2ec339513bb	10	3.85	0.42	664.23	1	100.0	0	127	0.0	0.0	0.0	0.0	0.0	0.0
0xa929e98c8892e1c90a096fbdbb2583a631127fc5	5	3.85	0.36	565.67	1	38.0	0	143	0.0	0.0	0.0	0.0	0.0	0.0
0x0a50f9a2e782224e3a6d8d3db2d84313bb6270ba	5	3.85	0.0	20.69	1	70.0	0	34	0.0	0.0	0.0	0.0	0.0	0.0
0xffe87569732fa988d2061d7a7670336ac455ff48	10	3.84	1.33	3155.16	1	72.0	0	75	0.0	0.0	0.0	0.0	0.0	0.0
0xc88abb271a37b84b5485615c386d9f30c1e5b7cf	5	3.84	0.12	1149.47	1	100.0	0	9	0.0	0.0	0.0	0.0	0.0	0.0
0x927d81b91c41d1961e3a7d24847b95484e60c626	5	3.83	96.07	64826.62	4	81.25	60	60	4.609568227120775e-07	0.0	0.0	0.0	0.0	0.0
0xfdc924fbe0fd130406242a828e8c7d564f57ee9b	5	3.83	9.1	6163.68	3	46.0	0	84	0.0	0.0	0.0	0.0	0.0	0.0
0x55ee6fa5380de9ad37e8db370c24f341550dbe0c	10	3.83	0.64	2044.17	1	98.0	0	56	0.0	0.0	0.0	0.0	0.0	0.0
0xe167720b29882a19a5a6f4bc974e8037b126e10a	25	3.82	20.94	99999.77	1	100.0	0	37	5.029369143372264e-08	0.0	0.0	0.0	0.0	0.0
0xbf732ea04197942783e34730ed6e0f6099575d58	20	3.82	14.23	45345.56	1	100.0	0	51	0.0	0.0	0.0	0.0	0.0	0.0
0xb8ad026034201f2c4b75c24d4f1d61192b02b2ee	25	3.82	0.0	1.34	1	100.0	0	22	0.0	0.0	0.0	0.0	0.0	0.0
0xbf732ea04197942783e34730ed6e0f6099575d58	25	3.81	23.47	64919.37	3	100.0	29	25	0.0	0.0	0.0	0.0	0.0	0.0
0x2d1a0f69ea53d61b4f74648ca1db523610784406	5	3.81	0.59	567.65	2	41.5	0	76	0.0	0.0	0.0	0.0	0.0	0.0
0xa8bc5978e9522b55011d4c36523b0b1c31c14294	15	3.81	0.12	393.16	1	100.0	0	60	0.0	0.0	0.0	0.0	0.0	0.0
0x437b557d5ff316999d19e501c5e0bdb3bf2509d1	5	3.8	0.62	596.88	1	99.0	0	228	0.0	0.0	0.0	0.0	0.0	0.0
0xe40602b6629ab2482043df1cf9efc093dd84d337	10	3.8	0.0	0.12	1	67.0	0	48	0.0	0.0	0.0	0.0	0.0	0.0
0xaec0ae6cfad31f465b820511f0630d59431741c6	15	3.79	0.81	3884.14	1	100.0	0	47	6.713989209e-06	0.0	0.0	0.0	0.0	0.0
0xe4871665cc41f257c49bad64f58d4440fcb9d413	20	3.79	0.27	289.2	1	69.0	0	208	0.0	0.0	0.0	0.0	0.0	0.0
0x97d717efb023124b256790c0392499b3cc3eb003	10	3.79	0.06	200.8	1	85.0	0	71	0.0	0.0	0.0	0.0	0.0	0.0
0x44a03946c8e690c6ecdb254b3744690a42e1ed17	15	3.78	76.15	20435.88	1	77.0	0	843	5.9667044527e-06	0.0	0.0	0.0	0.0	0.0
0x297b939e9f88232be3dd165ea20a846440c1dc7b	10	3.77	23.02	91367.04	2	100.0	0	20	4.2699536129120485e-07	0.0	0.0	0.0	0.0	0.0
0x5aa36d5d30ea23a3e13880e0f13ce3a0309ea8f4	5	3.77	423.47	264022.88	7	97.29	12	50	5.0300026049094574e-08	0.0	0.0	0.0	0.0	0.0
0xcabe81196097946aeec9e40e1ffce2446dcf1c0d	25	3.77	1.37	3320.0	1	100.0	0	87	0.0	0.0	0.0	0.0	0.0	0.0
0xcbc273eff4e39e1863d353fb006f231380af9407	50	3.76	0.02	26.1	2	99.0	0	104	0.0	0.0	0.0	0.0	0.0	0.0
0xbb070dd0479fccde51fc411579100a7c5a12e69e	5	3.76	1.4	308.0	1	47.0	0	1048	0.0	0.0	0.0	0.0	0.0	0.0
0x1b4d5580c11d2ca81153bf5d2e0bc537061339ff	10	3.76	0.12	381.35	1	87.0	0	48	0.0	0.0	0.0	0.0	0.0	0.0
0x9b139f8d81c34667764e9db1d21f5472d9be1d4e	5	3.75	0.01	40.84	1	35.0	0	71	6.24608885946e-05	0.0	0.0	0.0	0.0	0.0
0x299724892bd982fc569f51af960578206c2af238	5	3.74	0.31	992.22	1	87.0	0	59	8.0047226291e-06	0.0	0.0	0.0	0.0	0.0
0xe3e54a121a41a39cb6ef9c6f876483d5bfe7b478	10	3.74	0.15	490.82	1	100.0	0	53	0.0	0.0	0.0	0.0	0.0	0.0
0x06467e6565dba253163a35cfab1c7e95a5c9c833	20	3.74	0.03	111.79	1	100.0	0	59	0.0	0.0	0.0	0.0	0.0	0.0
0x5796f85dde9abfc2bbb28d086dee994d970a4561	10	3.73	0.31	999.5	1	98.0	0	54	8.921084349e-06	0.0	0.0	0.0	0.0	0.0
0xc2cd0d62c659b55e9a05b9d0a32b4885a1c8fdde	5	3.72	12.82	28286.14	3	100.0	26	10	1.871579409969589e-07	0.0	0.0	0.0	0.0	0.0
0x7d90055f1334e5f5a7516bee032944b3533009d3	5	3.72	0.19	189.48	1	85.0	0	220	0.0	0.0	0.0	0.0	0.0	0.0
0x71a3d1863a038750568b69bfa072a179de4782dc	10	3.72	0.17	427.06	1	76.0	0	89	0.0	0.0	0.0	0.0	0.0	0.0
0xe2c8781e73844f38fd80b5cdc971561d516cb4cb	10	3.72	0.01	123.86	1	100.0	0	8	0.0	0.0	0.0	0.0	0.0	0.0
0x1f553b7e1945b9868266a5379458dbbb100f481d	10	3.71	0.0	3.77	1	100.0	0	26	0.0	0.0	0.0	0.0	0.0	0.0
0x9aa9baaf1e4cfea1560cc5dd19f4351b49e299f4	25	3.71	0.11	1081.06	1	100.0	0	6	0.0	0.0	0.0	0.0	0.0	0.0
0x0fae1457fa8d76ce9e7b29e1df6e188e1b3b4196	10	3.71	0.01	51.89	1	54.0	0	48	5.21994927615e-05	0.0	0.0	0.0	0.0	0.0
0x3b94d7a8775cf86326d2bd291c7a0c435c10e92b	10	3.7	3.5	3013.56	3	97.33	0	75	0.0	0.0	0.0	0.0	0.0	0.0
0x5181cdf1bb20da04ba788f82989f29e65b67314a	10	3.7	3.74	7372.24	1	59.0	0	111	4.63216853208e-05	0.0	0.0	0.0	0.0	0.0
0xdce62b21a8b1a9b39dd3ded27c876d416cc91b3e	25	3.7	1.99	9840.71	1	72.0	0	47	0.0	0.0	0.0	0.0	0.0	0.0
0x92422f23bad585bacec3cceab7f7df8225471bab	10	3.7	0.21	1059.35	1	83.0	0	41	0.0	0.0	0.0	0.0	0.0	0.0
0xc52d4727e972c305c9a865a86f291674ccbf03be	10	3.7	0.1	319.97	1	97.0	0	61	0.0	0.0	0.0	0.0	0.0	0.0
0x8ca32d1f41d4a55a400fd485374a9d0b5ad954f7	10	3.69	0.42	200.05	3	71.67	136	198	0.0	0.0	0.0	0.0	0.0	0.0
0x374d5221a4367fe746cc6c92d333c6ce15386fcd	5	3.69	0.12	447.46	2	67.5	4	24	0.0	0.0	0.0	0.0	0.0	0.0
0xa2d30b5c2c84f8c0e47a0dfebb3eda04a6a2ca28	10	3.69	28.32	12194.75	1	100.0	0	533	0.0	0.0	0.0	0.0	0.0	0.0
0xdf6cb51ca00ef1645f7e04a5b5d5f6cad3a55e02	10	3.69	6.42	2544.33	1	97.0	0	585	1.75687009607e-05	0.0	0.0	0.0	0.0	0.0
0xffbaa0de31cd06c0031682e6e991b2515e71192e	10	3.69	0.81	1000.69	1	64.0	0	190	2.10246166365e-05	0.0	0.0	0.0	0.0	0.0
0xca7adb37f8292a4adb196f1a0ccab648ff83ef56	5	3.69	0.49	201.81	1	39.0	0	552	9.1150141656e-06	0.0	0.0	0.0	0.0	0.0
0xd82b0a73f55aeeb3dc1c7ad3383fea8b7408ae65	10	3.68	0.76	941.32	1	96.0	0	186	0.0	0.0	0.0	0.0	0.0	0.0
0x8ceff1ad0171bfb91ec3b6bc6283765317601596	15	3.67	0.37	1850.81	1	93.0	0	44	0.0	0.0	0.0	0.0	0.0	0.0
0x42d948f117af12b809c530784f8529d57f679f36	25	3.67	0.11	1061.26	1	100.0	0	22	5.203130148956348e-08	0.0	0.0	0.0	0.0	0.0
0xcc54fc55f28bd4ed151a42fa6965b0638e67e9ad	10	3.66	0.67	2229.77	1	99.0	0	53	0.0	0.0	0.0	0.0	0.0	0.0
0xf38d868aa43d4f662c0c1b18950a999828a562ef	10	3.65	17.99	8137.88	5	91.0	242	100	2.5079945409e-06	0.0	0.0	0.0	0.0	0.0
0xecaf401a100ff4e390075a5d45f7db021f90a0e4	5	3.65	2.02	1001.93	2	39.5	0	634	0.0	0.0	0.0	0.0	0.0	0.0
0x4e769d706508b1d9cbbaf155bb2bfef99d5fbe27	10	3.63	0.0	1.15	3	85.67	0	53	9.886174471655331e-07	0.0	0.0	0.0	0.0	0.0
0xead0575234bdf2fc4f86b6e4f11b4d92587964b0	10	3.63	4.71	1457.64	2	92.5	117	244	4.2898739727e-06	0.0	0.0	0.0	0.0	0.0
0xba6685a64ff72493cb14e00cce5b945b9cc10df6	50	3.63	0.25	2478.56	1	100.0	0	20	2.0224747432351367e-07	0.0	0.0	0.0	0.0	0.0
0xe0b04a836be3382a9021038abbaf03731e25a4a3	25	3.62	0.97	1529.07	3	100.0	0	24	0.0	0.0	0.0	0.0	0.0	0.0
0xa7fff554db3540e4f33e7865e41abea0fe65a40c	5	3.62	0.67	3360.65	1	54.0	0	28	1.811117245e-06	0.0	0.0	0.0	0.0	0.0
0xb18b9492d77e793541adfa3eb9914d233a9ae7f5	25	3.61	0.09	437.48	2	100.0	13	13	1.9429216013833186e-07	0.0	0.0	0.0	0.0	0.0
0xcfcb24c28eda1e7dd180d9318dad0df23468dff7	50	3.61	0.0	11.63	1	99.0	0	82	5.02626860243e-05	0.0	0.0	0.0	0.0	0.0
0x348df237c2703b45222b9ef24c6f0d7ffe023d9b	5	3.6	0.53	821.91	3	73.67	0	36	0.0	0.0	0.0	0.0	0.0	0.0
0x3cce5cc83fe04593ebcafce532b984759e8e069d	10	3.6	0.07	714.69	1	100.0	0	15	1.3158774070376468e-08	0.0	0.0	0.0	0.0	0.0
0xb37313df53636a3e3c399fb177349b01ee0b086f	5	3.59	4.45	983.06	1	42.0	0	1101	0.0	0.0	0.0	0.0	0.0	0.0
0x0bafed0fe7fb5effb8e751d6ad93786f4d95024b	25	3.58	0.01	14.24	2	71.0	0	85	8.0461721563e-06	0.0	0.0	0.0	0.0	0.0
0xf375dc67aa324dbaddc385d4cd152637c06c8107	10	3.58	0.35	447.5	1	99.0	0	177	3.2055822218e-06	0.0	0.0	0.0	0.0	0.0
0xf6414c3e88688e36c56ef6ec9121c2513f0040d3	5	3.58	0.16	800.79	1	100.0	0	27	0.0	0.0	0.0	0.0	0.0	0.0
0x1353b68dd6a923e100dccf0bd459f9df04731e0b	10	3.58	0.01	15.28	1	100.0	0	97	3.391869118907209e-07	0.0	0.0	0.0	0.0	0.0
0x39de56518e136d472ef9645e7d6e1f7c6c8ed37b	10	3.57	41.55	38624.46	1	75.0	0	242	5.636245226e-06	0.0	0.0	0.0	0.0	0.0
0x0dae44db22ed05dbd17ba6ecbe4bdeb87b72eaac	5	3.57	0.06	612.17	1	100.0	0	21	4.118673180286692e-08	0.0	0.0	0.0	0.0	0.0
0x437b557d5ff316999d19e501c5e0bdb3bf2509d1	10	3.56	0.3	1027.42	1	89.0	0	49	6.95189959265e-05	0.0	0.0	0.0	0.0	0.0
0x2a8e0ebda46a075d77d197d21292e38d37a20ab3	10	3.56	0.13	188.35	1	68.0	0	162	2.61104941556e-05	0.0	0.0	0.0	0.0	0.0
0x59ae0de4bae0ba8dcf1799adcc206f76c9aea8e0	25	3.56	0.09	194.55	1	95.0	0	107	5.52178332391e-05	0.0	0.0	0.0	0.0	0.0
0xffbbbc174922b27a0995eb51a2a2b083fbb5283e	5	3.55	6.96	11938.81	1	65.0	0	143	3.5880780679e-06	0.0	0.0	0.0	0.0	0.0
0x849adb6964e430a6be07883dcdc217d6c7961ab9	5	3.55	0.92	2358.44	1	36.0	0	85	0.0	0.0	0.0	0.0	0.0	0.0
0xb10df4c0d1c767b3cedd911a30e78d2bfdfb5888	5	3.55	0.51	2640.49	1	100.0	0	47	0.0	0.0	0.0	0.0	0.0	0.0
0x3f18c6f079486edc11819552af386a66be5d3609	25	3.55	0.13	341.25	1	100.0	0	92	0.0	0.0	0.0	0.0	0.0	0.0
0x6c991016b4588b3c73a984b87275f8ff8ea72967	10	3.55	0.05	506.17	1	44.0	0	18	0.0	0.0	0.0	0.0	0.0	0.0
0xa5b4f0c1b6db525ae4dd8cfde50cdfbb491db253	10	3.55	0.04	123.04	1	81.0	0	48	0.0	0.0	0.0	0.0	0.0	0.0
0x74ec62c2376e3b57c8b661bda0b4effd73c0df88	10	3.54	0.42	360.56	2	77.5	0	75	0.0	0.0	0.0	0.0	0.0	0.0
0xc125fa384407c574522a18c17440d437d6767bba	25	3.54	36.2	186544.41	1	100.0	0	24	9.168176440255138e-07	0.0	0.0	0.0	0.0	0.0
0xd8a7eb0609ee5b4899c2dd354fc99fdab3450891	5	3.54	0.05	37.66	1	77.0	0	318	0.0	0.0	0.0	0.0	0.0	0.0
0x48d02c421df013708f5e5a9ccb28182efc4a9de4	25	3.53	0.0	1.51	1	100.0	0	181	6.668675434e-06	0.0	0.0	0.0	0.0	0.0
0x4474328904692ef81b22c7b276db02546d7f5343	10	3.52	0.42	434.94	2	35.5	0	95	0.0	0.0	0.0	0.0	0.0	0.0
0xba4a1a7421ada9c81ab0c6b74648a40d090ab33d	10	3.52	1234.75	142276.89	1	56.0	0	2145	0.0	0.0	0.0	0.0	0.0	0.0
0x49fbde1c7aac3272ca94e0c59acc1ccddf53a27a	5	3.52	0.2	229.69	1	57.0	0	194	0.0	0.0	0.0	0.0	0.0	0.0
0x01ca0fae5480ba25b08c51496bf6c485c2289fbc	15	3.52	0.06	657.88	1	42.0	0	2	0.0	0.0	0.0	0.0	0.0	0.0
0xa83c6a80f54aaaa1163e53834e7ff47717eb12c8	5	3.51	1.84	9569.42	1	30.0	0	46	0.0	0.0	0.0	0.0	0.0	0.0
0xbcb96cb44797931c3129b92dfec777a6fbaafaac	5	3.5	2.34	1172.05	4	97.25	38	29	0.0	0.0	0.0	0.0	0.0	0.0
0x44d103aa1f24075105693349f69b6008dcfc639a	25	3.5	0.22	1145.12	1	95.0	0	30	0.0	0.0	0.0	0.0	0.0	0.0
0xa9155aac94181e96329101228491e665952b4d07	15	3.5	0.02	237.69	1	100.0	0	12	0.0	0.0	0.0	0.0	0.0	0.0
0xbb226555fbb98850273b10b0cf55ad2f99966d20	10	3.48	2275.28	1338138.19	4	84.75	0	90	4.5076864824e-06	0.0	0.0	0.0	0.0	0.0
0x83edba88cb46f4b1dddd94458c2f952f24e95c45	10	3.48	0.0	33.85	1	65.0	0	12	9.26140556578e-05	0.0	0.0	0.0	0.0	0.0
0x5f4ce0a3f3099545cb97d43d2c0e10fcc575f6a8	5	3.47	4.76	25033.62	1	100.0	0	47	1.5429280075807128e-08	0.0	0.0	0.0	0.0	0.0
0xc8d36252240840bf28938077a0ac9d7467027a14	50	3.47	1.53	4028.33	1	98.0	0	74	0.0	0.0	0.0	0.0	0.0	0.0
0x6f5e4eee6ee941c3e639c72e28e379e151e0ae49	25	3.47	0.09	87.97	1	88.0	0	245	6.42663755545e-05	0.0	0.0	0.0	0.0	0.0
0x5b7ad20cc58d6b751922af75dd9cdaad8bdfd3f4	35	3.46	56.99	200654.23	1	100.0	0	65	1.8609774166e-06	0.0	0.0	0.0	0.0	0.0
0x9c1c9a65b57a2c2c53518a5cae3ad64b62fc9848	15	3.46	0.71	1493.06	2	97.0	13	49	0.0	0.0	0.0	0.0	0.0	0.0
0x8325aff2ccc014468cdf20f2538d8534db7a100f	10	3.45	2.05	515.48	6	78.17	0	131	2.584101007248781e-07	0.0	0.0	0.0	0.0	0.0
0xcc42e3814eb13e2e269bb2bbc182429ef36fb00d	10	3.45	3.4	999.03	3	69.33	0	283	1.0079111619395085e-07	0.0	0.0	0.0	0.0	0.0
0x8c580556fdb1f57853e49f409ae9b89f7658e7a2	25	3.45	0.76	1999.09	1	100.0	0	77	0.0	0.0	0.0	0.0	0.0	0.0
0xfcbe02c757d572c7bdea24a9c4443f74563e9d73	10	3.45	0.07	715.05	1	100.0	0	11	0.0	0.0	0.0	0.0	0.0	0.0
0x1ebd06d04873e1cebd4a53cb92577c1f4b64c2c1	15	3.44	3.22	1222.06	2	81.0	319	490	3.7717255707e-06	0.0	0.0	0.0	0.0	0.0
0xca686974913389d42f3c5f61010503daccdb487a	10	3.44	42.26	448583.84	1	70.0	0	16	0.0	0.0	0.0	0.0	0.0	0.0
0x9c599cc2a4941e578e36634e94b8b93cbae01d40	5	3.44	5.46	5796.25	1	91.0	0	228	2.7087461829e-06	0.0	0.0	0.0	0.0	0.0
0x41477ad5c0fa869322c040f327089bd9aa030522	5	3.44	0.7	2476.88	1	85.0	0	56	0.0	0.0	0.0	0.0	0.0	0.0
0xdbb03d6fdd06868d22fc7275b27526626448d319	10	3.44	0.12	51.94	1	97.0	0	552	0.0	0.0	0.0	0.0	0.0	0.0
0x2d05195e3329e227f4db15e2de3f962f6fc87766	5	3.44	0.02	94.74	1	24.0	0	47	0.0	0.0	0.0	0.0	0.0	0.0
0x1e5a573ed7b09386f40f6c560f5f97e8a8e51a12	5	3.43	14.0	9676.99	2	99.0	0	145	0.0	0.0	0.0	0.0	0.0	0.0
0x41e5fd077fb03ba28666c9bdaba82cb90b8ea618	5	3.43	2.3	4887.58	1	100.0	0	120	0.0	0.0	0.0	0.0	0.0	0.0
0xbc10278ac6b45d0d5bb3fd00790e42e528dddc9b	5	3.43	0.21	227.16	1	96.0	0	228	0.0	0.0	0.0	0.0	0.0	0.0
0x58e936c08dfcceb8fa29f355d1ddbd4b17818a8b	5	3.42	0.61	191.84	4	89.0	387	117	4.39318026401736e-08	0.0	0.0	0.0	0.0	0.0
0xb0bada5d45d939a03c6d211d24a61a4418d7cd13	15	3.42	14.51	14990.46	2	100.0	0	71	0.0	1.0	-887272.0	887272.0	0.0	0.0
0xdce62b21a8b1a9b39dd3ded27c876d416cc91b3e	10	3.42	5.03	8917.58	2	91.5	0	53	3.6560303617e-06	0.0	0.0	0.0	0.0	0.0
0xf8a5089ef0eb09183e22f557936134ba20191450	10	3.42	2.07	5530.01	2	96.0	0	33	0.0	0.0	0.0	0.0	0.0	0.0
0x5543c440f7d757e42094bc4f6c140dcde51c9a8d	25	3.42	0.03	108.93	1	100.0	0	67	0.0	0.0	0.0	0.0	0.0	0.0
0xe10347e64b4eb5265c83c538fe7effb1123574e8	25	3.41	0.38	674.76	1	86.0	0	136	0.0	0.0	0.0	0.0	0.0	0.0
0xc09252451831d0c436e11debff4558c66437ab7f	10	3.41	0.12	142.38	1	74.0	0	214	2.7628666465e-06	0.0	0.0	0.0	0.0	0.0
0x5ce867ff9d2bbb14b83dec96a470566819c650ef	5	3.4	3.18	17699.07	2	81.5	0	10	0.0	0.0	0.0	0.0	0.0	0.0
0xc44b50751355698e2f1bcc886ee31e4282068c7d	5	3.4	11.37	9756.8	6	92.33	16	18	7.178769245719252e-08	0.0	0.0	0.0	0.0	0.0
0x83544f6a48ae535350ec73c702758e40493ceb45	5	3.4	13.04	34948.43	1	36.0	0	84	0.0	0.0	0.0	0.0	0.0	0.0
0xbc7e6dbd15bfd7f27ad6648eab0b02b0f91e1128	15	3.4	0.08	836.2	1	100.0	0	12	0.0	0.0	0.0	0.0	0.0	0.0
0xb3521ce0e400bc2bcaf02cf5859e8865f7a30535	25	3.4	0.03	91.29	1	100.0	0	65	0.0	0.0	0.0	0.0	0.0	0.0
0x6fb30693c84fc85ff016f29f1429f2e2d04412da	5	3.39	0.76	4088.95	1	60.0	0	25	0.0	0.0	0.0	0.0	0.0	0.0
0xd5bd29aa9816f2140bfe283a5b3a8f42d2060a8c	20	3.39	0.72	181.47	1	86.0	0	1031	0.0	0.0	0.0	0.0	0.0	0.0
0x7cb552152e2b28f9f6911c51b69b0d8d1fadafe1	5	3.39	0.14	740.01	1	100.0	0	45	0.0	0.0	0.0	0.0	0.0	0.0
0x47835fb86226786c813f103f16f3494fbefe64a0	5	3.39	0.09	235.59	1	89.0	0	77	4.0023723779e-06	0.0	0.0	0.0	0.0	0.0
0x97373ce191e8520c6653e58ebb600ac45d24d30e	5	3.38	2.75	7265.78	3	74.33	0	21	2.6512634458e-06	0.0	0.0	0.0	0.0	0.0
0x72cfb3777f04a4f1fb615f7878b88828f83042ce	35	3.38	0.22	604.24	1	100.0	0	95	0.0	0.0	0.0	0.0	0.0	0.0
0x8207c5bd8a416d014019d469561f43e6265ee429	5	3.38	0.11	379.89	1	100.0	0	49	0.0	0.0	0.0	0.0	0.0	0.0
0x7622f628135378f1b8d1876952de9bab80245f1c	10	3.37	1.92	1093.95	2	44.5	0	212	0.0	0.0	0.0	0.0	0.0	0.0
0x8d4d699abf3044306008c6bea8e78632f999c281	5	3.37	474.78	859758.58	3	100.0	0	99	0.0	0.0	0.0	0.0	0.0	0.0
0xb187f777f5ec424738167a475c4ccc99e3838c58	5	3.37	2.03	5485.89	1	46.0	0	95	0.0	0.0	0.0	0.0	0.0	0.0
0x4c3fa36a3c10fd7a8cd3530a4a9ac6cb7aa341cc	5	3.37	0.0	10.1	1	100.0	0	70	0.0	0.0	0.0	0.0	0.0	0.0
0xf68b6ef6ff1772fc408d5662066a900990853b70	5	3.36	2.02	4888.14	5	69.6	138	39	2.336838278438336e-08	0.0	0.0	0.0	0.0	0.0
0xa45076c87d4502db0ebeaeb31638fe53ce0cb730	10	3.36	0.11	119.66	2	100.0	487	57	9.435106029798136e-08	0.0	0.0	0.0	0.0	0.0
0x87a32e84f4df0405810a08ba8dd186bb2e54704a	10	3.36	0.74	4000.56	1	100.0	0	25	2.800040088679623e-07	0.0	0.0	0.0	0.0	0.0
0x10332169ff34d26e1551393ace14f24882c634d7	25	3.36	0.01	33.18	1	93.0	0	82	4.9621300957e-05	0.0	0.0	0.0	0.0	0.0
0x27b11bcb001d0e751271db594e96b91d1f4a03b9	5	3.35	1.83	507.27	5	67.8	124	193	0.0	0.0	0.0	0.0	0.0	0.0
0x659e42088c214b9889cc2a94ce81e4ba1055aad7	10	3.35	1.05	1437.11	2	52.0	0	104	0.0	0.0	0.0	0.0	0.0	0.0
0x05a2e50c5e4d724897b67b708db432a38c985f83	10	3.35	2.31	25109.41	1	100.0	0	18	7.00564894984268e-07	0.0	0.0	0.0	0.0	0.0
0xc5ce6fea2d97622c00ce3fbf89ad4e90ca50cbed	15	3.35	0.4	2179.22	1	100.0	0	32	0.0	0.0	0.0	0.0	0.0	0.0
0x9381373da9468983bbb5254cb3d8523c8994e698	10	3.35	0.01	90.01	1	100.0	0	9	3.927183023222369e-08	0.0	0.0	0.0	0.0	0.0
0x525808d71e3558cab1bb8c90a9e6d35fdf23e131	15	3.35	0.07	745.91	1	0.0	0	2	1.54628749804e-05	0.0	0.0	0.0	0.0	0.0
0x7572d9bb2ab2f499e53ca744916959976d55a08d	5	3.34	3.02	1090.71	9	87.78	4	55	1.6034218397464883e-08	0.0	0.0	0.0	0.0	0.0
0x7f4b43d3627a34c9ef01a2cc6d98b6b75c6c0a87	15	3.34	0.03	19.88	3	97.33	399	100	0.0	0.0	0.0	0.0	0.0	0.0
0xac50c93883620ce10d8b1882a32867a1284d635e	10	3.34	22.77	49760.09	1	48.0	0	120	5.98378046223e-05	0.0	0.0	0.0	0.0	0.0
0x234dfbd48838323c133a1b857f5ec2309e3845f6	20	3.34	8.79	47971.14	1	100.0	0	29	3.564450956616838e-08	0.0	0.0	0.0	0.0	0.0
0x075267ffca613e8a86cb8eca03655281a0e2137b	10	3.34	0.05	561.96	1	100.0	0	12	2.1898919344565118e-07	0.0	0.0	0.0	0.0	0.0
0xbf91dc943137315abac512022c4c889e2ae5aa94	5	3.33	6.42	6148.67	9	89.56	147	14	0.0	0.0	0.0	0.0	0.0	0.0
0xf55a8bee48aee922002d1cf6027f242c8f50b424	5	3.33	44.01	18913.98	5	48.6	5	28	0.0	0.0	0.0	0.0	0.0	0.0
0x1241de051c6c822809e405806418c0211fd027ca	15	3.33	13.98	38302.54	1	100.0	0	93	1.85035722632e-05	0.0	0.0	0.0	0.0	0.0
0xec0fad661ad4eb6b07a8f175b8aac016c3649cce	25	3.33	1.97	2400.97	1	99.0	0	213	4.48291319621e-05	0.0	0.0	0.0	0.0	0.0
0x7e9c187b0369c5d3e9e1eca56999b45a7c7ac062	5	3.33	0.66	1211.05	1	98.0	0	136	0.0	0.0	0.0	0.0	0.0	0.0
0x29789456149d642eeeff59a6fd7fa63e9b724e81	50	3.33	0.5	609.95	1	100.0	0	208	0.0	0.0	0.0	0.0	0.0	0.0
0x22cca50880e523daef4629609785040efc8da5f5	5	3.33	0.13	716.99	1	62.0	0	29	0.0	0.0	0.0	0.0	0.0	0.0
0xe0e216283eef00895b6abaa73848448596b85724	10	3.32	0.18	199.56	2	55.5	0	107	2.341541605e-06	0.0	0.0	0.0	0.0	0.0
0x2dcd5b2a6897305de4da2bf2b9c73a7ded8972b8	10	3.32	0.09	497.76	1	100.0	0	42	1.6675764435e-06	0.0	0.0	0.0	0.0	0.0
0xf2a1f45d29335107cbf1ff4fba023f3ff4b2ba28	10	3.31	2.72	9990.75	1	100.0	0	67	1.2807095384204106e-07	0.0	0.0	0.0	0.0	0.0
0xe4f1817ac1dd8d59d3cdd2f7b4f27f3a1f4b69ba	15	3.31	0.42	2302.81	1	100.0	0	32	1.6782242262536327e-09	0.0	0.0	0.0	0.0	0.0
0xa100fa6fada1be2041a20ba80c11e8f370c9306b	5	3.3	4.91	13793.83	4	100.0	265	42	2.21586887727554e-08	0.0	0.0	0.0	0.0	0.0
0xb368d7e406a3bb8c04308522559d7de2a6cb41ab	5	3.3	4.32	5387.12	2	96.5	15	39	0.0	0.0	0.0	0.0	0.0	0.0
0xfff81df58b94d3d4a4e07a77d6bf2f5c3034b092	5	3.3	0.27	346.92	2	85.0	374	61	4.3390298409e-06	0.0	0.0	0.0	0.0	0.0
0xcb0fd804a913ee4cb4e8cce26dd5cc8012359b79	25	3.3	0.48	888.64	1	95.0	0	143	0.0	0.0	0.0	0.0	0.0	0.0
0x5ae279a6c89a5029dc09e675bc849ae97984757d	10	3.3	0.28	1546.88	1	100.0	0	30	8.94583263022497e-07	0.0	0.0	0.0	0.0	0.0
0x6c76e4ae81b9d5a7dcf9162a33bbbcc45935295b	5	3.29	3.44	19075.07	1	92.0	0	28	1.7745155123e-06	0.0	0.0	0.0	0.0	0.0
0x6b1fcabca3b1040cd57b9d556408b584e1b1ffe6	20	3.29	0.52	1145.05	1	89.0	0	108	0.0	0.0	0.0	0.0	0.0	0.0
0xfd22dde4bd14e5f23c66ffbabc6cfa4490be0267	15	3.29	0.09	198.54	1	67.0	0	114	5.72107722307e-05	0.0	0.0	0.0	0.0	0.0
0x485b81f578944b83da7969c084713aa98d5d5f2b	25	3.28	0.26	476.38	4	91.25	594	67	2.66607098842e-05	0.0	0.0	0.0	0.0	0.0
0xd550ac5225eddc5ae90730bc2ef7d334cd9bd4b4	30	3.28	0.36	2001.37	1	100.0	0	32	1.2331153875777545e-07	0.0	0.0	0.0	0.0	0.0
0x95be0afb27c2426d9457ceee22edab30650cdcb0	10	3.28	0.18	2004.08	1	100.0	0	13	0.0	0.0	0.0	0.0	0.0	0.0
0xc4f06a2738ded32aa0dac4febfa762aebbbc52f4	35	3.28	0.05	276.06	1	100.0	0	36	7.025829917850501e-08	0.0	0.0	0.0	0.0	0.0
0x1249f6126192d448a38b5edd4c4b5bf5af43d0d8	10	3.27	0.83	3089.81	1	99.0	0	57	0.0	0.0	0.0	0.0	0.0	0.0
0x5fa125ee772e5fd6f5028422751a5e6751993459	5	3.26	2.17	889.66	4	87.5	622	131	0.0	1.0	-887272.0	887272.0	0.0	0.0
0xfb15339d187a76af62698f73d700e1f8536f03bd	15	3.26	0.62	768.55	1	56.0	0	215	6.16114440576e-05	0.0	0.0	0.0	0.0	0.0
0xd8c78c808662f90560f634c6724310b40da1dbac	45	3.26	0.23	1279.95	1	100.0	0	37	1.6483988618e-06	0.0	0.0	0.0	0.0	0.0
0x5a2b3abbcd06f7ed45522dd281596901b760b37c	10	3.26	0.07	55.87	1	98.0	0	336	1.5325754221e-06	0.0	0.0	0.0	0.0	0.0
0xb5dff4b6c180705c12d8243d726f327d574431b8	10	3.25	0.16	201.18	1	60.0	0	202	0.0	0.0	0.0	0.0	0.0	0.0
0xb696623b744a4cf33e23ff142642dda46e1a8dd1	15	3.25	0.07	196.81	2	77.0	0	47	0.0	0.0	0.0	0.0	0.0	0.0
0xd961f88582541e66c9aac22fbcf78c36dc7054c6	5	3.24	2.12	1401.11	3	61.67	35	423	1.589717542789989e-07	0.0	0.0	0.0	0.0	0.0
0xd3257771ec587ed4813dc5c50535cca26222dd49	5	3.24	145.73	76069.3	4	98.5	11	67	0.0	0.0	0.0	0.0	0.0	0.0
0xb827278c482344e5f2000296c5a849d4096ae07f	5	3.24	18.22	20770.56	3	75.67	103	61	2.4383684626e-06	0.0	0.0	0.0	0.0	0.0
0xcabe81196097946aeec9e40e1ffce2446dcf1c0d	5	3.24	1.73	6488.53	1	86.0	0	49	4.15043988621e-05	0.0	0.0	0.0	0.0	0.0
0x2418f2876cef7d9c0ce7fb04bad88077a9e15edd	5	3.24	0.41	1143.74	1	100.0	0	91	5.291506122162559e-08	0.0	0.0	0.0	0.0	0.0
0x822c053377819153f4fba92c5dc33ffb00ba1a72	25	3.24	0.36	2018.48	1	100.0	0	37	0.0	0.0	0.0	0.0	0.0	0.0
0x800db7e9c935e1e83e16139f8cd5b3bbe7cd60a3	50	3.23	0.15	248.8	1	100.0	0	163	4.23862322684e-05	0.0	0.0	0.0	0.0	0.0
0x8703cb33299449766a8390fb98122ab6d0619c0c	25	3.22	0.09	149.15	1	76.0	0	167	0.0	0.0	0.0	0.0	0.0	0.0
0x0486fd8beb09d6412cf93d6ea31a71f2180dfe9e	10	3.22	0.06	156.5	1	80.0	0	75	1.31611781806e-05	0.0	0.0	0.0	0.0	0.0
0xd6f3c1efc88959181c0cb0685fdc1a73daa56611	10	3.21	4.51	886.84	2	87.0	566	599	0.0	0.0	0.0	0.0	0.0	0.0
0xc200b58a4b620a77df3c4415ed07afacd2fef43a	25	3.21	1.97	5586.18	1	100.0	0	73	0.0	0.0	0.0	0.0	0.0	0.0
0xaed5e6cdb9a40282086de49f2aff9195be41443b	25	3.21	0.2	769.31	1	93.0	0	57	6.73537236428e-05	0.0	0.0	0.0	0.0	0.0
0x037a91c5d088cfe66899c2188185d2f890de3027	5	3.2	0.75	1323.15	3	94.33	172	24	3.697950464361573e-08	0.0	0.0	0.0	0.0	0.0
0x1ffa6e44c439f05e9c91d563630b53f8167b4602	25	3.2	0.04	99.66	1	85.0	0	115	4.94490196012e-05	0.0	0.0	0.0	0.0	0.0
0xe1b7a3980498830f158c22b844f663b4ec15cf62	10	3.2	0.01	9.44	1	39.0	0	314	7.454371564463713e-08	0.0	0.0	0.0	0.0	0.0
0x424d3f2df16e128964d77effff22410934cfae47	25	3.19	0.93	10641.01	1	100.0	0	18	0.0	0.0	0.0	0.0	0.0	0.0
0x0aaf0d1eaa181131b9cd4cd9b8b9440e2cd57bb2	10	3.19	0.26	993.97	1	100.0	0	72	2.3895133982e-06	0.0	0.0	0.0	0.0	0.0
0x7e6d553559ec83a5beaab2abeeb378c533e606f7	5	3.17	1.6	1517.07	7	100.0	23	25	1.5382140006181544e-08	0.0	0.0	0.0	0.0	0.0
0x205f1c1ff61eec1d8138c665b827914316874262	5	3.17	13.02	74900.4	1	100.0	0	25	0.0	0.0	0.0	0.0	0.0	0.0
0xfe36dbab33e154d8fc2957ee6e43088f7999eea3	10	3.17	0.43	992.67	1	74.0	0	99	1.36144621354e-05	0.0	0.0	0.0	0.0	0.0
0xe31a3e7c014b180e0eaa4bc083cd8ab6a5a9623e	5	3.16	1.21	1891.79	3	83.0	148	57	0.0	0.0	0.0	0.0	0.0	0.0
0xddcf2e96ea113e7f62bf91e6becdf8e413456269	25	3.15	1.64	3799.37	2	93.5	0	60	0.0	0.0	0.0	0.0	0.0	0.0
0xa982050dc95e4419c656c733a24701603c54e122	10	3.15	0.1	211.45	2	99.5	176	65	0.0	0.0	0.0	0.0	0.0	0.0
0x60e4ad29c634009941c0a3db7a416a9ff3e3349f	10	3.15	7.85	22733.14	1	67.0	0	76	1.19813305499e-05	0.0	0.0	0.0	0.0	0.0
0xf4054880b73019f099d662a945ba595368de37c2	5	3.15	0.08	232.26	1	98.0	0	91	0.0	0.0	0.0	0.0	0.0	0.0
0x07851687a828517a7691fa1df277bce8a3a9ce42	10	3.14	12.15	5357.95	4	69.75	24	187	1.71258918213e-05	0.0	0.0	0.0	0.0	0.0
0x28165971e4d592ca6c45a3786786ec2f6b4b8d23	10	3.14	0.23	1332.73	2	100.0	0	8	4.922197094359149e-07	0.0	0.0	0.0	0.0	0.0
0xd3f8f55b6b244afd86f2d0fb7f2de445cc0c10a8	10	3.14	16.1	8914.94	1	96.0	0	500	0.0	0.0	0.0	0.0	0.0	0.0
0x9f23001ec9a2d34ec22996d3c8508e73b0472d83	10	3.14	1.18	1965.35	1	59.0	0	165	0.0	0.0	0.0	0.0	0.0	0.0
0xdf0879ac6a1517220765d16bf839465669b94420	30	3.14	0.54	1573.99	1	100.0	0	95	0.0	0.0	0.0	0.0	0.0	0.0
0x9f59efa58903d3235ef451f15172f1173e130756	25	3.14	0.04	254.8	1	100.0	0	47	4.9807683533e-06	0.0	0.0	0.0	0.0	0.0
0x65757df30f81d8879f1a57f3061572f01e45b3d5	10	3.13	0.11	624.54	3	88.0	218	53	6.45500516e-06	0.0	0.0	0.0	0.0	0.0
0xf604067175980db8287d076ca3c245eb30733dba	10	3.13	0.19	973.78	2	100.0	0	4	3.1531866007128435e-08	0.0	0.0	0.0	0.0	0.0
0x175ab3277a7803d85e88817ff770185e0002297c	5	3.13	0.08	902.15	1	100.0	0	14	0.0	0.0	0.0	0.0	0.0	0.0
0xcdb0d9481d3b7b29d8b6925332c309f8c17b5f5e	5	3.13	0.08	450.8	1	59.0	0	29	4.4561674461e-06	0.0	0.0	0.0	0.0	0.0
0xd37e5a41d7792e353fa905d9693ffc0b4016068a	15	3.12	2.98	872.39	3	93.67	13	507	0.0	0.0	0.0	0.0	0.0	0.0
0x270bcbce3a095c863c0459ca61c2ce0b8d49ee6c	20	3.12	0.03	68.47	1	100.0	0	100	0.0	0.0	0.0	0.0	0.0	0.0
0xe3964b997f1c7e6dee6ef028d7d2e6bbd3532acc	5	3.11	4.1	1548.57	2	100.0	234	91	0.0	0.0	0.0	0.0	0.0	0.0
0x153b4f4f2c6c284f844a53eb2e097d23b7bfa4dd	25	3.11	2.95	6916.87	1	85.0	0	104	4.41414171215e-05	0.0	0.0	0.0	0.0	0.0
0x4beb806ff9f57eb6f673103eef52a9a86066ef94	10	3.11	0.07	100.43	1	96.0	0	174	5.386107115867844e-08	0.0	0.0	0.0	0.0	0.0
0x12a2416e756c6b356e5de05c4e1b879cc6c7fdb6	5	3.1	0.42	1664.59	1	35.0	0	69	2.45185668101e-05	0.0	0.0	0.0	0.0	0.0
0xd483f17139198b9c4f771b955f8e769b7dffaed4	10	3.1	0.03	89.39	1	92.0	0	92	5.090604382473884e-07	0.0	0.0	0.0	0.0	0.0
0x4deb56a42fc63650b2f0bfb9abe1850e3a091371	5	3.09	98.67	101231.43	5	81.4	31	42	0.0	0.0	0.0	0.0	0.0	0.0
0xba9cd589ca6810ab03d5b100bcedd8a65694452c	5	3.09	8.77	3883.6	6	79.0	56	86	6.010035802361814e-08	0.1666666666666666	-147878.66666666666	147878.66666666666	0.0	0.0
0x6859da14835424957a1e6b397d8026b1d9ff7e1e	10	3.09	218.61	191848.89	2	95.5	457	132	0.0	0.0	0.0	0.0	0.0	0.0
0xc68216dc6a6f1f788e160b2869658df211273025	35	3.09	0.26	521.1	1	98.0	0	142	0.0	0.0	0.0	0.0	0.0	0.0
0x23c043a293b302e146aa9fcf9a9ca937b895dd56	5	3.08	55.91	13063.94	10	59.2	137	54	7.373813004640796e-08	0.0	0.0	0.0	0.0	0.0
0xb18b9492d77e793541adfa3eb9914d233a9ae7f5	10	3.08	0.97	1003.15	5	91.4	179	32	0.0	0.0	0.0	0.0	0.0	0.0
0xd33a97de61e09d26937dd8cf5f7fb511b82ddcc6	5	3.08	14.17	42432.45	2	100.0	7	30	0.0	0.0	0.0	0.0	0.0	0.0
0x2e509d6d90a36c999007eb4e2614dbb141289cb5	5	3.08	5.87	21343.78	2	100.0	86	17	0.0	0.0	0.0	0.0	0.0	0.0
0x2007649e34ac55e4c5ec4b9329033275c55931b5	25	3.08	0.15	315.04	2	100.0	59	51	0.0	0.0	0.0	0.0	0.0	0.0
0xe413be7eb80ed60977646b5580489a2b22a4bec5	50	3.08	0.21	749.82	2	98.5	0	31	6.50481779551626e-08	0.0	0.0	0.0	0.0	0.0
0xfa526350048441d0628df0a430a12fa209e5d176	50	3.08	0.04	61.08	1	100.0	0	149	0.0001695173094118	0.0	0.0	0.0	0.0	0.0
0xe31a3e7c014b180e0eaa4bc083cd8ab6a5a9623e	10	3.07	4.72	1899.22	2	97.5	66	362	0.0	0.0	0.0	0.0	0.0	0.0
0x4f46c9d3257d95e35a2441df2fdf293af13f47d9	10	3.07	5.98	23676.96	1	70.0	0	49	0.0	0.0	0.0	0.0	0.0	0.0
0x093b23e3bc0aa7f60d4335b44bcb9a229c0572d0	10	3.07	0.0	35.85	1	72.0	0	22	0.0	0.0	0.0	0.0	0.0	0.0
0x805dc15914c791cdf367dade6d73789e4da0f39b	5	3.06	531.62	334294.3	3	66.67	27	42	5.08640192927364e-07	0.0	0.0	0.0	0.0	0.0
0x51080797994171fb43be0a034e1aa8c2c3a73c66	10	3.06	0.34	2044.09	1	100.0	0	46	5.078725107132698e-07	0.0	0.0	0.0	0.0	0.0
0x663b299842dd973d42b019866061294451d7e353	5	3.06	0.0	29.34	1	40.0	0	32	6.06754011478e-05	0.0	0.0	0.0	0.0	0.0
0x49ceaeec7268289d70fcafc851d1157d37623aaf	10	3.05	1.79	10690.15	1	100.0	0	30	1.0670079486e-06	0.0	0.0	0.0	0.0	0.0
0x0f81b4382d9ed718e2860361730977a7e23cef4a	10	3.04	0.25	168.03	1	100.0	0	422	0.0	0.0	0.0	0.0	0.0	0.0
0x6d1e0084a6910a8803ab7c22483a1a2db3f1001a	25	3.04	0.0	14.31	1	57.0	0	33	6.07866465718e-05	0.0	0.0	0.0	0.0	0.0
0xa6fbe8f447fe74d39c2d904d521a2819c4ba7c33	10	3.03	23.8	25060.6	2	52.5	193	72	0.0	0.0	0.0	0.0	0.0	0.0
0x256ea8ce9b1e5b12d98bd1ae2c82f0e23e231995	10	3.03	0.43	225.69	1	64.0	0	533	2.2564517698e-06	0.0	0.0	0.0	0.0	0.0
0x81009f3114303ba0ca99aff6257c032d1cbd1e0a	15	3.03	0.1	174.47	1	100.0	0	148	2.58844401579e-05	0.0	0.0	0.0	0.0	0.0
0x9158d82186b893581da3ec5a01e33b82dae6287a	15	3.03	0.04	66.8	1	57.0	0	163	0.0	0.0	0.0	0.0	0.0	0.0
0xd29a527af7365636ef48a4b818ca211abb909a3d	5	3.03	0.02	277.51	1	100.0	0	8	0.0	0.0	0.0	0.0	0.0	0.0
0x83ce0c26203e5f10ea0e140ef5af8a328f1766a7	5	3.02	8.85	17487.41	3	97.0	67	35	0.0	0.0	0.0	0.0	0.0	0.0
0x97d7e0d3832b27588ceb9f821472c9ab75985126	10	3.02	0.74	8990.81	1	81.0	0	12	0.0	0.0	0.0	0.0	0.0	0.0
0x5b2bb85d4f009377c32a40a9a5fcb82d33d033c3	5	3.02	0.4	1619.39	1	90.0	0	51	0.0	0.0	0.0	0.0	0.0	0.0
0x0e6e0c1edadeece8111489325ba25730ad6ae121	5	3.02	0.21	863.5	1	100.0	0	61	1.0988887577667585e-08	0.0	0.0	0.0	0.0	0.0
0xd780a523a3573d02913f7c2fd9bd165792e37c9b	10	3.01	1.64	9906.73	1	82.0	0	39	1.0233305758e-06	0.0	0.0	0.0	0.0	0.0
0x5b5f798b94f54d33ba316c8b1c837e930c90c052	25	3.01	1.04	4207.95	1	68.0	0	71	4.74782232195e-05	0.0	0.0	0.0	0.0	0.0
0x270bcbce3a095c863c0459ca61c2ce0b8d49ee6c	10	3.01	0.01	30.24	1	100.0	0	55	3.170370632687991e-08	0.0	0.0	0.0	0.0	0.0
0x36cfc6bd1541d64387f2cc93cba02d5536c83c96	5	3.0	66.41	100100.7	4	87.5	81	38	0.0	0.0	0.0	0.0	0.0	0.0
0x3a6893640b95e608a7634ffe0233874c18be2641	10	3.0	6.43	2005.12	1	70.0	0	936	1.13137722079e-05	0.0	0.0	0.0	0.0	0.0
0x05ca29cffff00a458e6b5bb45b29ec89fdca763e	5	3.0	0.01	43.99	1	37.0	0	27	0.0	0.0	0.0	0.0	0.0	0.0
0xc68216dc6a6f1f788e160b2869658df211273025	25	2.99	0.73	743.46	1	100.0	0	266	0.0	0.0	0.0	0.0	0.0	0.0
0xe599d135c5c097ae0cd532dd27c60f3df20a40f2	20	2.99	0.36	878.93	1	100.0	0	103	0.0	0.0	0.0	0.0	0.0	0.0
0x3f8f352217687d755c6d7b879eaed1e9141eb66a	10	2.99	0.02	292.24	1	100.0	0	9	0.0	0.0	0.0	0.0	0.0	0.0
0x4ee70fe78bbe346e8e54d27ca572612bab3f83d1	5	2.99	0.01	3.65	1	33.0	0	470	0.0	0.0	0.0	0.0	0.0	0.0
0x10eb84abd429fa4df8dcabbc7c2803822a5b82d9	10	2.98	13.03	79833.37	1	100.0	0	25	0.0	0.0	0.0	0.0	0.0	0.0
0x9252c1a75e3cae382ac6c8fffa4e21c87ad95fab	20	2.98	0.01	93.08	1	9.0	0	11	6.4556981427e-06	0.0	0.0	0.0	0.0	0.0
0xd8c78c808662f90560f634c6724310b40da1dbac	10	2.97	0.83	1355.95	2	78.5	59	72	6.2453851201e-06	0.0	0.0	0.0	0.0	0.0
0x43a996fa50d2f378d707aca9ddcde1c30cb68f63	5	2.97	0.3	3698.57	1	42.0	0	14	5.50290298773e-05	0.0	0.0	0.0	0.0	0.0
0x6be99217c86d8fb15c8284781f84793aba668966	5	2.96	2.95	1046.25	5	77.0	75	99	5.531635460798157e-07	0.0	0.0	0.0	0.0	0.0
0x293c983fd63010f4422d030b8aecf1d35c72a8d7	10	2.96	0.34	835.28	1	58.0	0	116	2.0679425261e-05	0.0	0.0	0.0	0.0	0.0
0xda3381c93a19ae0a8000687101a01ab6e70027ea	5	2.95	4.34	17358.36	2	53.5	257	47	3.11186878765e-05	0.0	0.0	0.0	0.0	0.0
0x3f7c10cbbb1ea1046a80b738b9eaf3217410c7f6	5	2.94	560.93	155788.29	2	76.5	0	679	0.0	0.0	0.0	0.0	0.0	0.0
0x55b533f484e9aebdc30460b59f1e3ffce06d7942	5	2.94	19.81	61543.71	1	32.0	0	82	0.0	0.0	0.0	0.0	0.0	0.0
0x4513a07a0b09b6e734e0c383232058338d74bfd2	15	2.94	0.34	157.99	1	70.0	0	646	0.0	0.0	0.0	0.0	0.0	0.0
0x955c7a95c666bd823d3c9c2ab4fb677fe8b93440	10	2.94	0.16	327.48	1	66.0	0	141	0.0	0.0	0.0	0.0	0.0	0.0
0xd162f43d093260b1ac831a042d3a37aae363dd4b	10	2.93	0.38	1210.48	2	58.5	24	61	0.0	0.0	0.0	0.0	0.0	0.0
0x8f2ca1c48e99d4a23e9595fc734ef9f1ac41ab8f	10	2.93	0.28	242.52	3	76.0	0	82	1.143936971e-06	0.0	0.0	0.0	0.0	0.0
0xe61b0b4c0bbb91bd9b387696e120b1ea05025572	5	2.92	0.26	1240.72	3	89.0	12	7	5.31161945649e-05	0.0	0.0	0.0	0.0	0.0
0x80676d43b0a01cb42689f05d77b3749f0df3ad00	20	2.92	0.36	4517.31	1	86.0	0	22	5.0332249701e-06	0.0	0.0	0.0	0.0	0.0
0x912caf8bbbb1b5bdc01ee527d632753ca793796a	20	2.92	0.3	615.58	1	3.0	0	141	6.14884775651e-05	0.0	0.0	0.0	0.0	0.0
0xa1fb7fa7d0aa54b9f0d2e88599387976bc1fdea1	5	2.92	0.01	8.27	1	85.0	0	242	7.3572515524e-06	0.0	0.0	0.0	0.0	0.0
0xd1d373a6de19f0f8113aa3c677ddb4da4f529d45	5	2.91	2.15	2298.2	4	18.5	126	150	0.0	0.0	0.0	0.0	0.0	0.0
0x15339e114337c83fd6b47543eec9849e129cb0ea	5	2.91	0.19	359.4	2	26.0	0	145	0.0	0.0	0.0	0.0	0.0	0.0
0x6e05c6dd712d17bf56e62bd694c3710d8641d724	15	2.91	1.07	909.57	2	97.5	288	215	0.0	0.0	0.0	0.0	0.0	0.0
0x943c23be6316736b6d029210ecea2e2b0df2ef3e	5	2.91	8.87	19973.23	3	83.67	17	29	6.378397809925218e-09	0.0	0.0	0.0	0.0	0.0
0x7c99794f7e145e006be694ede8f3c8c64e87f820	5	2.91	4.39	5006.67	1	24.0	0	247	1.03939904239e-05	0.0	0.0	0.0	0.0	0.0
0xc9b7f062a8fd06ca0af3055a82692d6d55f64232	5	2.91	1.55	9718.14	1	100.0	0	30	3.226576783532664e-08	0.0	0.0	0.0	0.0	0.0
0x82aa8cb4a57a6339687c0d7488bf59e6a4dd3950	10	2.91	0.05	302.6	1	100.0	0	30	4.6107132334e-06	0.0	0.0	0.0	0.0	0.0
0x4273d592f4000e8f0f6f6b86dbf3a6dc753d64ef	10	2.91	0.02	22.9	1	35.0	0	293	2.82859269340463e-07	0.0	0.0	0.0	0.0	0.0
0x38cf218b837ea409b4c7267c1c7f8af1484d4026	25	2.9	0.04	120.41	2	62.0	0	25	3.39546235239e-05	0.0	0.0	0.0	0.0	0.0
0x5c13b9d1ed03f9e80554b725067a873d43c6246e	20	2.89	1.82	9977.34	2	100.0	190	16	1.5518077378651185e-07	0.0	0.0	0.0	0.0	0.0
0x12ef4c32cca34c18f72f4bdf1b5ebe163c344749	25	2.89	0.05	115.67	1	82.0	0	121	0.0	0.0	0.0	0.0	0.0	0.0
0x8703cb33299449766a8390fb98122ab6d0619c0c	10	2.88	0.11	150.02	2	68.0	0	87	0.0	0.0	0.0	0.0	0.0	0.0
0xa112f61cf3cac6f987af1fb275e955d8eb08723a	25	2.88	1.24	3128.71	1	100.0	0	97	2.877894922370672e-07	0.0	0.0	0.0	0.0	0.0
0x63dfeaa5d75b848a8c70e826681bc3475670fbad	10	2.88	0.08	999.97	1	43.0	0	18	5.69219420154e-05	0.0	0.0	0.0	0.0	0.0
0x8325aff2ccc014468cdf20f2538d8534db7a100f	25	2.87	0.73	405.75	2	57.0	789	442	3.914080171085743e-08	0.0	0.0	0.0	0.0	0.0
0xd8a2cc4ee652625b02b8c2385705527458bdd9f8	25	2.86	5.2	66214.84	1	100.0	0	3	0.0	0.0	0.0	0.0	0.0	0.0
0x75484fe6d1dcb7eb083e314ad52d95a617b22dfb	25	2.86	0.5	581.89	1	100.0	0	262	0.0	0.0	0.0	0.0	0.0	0.0
0x1f925126e37917d25a67d526ed0d47cf0067f69f	5	2.86	0.15	629.64	1	37.0	0	52	0.0	0.0	0.0	0.0	0.0	0.0
0xa1fc2baeaa77cd984c1870b724205012c472ea55	15	2.86	0.0	25.56	1	89.0	0	35	0.0001316882695334	0.0	0.0	0.0	0.0	0.0
0x56ce25417904ace7a828150154c50452a9fe341c	5	2.86	0.0	46.56	1	100.0	0	6	5.667124880481822e-07	0.0	0.0	0.0	0.0	0.0
0x642fcf3e9bb82ec3d31a32dbd0c9d92d82264bb4	25	2.85	10.57	13561.08	2	91.0	0	93	0.0	0.0	0.0	0.0	0.0	0.0
0xca0073964efe7f9422ceb16901018b1db0cc4785	25	2.84	1.01	6470.14	1	100.0	0	35	0.0	0.0	0.0	0.0	0.0	0.0
0x81e8ea69a0cc65c72c8edb2ad4bd48594723dbaa	10	2.84	0.78	1425.54	1	99.0	0	155	8.9318853757e-06	0.0	0.0	0.0	0.0	0.0
0xdc048fb9f1c355d9b93b4db8430941e831ee0573	10	2.84	0.11	144.17	1	62.0	0	217	0.0	0.0	0.0	0.0	0.0	0.0
0xd048e1b5b2939c98891be0c6a4ab47def5bc23d5	40	2.84	0.0	10.06	1	100.0	0	22	0.0	0.0	0.0	0.0	0.0	0.0
0xe69b5f38d2b82e6e390f45789891b45f5583a09a	5	2.83	0.04	327.09	2	100.0	52	7	2.167479196124589e-07	0.0	0.0	0.0	0.0	0.0
0xe8e50f783ac30c5aba5c2f59ed2c2bde08b9a04f	10	2.83	6.83	7350.31	1	97.0	0	275	7.732159357232149e-09	0.0	0.0	0.0	0.0	0.0
0xf7da4555ac3cc6b45c4859b52e4d0b6ce135d974	10	2.83	1.45	9367.12	2	100.0	88	11	0.0	0.0	0.0	0.0	0.0	0.0
0x8816146d40893b9e404305f7de9121c09cb32bdd	5	2.83	0.34	401.33	1	63.0	0	250	6.103174410299061e-07	0.0	0.0	0.0	0.0	0.0
0x80676d43b0a01cb42689f05d77b3749f0df3ad00	25	2.82	2.72	4400.42	1	100.0	0	171	0.0	0.0	0.0	0.0	0.0	0.0
0xc14f4b7d7ed84ffa6203886c0429028e16ceff00	5	2.82	0.34	401.43	1	63.0	0	249	6.062797597294889e-07	0.0	0.0	0.0	0.0	0.0
0x2007649e34ac55e4c5ec4b9329033275c55931b5	10	2.82	0.3	349.36	1	87.0	0	240	4.8112685058e-06	0.0	0.0	0.0	0.0	0.0
0xef6f41fae4715c80684ea1e25446be426323be4e	5	2.82	0.29	3713.38	1	66.0	0	23	0.0	0.0	0.0	0.0	0.0	0.0
0xb9a00b67917b515115e2be7a868d21f519091931	10	2.82	0.08	89.04	1	87.0	0	255	2.3274906446602017e-07	0.0	0.0	0.0	0.0	0.0
0x800db7e9c935e1e83e16139f8cd5b3bbe7cd60a3	25	2.82	0.03	72.0	1	78.0	0	104	4.45997608178e-05	0.0	0.0	0.0	0.0	0.0
0x6a59da0d191a2244b88b43d327bf9765d46a7ad6	25	2.82	0.01	58.77	1	100.0	0	46	0.0	0.0	0.0	0.0	0.0	0.0
0xcfa683464b30777e271b9c21589fdba4e69e68a1	10	2.82	0.01	26.22	1	2.0	0	54	3.73111975981e-05	0.0	0.0	0.0	0.0	0.0
0x9b690e6e6f7fa7a0bb3dcbdf69d5887ab19a50d3	10	2.81	0.46	1000.28	1	96.0	0	120	6.6786194019e-06	0.0	0.0	0.0	0.0	0.0
0x816173709f301a1484218ee00cf05ffeef4eb4cc	5	2.81	0.39	312.8	1	71.0	0	382	1.62849719487e-05	0.0	0.0	0.0	0.0	0.0
0x7ad31e19d82ae46b15831d585c302cda640b3555	5	2.81	0.06	179.6	1	86.0	0	93	1.32429290422e-05	0.0	0.0	0.0	0.0	0.0
0xe55114f2a9aa184f37f2b1fdeb677d6d09340b83	5	2.8	2.11	712.66	2	41.5	0	365	0.0	0.0	0.0	0.0	0.0	0.0
0x9da98cc8e38cef116e3db6c62e495a524400ba3e	15	2.8	19.99	52015.41	1	91.0	0	107	2.83397952105e-05	0.0	0.0	0.0	0.0	0.0
0xff400ce20621b019b27b762c804b29761ebaeb6c	10	2.8	5.77	2423.03	1	98.0	0	742	0.0	0.0	0.0	0.0	0.0	0.0
0x19a837a58f819970a3c044222668ce21ad9fb557	25	2.8	0.51	2233.85	1	100.0	0	58	0.0	0.0	0.0	0.0	0.0	0.0
0xcdc1a0cd70fe094c492485657acd2aac05c024ef	50	2.8	0.07	153.04	1	99.0	0	138	6.03401854259e-05	0.0	0.0	0.0	0.0	0.0
0xd75e421a43638f01d2b0f19ae42938b5264591cf	25	2.79	2.49	9947.53	2	50.0	0	3	3.3100149177e-06	0.0	0.0	0.0	0.0	0.0
0x7f4b43d3627a34c9ef01a2cc6d98b6b75c6c0a87	10	2.79	0.01	23.6	2	59.5	537	49	8.7082193678e-06	0.0	0.0	0.0	0.0	0.0
0x8c064c77364e617ff562b491c10485eb6a4ebc74	5	2.79	0.23	836.87	2	85.5	124	26	0.0	0.0	0.0	0.0	0.0	0.0
0x7812d6b858ef1fdc6b9690b8095814b737cda24f	10	2.79	1.22	455.09	1	95.0	0	830	0.0	0.0	0.0	0.0	0.0	0.0
0xa1fc2baeaa77cd984c1870b724205012c472ea55	30	2.79	0.01	24.24	1	86.0	0	159	0.0	0.0	0.0	0.0	0.0	0.0
0xdd66522e580d95517205f1f74791a7132e2873df	5	2.78	0.02	43.46	2	100.0	73	15	5.670690528258859e-07	0.0	0.0	0.0	0.0	0.0
0xffbaa0de31cd06c0031682e6e991b2515e71192e	5	2.78	2.09	1000.78	2	31.5	433	275	0.0	0.0	0.0	0.0	0.0	0.0
0xc00051815b66f9097162b610a7e1b99a64dbfa49	5	2.78	0.23	1490.59	1	100.0	0	35	1.161615248435055e-08	0.0	0.0	0.0	0.0	0.0
0x10fab6713bfbb7a186858ede16c44e4921871bb6	10	2.78	0.12	793.82	1	100.0	0	30	0.0	0.0	0.0	0.0	0.0	0.0
0xe2127ba22e5e226a56d1c0bab8ca8ac731843747	5	2.77	1.71	841.69	2	66.0	0	324	4.741290599e-06	0.0	0.0	0.0	0.0	0.0
0xa4c63a2e8d0556ddb36c6544625284c663642387	10	2.77	1.7	5613.23	1	100.0	0	86	1.689644602e-06	0.0	0.0	0.0	0.0	0.0
0x4c2d848796722c2c471b44b1a290b1125e1da259	50	2.77	0.04	51.78	1	100.0	0	240	0.0	0.0	0.0	0.0	0.0	0.0
0x29e18e11dad5e7764bf95df1ad34eb713975f1bc	10	2.77	0.03	193.09	1	100.0	0	45	0.0	0.0	0.0	0.0	0.0	0.0
0xfe8ef0f1643d38020dad59945e203bdb4418c320	5	2.77	0.01	24.32	1	28.0	0	105	7.75675368380746e-07	0.0	0.0	0.0	0.0	0.0
0xa4a355802930f3d3325f8269e789502c4585a0a8	25	2.76	0.25	3297.27	1	29.0	0	7	0.0	0.0	0.0	0.0	0.0	0.0
0xbc10278ac6b45d0d5bb3fd00790e42e528dddc9b	15	2.76	0.15	203.55	1	60.0	0	229	0.0	0.0	0.0	0.0	0.0	0.0
0xed21672a9f7fb7ceb0b4fe38a09b02cd4da19a50	5	2.75	1.93	1471.95	2	99.5	0	79	6.185063516905842e-07	0.0	0.0	0.0	0.0	0.0
0x7e6949e70627f746f87577bbbb3bb03f89c23b4f	10	2.75	1.18	1600.7	2	69.0	275	109	2.68516861023e-05	0.0	0.0	0.0	0.0	0.0
0xa1d6a0ddd1d3a7a8d5e44d7ad43401088845def9	50	2.75	0.28	1853.79	2	100.0	0	7	0.0	0.0	0.0	0.0	0.0	0.0
0x5c0796ed4f0b1de9f9eda9fd6fe29562b2a60296	10	2.75	47.8	39605.46	2	94.0	0	189	4.4940453525e-06	0.0	0.0	0.0	0.0	0.0
0x8775a6f925a448cb0e8fd3b60ad563e022cfa3fe	10	2.75	0.04	45.65	1	44.0	0	295	0.0	0.0	0.0	0.0	0.0	0.0
0x25367c74ec6967a3a05cd08a45efe15e58b7146b	5	2.74	130.48	59860.41	1	76.0	0	674	2.29730845457965e-07	0.0	0.0	0.0	0.0	0.0
0xdc25021b6990edfabefc03623351888628a14ae0	10	2.74	0.18	2442.52	1	0.0	0	9	0.0	0.0	0.0	0.0	0.0	0.0
0xbba8ef452f7f34894d6a4deec9cb67bac9769415	25	2.73	0.3	773.28	2	100.0	0	61	0.0	0.0	0.0	0.0	0.0	0.0
0x7ab497c5bd4c3ca292cdd679eed75542e70f85c6	10	2.73	36.86	12415.0	2	97.5	325	477	1.4126793346e-06	0.0	0.0	0.0	0.0	0.0
0x01a0f8f364c2fec07cfcdebd2980da3f950d0410	5	2.73	17.42	232740.71	1	100.0	0	19	8.122019168332884e-07	0.0	0.0	0.0	0.0	0.0
0xc7f5dc322325021dc3954bdb35bde58830f8581d	10	2.73	4.74	6342.47	1	99.0	0	237	0.0	0.0	0.0	0.0	0.0	0.0
0x4500720c4e0e29ab62e13e8526cce1887c789347	10	2.73	2.41	32136.09	1	100.0	0	17	0.0	0.0	0.0	0.0	0.0	0.0
0x88771cf6263924f6d76c06a693be0182e2460115	5	2.73	0.64	428.15	1	31.0	0	478	0.0	0.0	0.0	0.0	0.0	0.0
0xd353ecd864966601b456f0b498d6866cb0986a60	5	2.73	0.16	415.25	1	28.0	0	108	6.35543198512e-05	0.0	0.0	0.0	0.0	0.0
0xd5aa16c8120ea7ea8034ea4757f87d67f3190530	15	2.73	0.07	299.15	1	83.0	0	55	0.0	0.0	0.0	0.0	0.0	0.0
0x8ae4a7aea7e15720bde8a120821c5564cce8f41c	20	2.73	0.03	366.65	1	100.0	0	6	7.846022498370075e-07	0.0	0.0	0.0	0.0	0.0
0x429d821e190fd37fb8572322922efee78bfb9a01	10	2.72	1.44	19342.75	1	100.0	0	0	0.0	0.0	0.0	0.0	0.0	0.0
0x6ba7b6406e12a4c6dc6f96c4c7da06c9ddbf3022	10	2.71	1.81	862.6	4	92.75	508	158	0.0	0.0	0.0	0.0	0.0	0.0
0xbe13b6be9b328fccd55427669b98448e6ed656d8	5	2.71	1.97	2041.82	1	72.0	0	293	1.80600236432e-05	0.0	0.0	0.0	0.0	0.0
0x77ff16823a4ecebdd6a9c9ad6c76f4ccdd4fdabf	25	2.71	0.1	469.15	1	97.0	0	69	0.0001312200846981	0.0	0.0	0.0	0.0	0.0
0xdb1ab9e1aef1cb5fd7bafe1115869293cbbc583a	10	2.71	0.08	556.51	1	72.0	0	33	6.92940150703e-05	0.0	0.0	0.0	0.0	0.0
0xd2f52d97a963e1cd15c249575f13f6c83edd4ded	5	2.71	0.06	14.18	1	37.0	0	1448	0.0	0.0	0.0	0.0	0.0	0.0
0x47a138f58f1e6c88e7de1fe1f4efdd637bb8a49e	5	2.7	0.19	643.84	1	100.0	0	77	0.0	0.0	0.0	0.0	0.0	0.0
0x4991f47d5594d4b659a1c56c04ba865561140908	10	2.7	0.0	13.0	1	67.0	0	76	0.0	0.0	0.0	0.0	0.0	0.0
0x8cd6d52c3372d07c050526a67c4e2c2ee100931c	10	2.69	0.37	151.52	1	96.0	0	773	0.0	0.0	0.0	0.0	0.0	0.0
0x8207c5bd8a416d014019d469561f43e6265ee429	30	2.69	0.1	168.28	1	100.0	0	177	0.0	0.0	0.0	0.0	0.0	0.0
0x22cca50880e523daef4629609785040efc8da5f5	10	2.68	2.22	633.09	5	87.8	161	240	5.7123027619e-06	0.0	0.0	0.0	0.0	0.0
0xf604067175980db8287d076ca3c245eb30733dba	25	2.68	1.23	1690.8	4	98.0	7	37	0.0	0.0	0.0	0.0	0.0	0.0
0x47f4e5ca3d84348004a531be3986c850b6e76e08	5	2.68	16.31	222357.45	1	100.0	0	3	5.076109421686681e-07	0.0	0.0	0.0	0.0	0.0
0x64002c21e6ab93b7c43ed958dfd6e1ac1a4845fe	10	2.68	0.23	388.68	1	100.0	0	182	0.0	0.0	0.0	0.0	0.0	0.0
0x66702555f5ac2de84b7c2fc17e94c723306d4652	25	2.67	1.64	965.61	2	100.0	300	758	5.432618555e-06	0.0	0.0	0.0	0.0	0.0
0x87a1c0494926a91392219408d2b156c1faf7fea6	5	2.67	4.08	3101.07	2	76.5	0	155	0.0	0.0	0.0	0.0	0.0	0.0
0x451248229712d6f207ff9466d8d3a33cb59d103c	10	2.67	1.35	9239.77	1	84.0	0	32	0.0	0.0	0.0	0.0	0.0	0.0
0xbf10bf37f58921941b2c46c8bd1f934a5f744590	5	2.67	1.03	227.35	1	32.0	0	1471	0.0	0.0	0.0	0.0	0.0	0.0
0x6d3ecba58404aebeb370ec7b1e39d296707c57cd	10	2.67	0.99	521.89	1	97.0	0	623	6.0429318216e-06	0.0	0.0	0.0	0.0	0.0
0x9b843f8098d0c17270f474cc24368594ae09070b	5	2.66	0.04	113.43	2	100.0	2	48	1.110337877197054e-07	0.0	0.0	0.0	0.0	0.0
0x148996c84b2a82bd89024d640f4d669c037b0d3f	15	2.66	0.38	1750.78	1	90.0	0	49	6.89214986637e-05	0.0	0.0	0.0	0.0	0.0
0xcbdf2e67f58fcae13fdab5a0771a9241baf721da	10	2.66	0.17	568.47	1	100.0	0	96	1.3230605500069714e-07	0.0	0.0	0.0	0.0	0.0
0x9169f4b4d868a7abc34c94d555ea0040d8931732	10	2.66	0.13	41.51	1	68.0	0	1051	0.0	0.0	0.0	0.0	0.0	0.0
0x444c0f7cef548c98d8cabecf82742e7b27edb1c6	10	2.66	0.03	426.2	1	100.0	0	8	0.0	0.0	0.0	0.0	0.0	0.0
0x2feb12b34a09cac2a518e51e4044a46800ee8ca7	10	2.65	3.06	463.93	12	83.75	30	142	3.3193749600831296e-08	0.0	0.0	0.0	0.0	0.0
0x633bcb12fe73c7eacaec3157a9a52b916add5968	10	2.65	6.35	7413.15	2	100.0	166	42	0.0	0.0	0.0	0.0	0.0	0.0
0xff67b72061871d840cdcda71ede2a11c8ce325b9	5	2.65	0.12	237.74	1	100.0	0	156	0.0	0.0	0.0	0.0	0.0	0.0
0xdf1ccb73a0fe23a5b8f7b75647fe4090bf5a910e	5	2.65	0.08	529.7	1	100.0	0	32	7.322920048125071e-09	0.0	0.0	0.0	0.0	0.0
0x7f0759cb20de8c7a996db6f6c12b33314d0379c3	20	2.64	3.18	8792.3	2	100.0	1199	71	0.0	0.0	0.0	0.0	0.0	0.0
0xb051a9089ac65f0266fc3eb017e358ec79852857	10	2.64	3.86	4211.22	2	85.0	0	134	0.0	0.0	0.0	0.0	0.0	0.0
0xd6b97c294530ed250b64f01f26ff4f28dd6436c1	5	2.64	0.4	798.18	1	69.0	0	165	7.3346592133e-06	0.0	0.0	0.0	0.0	0.0
0xc13e5cf6418edb17b1780e1e8324e65544e79b17	5	2.63	3.38	2915.98	2	27.5	0	252	0.0	0.0	0.0	0.0	0.0	0.0
0x6ba7b6406e12a4c6dc6f96c4c7da06c9ddbf3022	25	2.63	3.05	1105.93	6	84.5	108	192	5.9085764225e-06	0.0	0.0	0.0	0.0	0.0
0xde6ac2604800464ba76039b0f11d05eec622813d	5	2.63	1.33	7505.28	2	78.5	0	27	0.0	0.5	-443636.0	443636.0	0.0	0.0
0xc15fbb3a94d5d95386de36705d02735e056cd826	10	2.63	9.58	6661.73	2	93.5	372	164	3.1507699171e-06	0.0	0.0	0.0	0.0	0.0
0x8868a2eae35f1f53d3f8e464c060be9755c8d51c	25	2.63	0.18	317.22	1	100.0	0	168	0.0	0.0	0.0	0.0	0.0	0.0
0x82578c8618b60d67eff645ae9be8709ffae357e0	10	2.62	0.84	1437.83	3	87.33	562	128	0.0	0.0	0.0	0.0	0.0	0.0
0x2f6e31163a07bf77914b96aeea67b9b0f0dc6ad5	10	2.62	0.6	4154.92	1	94.0	0	28	0.0	0.0	0.0	0.0	0.0	0.0
0x74a68a719545f3d68dc1e6d8d216eeedf232a3fc	10	2.62	0.21	289.05	1	100.0	0	237	1.8274019297e-06	0.0	0.0	0.0	0.0	0.0
0x5362f6dc3052d66c0d618ddc4a8cd475619d929a	10	2.62	0.17	53.4	1	68.0	0	1051	0.0	0.0	0.0	0.0	0.0	0.0
0x29217632b0d8582c2aa3e960a061c59b325cead5	10	2.62	0.02	27.17	1	96.0	0	170	0.0	0.0	0.0	0.0	0.0	0.0
0xcc4ebf57c515893e9d84c0fc1f5bf41cf9da4e19	10	2.61	3.73	3067.86	1	93.0	0	408	0.0	0.0	0.0	0.0	0.0	0.0
0x82b9d8b77f78ba4067913b353720804f553aaace	20	2.61	1.39	9761.08	1	94.0	0	46	0.0	0.0	0.0	0.0	0.0	0.0
0xdc8a96b43cb8c16b06526520b049aec465475116	25	2.61	0.16	198.93	1	100.0	0	244	1.6097515542767837e-07	0.0	0.0	0.0	0.0	0.0
0xd1d4ca20ed0ef9f43c2baed4023353f42b2906f1	15	2.61	0.03	240.12	1	83.0	0	40	0.0	0.0	0.0	0.0	0.0	0.0
0x3205ba3c9e3bc6f947fd95dd18339cae516e40c7	15	2.6	0.19	499.73	2	100.0	30	52	0.0	0.0	0.0	0.0	0.0	0.0
0x537d2444a21dcbc2022f14405b0874b26e4b1c2e	10	2.6	0.77	899.33	1	95.0	0	265	2.9860057204e-06	0.0	0.0	0.0	0.0	0.0
0x59f2b68ae6c13c69c0b6475ddd219dfbcaa4fa31	25	2.6	0.19	883.96	1	100.0	0	50	0.0	0.0	0.0	0.0	0.0	0.0
0x2250a2c15a1ef5a7e9b5b68155b3dc2a819ff80c	25	2.6	0.04	552.65	1	100.0	0	16	0.0	0.0	0.0	0.0	0.0	0.0
0xbbe508a80f201f437fc1813c5955ea7f5e804035	5	2.6	0.02	35.56	1	100.0	0	213	0.0	0.0	0.0	0.0	0.0	0.0
0xf96c8fdcfc9007f669d10ae2e998bc3cc1ab0042	10	2.6	0.01	10.82	1	90.0	0	191	1.40025664285e-05	0.0	0.0	0.0	0.0	0.0
0xc34ebea8d5a0c25bcef36fedd712ee55f3569015	10	2.6	0.01	10.82	1	90.0	0	191	1.48975231595e-05	0.0	0.0	0.0	0.0	0.0
0x941e5cfcf441ae9d2d7d006716b2b7b0396dd323	25	2.59	0.7	1708.87	2	93.5	0	71	4.4178016189e-06	0.0	0.0	0.0	0.0	0.0
0xbe7dd82facd47d3598803f44cb980078466aeba3	10	2.59	0.48	6810.56	1	60.0	0	20	0.0	0.0	0.0	0.0	0.0	0.0
0x88684a23dd3e96bfb9c9800426e78e639c7397ca	10	2.59	0.28	242.49	1	88.0	0	360	6.7886811394e-06	0.0	0.0	0.0	0.0	0.0
0xbd6ec76bc659d0d296be9e2711f04239252dd493	25	2.58	0.02	24.32	3	98.67	0	503	3.3900185103e-06	0.0	0.0	0.0	0.0	0.0
0x75f4e4aa542886c3bc291eb7d08f7a97038e322b	5	2.58	0.13	313.2	2	78.5	0	34	0.0	0.0	0.0	0.0	0.0	0.0
0x8cd31075ebc33d9fd73c21e7f6850b3ea1c901d7	25	2.58	15.61	5298.25	5	100.0	6	103	0.0	0.0	0.0	0.0	0.0	0.0
0xf2b55375ee626254638899f3b7e1671d5380482b	25	2.58	0.15	524.09	1	100.0	0	78	0.0	0.0	0.0	0.0	0.0	0.0
0x4c2d848796722c2c471b44b1a290b1125e1da259	30	2.58	0.08	285.02	1	100.0	0	73	0.0	0.0	0.0	0.0	0.0	0.0
0xf5f862a8b4087b39e7abf82c6c606a8b9d6f2fde	10	2.58	0.01	48.42	1	71.0	0	72	0.0	0.0	0.0	0.0	0.0	0.0
0x9b3f4f5a062a8c3dab9ca674839b8f06aec5d869	10	2.58	0.01	19.08	1	54.0	0	120	5.5778847563e-05	0.0	0.0	0.0	0.0	0.0
0xbfa7349abbaa600bbedad185f7b08229d38e1f2d	50	2.58	0.01	3.63	2	100.0	0	303	0.0	0.0	0.0	0.0	0.0	0.0
0x01f109ac6e947715b3c3c506ee60d324d45edcd3	5	2.57	0.23	635.14	2	32.0	2	29	0.0	0.0	0.0	0.0	0.0	0.0
0x38a1ee03b1e458e097a3a93d18902c4ba410df2f	50	2.57	4.74	5174.84	1	100.0	0	304	3.31741607073e-05	0.0	0.0	0.0	0.0	0.0
0x77b5c24f94afe2e12f67368ae0330dbe1033c78c	30	2.57	2.83	8036.21	1	100.0	0	110	0.0	0.0	0.0	0.0	0.0	0.0
0x062b7d68d25b56726eb8ae4822ad96a2fdda76f1	10	2.57	0.57	734.01	1	97.0	0	256	0.0	0.0	0.0	0.0	0.0	0.0
0x3125a38881b0ec053fa28a8f912248913cc21cc0	5	2.57	0.45	6349.12	1	100.0	0	18	0.0	0.0	0.0	0.0	0.0	0.0
0xd4322e8228c7fd5069cb6c9099233ded30f1d31d	5	2.57	0.02	51.73	1	86.0	0	104	0.0	0.0	0.0	0.0	0.0	0.0
0x82b9d8b77f78ba4067913b353720804f553aaace	10	2.56	7.72	10015.16	1	100.0	0	242	0.0	0.0	0.0	0.0	0.0	0.0
0xec0fad661ad4eb6b07a8f175b8aac016c3649cce	10	2.56	0.96	4563.03	1	100.0	0	50	0.0	0.0	0.0	0.0	0.0	0.0
0xf8913f767d0c2cbd2eded538740be89db0137039	120	2.56	0.35	2502.06	1	100.0	0	45	0.0	0.0	0.0	0.0	0.0	0.0
0xec0663e4f0a695eae3a4b89ccce531c81bd66c7b	5	2.56	0.27	3874.41	1	60.0	0	8	0.0001233966653968	0.0	0.0	0.0	0.0	0.0
0xc94fcb4fc59d0cc11c1f07c238b8ff9ff99f27ca	20	2.56	0.0	64.3	1	100.0	0	3	2.8885749348006584e-08	0.0	0.0	0.0	0.0	0.0
0xa39d7bec2f1f97cd482d08847ebffd079322aa42	35	2.56	0.0	7.81	1	89.0	0	138	0.0	0.0	0.0	0.0	0.0	0.0
0x79b640df03d3f9ed5198a5ff8d0ae3d6d748ca6b	5	2.55	0.12	101.6	4	68.25	702	85	4.774076994840115e-07	0.0	0.0	0.0	0.0	0.0
0x7e5c1a665bfd595a8de3ac91dabb37a65db04096	10	2.55	0.03	23.72	1	96.0	0	477	0.0	0.0	0.0	0.0	0.0	0.0
0x2d05195e3329e227f4db15e2de3f962f6fc87766	20	2.55	0.03	108.19	1	100.0	0	91	0.0	0.0	0.0	0.0	0.0	0.0
0x8cd31075ebc33d9fd73c21e7f6850b3ea1c901d7	10	2.54	3.62	3049.84	3	78.67	251	82	1.2876066546e-06	0.0	0.0	0.0	0.0	0.0
0xe6a8fce2ac5bc33cf88386e67f7d7dac2c655244	10	2.54	7.66	18317.62	1	57.0	0	122	0.0	0.0	0.0	0.0	0.0	0.0
0x297b939e9f88232be3dd165ea20a846440c1dc7b	5	2.54	6.38	91530.09	1	100.0	0	7	2.917553199033307e-07	0.0	0.0	0.0	0.0	0.0
0xe392edd00a716141e4569161aa0bde64d97a6f0e	10	2.54	2.03	2242.21	1	100.0	0	292	0.0	0.0	0.0	0.0	0.0	0.0
0xd22234192cf66368d36155327cc3b33b5ad09425	5	2.54	1.3	3748.89	1	89.0	0	100	1.2198718701e-06	0.0	0.0	0.0	0.0	0.0
0x2fed1fdddec37917482cd66a846227ff7d53ccf3	40	2.54	0.35	1692.21	1	100.0	0	58	0.0	0.0	0.0	0.0	0.0	0.0
0xeeb4c6bbca93bfa5a56e93c0bb58e03b5849d70f	10	2.54	0.15	366.16	1	88.0	0	140	3.7560164645e-06	0.0	0.0	0.0	0.0	0.0
0x6fc54c941604608b7e1702e198e767a76ebb4302	30	2.54	0.0	2.01	1	100.0	0	116	0.0	0.0	0.0	0.0	0.0	0.0
0x892502c67847148c63cfd082e30378e8fb77b0c4	10	2.53	4.15	5014.89	2	100.0	0	131	1.991244391597036e-08	0.0	0.0	0.0	0.0	0.0
0x9e1669410b3b76b0b0a6ad0b6d7a7ddf8f804b0b	10	2.53	4.71	11316.8	2	96.5	40	52	3.3876461968e-06	0.0	0.0	0.0	0.0	0.0
0x8cc011012205343bf01e58c8058a8c83db6c95eb	10	2.52	1.1	527.78	4	99.5	42	79	0.0	0.0	0.0	0.0	0.0	0.0
0xf162ec6644c9fedcbed3985d050fb16758dc81aa	5	2.52	62.58	35969.03	3	56.0	0	88	2.1844386373e-06	0.0	0.0	0.0	0.0	0.0
0x451cfbe715cce467b201c68d411b75fe7032e308	20	2.52	0.03	471.98	1	79.0	0	19	0.0	0.0	0.0	0.0	0.0	0.0
0x0922b44805cb5d90f35f3b9781aff83b47d722d3	20	2.52	0.0	23.85	1	100.0	0	51	0.0	0.0	0.0	0.0	0.0	0.0
0xc1e4ebf1bc81fa64802b2bcef779c4da90f9b646	10	2.51	0.23	418.92	1	90.0	0	181	9.5132998256e-06	0.0	0.0	0.0	0.0	0.0
0xa2b3e9ac31011dbbc8ccaaf2621516fb5336ff3a	15	2.51	0.04	170.35	1	100.0	0	50	0.0	0.0	0.0	0.0	0.0	0.0
0xc26795c6c1106aa27dc2a672511cf1332beb950e	5	2.5	1708.77	797875.12	10	72.9	2	69	1.6110126566104558e-08	0.0	0.0	0.0	0.0	0.0
0x36462932a907aa517672da39ad7790145550c8dd	15	2.5	0.08	145.05	1	100.0	0	188	7.775889931949109e-07	0.0	0.0	0.0	0.0	0.0
0xd9f8b7301959e9001816abd52162782d62c3b3e5	25	2.49	0.0	9.68	1	96.0	0	72	0.0	0.0	0.0	0.0	0.0	0.0
0x5c13b9d1ed03f9e80554b725067a873d43c6246e	15	2.49	0.46	6763.35	1	100.0	0	8	0.0	0.0	0.0	0.0	0.0	0.0
0x2f7fa22bfaf8978fc21bb1ec194e5da603664b23	10	2.49	0.31	2304.81	1	62.0	0	42	2.9313078409e-06	0.0	0.0	0.0	0.0	0.0
0x0057885d383c7a13b16a20cd0426df076d459292	10	2.49	0.01	7.54	1	92.0	0	261	1.34398406181e-05	0.0	0.0	0.0	0.0	0.0
0xb451c5d2f2b746215c05a7b773c1e648265754ae	10	2.48	0.71	2826.95	2	100.0	950	23	0.0	0.0	0.0	0.0	0.0	0.0
0xaec0ae6cfad31f465b820511f0630d59431741c6	35	2.48	1.02	3733.49	1	100.0	0	73	0.0	0.0	0.0	0.0	0.0	0.0
0x5544de3a7a687028c0caf47fc6d4d94a80b638ee	10	2.48	0.3	1486.26	1	100.0	0	56	0.0	0.0	0.0	0.0	0.0	0.0
0x1264b14c36c7279608259a1f06490b82ef33a31d	10	2.48	0.23	1694.62	1	51.0	0	28	5.13925554557e-05	0.0	0.0	0.0	0.0	0.0
0xfe65154036bbd13013f8a786b6aef8023087866e	25	2.48	0.14	711.61	1	100.0	0	63	0.0	0.0	0.0	0.0	0.0	0.0
0x7e45ac061ca96b3995cd6730a0211816fbd5f77e	5	2.48	0.06	173.79	1	100.0	0	97	0.0	0.0	0.0	0.0	0.0	0.0
0xeac50994116569475d8d9aacd70519d471ab2bde	5	2.47	3.86	28502.79	1	100.0	0	24	2.195221782130829e-09	0.0	0.0	0.0	0.0	0.0
0x2a1fbafd2bbe10b824ea0fce3f0030248c75eb0d	25	2.47	0.07	1013.9	1	31.0	0	6	0.0	0.0	0.0	0.0	0.0	0.0
0xe55040a52345d37b68e6cf9b2ee51d489aa80ca4	10	2.47	0.01	9.55	1	94.0	0	280	9.3651070565e-06	0.0	0.0	0.0	0.0	0.0
0xf863276a28a8ca3e7a84c628d3931db6815e35fb	5	2.46	0.07	502.96	2	72.5	0	6	1.9475070001e-06	0.0	0.0	0.0	0.0	0.0
0x7e5c1a665bfd595a8de3ac91dabb37a65db04096	5	2.46	0.04	18.43	3	49.33	180	230	0.0	0.0	0.0	0.0	0.0	0.0
0x213bddf596932002b519864d35d5ac80b74f4262	25	2.46	5.13	3438.96	2	100.0	358	249	0.0	0.0	0.0	0.0	0.0	0.0
0x41ec28eceb137789032b2b505a57c1da829934cd	5	2.46	23.83	10620.62	2	28.0	0	524	0.0	0.0	0.0	0.0	0.0	0.0
0xb243d782448e136e3e81175c291b27f849030f42	15	2.46	6.57	3152.14	1	82.0	0	732	0.0	0.0	0.0	0.0	0.0	0.0
0xcc6208d606da891d81f757e384899dab83f5211d	10	2.46	1.25	4635.71	1	100.0	0	94	4.4062206105977e-07	0.0	0.0	0.0	0.0	0.0
0x66702555f5ac2de84b7c2fc17e94c723306d4652	50	2.46	0.35	875.73	1	100.0	0	126	0.0	0.0	0.0	0.0	0.0	0.0
0x81009f3114303ba0ca99aff6257c032d1cbd1e0a	25	2.46	0.05	176.73	1	74.0	0	73	0.0	0.0	0.0	0.0	0.0	0.0
0x80100f9b12f388bcc04b50a8dc998395ab0c3e77	10	2.46	0.01	9.52	1	94.0	0	280	0.0	0.0	0.0	0.0	0.0	0.0
0xea5dc4894f0a67853f52a79f079d06b81ae7daa4	25	2.45	0.62	934.15	2	86.5	0	107	3.3792520282e-06	0.0	0.0	0.0	0.0	0.0
0x0c4e7870ff6f11e722b9c0e1ea8e930528afa6b5	15	2.45	1.07	1767.24	1	71.0	0	199	3.99528072625e-05	0.0	0.0	0.0	0.0	0.0
0x91173cb47afc3526054c31fe7e4dc25f0f26968b	15	2.45	0.17	431.13	1	95.0	0	143	0.0	0.0	0.0	0.0	0.0	0.0
0xc0a1162c3ff721daa7e0141eb639cfb5765ea589	25	2.44	4.53	17103.62	2	100.0	0	24	0.0	0.0	0.0	0.0	0.0	0.0
0x566f827a4988d4a3eb9da469d8d3d0b536da196e	10	2.44	0.55	685.34	3	94.67	88	76	0.0	0.0	0.0	0.0	0.0	0.0
0x3de07f6241ea78732a4e68e9c0c5f8e6ba690f85	10	2.44	3.34	10006.84	1	100.0	0	100	6.703881894054575e-08	0.0	0.0	0.0	0.0	0.0
0x5d13da62ac7bc2becb7f1c76ea60c75438e45132	15	2.44	1.94	14520.88	1	100.0	0	35	6.240444161420555e-07	0.0	0.0	0.0	0.0	0.0
0xead0575234bdf2fc4f86b6e4f11b4d92587964b0	25	2.44	0.27	440.42	1	63.0	0	199	0.0	0.0	0.0	0.0	0.0	0.0
0x3482e460d7e8108ef7d24a5d7c60133dc5697597	10	2.44	0.07	498.7	1	95.0	0	26	0.0	0.0	0.0	0.0	0.0	0.0
0xe409fecf9fa7c813f866ca7dcc367eec50afacba	25	2.44	0.06	134.16	1	64.0	0	152	6.22374081493e-05	0.0	0.0	0.0	0.0	0.0
0x8b5e2a644d5f3ba0a8d2783ec587871f8389a724	55	2.44	0.01	8.71	1	100.0	0	464	3.01804337743e-05	0.0	0.0	0.0	0.0	0.0
0x451cfbe715cce467b201c68d411b75fe7032e308	10	2.43	2.36	1867.47	1	100.0	0	441	0.0	0.0	0.0	0.0	0.0	0.0
0x22cca50880e523daef4629609785040efc8da5f5	50	2.43	0.1	486.64	1	100.0	0	54	0.0	0.0	0.0	0.0	0.0	0.0
0x0fb680e7de03f32bfe31e774ec10adf5bd5a5f6b	25	2.43	0.04	78.94	1	59.0	0	189	5.35382698729e-05	0.0	0.0	0.0	0.0	0.0
0xb25eb4c082795ee438a6546d096dbc70979958ba	5	2.43	0.03	7.51	1	34.0	0	1623	0.0	0.0	0.0	0.0	0.0	0.0
0xf389d0505af07993f6986e3a7191d3d3d751068f	25	2.43	0.03	444.56	1	100.0	0	20	6.2458067939e-06	0.0	0.0	0.0	0.0	0.0
0xe85624f027f7763b7c150e0ad38f2c640ed4dd29	5	2.42	0.9	2245.34	6	95.0	13	6	1.0732155904709847e-13	0.0	0.0	0.0	0.0	0.0
0x7572d9bb2ab2f499e53ca744916959976d55a08d	10	2.42	0.43	900.96	3	100.0	247	47	0.0	0.0	0.0	0.0	0.0	0.0
0x61e413b917155b2d9637544dd84af9703bf41e39	5	2.42	1.17	4155.05	2	66.5	0	28	4.749743343e-06	0.0	0.0	0.0	0.0	0.0
0xe905c4b8c6e0504e076844e53a08a9cd97fa8e79	10	2.42	0.07	246.49	1	75.0	0	84	7.9644885242e-06	0.0	0.0	0.0	0.0	0.0
0xd6bba09dee0ddc465c22a23cb8548a524eb994c8	10	2.42	0.04	529.92	1	100.0	0	22	0.0	0.0	0.0	0.0	0.0	0.0
0x510750029c91a64c7e36ac20047b91c5862aedfd	25	2.42	0.02	160.04	1	12.0	0	43	5.80300413499e-05	0.0	0.0	0.0	0.0	0.0
0x4786105499c11375bb0857672c2924a1d718a182	10	2.42	0.0	9.39	1	89.0	0	169	1.45967798403e-05	0.0	0.0	0.0	0.0	0.0
0x79df1edc58a048509667fabcb5e706f29b6702f0	5	2.41	0.0	21.04	2	94.5	184	12	3.319566843629218e-12	0.0	0.0	0.0	0.0	0.0
0x25367c74ec6967a3a05cd08a45efe15e58b7146b	15	2.41	84.35	58180.62	1	100.0	0	520	0.0	0.0	0.0	0.0	0.0	0.0
0xa66daaf3e6736cce993b56eced596512a7911df8	5	2.41	6.56	19875.47	1	30.0	0	101	0.0	0.0	0.0	0.0	0.0	0.0
0x3c07fd7df33dc84056e54262156d1dfa6c440a9f	10	2.41	2.37	17984.14	2	100.0	0	24	2.1114560100343738e-08	0.0	0.0	0.0	0.0	0.0
0x71a2a425deb623de19b34ad6c9c006da6ef639af	5	2.41	0.19	725.64	1	86.0	0	76	0.0	0.0	0.0	0.0	0.0	0.0
0x15339e114337c83fd6b47543eec9849e129cb0ea	10	2.41	0.07	133.57	1	35.0	0	186	5.26175270243e-05	0.0	0.0	0.0	0.0	0.0
0x55f5534f878cd4c2048b04884a343af32223c61b	15	2.41	0.01	46.3	1	83.0	0	53	1.29057423747e-05	0.0	0.0	0.0	0.0	0.0
0xcef13daa45ca6ca8b1af80e20280c7e5f6016b3c	10	2.4	1.11	1691.47	1	90.0	0	232	0.0	0.0	0.0	0.0	0.0	0.0
0x3f7474674b17fb1d4e7a80c8ec50a369af15db3d	10	2.4	0.35	1077.21	1	89.0	0	111	4.0420018221e-06	0.0	0.0	0.0	0.0	0.0
0xa72c7f9f1d417c2b097c21119c87577b00dce5cb	25	2.4	0.15	377.86	1	92.0	0	141	0.0	0.0	0.0	0.0	0.0	0.0
0x8440a2e6e763ee99b29dcf663a72896817d6a6fd	25	2.39	1.13	8631.48	1	100.0	0	48	6.2849414672e-06	0.0	0.0	0.0	0.0	0.0
0xd661b2e3b9a34e1c28385950ffae019831c41bfa	10	2.39	1.06	325.12	1	61.0	0	1191	0.0	0.0	0.0	0.0	0.0	0.0
0x0c4e7870ff6f11e722b9c0e1ea8e930528afa6b5	10	2.39	0.42	1584.06	1	100.0	0	95	0.0	0.0	0.0	0.0	0.0	0.0
0xaec0ae6cfad31f465b820511f0630d59431741c6	20	2.39	0.31	954.86	1	100.0	0	108	1.26647518361e-05	0.0	0.0	0.0	0.0	0.0
0xf265ebea8b6fdc17a070953a9866f79b00806ee8	5	2.39	0.01	49.79	1	34.0	0	74	4.148387489e-06	0.0	0.0	0.0	0.0	0.0
0x941e5cfcf441ae9d2d7d006716b2b7b0396dd323	10	2.38	11.22	12308.67	1	95.0	0	314	1.12642610017e-05	0.0	0.0	0.0	0.0	0.0
0x4f46c9d3257d95e35a2441df2fdf293af13f47d9	35	2.38	1.35	20631.42	1	100.0	0	19	2.121821718326089e-07	0.0	0.0	0.0	0.0	0.0
0xb2d9e0fb6a6ce8d579361626726bddd4f1309379	10	2.38	0.96	987.75	1	83.0	0	357	0.0	0.0	0.0	0.0	0.0	0.0
0x921f3af23bf6ac7e142fbd7370411f7fb1601b1d	10	2.38	0.22	370.5	1	97.0	0	210	4.990149959915868e-07	0.0	0.0	0.0	0.0	0.0
0xfeb2df0a1db88c3d304a0a172a3c176370b9368d	10	2.38	0.13	140.41	1	100.0	0	317	0.0	0.0	0.0	0.0	0.0	0.0
0x28165971e4d592ca6c45a3786786ec2f6b4b8d23	35	2.38	0.04	634.52	1	100.0	0	15	0.0	0.0	0.0	0.0	0.0	0.0
0x9424ad1e800c42b2e574c715ca4409d035c385a4	10	2.37	0.24	937.24	1	100.0	0	77	0.0	0.0	0.0	0.0	0.0	0.0
0x2c2e209465d5312e6df0cd5f7d1066f1aff9a953	10	2.37	3.25	7152.88	1	100.0	0	153	0.0	0.0	0.0	0.0	0.0	0.0
0x7f1569669247110a6bfaf0bfc55d4969da2f5407	10	2.36	2.47	2724.52	1	98.0	0	320	3.7515759165e-06	0.0	0.0	0.0	0.0	0.0
0x717d52e84ef30875de52834603c112675cedb7ca	5	2.36	1.74	383.39	1	28.0	0	1666	7.9460208635e-06	0.0	0.0	0.0	0.0	0.0
0xf8a5089ef0eb09183e22f557936134ba20191450	20	2.36	1.11	8552.21	1	100.0	0	44	1.1666319021941265e-07	0.0	0.0	0.0	0.0	0.0
0x1f925126e37917d25a67d526ed0d47cf0067f69f	50	2.36	0.11	840.78	1	100.0	0	33	0.0	0.0	0.0	0.0	0.0	0.0
0x2a5ccaba06fe805b51c0f612c3436d79c9302184	30	2.36	0.07	339.9	1	100.0	0	67	2.016001476867757e-07	0.0	0.0	0.0	0.0	0.0
0xf12889f126af1105d8d349be8d6216a3e340f8f1	25	2.36	0.04	669.3	1	88.0	0	3	0.0001741291450141	0.0	0.0	0.0	0.0	0.0
0x7207bd8b627bb5652bb4d0cf2a1909a1f7e348d3	25	2.36	0.0	1.96	1	56.0	0	54	0.0	0.0	0.0	0.0	0.0	0.0
0xed21672a9f7fb7ceb0b4fe38a09b02cd4da19a50	25	2.35	0.72	950.68	2	100.0	0	34	0.0	0.0	0.0	0.0	0.0	0.0
0xbc31302aa073fce7f2e8ec383cb3f0d10c062365	20	2.35	0.42	728.38	1	82.0	0	192	0.0	0.0	0.0	0.0	0.0	0.0
0x2191eca27b602b7211fbaa469162f9e7e3f1bea1	25	2.35	0.08	294.36	2	100.0	0	40	0.0	0.0	0.0	0.0	0.0	0.0
0x63565663169428048a4c69f278129d1214603b54	5	2.35	0.01	55.89	1	20.0	0	71	1.0907978076e-06	0.0	0.0	0.0	0.0	0.0
0x04b9d539b8ddfef5b1e762332a367c13eb26f9a1	25	2.35	0.01	9.21	1	75.0	0	215	3.00298166222e-05	0.0	0.0	0.0	0.0	0.0
0xd8a7eb0609ee5b4899c2dd354fc99fdab3450891	10	2.35	0.0	9.51	1	100.0	0	97	0.0	0.0	0.0	0.0	0.0	0.0
0x744318995551c5539986b3571b96d06b02547d1a	10	2.34	0.34	99.06	3	91.33	0	422	0.0	0.0	0.0	0.0	0.0	0.0
0xc63b10683360afccf4ad5523a51c83f07ffe8c87	10	2.34	0.6	548.04	1	79.0	0	386	0.0	0.0	0.0	0.0	0.0	0.0
0x1c29082c8e4cc328bef3c03b4affaae49373b078	45	2.34	0.03	263.36	1	100.0	0	36	7.42346295545815e-08	0.0	0.0	0.0	0.0	0.0
0xc8df8ae6e2ed6d0e6ff0a142f59d45ba2669d07e	5	2.34	0.0	11.97	1	59.0	0	14	0.0	0.0	0.0	0.0	0.0	0.0
0x55bdddb45ebf50bfaad6384986577845a3728c63	25	2.33	0.0	18.79	2	66.0	0	6	0.0	0.0	0.0	0.0	0.0	0.0
0xa5ba45f484bc67fe293cf01f7d92d5ba3514dd42	5	2.33	19.91	36966.04	2	90.5	0	260	0.0	0.0	0.0	0.0	0.0	0.0
0x72cfb3777f04a4f1fb615f7878b88828f83042ce	5	2.33	2.5	551.02	1	31.0	0	1680	1.06834018409e-05	0.0	0.0	0.0	0.0	0.0
0xed37e794d1ee39695831a1fd8ea0ad382ff0c684	35	2.33	0.59	2298.63	1	98.0	0	89	0.0	0.0	0.0	0.0	0.0	0.0
0x1249f6126192d448a38b5edd4c4b5bf5af43d0d8	5	2.33	0.39	3086.74	1	96.0	0	34	0.0	0.0	0.0	0.0	0.0	0.0
0x41b28f2024fbf84a6f344cd79f86b497ec3f0f29	50	2.33	0.37	2888.44	1	100.0	0	33	0.0	0.0	0.0	0.0	0.0	0.0
0x1654d6b476d59f5054c2e6c42abef5194141df75	10	2.33	0.33	638.47	1	35.0	0	182	0.0	0.0	0.0	0.0	0.0	0.0
0x55d607ebcdae3d0a5da08d92f115638115972ce0	35	2.33	0.29	320.56	1	100.0	0	315	0.0	0.0	0.0	0.0	0.0	0.0
0x996958ca9da7b98345ca76f584beca7523b9c8cf	50	2.33	0.03	45.89	1	100.0	0	262	0.0	0.0	0.0	0.0	0.0	0.0
0xde6ac2604800464ba76039b0f11d05eec622813d	10	2.32	7.13	24553.96	2	100.0	0	18	0.0	1.0	-887272.0	887272.0	0.0	0.0
0xf3c711c23e9f634cb3cd9f1f9bdd5d1c95d683a5	20	2.32	0.24	954.57	1	100.0	0	72	0.0	0.0	0.0	0.0	0.0	0.0
0x31b735bb71163daa2b2bd0f3df605b9f6c0a1d62	15	2.32	0.01	186.23	1	0.0	0	10	0.0	0.0	0.0	0.0	0.0	0.0
0xf931ad9813998442dcc3e6b7ef22c9baa5371a4a	5	2.32	0.0	30.65	1	100.0	0	5	7.424061365668422e-09	0.0	0.0	0.0	0.0	0.0
0xc125fa384407c574522a18c17440d437d6767bba	10	2.31	170.5	163190.65	2	100.0	41	197	0.0	0.0	0.0	0.0	0.0	0.0
0x4130d96971a2ccd408f3ff75d5bc9daf147b314c	55	2.31	6.4	100964.3	1	61.0	0	3	0.0	0.0	0.0	0.0	0.0	0.0
0x1274f8344dd18752bb9fac53a1c8c55ace58d6cc	5	2.31	1.1	17333.47	1	86.0	0	20	0.0	0.0	0.0	0.0	0.0	0.0
0xffeeb1732aeb273fcf4b6789553b6970da71cbaf	5	2.31	0.12	1907.03	1	100.0	0	2	5.721423335103282e-10	0.0	0.0	0.0	0.0	0.0
0x57a7dd08cf1076d0a4524b2920e0c33e0b660364	10	2.3	0.02	9.02	4	50.25	0	154	4.57765369193e-05	0.0	0.0	0.0	0.0	0.0
0x89a28ac651f0e87dab2f51f03a4e7caee7fc963b	5	2.3	0.66	1163.33	1	70.0	0	201	0.0	0.0	0.0	0.0	0.0	0.0
0xc26ef9e8b5b783aae49bd37fcf94b16b70579c89	15	2.3	0.55	1088.42	1	100.0	0	185	0.0	0.0	0.0	0.0	0.0	0.0
0xf5e46b2e5588f250806bc393792a7d792763b287	10	2.3	0.38	1012.8	1	61.0	0	124	9.8288279626e-06	0.0	0.0	0.0	0.0	0.0
0x36000a35d79b58a24b726104ed8c69ec8ee29ae4	5	2.3	0.19	739.1	1	25.0	0	81	0.0	0.0	0.0	0.0	0.0	0.0
0x3fbd3df54ece58be3719647c9e5bca719ae5cbc4	5	2.3	0.13	2034.23	1	100.0	0	16	0.0	0.0	0.0	0.0	0.0	0.0
0x354b10783337a446703a4b02f9e12b6791a89f54	5	2.3	0.03	100.85	1	83.0	0	77	7.990113015665656e-07	0.0	0.0	0.0	0.0	0.0
0x663b299842dd973d42b019866061294451d7e353	15	2.29	0.04	44.05	2	61.5	0	90	3.84883090065e-05	0.0	0.0	0.0	0.0	0.0
0x5d13da62ac7bc2becb7f1c76ea60c75438e45132	25	2.29	8.5	15112.24	2	95.5	128	81	2.694327722e-06	0.0	0.0	0.0	0.0	0.0
0xcfd126577cdf70582885bfe35a75cd7e5678ec62	5	2.29	5.47	12475.99	1	72.0	0	159	3.9468610602e-06	0.0	0.0	0.0	0.0	0.0
0x42cca1c1d109ff0d997b9b643ae9a059f4fed12e	5	2.29	1.42	22652.71	1	39.0	0	10	0.0	0.0	0.0	0.0	0.0	0.0
0x5db803e1612dd94de98f083746fcc2d15f720040	10	2.29	0.33	2611.58	1	100.0	0	27	6.010238973175319e-08	0.0	0.0	0.0	0.0	0.0
0x64184b3b9d6a89cc4af74eed5bd0940e7f3d98d7	30	2.29	0.01	44.21	1	100.0	0	45	2.4012479782342666e-07	0.0	0.0	0.0	0.0	0.0
0x908c504e45efe254ad1c44423874fa624ac70ef9	25	2.28	0.29	1170.65	1	100.0	0	94	0.0	0.0	0.0	0.0	0.0	0.0
0x8ae4a7aea7e15720bde8a120821c5564cce8f41c	25	2.28	0.07	1148.54	1	100.0	0	6	0.0	0.0	0.0	0.0	0.0	0.0
0xee07dea66e9284a8ddeae1db612f2ce0c4824cac	5	2.28	0.02	264.39	1	100.0	0	19	0.0	0.0	0.0	0.0	0.0	0.0
0x2f8ec6866a50a64ac2d0ce211519c6f4172b770b	5	2.27	0.01	79.31	3	100.0	63	6	0.0	0.0	0.0	0.0	0.0	0.0
0xefaae7dd6a6e2d9db963aa0ad6665dfbe7aa06ac	30	2.27	3.67	14728.83	1	100.0	0	79	4.449875579126683e-07	0.0	0.0	0.0	0.0	0.0
0x34d1a84b4b1bef1490cc85c8877086c9e853e7a2	25	2.27	0.79	1279.16	1	100.0	0	238	0.0	0.0	0.0	0.0	0.0	0.0
0x4c5d1029c2c64fc6477529d5a391ca667a514b4c	20	2.27	0.58	591.85	2	87.5	0	170	1.30166860512e-05	0.0	0.0	0.0	0.0	0.0
0xa9cba222a9e8c6d17a7c6459015f0b08a4c2457c	15	2.27	0.07	579.28	1	90.0	0	41	7.21560857397e-05	0.0	0.0	0.0	0.0	0.0
0xd1be411dff67225dc0e691d036e16e2efd72c33e	10	2.26	4.49	9967.28	3	61.33	0	61	0.0	0.0	0.0	0.0	0.0	0.0
0xd36a7f3189fec7d9215c227cb33348368df55dfd	15	2.26	0.62	9974.72	1	100.0	0	12	6.599445656618741e-07	0.0	0.0	0.0	0.0	0.0
0xfecce90a2d76ac67a145366dce0c970874f7391a	10	2.26	0.05	186.8	1	41.0	0	96	0.0	0.0	0.0	0.0	0.0	0.0
0x2647050446e6437558c6df9313c412ee97ba7d19	25	2.26	0.01	79.8	1	100.0	0	43	0.0	0.0	0.0	0.0	0.0	0.0
0x2c31a9d68715655eafa3739cf6ad0b5246813d3a	10	2.26	0.01	7.37	1	96.0	0	361	1.7542559849e-06	0.0	0.0	0.0	0.0	0.0
0x69c61ccdc2c82788c562b6d011052006f1b0d7eb	25	2.25	0.55	8874.06	1	100.0	0	23	3.1124817834e-06	0.0	0.0	0.0	0.0	0.0
0xbe0f3a1d19e232893d729788537eb7074567d33b	10	2.25	0.01	165.8	1	100.0	0	22	2.0994161964438266e-08	0.0	0.0	0.0	0.0	0.0
0x90ac0d9408726fee758c40709af38ed57b27cc8b	10	2.25	0.01	29.89	1	100.0	0	98	0.0	0.0	0.0	0.0	0.0	0.0
0xeb496a29a13231ed6a4c15b32e5a709fad4af2e5	5	2.25	2.84	2555.7	1	60.0	0	410	0.0	0.0	0.0	0.0	0.0	0.0
0xc82e26f38df2c3ab2eb6a9af92744cba413257c9	10	2.25	0.09	82.49	1	76.0	0	399	0.0	0.0	0.0	0.0	0.0	0.0
0x8fa0ff49618092ec1ea8368c62feb6e856ba7df3	10	2.25	0.04	129.3	1	91.0	0	105	7.460978646e-06	0.0	0.0	0.0	0.0	0.0
0x7472c48649d797e06022f28f4a8f58cb1c001b27	5	2.24	17.71	14290.36	7	83.0	53	53	6.188419142207278e-07	0.0	0.0	0.0	0.0	0.0
0x0fa077a4252a180cf6e485a573ca4f0d33dbb5e5	15	2.24	21.19	43231.72	1	72.0	0	169	0.0	0.0	0.0	0.0	0.0	0.0
0x7f0759cb20de8c7a996db6f6c12b33314d0379c3	10	2.24	0.3	4860.35	1	100.0	0	23	0.0	0.0	0.0	0.0	0.0	0.0
0xcd769f09d0a08a59bc8172ac2ce7577d237eef0c	5	2.24	0.28	250.03	2	70.0	0	193	0.0	0.0	0.0	0.0	0.0	0.0
0x6da43f5ba492912179f648a9978efb1f2b59b396	10	2.24	0.14	194.97	1	100.0	0	267	0.0	0.0	0.0	0.0	0.0	0.0
0x5c9932ee3caf50554c16c7a29f8fc77d6a6d9fed	25	2.24	0.02	273.12	1	5.0	0	20	0.0	0.0	0.0	0.0	0.0	0.0
0xea3a3f6600378d17af1d66dc8a3d32b8b9ce391d	25	2.24	0.01	57.93	1	100.0	0	47	0.0	0.0	0.0	0.0	0.0	0.0
0x654961eea46d79cdc3f2c7d490a6b0daaf3d99a9	15	2.23	0.26	268.29	2	68.0	0	195	0.0	0.0	0.0	0.0	0.0	0.0
0xcb0fd804a913ee4cb4e8cce26dd5cc8012359b79	10	2.23	0.66	630.45	3	75.67	178	110	0.0	0.0	0.0	0.0	0.0	0.0
0x3688355e18b077c01503d9736009874c271c2077	20	2.23	0.58	1057.88	1	80.0	0	196	3.30656963476e-05	0.0	0.0	0.0	0.0	0.0
0x3f7474674b17fb1d4e7a80c8ec50a369af15db3d	25	2.23	0.18	575.47	1	100.0	0	106	2.528155462755421e-09	0.0	0.0	0.0	0.0	0.0
0xc68216dc6a6f1f788e160b2869658df211273025	15	2.23	0.12	491.06	1	93.0	0	80	1.44380213229e-05	0.0	0.0	0.0	0.0	0.0
0xead0575234bdf2fc4f86b6e4f11b4d92587964b0	50	2.22	0.51	2780.27	1	100.0	0	71	0.0	0.0	0.0	0.0	0.0	0.0
0x662ace332b9656ff7378d95880d82e883f992032	5	2.22	0.2	124.55	1	50.0	0	621	0.0	0.0	0.0	0.0	0.0	0.0
0x1852cb2d91b0b367fcbdb809bd35cac4841b2a1a	10	2.21	5.11	41113.45	2	47.0	0	1	4.67396079284e-05	0.0	0.0	0.0	0.0	0.0
0x72111c43d5db79d5016d62f4e06ade54df87c7a3	10	2.21	4.38	24175.36	1	63.0	0	52	7.8079615661e-06	0.0	0.0	0.0	0.0	0.0
0x0fc5529117edb4f728d0b8ff82b63fceb10869d0	5	2.21	0.68	3740.16	1	27.0	0	52	0.0	0.0	0.0	0.0	0.0	0.0
0x366f295d9183f3e90c049dc65a8cf8eb9ebc594c	5	2.21	0.39	6364.76	1	100.0	0	5	4.860216007429585e-07	0.0	0.0	0.0	0.0	0.0
0xc5ee3ad4fa356b1c7b8a0717b0632f82faaebfb2	50	2.21	0.16	898.62	1	100.0	0	72	0.0	0.0	0.0	0.0	0.0	0.0
0xf43df57b6c2b52cc16ec9284b635ce11c4070acb	50	2.21	0.11	595.38	1	100.0	0	48	0.0	0.0	0.0	0.0	0.0	0.0
0xc2f3d29d6a221c9d721e2aab424d7b37ac9147ab	15	2.21	0.04	161.5	1	92.0	0	74	5.0142318297e-06	0.0	0.0	0.0	0.0	0.0
0x5b2bb85d4f009377c32a40a9a5fcb82d33d033c3	10	2.2	1.46	2564.32	3	83.67	0	60	2.8364666948e-06	0.0	0.0	0.0	0.0	0.0
0x9320ed7b32db6156e68b8b5d118cc0475c488a57	20	2.2	9.61	31842.88	1	100.0	0	99	0.0	0.0	0.0	0.0	0.0	0.0
0xc13e5cf6418edb17b1780e1e8324e65544e79b17	10	2.2	3.38	2798.6	1	80.0	0	471	4.5921341729e-06	0.0	0.0	0.0	0.0	0.0
0xcd36a43e68385973aff5d92e921eac2d33549d60	5	2.2	3.01	49884.72	1	100.0	0	7	1.2499090651374445e-08	0.0	0.0	0.0	0.0	0.0
0x55842426ecf8bc5ae830550e9cc8936ddccb253c	25	2.2	0.71	202.27	1	100.0	0	1373	1.69850950526e-05	0.0	0.0	0.0	0.0	0.0
0xd7109f8d3ea1d2329704266cd2cab861e4816707	25	2.2	0.02	17.99	1	71.0	0	476	0.0	0.0	0.0	0.0	0.0	0.0
0xbbfc680aa2580d54af4f00feb6f22e744b547bc6	25	2.19	0.11	300.39	2	100.0	34	65	0.0	0.0	0.0	0.0	0.0	0.0
0xa634845c3c848f5ac3abcd85bfc53502ece2a799	20	2.19	0.25	4187.53	1	100.0	0	13	0.0	0.0	0.0	0.0	0.0	0.0
0x4309ef6ca59940901d48c1257f501792b86ad5c0	15	2.19	0.19	1033.6	1	100.0	0	51	0.0	0.0	0.0	0.0	0.0	0.0
0xbe05257d3e244aba3bd125116011aed4c5f60a56	25	2.19	0.09	710.59	1	100.0	0	26	0.0	0.0	0.0	0.0	0.0	0.0
0x8440a2e6e763ee99b29dcf663a72896817d6a6fd	20	2.18	24.93	13489.07	1	98.0	0	742	0.0	0.0	0.0	0.0	0.0	0.0
0x7818e2d40cc8195c0bfa7d2af44548e2038091ac	5	2.18	0.84	14157.01	1	100.0	0	5	0.0	0.0	0.0	0.0	0.0	0.0
0x94fb63c1298b2e11e24f53c5c1d391f6a3a62ff3	25	2.18	0.28	1561.13	1	100.0	0	55	0.0	0.0	0.0	0.0	0.0	0.0
0xc7d0fe5d1b6bc13289fafbcaa29b1195280e0371	5	2.18	0.0	61.07	1	100.0	0	10	0.0	0.0	0.0	0.0	0.0	0.0
0xf83f7fda18ed2100ab5b0e24dd49e81ead4b46a1	10	2.17	2.67	1322.35	3	60.33	0	259	1.0997888118e-06	0.0	0.0	0.0	0.0	0.0
0x198fb8cc2780e1484f8bd018b93fba9c59eb0163	25	2.17	25.1	30103.36	1	59.0	0	331	0.0	0.0	0.0	0.0	0.0	0.0
0xefaae7dd6a6e2d9db963aa0ad6665dfbe7aa06ac	5	2.17	12.37	20773.47	1	22.0	0	233	0.0	0.0	0.0	0.0	0.0	0.0
0x89b8b30bb630d902f3aec4cf25171155b9e391ba	15	2.17	1.5	2100.5	1	40.0	0	284	0.0	0.0	0.0	0.0	0.0	0.0
0xb0b0eb2b7253b7202e391e5123426f7c712f6d27	5	2.16	0.06	94.46	2	100.0	248	47	6.365782345696402e-07	0.0	0.0	0.0	0.0	0.0
0x7888ed5c6f056bc01d5475b0ef8a6e6d8eb32959	10	2.16	0.25	1923.59	2	100.0	2	7	2.861878956039732e-07	0.0	0.0	0.0	0.0	0.0
0x1a485a1d4aa0432b811a4f85796a01fbe9a03c62	20	2.16	43.32	17403.04	1	100.0	0	992	2.7302471838e-06	0.0	0.0	0.0	0.0	0.0
0xb0341cb2e606e55beab74a721a6bae1daa86ebed	10	2.16	0.42	1406.01	1	100.0	0	97	1.33921396194836e-07	0.0	0.0	0.0	0.0	0.0
0xfcf03f73d6259ed8ee89eade210980d0d47b2374	25	2.16	0.04	79.85	1	53.0	0	213	5.32754544479e-05	0.0	0.0	0.0	0.0	0.0
0x9252c1a75e3cae382ac6c8fffa4e21c87ad95fab	30	2.16	0.03	91.91	1	100.0	0	143	0.0	0.0	0.0	0.0	0.0	0.0
0x900501f7806bf181cf23a7e66b97949cd126e1f6	5	2.16	0.03	49.6	1	69.0	0	193	0.0	0.0	0.0	0.0	0.0	0.0
0xbc2086c30b7db99e8953f3e4065736a474e2e7cb	5	2.16	0.02	121.11	1	91.0	0	52	0.0	0.0	0.0	0.0	0.0	0.0
0x9e1669410b3b76b0b0a6ad0b6d7a7ddf8f804b0b	20	2.15	4.55	11121.26	2	83.0	0	70	0.0	0.0	0.0	0.0	0.0	0.0
0x82b9d8b77f78ba4067913b353720804f553aaace	25	2.15	8.26	10015.92	1	100.0	0	336	7.95838284162187e-08	0.0	0.0	0.0	0.0	0.0
0x39d27f1157b6fd3a711263788431c036442d760b	10	2.15	0.69	1956.28	1	70.0	0	143	0.0	0.0	0.0	0.0	0.0	0.0
0xecab0d951c512190626779bc30b35f3a523b3897	10	2.15	0.24	187.55	1	76.0	0	505	3.8008870495e-06	0.0	0.0	0.0	0.0	0.0
0xd655428a4a5d655bcd89f1fa5d10f47976dd599e	10	2.15	0.1	23.68	1	48.0	0	1792	0.0	0.0	0.0	0.0	0.0	0.0
0x35ead3a1bd490c62d7ff37bfce4d0f82928f6406	5	2.15	0.14	166.81	2	74.0	0	146	0.0	0.0	0.0	0.0	0.0	0.0
0x2b7fa2676c5c52f4adef484908417d53c4e419fa	25	2.15	0.04	78.75	1	52.0	0	212	0.0	0.0	0.0	0.0	0.0	0.0
0x3c5cd5f0a510180dbe5ad4cad6c1a9a1c95bba9c	25	2.15	0.01	71.23	1	100.0	0	42	0.0	0.0	0.0	0.0	0.0	0.0
0x9220aa515cd8914d740fa6e586bb69a5de8c158d	25	2.15	0.0	56.73	1	7.0	0	14	0.0	0.0	0.0	0.0	0.0	0.0
0x694b9c8f67578dfb91eb36e6c46b92a68acfc731	15	2.14	0.14	351.05	3	93.67	31	48	9.1606575843e-06	0.0	0.0	0.0	0.0	0.0
0x888fe9dd46522ef4c9cc7fba000d688cf31505b8	10	2.14	0.5	612.57	1	80.0	0	333	1.2449944875e-05	0.0	0.0	0.0	0.0	0.0
0xf18a489314a420808bb75417745dc96fa77dfd68	25	2.14	0.49	117.89	1	100.0	0	1691	0.0	0.0	0.0	0.0	0.0	0.0
0xa3e7d06b5b0178b43b664ec4b53c4b4a1c107699	5	2.14	0.45	3804.59	1	100.0	0	43	2.2400714616566123e-08	0.0	0.0	0.0	0.0	0.0
0x8cabca466bce9c1d4f6b273f1f49b46cb5b8967d	10	2.14	0.1	159.21	1	94.0	0	244	0.0	0.0	0.0	0.0	0.0	0.0
0xad42e50c00ac56c5e37e3a36bfdf06853e00f9f8	25	2.14	0.04	78.89	1	52.0	0	212	0.0	0.0	0.0	0.0	0.0	0.0
0x81a4ff3c92e43b5ea99703e6ae8132ac13c66d2f	25	2.14	0.04	78.77	1	52.0	0	212	0.0	0.0	0.0	0.0	0.0	0.0
0x769bb55726377af59aab98ffcefd8c2690978f3e	25	2.14	0.04	78.87	1	52.0	0	212	0.0	0.0	0.0	0.0	0.0	0.0
0x2baf8f61f15bb1c23403c9b48c365ad6f488ed16	25	2.14	0.04	78.88	1	52.0	0	212	0.0	0.0	0.0	0.0	0.0	0.0
0xae7bc5278ce1da1f3a8651ff3bac1aec365e62b5	25	2.14	0.04	78.88	1	52.0	0	212	0.0	0.0	0.0	0.0	0.0	0.0
0x46c35fe385c1a17993102c547aa196ffa4add56b	25	2.14	0.04	78.88	1	52.0	0	212	5.31378201884e-05	0.0	0.0	0.0	0.0	0.0
0x10f47d2560035cf16c00a01ea767a5da8cec421a	50	2.14	0.04	62.18	1	100.0	0	238	0.0	0.0	0.0	0.0	0.0	0.0
0xd3b45bbd86dcb8e00269355f690a1bb151ff563f	15	2.14	0.02	161.99	1	100.0	0	29	0.0	0.0	0.0	0.0	0.0	0.0
0xfdb124030068b4598d1f31061067c45cc399e6bb	5	2.13	1.49	6071.37	3	100.0	0	2	2.4712084230789816e-10	0.0	0.0	0.0	0.0	0.0
0xacd37800e67ce9a35bf6cef176be1303d73f8f29	45	2.13	5.13	87724.74	1	100.0	0	17	1.4127716774225973e-07	0.0	0.0	0.0	0.0	0.0
0xc0ea42864f9086c233025c714ac0b0dc9adbe8df	50	2.13	0.21	352.71	1	99.0	0	237	0.0	0.0	0.0	0.0	0.0	0.0
0x42d45f51f3c21ef6a1c716004df3d788db79fff1	10	2.13	0.1	113.74	1	35.0	0	348	5.27692319951e-05	0.0	0.0	0.0	0.0	0.0
0x9fe831c1fd0621d104b2094fd307238e2c24110e	25	2.13	0.04	78.88	1	52.0	0	212	0.0	0.0	0.0	0.0	0.0	0.0
0x2b22e750704b60ddd4986af5d108490eb6a5f64e	25	2.13	0.04	78.88	1	52.0	0	212	0.0	0.0	0.0	0.0	0.0	0.0
0xd6e2fbc79f2b6b76d3d3c611d46c6c603bc1b5de	5	2.13	0.17	2835.97	1	100.0	0	4	2.413580446614105e-09	0.0	0.0	0.0	0.0	0.0
0x08ab4e5199a5e8bd9575bba899a9561a7cfe8fd6	50	2.12	0.52	492.86	1	100.0	0	432	0.0	0.0	0.0	0.0	0.0	0.0
0xd4ef44c8c2805b47eac1ef54872b54f681970c3c	25	2.12	0.0	65.32	1	100.0	0	22	0.0	0.0	0.0	0.0	0.0	0.0
0x4d3dba3c5c47e03bdb158dce7fb40fbef1890720	25	2.11	27.65	22417.25	3	100.0	0	146	7.210230338709304e-07	0.0	0.0	0.0	0.0	0.0
0x8a57f0b83ef42e7f24f6054d0df17cfe1c03bd8f	10	2.11	1.59	3044.31	3	82.33	81	51	0.0	0.0	0.0	0.0	0.0	0.0
0x499771b769d706ebead88efbef2248692d68ac5d	10	2.11	2.84	3272.32	1	98.0	0	342	1.28692850265e-05	0.0	0.0	0.0	0.0	0.0
0x4963373675ff0678134683e71e72141fd8d9a548	15	2.11	2.34	1554.23	1	100.0	0	602	0.0	0.0	0.0	0.0	0.0	0.0
0x807fa5a24a79ab628e7ea7ea058c58cc8aa3eae0	15	2.11	2.2	9535.66	1	99.0	0	88	0.0	0.0	0.0	0.0	0.0	0.0
0x9604c3730c9eb16ec7041c3f0a3e5fb5dec0a019	15	2.11	0.51	2219.73	1	100.0	0	78	0.0	0.0	0.0	0.0	0.0	0.0
0xd9cf2e3e07955af2f272030e35a948326cf733f7	50	2.1	0.0	117.18	2	100.0	45	7	0.0	0.0	0.0	0.0	0.0	0.0
0x554d347580d9b3d70644ae13c035805d36596aaa	10	2.1	1.38	4006.17	1	100.0	0	133	0.0	0.0	0.0	0.0	0.0	0.0
0x33367d0af22643eef5f20451b0340ae4858ffaa2	5	2.1	0.27	4686.4	1	100.0	0	2	6.1950444774083735e-12	0.0	0.0	0.0	0.0	0.0
0xc63b10683360afccf4ad5523a51c83f07ffe8c87	5	2.1	0.09	255.59	1	61.0	0	144	0.0	0.0	0.0	0.0	0.0	0.0
0xc5d16847874f3c47c5dfec353d01105896459d0f	25	2.1	0.02	133.48	1	43.0	0	49	0.0	0.0	0.0	0.0	0.0	0.0
0xc41bbd17545bff719ddc624f22c861f0032f7f5a	5	2.09	0.6	1537.1	3	90.0	36	24	0.0	0.0	0.0	0.0	0.0	0.0
0xd4322e8228c7fd5069cb6c9099233ded30f1d31d	10	2.09	0.12	51.75	2	75.0	0	453	0.0	0.0	0.0	0.0	0.0	0.0
0x807fa5a24a79ab628e7ea7ea058c58cc8aa3eae0	40	2.09	2.72	6767.35	1	100.0	0	160	0.0	0.0	0.0	0.0	0.0	0.0
0xc7887b1bdc62909d992a94ac828bcab2113370e0	15	2.09	0.46	257.43	1	96.0	0	737	0.0	0.0	0.0	0.0	0.0	0.0
0x77fe051ec66db6c444386918600116b047b664e5	10	2.09	0.31	778.95	1	100.0	0	164	8.237342252748192e-07	0.0	0.0	0.0	0.0	0.0
0xdb93440afab57da665126084eddf9ac9f91c9a82	5	2.09	0.28	4911.37	1	78.0	0	8	0.0	0.0	0.0	0.0	0.0	0.0
0x6c991016b4588b3c73a984b87275f8ff8ea72967	25	2.09	0.23	505.68	1	89.0	0	177	0.0	0.0	0.0	0.0	0.0	0.0
0x83c106ac14ec46ba90d69992ff2c5815f2a5b3db	35	2.09	0.04	70.35	1	71.0	0	193	9.49298010199e-05	0.0	0.0	0.0	0.0	0.0
0xd164aadb8444d07f13ae8dca3cdfb6ad2b78486e	25	2.09	0.01	45.74	1	57.0	0	76	6.05590969371e-05	0.0	0.0	0.0	0.0	0.0
0x02b8231efa006258ecf20f570b919ab6b1d3ab12	5	2.08	2.09	7344.05	3	69.33	93	30	1.667415254e-06	0.0	0.0	0.0	0.0	0.0
0xd1301dc2e061f7a59e8809bfbe9f81ac84e4ff12	25	2.08	0.03	109.65	2	100.0	0	27	3.4645064594940317e-10	0.0	0.0	0.0	0.0	0.0
0xd5db2085a97057262306ef72f58550c50f5ca087	25	2.08	0.91	1085.51	2	67.5	0	189	6.0775033045e-05	0.0	0.0	0.0	0.0	0.0
0xb243d782448e136e3e81175c291b27f849030f42	10	2.08	5.59	3165.73	1	79.0	0	720	1.1630727936e-06	0.0	0.0	0.0	0.0	0.0
0x7ca9bcb4de58d6ebfbf32cc8010ff63f054e682c	5	2.08	0.22	85.43	1	35.0	0	1056	0.0	0.0	0.0	0.0	0.0	0.0
0xd5aa16c8120ea7ea8034ea4757f87d67f3190530	25	2.08	0.13	317.35	1	85.0	0	152	0.0	0.0	0.0	0.0	0.0	0.0
0x8cd6d52c3372d07c050526a67c4e2c2ee100931c	15	2.08	0.13	109.74	1	99.0	0	479	1.527288207e-06	0.0	0.0	0.0	0.0	0.0
0x7e6d553559ec83a5beaab2abeeb378c533e606f7	25	2.08	0.12	2099.46	1	100.0	0	17	0.0	0.0	0.0	0.0	0.0	0.0
0x265d2d77c1261fe3b596701a5372029ba2d1b3d3	25	2.08	0.0	6.82	2	100.0	0	67	0.0	0.0	0.0	0.0	0.0	0.0
0xdbe4a0ac6947864385cbb3913f569b3589c38737	25	2.07	0.1	178.56	2	100.0	0	49	0.0	0.0	0.0	0.0	0.0	0.0
0x694b9c8f67578dfb91eb36e6c46b92a68acfc731	10	2.07	0.12	361.81	2	87.0	83	63	0.0	0.0	0.0	0.0	0.0	0.0
0xb81b2c2c2dcc00ecd0a15ebbebe0dd1cffc19dbe	20	2.07	3.6	15862.1	1	100.0	0	93	0.0	0.0	0.0	0.0	0.0	0.0
0xcd7521e73b29b04fff320e23c68927e54e9ab7d9	50	2.07	1.58	1990.8	1	100.0	0	317	0.0	0.0	0.0	0.0	0.0	0.0
0xcc42e3814eb13e2e269bb2bbc182429ef36fb00d	25	2.07	0.68	1000.08	1	100.0	0	283	0.0	0.0	0.0	0.0	0.0	0.0
0x0494f503912c101bfd76b88e4f5d8a33de284d1a	10	2.07	0.35	6144.85	1	100.0	0	16	4.925149177381627e-09	0.0	0.0	0.0	0.0	0.0
0x178cf263059d7485e8747250a7bdc78f67439405	10	2.07	0.31	247.94	1	97.0	0	508	3.2226322721484735e-07	0.0	0.0	0.0	0.0	0.0
0xb5311b189ea1ebddf12ae6f14322cd048ca00775	25	2.07	0.2	1149.07	1	100.0	0	66	5.817781478789641e-07	0.0	0.0	0.0	0.0	0.0
0x24592efb4a8c9da999cc9ca66e8e96b086ea9eb6	10	2.07	0.07	234.33	1	100.0	0	98	0.0	0.0	0.0	0.0	0.0	0.0
0x6e8e930525d80196187705b0bf43fa1802c91788	100	2.07	0.0	66.08	1	100.0	0	17	0.0	0.0	0.0	0.0	0.0	0.0
0x52b5757720f370c3e79e0907ebc7787d3af2b48a	50	2.06	0.08	134.04	1	100.0	0	262	0.0	0.0	0.0	0.0	0.0	0.0
0x5fd4cb2fe9286236547e57f1dd4ebcd307332462	50	2.06	0.02	27.57	1	100.0	0	384	0.0	0.0	0.0	0.0	0.0	0.0
0xb177da4ec6b12dd4ff75b60b5aae55394ed35245	10	2.05	0.63	553.25	5	95.2	218	75	0.0	0.0	0.0	0.0	0.0	0.0
0x0a50f9a2e782224e3a6d8d3db2d84313bb6270ba	25	2.05	0.03	30.29	1	100.0	0	428	0.0	0.0	0.0	0.0	0.0	0.0
0x67a61ca6158b07f26c962b48af7f3b24cfb08692	10	2.04	2.19	972.69	2	66.0	81	270	1.20201253506e-05	0.0	0.0	0.0	0.0	0.0
0xeeb4c6bbca93bfa5a56e93c0bb58e03b5849d70f	5	2.04	0.13	362.22	2	61.5	0	71	1.5933794172e-06	0.0	0.0	0.0	0.0	0.0
0x69a21c190aebab0bf16ed3a0091ae07811ea8fc8	5	2.04	0.38	1135.95	1	68.0	0	125	0.0	0.0	0.0	0.0	0.0	0.0
0xefca44ff6cbe1e7557250e77aed4cbf9d22ab50a	25	2.04	0.27	442.21	1	51.0	0	251	0.0	0.0	0.0	0.0	0.0	0.0
0x24b9db4eec2602a731a7241931a5e5e66f0c2bf8	5	2.04	0.13	326.77	1	47.0	0	146	4.9912065369e-06	0.0	0.0	0.0	0.0	0.0
0x7e68430e70378fa44fe178bb76a10ccc9db59d1a	5	2.04	0.04	640.04	1	100.0	0	3	0.0	0.0	0.0	0.0	0.0	0.0
0x45e2a28d38e83f984cb08acce7747a8685cef68e	25	2.04	0.01	31.4	1	100.0	0	49	0.0	0.0	0.0	0.0	0.0	0.0
0xa12ffd09f6c28c949c50a1c7cf1a2e6efa16fe6f	10	2.04	0.0	15.71	1	52.0	0	15	0.0	0.0	0.0	0.0	0.0	0.0
0x0c999f497985f6b045cd75aef773f324546faa61	10	2.03	0.14	185.88	2	94.5	0	167	3.1176183856729274e-08	0.0	0.0	0.0	0.0	0.0
0x9ced0ab82d0af54691821786ea6123e809275d01	15	2.03	0.77	995.52	1	100.0	0	322	0.0	0.0	0.0	0.0	0.0	0.0
0xd5a542cf2be9f196f32493a73f12d129d482e8c7	10	2.03	0.5	998.9	1	97.0	0	212	0.0	0.0	0.0	0.0	0.0	0.0
0x91173cb47afc3526054c31fe7e4dc25f0f26968b	5	2.03	0.14	431.23	1	71.0	0	120	3.3802279642e-06	0.0	0.0	0.0	0.0	0.0
0xba9b8e4355bd706e88be4cfd856f8088aa6ddc72	10	2.03	0.12	93.04	1	74.0	0	545	8.1400244988e-06	0.0	0.0	0.0	0.0	0.0
0xedd30dd9afab86d55dab764ba1d34d43426a8e83	10	2.03	0.0	69.98	1	66.0	0	3	4.54362369728e-05	0.0	0.0	0.0	0.0	0.0
0x96165cc60fd4f85c1453aa6e1d0d2360c3c494c5	5	2.02	0.09	239.22	4	75.0	179	20	6.021574905368254e-09	0.0	0.0	0.0	0.0	0.0
0x10de107fb165b4795597f977e274f04bdd5e9756	25	2.02	0.42	806.48	2	75.5	72	95	0.0	0.0	0.0	0.0	0.0	0.0
0xbe13b6be9b328fccd55427669b98448e6ed656d8	20	2.02	7.88	3387.99	2	99.0	669	489	6.919634643054451e-07	0.0	0.0	0.0	0.0	0.0
0xf328daf517f1dad28bedd585397c6db9312848e7	5	2.02	16.51	49610.15	1	54.0	0	126	0.0	0.0	0.0	0.0	0.0	0.0
0x86ba3fb3b03b96a1949ec91bb53b925802217ae4	15	2.02	0.42	761.83	1	60.0	0	229	0.0	0.0	0.0	0.0	0.0	0.0
0x9c1c9a65b57a2c2c53518a5cae3ad64b62fc9848	30	2.02	0.1	1819.51	1	100.0	0	19	0.0	0.0	0.0	0.0	0.0	0.0
0x9b06ce7455d3350d00994a886f77cad77b5724b6	10	2.02	0.0	32.49	1	100.0	0	8	1.5629959659e-06	0.0	0.0	0.0	0.0	0.0
0x0c57387e2638fd94b2789002c7a9744c7d282095	15	2.01	2.2	4991.87	1	68.0	0	181	0.0	0.0	0.0	0.0	0.0	0.0
0xac39106e10f197b42007c0aaeccd5e21273d74b0	15	2.01	0.54	445.37	1	63.0	0	518	0.0	0.0	0.0	0.0	0.0	0.0
0xff400ce20621b019b27b762c804b29761ebaeb6c	5	2.01	0.27	2424.5	1	74.0	0	40	5.345092479736024e-07	0.0	0.0	0.0	0.0	0.0
0xec65a51040838948ebb648ad1c37e3aa38119033	25	2.0	0.01	39.05	2	100.0	118	37	1.638236213352684e-08	0.0	0.0	0.0	0.0	0.0
0x4dc3ff0761440a5e53aa6dd552034d9f0bdfe79b	50	2.0	0.23	186.04	2	100.0	0	265	0.0	0.0	0.0	0.0	0.0	0.0
0x093b23e3bc0aa7f60d4335b44bcb9a229c0572d0	25	2.0	0.19	1752.22	1	100.0	0	24	3.7547800424420085e-07	0.0	0.0	0.0	0.0	0.0
0x35b4a50f63f4beee621a8e5e97afcb2db0de63d8	5	2.0	0.14	195.2	1	20.0	0	311	0.0	0.0	0.0	0.0	0.0	0.0
0xb0bada5d45d939a03c6d211d24a61a4418d7cd13	10	1.99	30.01	12156.76	11	99.91	0	79	4.149664955089737e-08	0.0	0.0	0.0	0.0	0.0
0x5ae279a6c89a5029dc09e675bc849ae97984757d	5	1.99	1.93	2633.03	2	100.0	1	71	2.500295137597419e-07	0.0	0.0	0.0	0.0	0.0
0xdce62b21a8b1a9b39dd3ded27c876d416cc91b3e	30	1.99	1.85	8477.84	1	100.0	0	80	0.0	0.0	0.0	0.0	0.0	0.0
0xaa973315a3dd8c4e634bda9c5ba990a8ac92dac1	40	1.99	0.1	258.6	1	100.0	0	167	0.0	0.0	0.0	0.0	0.0	0.0
0x5b0493915b7dbbc02dab42d0fdf9cbd4f73857f8	25	1.99	0.04	201.52	1	100.0	0	85	1.017020356819387e-07	0.0	0.0	0.0	0.0	0.0
0x4273d592f4000e8f0f6f6b86dbf3a6dc753d64ef	25	1.99	0.03	38.52	1	54.0	0	293	0.0	0.0	0.0	0.0	0.0	0.0
0xf25d93c0e288c1f13764bf3922c513a31da73cf7	25	1.99	0.02	46.39	1	73.0	0	182	2.41928232336e-05	0.0	0.0	0.0	0.0	0.0
0x979a0e1e98eebcb5cb8a008fa47f91459e820129	25	1.99	0.02	123.47	1	100.0	0	66	8.1147412123e-06	0.0	0.0	0.0	0.0	0.0
0x37e9eef06cd05880bd2f2b4f7247300bad7834ac	5	1.99	0.02	171.47	1	100.0	0	28	2.617818961603291e-07	0.0	0.0	0.0	0.0	0.0
0x4852813151fb7124d56cb7603387af60a4081bdd	5	1.99	0.0	3.25	1	81.0	0	26	0.0	0.0	0.0	0.0	0.0	0.0
0xcbe8d3da589c8bd9200e729af396c88c91a25335	5	1.98	0.02	109.64	2	100.0	156	13	0.0	0.0	0.0	0.0	0.0	0.0
0xa7b4d4d74d7d68d598c5e4f3573a32dc6e1d29b2	35	1.98	0.02	102.25	2	100.0	256	24	0.0	0.0	0.0	0.0	0.0	0.0
0x96f245034302a5a582a1d8e989a754e6e2260bf5	10	1.98	1.73	1677.05	1	76.0	0	449	1.11225747834e-05	0.0	0.0	0.0	0.0	0.0
0x79ee22a5a4ed44a141a8f81209a7da9d1e96103b	25	1.98	1.42	26283.93	1	100.0	0	2	0.0	0.0	0.0	0.0	0.0	0.0
0x49c1b2b92a7b8419b49393abc07a271b12279a85	50	1.98	0.46	500.31	1	100.0	0	397	0.0	0.0	0.0	0.0	0.0	0.0
0x1746258666dc4284d5a8907319b83e500262ff87	50	1.98	0.16	267.15	1	100.0	0	253	0.0	0.0	0.0	0.0	0.0	0.0
0x5956f6d93f11d0659c6d3fb10afd07f359f416dd	25	1.98	0.04	147.89	1	93.0	0	118	1.21609433412e-05	0.0	0.0	0.0	0.0	0.0
0x17e5757321cb0a15d3020a3a3f0c46272f81e3df	10	1.98	0.03	499.59	1	100.0	0	16	0.0	0.0	0.0	0.0	0.0	0.0
0x7592b6e868145277dd4b343ddb9a3065def7b85b	5	1.97	0.04	778.58	1	31.0	0	13	5.64603817365e-05	0.0	0.0	0.0	0.0	0.0
0xfd1d918196c4586a7d58cb75f1acae330ff5f348	10	1.97	0.04	353.53	1	100.0	0	29	0.0	0.0	0.0	0.0	0.0	0.0
0x4e769d706508b1d9cbbaf155bb2bfef99d5fbe27	25	1.97	0.0	1.26	1	100.0	0	440	0.0	0.0	0.0	0.0	0.0	0.0
0xff00244b02674a5ca011d35e63526970408bc1e3	20	1.96	0.01	106.21	2	100.0	0	14	0.0	0.0	0.0	0.0	0.0	0.0
0x2259375d945f9d106cf4fe2a93f4a308a9b96966	5	1.96	0.03	245.84	2	100.0	144	7	0.0	0.0	0.0	0.0	0.0	0.0
0xd83189a754594c879c6efc940a7fc36a545c98a6	10	1.96	1.29	3998.9	1	74.0	0	133	3.5896752792e-06	0.0	0.0	0.0	0.0	0.0
0x73b6ba97641f158b44837bee85c464de0651e3a7	5	1.96	0.68	3155.06	1	66.0	0	87	0.0	0.0	0.0	0.0	0.0	0.0
0xa2da709980effc0fa9413efec7f5f86a849ecb93	15	1.96	0.04	21.31	1	77.0	0	740	1.8982717953e-05	0.0	0.0	0.0	0.0	0.0
0x74ab5d0ccdb5a8b8be357bf395f121e5bcaeb86f	10	1.96	0.03	494.91	1	84.0	0	12	4.8749467351e-06	0.0	0.0	0.0	0.0	0.0
0xc50816c6b35c5c089ee7d0211c7f7a069e9ea1ac	5	1.96	0.01	53.54	1	100.0	0	31	0.0	0.0	0.0	0.0	0.0	0.0
0x927d81b91c41d1961e3a7d24847b95484e60c626	10	1.95	15.98	40784.04	3	100.0	101	75	0.0	0.0	0.0	0.0	0.0	0.0
0xed6dfa49c0bdbde267ece5d510a92708bd01e2d9	15	1.95	0.03	239.69	1	79.0	0	24	6.08083088882e-05	0.0	0.0	0.0	0.0	0.0
0x77acb415b42ff899575c5fa24e76a1228fc33176	10	1.94	0.04	496.28	2	100.0	11	9	0.0	0.0	0.0	0.0	0.0	0.0
0xa83c6a80f54aaaa1163e53834e7ff47717eb12c8	10	1.94	3.31	2517.45	2	27.5	0	250	3.643873947e-06	0.0	0.0	0.0	0.0	0.0
0x5be5f44489ed4c63892bdde1365463e0d6e05436	5	1.94	1.62	6124.07	1	58.0	0	115	0.0	0.0	0.0	0.0	0.0	0.0
0xafc28b1fbafc2aa4032547d941f32a360a400e65	10	1.94	0.26	990.84	1	88.0	0	98	8.3862891631e-06	0.0	0.0	0.0	0.0	0.0
0xd0c8b30175ddaf48bc20191e27b16e68e7c7ca80	25	1.94	0.18	45.63	1	100.0	0	1817	0.0	0.0	0.0	0.0	0.0	0.0
0x451cfbe715cce467b201c68d411b75fe7032e308	25	1.94	0.09	436.5	1	96.0	0	83	0.0	0.0	0.0	0.0	0.0	0.0
0x15a23bab7bbf40e024b5947ed0f9adf3504ce928	10	1.94	0.04	9.96	1	49.0	0	1659	1.02723478057e-05	0.0	0.0	0.0	0.0	0.0
0x40405d1cf9f23c5e987688adbc8ec06935bf95cb	15	1.93	0.21	801.11	1	62.0	0	106	0.0	0.0	0.0	0.0	0.0	0.0
0x27c091abcf2bed9484d0dd00c26821eddb75cf3a	25	1.92	13.78	48421.17	2	72.0	52	63	0.0	0.0	0.0	0.0	0.0	0.0
0x7aa1da8ef8fbb873d29de16b933e5200d33f3d93	10	1.92	0.13	100.85	1	78.0	0	553	0.0	0.0	0.0	0.0	0.0	0.0
0x97d717efb023124b256790c0392499b3cc3eb003	25	1.91	0.18	204.88	3	76.0	16	705	3.834797849637066e-07	0.0	0.0	0.0	0.0	0.0
0x73bade8162e0fa995a2f7037deba9d094dec535f	50	1.91	1.56	4983.53	1	100.0	0	132	0.0	0.0	0.0	0.0	0.0	0.0
0xd8ba14b3c10eff05ed2d72bbbe909a428a649b70	15	1.91	1.47	905.24	1	100.0	0	724	2.2230445262394485e-07	0.0	0.0	0.0	0.0	0.0
0x6e05c6dd712d17bf56e62bd694c3710d8641d724	5	1.91	0.17	1659.19	1	70.0	0	42	0.0	0.0	0.0	0.0	0.0	0.0
0xd2c637eb039c944a7a3d8c58512008374d22eae7	10	1.91	0.17	64.54	2	77.0	254	521	0.0	0.0	0.0	0.0	0.0	0.0
0x6a517ee132a97e5b8139fd9ce36d0db7a5efa9d7	25	1.91	0.06	366.56	1	88.0	0	65	1.06836881341e-05	0.0	0.0	0.0	0.0	0.0
0x80676d43b0a01cb42689f05d77b3749f0df3ad00	15	1.9	1.45	4647.88	1	100.0	0	135	0.0	0.0	0.0	0.0	0.0	0.0
0x5f6ebd0eb18515ab06c8d194aeae7773f9d1dabc	30	1.9	0.5	1189.71	1	100.0	0	185	2.4128084863e-06	0.0	0.0	0.0	0.0	0.0
0xf52dcd75a41033285f297da3fcaa0e84d150f3de	50	1.9	0.31	495.7	1	100.0	0	264	0.0	0.0	0.0	0.0	0.0	0.0
0xe3f0261d8ee5a21f0bd96d696154622d0358209f	15	1.9	0.1	1954.34	1	100.0	0	14	0.0	0.0	0.0	0.0	0.0	0.0
0x766492ea549984ca0aad4b5d17ef66039f4d0cb0	5	1.9	0.02	391.81	1	100.0	0	9	3.126654490870351e-09	0.0	0.0	0.0	0.0	0.0
0x146695f336d600e9fbc78185aa0e64104fc191f2	15	1.9	0.02	47.08	1	100.0	0	146	9.886003016212896e-07	0.0	0.0	0.0	0.0	0.0
0xd89288a93db89aa48e15a81364caf59509716482	5	1.9	0.01	105.76	1	100.0	0	30	0.0	0.0	0.0	0.0	0.0	0.0
0xba9cd589ca6810ab03d5b100bcedd8a65694452c	10	1.89	5.69	2117.91	5	97.8	122	162	0.0	0.0	0.0	0.0	0.0	0.0
0x991569f3b4d3933d2e37ba2d1080aa229a036bf2	15	1.89	0.21	172.89	1	99.0	0	537	0.0	0.0	0.0	0.0	0.0	0.0
0x7bee5d6c8991e4d17217e2bd4375060f61e87a40	5	1.89	0.18	3509.66	1	100.0	0	4	8.453287958509748e-07	0.0	0.0	0.0	0.0	0.0
0x6112ccd35667a9067f51c30880964346b9d3af1c	5	1.89	0.11	2147.03	1	5.0	0	20	0.0	0.0	0.0	0.0	0.0	0.0
0x60457c07cb435567ee55811fe0a8969970cf61b1	15	1.89	0.01	75.45	1	58.0	0	54	0.0	0.0	0.0	0.0	0.0	0.0
0xdb602740afa1a0d0977620a2f7f85cb742068969	10	1.88	0.69	2056.74	2	100.0	166	84	3.917809299203157e-07	0.0	0.0	0.0	0.0	0.0
0x216a1f39d4ec2436e1d5e4244432fd291e06de2d	5	1.88	1.09	1324.26	1	27.0	0	363	0.0	0.0	0.0	0.0	0.0	0.0
0xf340182120b3ae50223966cb3a7c8ed809281678	10	1.88	0.1	503.89	1	35.0	0	94	6.29123680706e-05	0.0	0.0	0.0	0.0	0.0
0x4a3cf284c3bd62fa904a7664ff29da14486619b0	5	1.88	0.05	113.37	1	18.0	0	196	0.0	0.0	0.0	0.0	0.0	0.0
0xa314c735123df2d1dd6974858115971bc7da90a1	10	1.88	0.0	48.11	1	100.0	0	21	0.0	0.0	0.0	0.0	0.0	0.0
0x518f0a90a3ab9eae814940c897d9d45026b64daf	10	1.87	0.3	991.09	1	100.0	0	129	8.534017936767668e-08	0.0	0.0	0.0	0.0	0.0
0x2ce3c9a98ebfadb8bce642e25987fb2f6a5874a3	25	1.87	0.21	1041.56	1	85.0	0	74	0.0	0.0	0.0	0.0	0.0	0.0
0xce6c0bd926a76d715c829be4965ad064447d754f	15	1.87	0.18	3447.51	1	23.0	0	22	5.46367808995e-05	0.0	0.0	0.0	0.0	0.0
0x36cfc6bd1541d64387f2cc93cba02d5536c83c96	10	1.86	40.77	89934.88	6	93.17	71	18	3.315023607471564e-07	0.0	0.0	0.0	0.0	0.0
0xfe18262dcf59ffca48ba25b930f4edb0f1c30752	50	1.86	0.06	612.98	1	100.0	0	47	0.0	0.0	0.0	0.0	0.0	0.0
0x3205ba3c9e3bc6f947fd95dd18339cae516e40c7	20	1.86	0.02	488.32	1	100.0	0	14	0.0	0.0	0.0	0.0	0.0	0.0
0x213bddf596932002b519864d35d5ac80b74f4262	50	1.85	2.28	5346.09	3	94.0	3	83	0.0	0.0	0.0	0.0	0.0	0.0
0x7ff7602507df37c0b7a2981ca3278e9142a7f14a	50	1.85	1.31	2151.47	1	100.0	0	277	0.0	0.0	0.0	0.0	0.0	0.0
0x5748c8ee8f7fe23d14096e51ca0fb3cb63223643	25	1.85	1.13	1013.87	1	100.0	0	525	2.5335098796e-06	0.0	0.0	0.0	0.0	0.0
0x6e05c6dd712d17bf56e62bd694c3710d8641d724	25	1.85	0.1	646.87	1	83.0	0	67	9.1363035803e-06	0.0	0.0	0.0	0.0	0.0
0x5b14040214f5fb8233706e1b658622dd29f813b7	50	1.85	0.03	84.97	1	98.0	0	167	7.75650092932e-05	0.0	0.0	0.0	0.0	0.0
0xd0fad0d16fcfb8c8081505dcdcec4cf88bd31c45	25	1.85	0.02	321.06	1	100.0	0	11	0.0	0.0	0.0	0.0	0.0	0.0
0x0a1e4003491c13c61a46163e87ef92d564c847c7	5	1.84	0.51	29112.7	4	100.0	0	5	2.220446049250313e-14	0.0	0.0	0.0	0.0	0.0
0xed206d089f791a1411228bf0daf9621662af340c	10	1.84	13.93	5521.31	2	77.5	0	595	0.0	0.0	0.0	0.0	0.0	0.0
0x56f2c4cb8518d0a4ec749593df574f7597a36140	5	1.84	0.11	2162.75	1	100.0	0	3	5.2116422288861494e-09	0.0	0.0	0.0	0.0	0.0
0xaa973315a3dd8c4e634bda9c5ba990a8ac92dac1	10	1.84	0.02	159.32	1	54.0	0	52	0.0	0.0	0.0	0.0	0.0	0.0
0x585577a9ad5123053d4cfc1acc47b00e29d64261	5	1.83	0.43	1021.99	2	91.5	0	85	2.0992190652e-06	0.0	0.0	0.0	0.0	0.0
0x4ecdf94995e2251abd671f26086c6c054eba3d26	10	1.83	43.11	40881.39	1	69.0	0	503	0.0	0.0	0.0	0.0	0.0	0.0
0xfaf39b334e32a61750499527512c968b3199d6ae	5	1.83	0.84	16802.86	1	14.0	0	7	0.0	0.0	0.0	0.0	0.0	0.0
0xafcb13589d55a739f4b0ccfe9b758686c7c03347	25	1.83	0.22	1119.26	1	36.0	0	91	0.0	0.0	0.0	0.0	0.0	0.0
0x597329dea3bc52d19092b8b093cc8d2f4d790d13	50	1.83	0.06	256.69	1	100.0	0	109	0.0	0.0	0.0	0.0	0.0	0.0
0xf217a6f2301c3b772096025fc94e3becd35c13bb	15	1.82	0.05	54.35	2	100.0	65	123	0.0	0.0	0.0	0.0	0.0	0.0
0xc3068c798da3f91d2d5ad1b0e2c9bc58243eb3f2	10	1.82	0.62	2468.95	1	100.0	0	104	0.0	0.0	0.0	0.0	0.0	0.0
0xe6a8fce2ac5bc33cf88386e67f7d7dac2c655244	50	1.82	0.27	1823.12	1	100.0	0	63	0.0	0.0	0.0	0.0	0.0	0.0
0xf58e3439731e06e89251f1641a2f02b4a58bc4d1	15	1.82	0.03	51.45	1	36.0	0	285	1.23757571302e-05	0.0	0.0	0.0	0.0	0.0
0x679c98483b214ebc88511fe28e8e46b6ace4b5b8	25	1.82	0.03	100.25	1	80.0	0	143	0.0	0.0	0.0	0.0	0.0	0.0
0x96feb7b6f808dd2bbd09c9e5ccde77cabd58d019	5	1.82	0.0	20.31	1	100.0	0	2	4.937778186331343e-07	0.0	0.0	0.0	0.0	0.0
0x4513a07a0b09b6e734e0c383232058338d74bfd2	10	1.81	0.31	88.3	1	45.0	0	1693	0.0	0.0	0.0	0.0	0.0	0.0
0x8ee2da8fbf24bc075bc5a10313380cf75929054b	5	1.81	0.0	6.23	1	95.0	0	16	7.032032289799872e-07	0.0	0.0	0.0	0.0	0.0
0x1b07378e5a4ffdc2fab9613f479c64bd68397eb3	25	1.8	0.34	524.89	2	100.0	1299	237	0.0	0.0	0.0	0.0	0.0	0.0
0xfc397502e11b8e08935df2295ecb8a79d2122975	20	1.8	1.0	2534.17	1	100.0	0	172	0.0	0.0	0.0	0.0	0.0	0.0
0xc33f2507893133b881ba8562e6def8162626f1e2	25	1.8	0.39	564.6	1	58.0	0	320	0.0	0.0	0.0	0.0	0.0	0.0
0xa668fade70fccbaeb48590aaad54e55ccc287857	10	1.8	0.2	459.87	1	91.0	0	193	1.01766273963e-05	0.0	0.0	0.0	0.0	0.0
0xc33f2507893133b881ba8562e6def8162626f1e2	50	1.8	0.14	186.24	1	100.0	0	338	0.0	0.0	0.0	0.0	0.0	0.0
0x4309ef6ca59940901d48c1257f501792b86ad5c0	10	1.8	0.08	1684.0	1	100.0	0	20	1.3411494137471888e-10	0.0	0.0	0.0	0.0	0.0
0xb81dea28bd26a042e82bc31666275a6ce082f102	10	1.79	0.46	321.68	2	73.5	0	349	0.0	0.0	0.0	0.0	0.0	0.0
0xff43c5727fbfc31cb96e605dfd7546eb8862064c	10	1.79	134.17	684517.47	1	72.0	0	95	0.0	0.0	0.0	0.0	0.0	0.0
0xe2ad0667eee5f1e42851c46bf7bc4448548bdbb2	10	1.79	66.01	43411.9	1	65.0	0	730	5.3301296376e-06	0.0	0.0	0.0	0.0	0.0
0xc26795c6c1106aa27dc2a672511cf1332beb950e	10	1.79	38.21	780706.68	1	100.0	0	21	0.0	0.0	0.0	0.0	0.0	0.0
0x9eb408e53dfa0c877b65bbe874de81247212380e	5	1.79	9.95	202791.43	1	100.0	0	4	4.7866255403761215e-08	0.0	0.0	0.0	0.0	0.0
0xd59fc3d098a8b2d402dd8e589c6406b82d6c2de1	5	1.79	8.45	5811.44	2	80.5	0	331	4.3683873185429444e-07	0.0	0.0	0.0	0.0	0.0
0x912caf8bbbb1b5bdc01ee527d632753ca793796a	5	1.79	4.12	10489.97	1	18.0	0	175	0.0	0.0	0.0	0.0	0.0	0.0
0x9320ed7b32db6156e68b8b5d118cc0475c488a57	25	1.79	2.83	11551.38	1	49.0	0	98	0.0	0.0	0.0	0.0	0.0	0.0
0xce3956ec16edf31691a848ec103f95e63020c3c5	35	1.79	1.59	2493.4	1	100.0	0	290	0.0	0.0	0.0	0.0	0.0	0.0
0x2a1842bac18058078f682e1996f763480081174a	20	1.79	0.14	90.03	1	96.0	0	762	0.0	0.0	0.0	0.0	0.0	0.0
0x3325ebec2f49ca72365a6ca0145eca0cd0ee72b8	15	1.79	0.07	154.56	1	99.0	0	208	0.0	0.0	0.0	0.0	0.0	0.0
0x6a414b51ceaf33ef465eb853b0b070512afdd717	10	1.78	50.57	32249.13	3	91.33	48	255	0.0	0.0	0.0	0.0	0.0	0.0
0xffbbbc174922b27a0995eb51a2a2b083fbb5283e	10	1.78	2.87	9774.06	1	65.0	0	144	4.1837722508e-06	0.0	0.0	0.0	0.0	0.0
0x323d3f02cd32bfb3a6977a890e44c808156480e8	25	1.78	1.89	503.81	1	100.0	0	1840	0.0	0.0	0.0	0.0	0.0	0.0
0x7f5e4fbb8e3a11325a4503037afc8eba215105b1	25	1.78	0.34	1170.49	1	50.0	0	121	0.0	0.0	0.0	0.0	0.0	0.0
0x78aaacd130134a15a42a3791043f0040c733389b	10	1.78	0.4	290.13	2	33.0	0	334	5.52932320874e-05	0.0	0.0	0.0	0.0	0.0
0x5e8e79f1d05dff8bfb9ab83fb9ea0c66150e75f5	40	1.78	0.21	1061.47	1	100.0	0	86	0.0	0.0	0.0	0.0	0.0	0.0
0x8207c5bd8a416d014019d469561f43e6265ee429	20	1.78	0.04	182.64	1	75.0	0	92	0.0	0.0	0.0	0.0	0.0	0.0
0xe6fe9ff4aa535d278349a6af552b34bacc27e23c	25	1.78	0.03	188.67	1	15.0	0	69	0.0	0.0	0.0	0.0	0.0	0.0
0x603fd90a27985bc30aa2eddb67e7eae2fce48f4c	25	1.78	0.01	51.57	1	100.0	0	66	0.0	0.0	0.0	0.0	0.0	0.0
0x8440a2e6e763ee99b29dcf663a72896817d6a6fd	10	1.77	18.93	13471.73	2	64.0	0	352	2.481523148e-06	0.0	0.0	0.0	0.0	0.0
0xa597ee70083d120918e2ea8a58067cf753d83008	35	1.77	0.51	2082.21	1	100.0	0	104	0.0	0.0	0.0	0.0	0.0	0.0
0xd36a7f3189fec7d9215c227cb33348368df55dfd	10	1.77	0.49	10084.72	1	100.0	0	13	0.0	0.0	0.0	0.0	0.0	0.0
0x2293d882c9032ddcd7719e263bd56c1a0db56f5f	10	1.77	0.24	249.01	2	56.0	0	234	0.0	0.0	0.0	0.0	0.0	0.0
0x3330540a7fc4bcb1964b8d93ca18e1f7cbbfc763	25	1.76	0.02	97.91	1	99.0	0	99	9.992769423e-06	0.0	0.0	0.0	0.0	0.0
0x673a25b2871c1c1560e8aae8faf84b60b70e4940	25	1.76	6.52	16915.6	1	76.0	0	168	0.0	0.0	0.0	0.0	0.0	0.0
0x4f9ac9de39ab67c05e0ee125c5c4f7c10d5b9f2d	10	1.76	4.93	51292.41	1	100.0	0	24	2.658069764294169e-07	0.0	0.0	0.0	0.0	0.0
0xce3956ec16edf31691a848ec103f95e63020c3c5	25	1.76	0.36	2495.42	1	97.0	0	61	0.0	0.0	0.0	0.0	0.0	0.0
0xc8f9e520f96fd26acab0c43d5aed719ff67b934e	25	1.75	12.86	67168.94	2	100.0	169	37	0.0	0.0	0.0	0.0	0.0	0.0
0x432dcbda06e8b296ca29705572d7cb6315ed8bed	15	1.75	27.38	13318.3	1	68.0	0	1024	1.75608675601e-05	0.0	0.0	0.0	0.0	0.0
0x944f74b45f35cab06994ea2190a4e6867e4e08cb	10	1.75	2.94	1333.95	1	60.0	0	1087	7.039704597033847e-07	0.0	0.0	0.0	0.0	0.0
0x58e936c08dfcceb8fa29f355d1ddbd4b17818a8b	10	1.74	0.15	297.9	2	56.5	78	125	7.4745141576e-06	0.0	0.0	0.0	0.0	0.0
0x835b9edf89e7472aad4a2fc4fde8a4e6f05ae9f0	10	1.74	1.55	32481.22	1	100.0	0	7	3.379826307714495e-07	0.0	0.0	0.0	0.0	0.0
0x9424ad1e800c42b2e574c715ca4409d035c385a4	15	1.74	0.18	938.04	1	100.0	0	74	0.0	0.0	0.0	0.0	0.0	0.0
0xa4a355802930f3d3325f8269e789502c4585a0a8	30	1.74	0.15	3098.5	1	100.0	0	8	2.112767183426456e-07	0.0	0.0	0.0	0.0	0.0
0x673fc0906bfe83351cb5a6edaf00ff5ddb5424f1	10	1.74	0.07	497.44	1	100.0	0	49	0.0	0.0	0.0	0.0	0.0	0.0
0xaa711d021d87372e6239ca9d85409fd64e325a61	25	1.74	0.02	97.43	1	100.0	0	91	0.0	0.0	0.0	0.0	0.0	0.0
0x5f6ebd0eb18515ab06c8d194aeae7773f9d1dabc	15	1.73	3.31	2251.91	1	90.0	0	744	0.0	0.0	0.0	0.0	0.0	0.0
0x780ad0cfd2292ced8eb44ba4a0ea2f70b4551c8b	10	1.73	2.5	3781.99	1	34.0	0	316	5.8378973089e-05	0.0	0.0	0.0	0.0	0.0
0xbe13b6be9b328fccd55427669b98448e6ed656d8	35	1.73	1.9	2503.19	1	100.0	0	375	0.0	0.0	0.0	0.0	0.0	0.0
0xeed2a75957c32e3392736d001438c2ec339513bb	15	1.73	0.05	1049.29	1	100.0	0	0	0.0	0.0	0.0	0.0	0.0	0.0
0xee5d89290c3502db0cedc181f62c46d433f8d2a3	30	1.73	0.0	37.22	1	100.0	0	47	0.0	0.0	0.0	0.0	0.0	0.0
0x671c813794612c22baefe47f01ac837d6ca2da91	25	1.72	0.01	70.91	2	57.0	1258	207	3.499311951316031e-10	0.0	0.0	0.0	0.0	0.0
0x0204246378248b9855f09901174909f1cc78fb42	15	1.72	0.31	118.22	2	95.0	0	626	7.2666618833e-06	0.0	0.0	0.0	0.0	0.0
0xe4daf2d85340c958a592117e1b9c0bb254485887	10	1.71	0.22	362.44	2	61.0	0	814	9.3177096927e-06	0.0	0.0	0.0	0.0	0.0
0xceafc343492d3d3ceee81be19986bb4458255220	5	1.71	5.27	18771.41	1	21.0	0	122	0.0	0.0	0.0	0.0	0.0	0.0
0x09c0677097ed031ff748d630e86f3fda478abeb8	5	1.71	0.11	2443.11	1	100.0	0	3	5.900194999242103e-07	0.0	0.0	0.0	0.0	0.0
0x25319a80fb12a1131d09899e21bcc7c5c8c242d6	25	1.71	0.01	152.54	1	100.0	0	29	0.0	0.0	0.0	0.0	0.0	0.0
0x8fb20c72139b2a971ab814503d61111349f8cc78	10	1.7	16.7	6521.24	4	69.5	117	327	2.6144270276e-06	0.0	0.0	0.0	0.0	0.0
0x16ebee8d00c4250df016919b4c2a439a3f75cfd5	10	1.7	7.23	1935.07	4	98.0	24	182	1.2101430968414206e-12	0.0	0.0	0.0	0.0	0.0
0xffce197acc6a32cdb6c959b9e6ae1f779ac03dcf	25	1.7	0.02	128.79	1	37.0	0	72	0.0	0.0	0.0	0.0	0.0	0.0
0x94fb63c1298b2e11e24f53c5c1d391f6a3a62ff3	15	1.69	0.47	2546.48	1	100.0	0	81	5.952492831973188e-07	0.0	0.0	0.0	0.0	0.0
0x22cca50880e523daef4629609785040efc8da5f5	15	1.69	0.69	709.15	2	70.5	712	226	8.000527962348514e-07	0.0	0.0	0.0	0.0	0.0
0x858f3232e7d6702f20c4d3feab987a405d225f4e	25	1.69	0.01	26.08	1	100.0	0	203	0.0	0.0	0.0	0.0	0.0	0.0
0x47a138f58f1e6c88e7de1fe1f4efdd637bb8a49e	10	1.68	0.29	683.59	3	72.0	428	42	3.1057043714e-06	0.0	0.0	0.0	0.0	0.0
0xcd0fe5ac36e0b0d803bb2baa850a2d1c321e3400	20	1.68	2.47	850.79	1	89.0	0	1502	5.180078588296056e-08	0.0	0.0	0.0	0.0	0.0
0x9d32f1e7c5ff707e92b4b30937a1e5e2c2de2462	5	1.68	1.32	953.49	1	27.0	0	697	0.0	0.0	0.0	0.0	0.0	0.0
0x5ff8647bfd9d6dc8455be200f702655c903b34c2	25	1.68	0.47	231.5	1	100.0	0	1041	0.0	0.0	0.0	0.0	0.0	0.0
0xe1f3d27341f210e0964f11ba6650aa1e328b2686	10	1.68	0.16	288.58	1	62.0	0	273	8.644108751e-06	0.0	0.0	0.0	0.0	0.0
0xc23b9084a49115a97e9de457581d8ecc80c3df04	5	1.68	0.09	658.2	1	64.0	0	58	0.0	0.0	0.0	0.0	0.0	0.0
0xbe41dd25397c6aaf50f3bfe1ffbbdc8b29f457f4	10	1.68	0.01	14.43	1	36.0	0	347	3.43532805868e-05	0.0	0.0	0.0	0.0	0.0
0xff1b6800830d38f7f792482febaf95b8613b6252	5	1.67	11.89	5456.3	2	92.0	0	139	0.0	0.0	0.0	0.0	0.0	0.0
0xef8fc0eb8d482d69ff9ac662117b927aab18ee18	25	1.67	1.4	30704.99	1	100.0	0	16	0.0	0.0	0.0	0.0	0.0	0.0
0x4bd454d18191d34c0f9401042d952a8debcd22d4	25	1.67	0.9	345.1	1	90.0	0	1358	9.2342350876e-06	0.0	0.0	0.0	0.0	0.0
0xbf6feb36333d92cbd24273cafc3553875dd5e710	15	1.67	0.05	1003.36	1	18.0	0	22	4.48909347139e-05	0.0	0.0	0.0	0.0	0.0
0x3a3e1c8bfbd6616a9819b4591f297d1a431628f3	5	1.67	0.04	33.73	1	73.0	0	679	1.4138613613e-06	0.0	0.0	0.0	0.0	0.0
0xd82b0a73f55aeeb3dc1c7ad3383fea8b7408ae65	5	1.67	0.04	949.93	1	45.0	0	9	0.0	0.0	0.0	0.0	0.0	0.0
0xf1e0c20ae26fde2fd9499168f5ef9fefae6a8ff2	25	1.67	0.02	368.61	1	100.0	0	18	0.0	0.0	0.0	0.0	0.0	0.0
0x4476adbc2baba6b54c8e510981fa9ecd26be3f73	25	1.67	0.01	193.25	1	100.0	0	13	1.0615518242e-06	0.0	0.0	0.0	0.0	0.0
0xa12ffd09f6c28c949c50a1c7cf1a2e6efa16fe6f	5	1.67	0.0	44.74	1	48.0	0	36	0.0	0.0	0.0	0.0	0.0	0.0
0xe629d73b655d5c5307a2b1d7439fa6c5b48b710f	10	1.66	2.46	10861.36	1	100.0	0	111	0.0	0.0	0.0	0.0	0.0	0.0
0xdeaa067e429ad097465d8f3b50ca306f13061038	50	1.66	0.93	10150.39	1	100.0	0	45	0.0	0.0	0.0	0.0	0.0	0.0
0xb2d9e0fb6a6ce8d579361626726bddd4f1309379	15	1.66	0.68	1002.71	1	100.0	0	345	3.4608929833e-06	0.0	0.0	0.0	0.0	0.0
0x47f2d21dd1c77030a4f34f6a0447ae44f13e9073	25	1.66	0.25	1385.34	1	100.0	0	92	0.0	0.0	0.0	0.0	0.0	0.0
0xefdd84767703455bafe5b1e17a3a84f516d51759	25	1.66	0.22	1611.2	1	79.0	0	69	0.0	0.0	0.0	0.0	0.0	0.0
0x6a8f19f4fe6b21581f83bb6e7c48e5ecbc2056a2	30	1.66	0.01	226.48	1	57.0	0	23	0.0	0.0	0.0	0.0	0.0	0.0
0x939c802836eb9018e4a9aeb89c638dfd89b4c462	5	1.65	11.89	23971.01	1	15.0	0	250	0.0	0.0	0.0	0.0	0.0	0.0
0xf19a2915376cadae20bad66739ede59d96d19f41	5	1.65	0.14	611.96	1	53.0	0	112	3.6169232386e-06	0.0	0.0	0.0	0.0	0.0
0x88b19a219053ad09c0e82cd28d98316639edaf0a	5	1.65	0.13	584.83	1	86.0	0	101	1.2314872122e-05	0.0	0.0	0.0	0.0	0.0
0xfd22dde4bd14e5f23c66ffbabc6cfa4490be0267	10	1.65	0.04	199.61	1	43.0	0	100	0.0	0.0	0.0	0.0	0.0	0.0
0x02eb568d31d379896f1b41467b7f177647e2ce32	20	1.65	0.01	11.93	1	90.0	0	273	0.0	0.0	0.0	0.0	0.0	0.0
0x4e430992db6f3bddbc6a50d1513845f087e9af4a	10	1.65	0.01	20.06	2	72.0	27	121	0.0	0.0	0.0	0.0	0.0	0.0
0x4c5d1029c2c64fc6477529d5a391ca667a514b4c	5	1.64	0.27	512.1	2	73.0	144	34	6.106226635438361e-13	0.0	0.0	0.0	0.0	0.0
0x13dcdc649a3ab73e891a41419c4b3924bf65ff17	10	1.64	0.77	635.75	4	46.25	0	193	0.0	0.0	0.0	0.0	0.0	0.0
0xbabf6ef9deabea4080c59486a722deea3125cad7	25	1.64	0.11	366.75	3	85.67	0	47	0.0	0.0	0.0	0.0	0.0	0.0
0x1249f6126192d448a38b5edd4c4b5bf5af43d0d8	25	1.64	0.97	3085.53	1	100.0	0	160	4.9047041095e-06	0.0	0.0	0.0	0.0	0.0
0xf0462427a46a36baa325f4bbd3789209116cdbe0	25	1.64	0.27	3047.09	1	100.0	0	31	4.1355428637e-06	0.0	0.0	0.0	0.0	0.0
0x05ca29cffff00a458e6b5bb45b29ec89fdca763e	50	1.64	0.0	12.88	1	100.0	0	152	0.0	0.0	0.0	0.0	0.0	0.0
0xc6e433ee65e6b836776b7107a137c35e55791afb	25	1.64	0.0	15.39	1	100.0	0	4	0.0	0.0	0.0	0.0	0.0	0.0
0x8ae703e5d62d4b40b02e6934d94e96a56ea0e4ef	10	1.63	3.87	31332.58	2	97.0	65	398	0.0	0.0	0.0	0.0	0.0	0.0
0x0f9287ad157d509a826aba386334e237885c806c	25	1.63	1.34	1460.82	4	82.25	0	84	0.0	0.0	0.0	0.0	0.0	0.0
0xfd22dde4bd14e5f23c66ffbabc6cfa4490be0267	25	1.63	0.02	199.54	2	100.0	214	25	0.0	0.0	0.0	0.0	0.0	0.0
0x4ece177350d5d474146242c3a0811c67762146f9	25	1.63	0.41	505.3	1	100.0	0	408	0.0	0.0	0.0	0.0	0.0	0.0
0x19a837a58f819970a3c044222668ce21ad9fb557	70	1.63	0.18	284.65	1	100.0	0	321	0.0	0.0	0.0	0.0	0.0	0.0
0x069cf6394107260a843879cd487e7c4884c36d91	25	1.63	0.0	18.36	1	90.0	0	44	1.16068023525e-05	0.0	0.0	0.0	0.0	0.0
0xf4d0bfe3523766766b3e398b2cfbe1c3b74b3718	15	1.62	25.88	18984.04	2	95.0	92	400	0.0	0.0	0.0	0.0	0.0	0.0
0x728aad5445e7a1727b67b5b30aa153f5851ae274	5	1.62	15.79	71359.51	1	53.0	0	109	0.0	0.0	0.0	0.0	0.0	0.0
0x2285a67d53e22d3170d308956c8b42714c44f633	10	1.62	11.02	17771.0	1	70.0	0	321	9.991475868886823e-07	1.0	-887272.0	887272.0	0.0	0.0
0x53eb0fcdeb99d49d495ce3f7e21517e857ae7e4f	20	1.62	0.63	14296.79	1	100.0	0	17	0.0	0.0	0.0	0.0	0.0	0.0
0x84436ac74e38d668d8f506fda420aacf8bcdd57a	5	1.62	0.05	286.44	1	14.0	0	84	1.4265310155e-06	0.0	0.0	0.0	0.0	0.0
0x794d8592d2e4dc66cd72165e3d04fde426af68f1	10	1.62	0.0	44.82	1	87.0	0	19	7.104295374205094e-07	0.0	0.0	0.0	0.0	0.0
0xd8c78c808662f90560f634c6724310b40da1dbac	25	1.62	0.0	0.0	1	86.0	0	96	0.0	0.0	0.0	0.0	0.0	0.0
0x931fe0ebee7d90c5c76c7f6a1fe01514922407dc	5	1.61	0.44	1000.05	2	85.5	0	55	1.0051781629272229e-08	0.0	0.0	0.0	0.0	0.0
0xe0e216283eef00895b6abaa73848448596b85724	25	1.61	0.02	199.31	2	100.0	214	25	5.5866722359354526e-08	0.0	0.0	0.0	0.0	0.0
0x2f6e31163a07bf77914b96aeea67b9b0f0dc6ad5	5	1.61	0.02	548.22	1	76.0	0	7	2.18005905661e-05	0.0	0.0	0.0	0.0	0.0
0x111fbf7b389e024d09f35fb091d7d4479b321b0a	25	1.61	0.01	85.79	1	100.0	0	63	0.0	0.0	0.0	0.0	0.0	0.0
0xd881878265fcae4d4985cf023279d950451aa880	10	1.61	0.0	0.14	1	100.0	0	89	1.1799317078953209e-08	0.0	0.0	0.0	0.0	0.0
0x979a0e1e98eebcb5cb8a008fa47f91459e820129	15	1.6	0.22	161.47	2	85.5	582	441	2.6930337293e-06	0.0	0.0	0.0	0.0	0.0
0x8aa15658927c3c51dae7637209219566c8651bee	25	1.6	8.11	3490.32	3	95.67	445	314	8.7836084516e-06	0.0	0.0	0.0	0.0	0.0
0xdeaa067e429ad097465d8f3b50ca306f13061038	15	1.6	0.22	2477.19	1	54.0	0	26	0.0	0.0	0.0	0.0	0.0	0.0
0x3c75fa881cdde06891fc7dccb458219b9e50aca2	50	1.6	0.22	1648.15	1	100.0	0	51	0.0	0.0	0.0	0.0	0.0	0.0
0xbee9b9c9e36ecceb06e4781a99acc7dc4df300da	25	1.6	0.06	132.8	2	35.5	0	112	0.0	0.0	0.0	0.0	0.0	0.0
0x991697d172139ef1af75f89550bcda832b18314a	25	1.6	0.03	679.93	1	94.0	0	11	3.12821106351e-05	0.0	0.0	0.0	0.0	0.0
0xdc892b6583974085e4a54d01c05213372a481be1	10	1.6	0.01	78.37	1	100.0	0	82	1.867928034471333e-09	0.0	0.0	0.0	0.0	0.0
0x55ea3a3e91457591878ea48c87e12c9ff91e69de	25	1.59	0.0	22.46	2	73.5	0	45	0.0	0.0	0.0	0.0	0.0	0.0
0x66702555f5ac2de84b7c2fc17e94c723306d4652	15	1.59	0.04	827.1	1	86.0	0	15	0.0	0.0	0.0	0.0	0.0	0.0
0xc172c610d76e51b3ac874b94182853f61642506d	25	1.59	0.01	130.3	1	100.0	0	35	5.7213012105705736e-08	0.0	0.0	0.0	0.0	0.0
0x0580bd38c03fa2d41aaddc020b5d475653612f62	25	1.58	2.05	3031.81	6	100.0	315	117	0.0	0.0	0.0	0.0	0.0	0.0
0xd37e5a41d7792e353fa905d9693ffc0b4016068a	20	1.58	0.05	341.33	2	54.0	1389	142	2.2911410491e-06	0.0	0.0	0.0	0.0	0.0
0x99c6a5f4f593bbd691ce2cde541c2c91cc7bf9ac	15	1.58	16.87	35434.23	1	47.0	0	255	0.0	0.0	0.0	0.0	0.0	0.0
0x47cf3216065840b831c343bb3445d753204cdbbb	10	1.58	2.66	61279.7	1	100.0	0	9	4.5972849749e-06	0.0	0.0	0.0	0.0	0.0
0xbe13b6be9b328fccd55427669b98448e6ed656d8	15	1.58	1.33	2358.41	1	93.0	0	293	1.81872051308e-05	0.0	0.0	0.0	0.0	0.0
0x33ecbf7d63814c8cecf9ad7e65a8b7ad8becf60e	5	1.58	0.1	297.17	1	84.0	0	187	5.745404152435185e-09	0.0	0.0	0.0	0.0	0.0
0x708fa3d124ce9eb664ae7c520578434baeea5c39	10	1.58	0.05	107.7	1	48.0	0	231	0.0	0.0	0.0	0.0	0.0	0.0
0xf39f35f3ed43b2c2525c28ea17b7b6aacaf1272a	10	1.58	0.02	508.98	1	100.0	0	23	5.70163138924329e-08	0.0	0.0	0.0	0.0	0.0
0x6bbd758b6cc8d71b7a39e5f75a68649580f4d40c	45	1.58	0.01	148.03	1	100.0	0	44	1.216677536497457e-07	0.0	0.0	0.0	0.0	0.0
0xd5e660550854293105bde464147f670df7ef4f5e	50	1.57	0.13	297.9	4	99.25	47	430	0.0	0.0	0.0	0.0	0.0	0.0
0x09a3a6f1ba802a6af87c8d725c4e50c4a2e8a067	50	1.57	0.25	1136.4	1	100.0	0	110	0.0	0.0	0.0	0.0	0.0	0.0
0x6d3ecba58404aebeb370ec7b1e39d296707c57cd	5	1.57	0.13	599.14	1	52.0	0	110	0.0	0.0	0.0	0.0	0.0	0.0
0xfd9b742d4f971f716ae84d713d0dd120d5318441	10	1.57	0.1	1181.43	1	100.0	0	42	0.0	0.0	0.0	0.0	0.0	0.0
0x96a2e71bebc0d7bb15e1b1ddab1ce6a011c9bfc4	5	1.57	0.08	231.61	1	34.0	0	182	0.0	0.0	0.0	0.0	0.0	0.0
0x47a138f58f1e6c88e7de1fe1f4efdd637bb8a49e	50	1.57	0.04	139.26	1	100.0	0	126	0.0	0.0	0.0	0.0	0.0	0.0
0x87fd3e1f1bc7691eb6c1f56371fbb328b1bc224c	10	1.57	0.01	21.21	1	64.0	0	148	0.0	0.0	0.0	0.0	0.0	0.0
0x3b684bc9de719c0dd5d8de2d9665a568c6220502	25	1.56	1.13	3708.53	2	94.5	0	76	1.65657381978e-05	0.0	0.0	0.0	0.0	0.0
0x2a2b0559ff10ce0964802ad5a38eb3dd9187192d	10	1.56	0.17	502.36	1	96.0	0	170	4.230593853e-06	0.0	0.0	0.0	0.0	0.0
0xd164aadb8444d07f13ae8dca3cdfb6ad2b78486e	30	1.56	0.01	43.07	1	100.0	0	170	0.0	0.0	0.0	0.0	0.0	0.0
0x6470bd9852d24a63ea74e9c49d245fdbdffd476d	25	1.56	0.01	84.61	2	100.0	13	33	2.1104604119e-06	0.0	0.0	0.0	0.0	0.0
0xc15fbb3a94d5d95386de36705d02735e056cd826	50	1.55	1.43	4214.34	1	100.0	0	177	0.0	0.0	0.0	0.0	0.0	0.0
0xf5e46b2e5588f250806bc393792a7d792763b287	25	1.55	0.94	1002.43	1	100.0	0	504	0.0	0.0	0.0	0.0	0.0	0.0
0xf8a5089ef0eb09183e22f557936134ba20191450	5	1.55	0.63	14875.97	1	100.0	0	6	0.0	0.0	0.0	0.0	0.0	0.0
0x8632a98c31eb091b0b1b0243ed595dade1ff072b	25	1.55	0.4	172.21	1	100.0	0	1315	0.0	0.0	0.0	0.0	0.0	0.0
0x807fa5a24a79ab628e7ea7ea058c58cc8aa3eae0	30	1.54	1.17	4624.11	1	100.0	0	130	0.0	0.0	0.0	0.0	0.0	0.0
0x1b24f430d69a2c52b6bcc0a3f690f5fa5e6abae7	45	1.54	0.3	787.79	1	100.0	0	215	0.0	0.0	0.0	0.0	0.0	0.0
0x2434a54c54aa6b6d02a03ce931cc407695be61e8	25	1.54	0.16	639.34	1	54.0	0	136	0.0	0.0	0.0	0.0	0.0	0.0
0x6f189533283149508766f9929e5ab6cd621b6a1a	20	1.54	0.02	224.22	1	94.0	0	33	1.8340435115e-05	0.0	0.0	0.0	0.0	0.0
0x927d81b91c41d1961e3a7d24847b95484e60c626	15	1.53	13.76	79185.05	2	100.0	41	17	0.0	0.0	0.0	0.0	0.0	0.0
0x5a40ab806a038afe9c4ef413d36b6356a5e4d2c5	20	1.53	25.09	597873.96	1	100.0	0	5	1.3371957985341965e-07	0.0	0.0	0.0	0.0	0.0
0xfc397502e11b8e08935df2295ecb8a79d2122975	15	1.53	0.84	10085.27	1	100.0	0	30	2.912477148342419e-07	0.0	0.0	0.0	0.0	0.0
0xce2641a2f95aea7097cd5386fb18cf86b7f6822a	5	1.53	0.25	5871.97	1	100.0	0	4	0.0	0.0	0.0	0.0	0.0	0.0
0x3940b944df18acad7ce4a58624b43193a34f3070	25	1.53	0.22	165.88	1	100.0	0	751	7.4829681229e-06	0.0	0.0	0.0	0.0	0.0
0x531bd0c1ad5c2f25cc6a46c9e38b9c140587049f	25	1.53	0.03	34.32	1	100.0	0	479	1.18913795033e-05	0.0	0.0	0.0	0.0	0.0
0xf56001723d00c15ca5c390fd38d1786d34f0ad48	25	1.52	12.4	2609.68	2	100.0	0	1367	0.0	0.0	0.0	0.0	0.0	0.0
0x2f7fa22bfaf8978fc21bb1ec194e5da603664b23	25	1.52	13.29	3288.84	3	98.33	0	440	4.9228588464e-06	0.0	0.0	0.0	0.0	0.0
0x2c5d36bd146b0ab5d4195bb6e915484f05ed5c98	25	1.52	0.07	119.15	2	69.0	0	164	9.5725327109e-06	0.0	0.0	0.0	0.0	0.0
0x1a67af15b2bf5b3b3a0b623851203dd9a2380696	25	1.52	0.07	285.06	1	100.0	0	135	1.0803752892e-06	0.0	0.0	0.0	0.0	0.0
0x5572905d0c9ae6387c0ebea4f8f3caff501036b1	15	1.52	0.04	99.91	1	81.0	0	206	1.26242256537e-05	0.0	0.0	0.0	0.0	0.0
0x55d0745ea51536fec1039c0f5e7202434b6a79ee	25	1.51	0.89	539.29	1	100.0	0	939	2.56394044773e-05	0.0	0.0	0.0	0.0	0.0
0xcfaae44c89cfdc859d495c49b4662aee04dc3526	30	1.51	0.53	2110.57	1	100.0	0	121	1.92547457311e-05	0.0	0.0	0.0	0.0	0.0
0x5f4ce0a3f3099545cb97d43d2c0e10fcc575f6a8	10	1.51	0.18	2191.6	1	100.0	0	37	1.5225598559709394e-10	0.0	0.0	0.0	0.0	0.0
0x5d9c8556c01d0782f9aee3fa383f725f5399e254	50	1.51	0.11	223.95	1	100.0	0	277	0.0	0.0	0.0	0.0	0.0	0.0
0x8d8c6732552e97554beb0d6f22e6ff417961446e	10	1.51	0.09	73.95	1	57.0	0	720	1.37542885858e-05	0.0	0.0	0.0	0.0	0.0
0x3f18c6f079486edc11819552af386a66be5d3609	50	1.51	0.08	155.78	1	100.0	0	272	0.0	0.0	0.0	0.0	0.0	0.0
0x8297476d3e2fe6c1789d34eb001dde03aa1cda90	25	1.51	0.06	200.04	1	96.0	0	166	0.0	0.0	0.0	0.0	0.0	0.0
0x97d3e087398c59f002dc3e9bf4f3b3850ce8b165	50	1.51	0.02	54.52	1	100.0	0	166	0.0	0.0	0.0	0.0	0.0	0.0
0xa3761e90ab6a481a6bd590cfe22ffdeb4517d685	25	1.51	0.01	194.35	1	82.0	0	15	4.1143032536e-06	0.0	0.0	0.0	0.0	0.0
0x98f0c3d42b8dafb1f73d8f105344c6a4434a0109	5	1.51	0.0	47.8	1	100.0	0	25	0.0	0.0	0.0	0.0	0.0	0.0
0x87a12400fd577ceb6a668c4dda00b3d3fc97e0d3	25	1.5	0.03	127.57	2	86.5	0	32	0.0	0.0	0.0	0.0	0.0	0.0
0x839435084253cfbcf01b2aa99870586f9aa82449	50	1.5	0.09	143.47	2	100.0	903	188	2.9318764083186014e-08	0.0	0.0	0.0	0.0	0.0
0x366f295d9183f3e90c049dc65a8cf8eb9ebc594c	50	1.5	0.44	3591.53	1	100.0	0	69	0.0	0.0	0.0	0.0	0.0	0.0
0x5ca642d0138f8fa36f4ec6311190825392246ada	20	1.5	0.16	1000.14	1	100.0	0	77	0.0	0.0	0.0	0.0	0.0	0.0
0x29217632b0d8582c2aa3e960a061c59b325cead5	25	1.5	0.07	43.96	1	100.0	0	933	0.0	0.0	0.0	0.0	0.0	0.0
0x544a40955ba1c7e56e161a59e1319e3313c25251	55	1.5	0.02	408.1	1	100.0	0	21	6.717616463092213e-08	0.0	0.0	0.0	0.0	0.0
0x824a4fbdbb672558a4e206ed964c802185d926d4	25	1.5	0.01	46.75	1	78.0	0	108	8.2563646808e-06	0.0	0.0	0.0	0.0	0.0
0x63565663169428048a4c69f278129d1214603b54	25	1.5	0.01	63.88	1	100.0	0	45	4.439511869236412e-07	0.0	0.0	0.0	0.0	0.0
0x07523064a13f334dc635acb407e9d13cdd12ccd7	45	1.5	0.0	18.3	1	100.0	0	20	0.0	0.0	0.0	0.0	0.0	0.0
0x24b60f73756a428094483c9ff91d5f3b6f81694a	10	1.49	0.38	9418.63	1	100.0	0	1	1.2779002522e-06	0.0	0.0	0.0	0.0	0.0
0xc98a738fea23510a04f196c77d79d66cccac8c8f	50	1.49	0.15	227.25	1	100.0	0	361	0.0	0.0	0.0	0.0	0.0	0.0
0x451cfbe715cce467b201c68d411b75fe7032e308	55	1.49	0.13	463.45	1	100.0	0	148	0.0	0.0	0.0	0.0	0.0	0.0
0x19a837a58f819970a3c044222668ce21ad9fb557	50	1.49	0.09	288.97	1	100.0	0	178	0.0	0.0	0.0	0.0	0.0	0.0
0xe9a039750b2963d902827c9b704c90d82af726b9	25	1.49	0.0	18.11	1	77.0	0	110	8.2742002027e-06	0.0	0.0	0.0	0.0	0.0
0x749e08eecb6009ae94888ba79cce3ebea81b40f3	10	1.48	0.21	83.53	3	55.67	1055	888	7.805896595769468e-07	0.0	0.0	0.0	0.0	0.0
0x1264b14c36c7279608259a1f06490b82ef33a31d	40	1.48	2.26	3469.38	1	100.0	0	369	0.0	0.0	0.0	0.0	0.0	0.0
0x53e55a8555e125c4b3bb51ef9b0d2157cacd789e	5	1.48	0.35	2193.45	1	21.0	0	78	0.0	0.0	0.0	0.0	0.0	0.0
0xfdc844f5dbfe613b723ce9320e204c3d1b861ac6	25	1.48	0.16	284.76	1	50.0	0	325	5.38610874012e-05	0.0	0.0	0.0	0.0	0.0
0x6fb65e9cb6107226ab4717a94acb5a668fbe00ad	25	1.48	0.06	234.68	1	78.0	0	126	2.04695761896e-05	0.0	0.0	0.0	0.0	0.0
0xc4599349a2c0374456b471aeff0c9ad679c61105	20	1.47	5.14	9783.72	1	100.0	0	293	0.0	0.0	0.0	0.0	0.0	0.0
0x7818e2d40cc8195c0bfa7d2af44548e2038091ac	40	1.47	0.94	23370.9	1	100.0	0	20	6.371908556346284e-08	0.0	0.0	0.0	0.0	0.0
0x18f0298d990bbc52fc9c0465c1bba1bc4db9853e	10	1.47	0.01	12.22	1	39.0	0	282	0.0	0.0	0.0	0.0	0.0	0.0
0x7b9ce794e37b20f61ca98b33740490f19204beec	10	1.47	0.0	59.49	1	100.0	0	4	3.3622216122353166e-09	0.0	0.0	0.0	0.0	0.0
0xb47678ef10987299257c0173194d2232814454cb	10	1.46	0.15	171.11	2	75.0	633	491	1.41235080908e-05	0.0	0.0	0.0	0.0	0.0
0xef6f41fae4715c80684ea1e25446be426323be4e	10	1.46	4.76	4473.78	3	97.67	12	136	0.0	0.0	0.0	0.0	0.0	0.0
0x451248229712d6f207ff9466d8d3a33cb59d103c	20	1.46	20.64	9236.68	1	100.0	0	1342	0.0	0.0	0.0	0.0	0.0	0.0
0xc1e4ebf1bc81fa64802b2bcef779c4da90f9b646	25	1.46	0.31	652.17	1	100.0	0	285	0.0	0.0	0.0	0.0	0.0	0.0
0xddcf2e96ea113e7f62bf91e6becdf8e413456269	50	1.46	0.23	5666.77	1	100.0	0	23	0.0	0.0	0.0	0.0	0.0	0.0
0xbba8ef452f7f34894d6a4deec9cb67bac9769415	20	1.46	0.15	646.36	1	100.0	0	142	0.0	0.0	0.0	0.0	0.0	0.0
0xb81d1b56a316ad0df87e761462a93244288b2676	20	1.46	0.09	59.59	1	84.0	0	913	7.279810088078875e-08	0.0	0.0	0.0	0.0	0.0
0xf5f6ab96d017c20baad926a055926a06d08bb064	25	1.45	20.59	22094.17	3	89.0	36	104	0.0	0.0	0.0	0.0	0.0	0.0
0xe6b7775e47507a45184ae31122e91de586652ed4	25	1.45	0.5	161.65	4	71.0	0	373	1.30788277347e-05	0.0	0.0	0.0	0.0	0.0
0xae9af7e353c0734562edc688e2c405084d3f9d75	5	1.45	0.39	9910.73	1	69.0	0	7	0.0	0.0	0.0	0.0	0.0	0.0
0xcaf44abd5c4122b6debf981869c0a6024595c2ff	50	1.45	0.36	826.77	1	100.0	0	250	1.15277545398e-05	0.0	0.0	0.0	0.0	0.0
0x1fa94952c77e02baa3c748b9e8d147784fe920fb	5	1.45	0.05	160.2	1	13.0	0	191	1.84062662333e-05	0.0	0.0	0.0	0.0	0.0
0x6a8f19f4fe6b21581f83bb6e7c48e5ecbc2056a2	50	1.45	0.01	235.56	1	100.0	0	18	0.0	0.0	0.0	0.0	0.0	0.0
0x683c877f20248c15cb979c6b90b1aacfdba5613a	25	1.45	0.0	2.28	1	91.0	0	56	0.0	0.0	0.0	0.0	0.0	0.0
0x7888ed5c6f056bc01d5475b0ef8a6e6d8eb32959	25	1.44	0.36	1115.01	3	100.0	251	24	0.0	0.0	0.0	0.0	0.0	0.0
0xf57493c242be314dac001fec5afc341cb0660591	10	1.44	0.21	882.48	1	23.0	0	137	0.0	0.0	0.0	0.0	0.0	0.0
0x63b41621562a0dda3bf4521b3b14582cda18c62f	5	1.44	0.15	355.87	1	23.0	0	261	0.0	0.0	0.0	0.0	0.0	0.0
0x8cbcbaa074974a7ba6626f8d6ad8d27aaa4b3e80	30	1.44	0.14	324.62	1	48.0	0	262	7.8125014901e-06	0.0	0.0	0.0	0.0	0.0
0xcef1d967d02ebbd6c4d34ab2136847ee25ca7df6	5	1.44	0.02	628.45	1	100.0	0	2	3.552713678800501e-13	0.0	0.0	0.0	0.0	0.0
0x921d3bae22894b5d05fc4491721fddc016ab98b8	25	1.44	0.01	301.3	1	100.0	0	1	0.0	0.0	0.0	0.0	0.0	0.0
0x10fddffce9af365c53d4da8e069308de8c48cd46	25	1.44	0.01	57.46	1	100.0	0	51	3.2236683988e-06	0.0	0.0	0.0	0.0	0.0
0xfa69b2717578d97ffeec4db516baff0b95e083e8	25	1.43	0.41	199.09	1	100.0	0	1264	9.660523248e-06	0.0	0.0	0.0	0.0	0.0
0xdd3f9005e5c045d7515b3beb4ff92fda1df8cd9b	20	1.43	0.06	178.48	1	100.0	0	202	0.0	0.0	0.0	0.0	0.0	0.0
0xf8f4b1fbe68be86d9040a80d9288bdfa304a8883	25	1.43	0.06	37.32	1	96.0	0	890	0.0	0.0	0.0	0.0	0.0	0.0
0xd8a7eb0609ee5b4899c2dd354fc99fdab3450891	25	1.43	0.03	11.67	2	100.0	0	666	0.0	0.0	0.0	0.0	0.0	0.0
0x2c64a1d5d602e7fb6d21da6211dcecc6e17a0649	15	1.43	0.01	3.98	1	49.0	0	1375	1.49294622442e-05	0.0	0.0	0.0	0.0	0.0
0x1cdd68afc2c5f0a7a79746acb4f19240e7f7467f	5	1.42	0.0	55.74	2	100.0	441	5	1.4988010832439613e-13	0.0	0.0	0.0	0.0	0.0
0xb8421264a8e40083145627c67a111d22e413d03b	10	1.42	1.11	28584.71	1	16.0	0	6	4.04669256326e-05	0.0	0.0	0.0	0.0	0.0
0x9d8818880afaf78c19a45d63f9fcd497f81c9dc8	25	1.42	0.0	1.37	1	100.0	0	542	8.7244030888e-06	0.0	0.0	0.0	0.0	0.0
0xf0fc16228dca2879f470d139f1ad9b37aa6fcfbf	5	1.41	0.25	3655.2	2	100.0	99	2	0.0	0.0	0.0	0.0	0.0	0.0
0xcaa5c0d44669d971f99f67c2250b20f64933a701	25	1.41	0.44	1477.68	3	92.33	0	59	5.7944430883e-06	0.0	0.0	0.0	0.0	0.0
0xeab804d5469c1838d01f922b43c278c67ce64457	5	1.41	1.15	608.08	1	23.0	0	1156	0.0	0.0	0.0	0.0	0.0	0.0
0x5f13b839a71838a56d0ab4a59ad761dec222a357	25	1.41	0.38	463.86	1	100.0	0	481	0.0	0.0	0.0	0.0	0.0	0.0
0xec65a51040838948ebb648ad1c37e3aa38119033	20	1.41	0.01	135.85	1	70.0	0	26	0.0	0.0	0.0	0.0	0.0	0.0
0xabc032e965504a58b27d778c6262654f744db6a0	10	1.41	0.0	18.56	1	100.0	0	2	0.0	0.0	0.0	0.0	0.0	0.0
0x6fd4b26e00305a883a87fdf2e8a1648362e641c1	25	1.4	4.79	3059.98	3	77.33	66	298	1.99194344315e-05	0.0	0.0	0.0	0.0	0.0
0x38a1ee03b1e458e097a3a93d18902c4ba410df2f	25	1.4	0.16	691.02	1	31.0	0	137	0.0	0.0	0.0	0.0	0.0	0.0
0x05ca29cffff00a458e6b5bb45b29ec89fdca763e	15	1.4	0.01	58.23	1	84.0	0	114	2.05851003909e-05	0.0	0.0	0.0	0.0	0.0
0x673a4f0e3e50af4e3ded14b711034e8e530cc25a	5	1.4	0.09	106.69	1	16.0	0	551	0.0	0.0	0.0	0.0	0.0	0.0
0xccd58d97f8cdd63bc3734902088b3c8343ac1899	30	1.4	0.04	140.68	1	100.0	0	168	7.0192385681e-06	0.0	0.0	0.0	0.0	0.0
0x81ff4f6bcc2ba68ee0cde9914cdacaa058e59bb4	25	1.4	0.01	324.39	1	100.0	0	15	1.7864376644638467e-09	0.0	0.0	0.0	0.0	0.0
0xfac865bd18120ab563e582ba738b20e831e33753	15	1.39	0.02	279.0	2	100.0	23	16	0.0	0.0	0.0	0.0	0.0	0.0
0xe9d3f818869fe6b49b4af1cc20128e0390dfaff6	20	1.39	2.94	1799.18	2	100.0	0	393	3.5159991917e-06	0.0	0.0	0.0	0.0	0.0
0x05d8fa8346470be95c8fa94300ccb313c0775c6c	50	1.39	8.1	17594.76	2	100.0	0	146	0.0	0.0	0.0	0.0	0.0	0.0
0xcee10cc0c025d962b31679e58f36aa1de2b6c752	20	1.39	2.31	2025.05	1	95.0	0	705	1.33344215558e-05	0.0	0.0	0.0	0.0	0.0
0x26c56a79286d95b641551492c013861c4dafab8b	50	1.39	2.15	5628.58	1	100.0	0	217	0.0	0.0	0.0	0.0	0.0	0.0
0x4769f7cbcbe70f6372853d8dcdcd6e96e15cbd03	10	1.39	0.23	740.98	1	50.0	0	191	4.3756038237e-06	0.0	0.0	0.0	0.0	0.0
0xeccb9b9c6fb7590a4d0588953b3170a1a84e3341	25	1.39	0.03	413.88	1	77.0	0	35	1.04100594811e-05	0.0	0.0	0.0	0.0	0.0
0x2d05195e3329e227f4db15e2de3f962f6fc87766	10	1.39	0.01	96.98	1	34.0	0	80	0.0	0.0	0.0	0.0	0.0	0.0
0x866c521883bc8cb7c59769e2a06ef38cc685915e	25	1.38	4.72	2761.93	3	100.0	312	199	0.0	0.0	0.0	0.0	0.0	0.0
0xdd9d096769fa3d03d72055ff1e8e965a91d950df	50	1.38	0.03	56.47	2	100.0	0	148	0.0	0.0	0.0	0.0	0.0	0.0
0xf872cdb37b7e15a52d2c5d4d597b8b86c1b71849	25	1.38	0.27	49.43	6	99.5	0	559	0.0	0.0	0.0	0.0	0.0	0.0
0x35aa9a0f99a029d9df771c2c83e099c39e555f1b	5	1.38	31.98	79830.8	2	19.0	92	102	0.0	0.0	0.0	0.0	0.0	0.0
0x723b6a0e6758d9a37f6261aab7e1d1d9875c719e	20	1.38	2.3	2021.35	1	95.0	0	702	1.27918075132e-05	0.0	0.0	0.0	0.0	0.0
0x6ec2abebf375a39cc9044cdfd4b97b08c01820be	5	1.38	0.74	2435.64	1	10.0	0	169	3.9656818207e-05	0.0	0.0	0.0	0.0	0.0
0x03a0eee3fd0c02f25038258455413b90262364f1	15	1.38	0.32	254.61	1	48.0	0	789	0.0	0.0	0.0	0.0	0.0	0.0
0xc2757bb440c16c462780ebcffa820aa6b541fb6a	10	1.38	0.16	4158.38	1	100.0	0	22	1.0946799022804043e-09	0.0	0.0	0.0	0.0	0.0
0x7aa1da8ef8fbb873d29de16b933e5200d33f3d93	5	1.38	0.0	25.49	1	43.0	0	118	6.987955381e-06	0.0	0.0	0.0	0.0	0.0
0x039b6b1c8b50152407ceaaa0c40de89cdd6771cb	10	1.38	0.0	17.02	1	100.0	0	120	0.0	0.0	0.0	0.0	0.0	0.0
0xb6ad3564bd6345bde177be74fae683a987650b63	50	1.37	0.03	69.07	6	100.0	66	53	0.0	0.0	0.0	0.0	0.0	0.0
0xd52d391ebdfe9708346fa5017076d5d190493f78	10	1.37	4.49	21901.26	2	100.0	299	17	0.0	0.0	0.0	0.0	0.0	0.0
0x12924049e2d21664e35387c69429c98e9891a820	25	1.37	0.03	13.88	2	96.5	152	648	2.424673573031555e-07	0.0	0.0	0.0	0.0	0.0
0xd1d4ca20ed0ef9f43c2baed4023353f42b2906f1	20	1.37	0.48	227.83	2	82.0	40	781	0.0	0.0	0.0	0.0	0.0	0.0
0x1064aa646a7aedbd40816fc0c35e044d0244a764	5	1.37	0.31	2087.61	1	12.0	0	95	0.0	0.0	0.0	0.0	0.0	0.0
0x66702555f5ac2de84b7c2fc17e94c723306d4652	20	1.37	0.2	881.98	1	61.0	0	122	2.94485799856e-05	0.0	0.0	0.0	0.0	0.0
0x9efd4d4d44db9b6cbbff2399fb47171031615262	5	1.37	0.08	2129.54	1	23.0	0	4	0.0	0.0	0.0	0.0	0.0	0.0
0x7592b6e868145277dd4b343ddb9a3065def7b85b	50	1.37	0.07	634.48	1	100.0	0	48	0.0	0.0	0.0	0.0	0.0	0.0
0x0f53809658e5364bbdb368579d2b3d6052cc66d1	25	1.37	0.05	43.26	1	100.0	0	792	1.15804740019e-05	0.0	0.0	0.0	0.0	0.0
0x7929daccf4f087fe78e8f7a6907981f296d44aaa	35	1.37	0.03	848.42	1	100.0	0	8	7.254300493642063e-08	0.0	0.0	0.0	0.0	0.0
0x5146b43ae9fd7c28ae40c79f321465a069ea4263	10	1.37	0.02	492.76	1	100.0	0	6	5.952201398429224e-07	0.0	0.0	0.0	0.0	0.0
0x4327143dcde059ab02328987d098580313242aaf	25	1.37	0.0	23.82	1	99.0	0	49	0.0	0.0	0.0	0.0	0.0	0.0
0x9c599cc2a4941e578e36634e94b8b93cbae01d40	15	1.36	1.29	6027.06	2	79.0	228	70	0.0	0.0	0.0	0.0	0.0	0.0
0x6dc3faeb5445aabcae0a43c79f9262ee0c626155	25	1.36	5.89	4927.69	1	100.0	0	761	0.0	0.0	0.0	0.0	0.0	0.0
0x6d40b9be13ef1c4970df10068893371b86bd2e22	10	1.36	1.81	3050.14	1	46.0	0	379	6.566757349e-06	0.0	0.0	0.0	0.0	0.0
0x289cd2e7befab996acf53c1953866907f9141147	5	1.36	0.44	1461.83	1	42.0	0	179	0.0	0.0	0.0	0.0	0.0	0.0
0xdcd050fad8eaef5dc11bd25e92014d21dcada74d	25	1.36	0.1	697.62	1	17.0	0	73	5.42447009088e-05	0.0	0.0	0.0	0.0	0.0
0x77a15754f079463aa83712c8f3b014dd7de61809	25	1.35	0.82	397.58	1	100.0	0	1343	8.202244528e-06	0.0	0.0	0.0	0.0	0.0
0x0ea5ffa3348fbdf2b56ae105b9c9aa4291ae295b	25	1.35	0.44	286.44	1	100.0	0	985	0.0	0.0	0.0	0.0	0.0	0.0
0x60457c07cb435567ee55811fe0a8969970cf61b1	5	1.35	0.25	1326.35	1	11.0	0	116	0.0	0.0	0.0	0.0	0.0	0.0
0x99a0710fa615dc5f8e5474589b4c28052902a2ef	10	1.35	0.02	294.5	1	37.0	0	38	7.1462030959e-06	0.0	0.0	0.0	0.0	0.0
0x170e1112cd9a1fb3c915718707ea4d20207a6e41	50	1.34	0.02	152.7	2	100.0	0	22	0.0	0.0	0.0	0.0	0.0	0.0
0xb051a9089ac65f0266fc3eb017e358ec79852857	25	1.34	2.9	2478.51	3	90.67	50	454	0.0	0.0	0.0	0.0	0.0	0.0
0x2bd326bed7cdced1806d473b208d0ba77d45d868	15	1.34	0.98	575.98	2	52.5	0	648	0.0	0.0	0.0	0.0	0.0	0.0
0xbb5547f8b2cc4ff8d22fc5da655b97e8281abe8b	25	1.34	0.44	923.58	1	100.0	0	289	4.797462760386395e-07	0.0	0.0	0.0	0.0	0.0
0xb10f6264cb18babf203de98df4bc3f3ecd616471	25	1.34	0.15	313.49	1	100.0	0	289	4.655908880657478e-07	0.0	0.0	0.0	0.0	0.0
0x161f940ec338096981de6b157ea5b3a4390258b5	25	1.34	0.14	291.82	1	100.0	0	289	4.712446766141909e-07	0.0	0.0	0.0	0.0	0.0
0x6f189533283149508766f9929e5ab6cd621b6a1a	30	1.34	0.13	321.93	1	47.0	0	257	5.7490029004e-05	0.0	0.0	0.0	0.0	0.0
0x0b9d68ae51bbe4d370bd0c917c5483342f37af00	10	1.34	0.06	27.41	1	45.0	0	1489	0.0	0.0	0.0	0.0	0.0	0.0
0x802157021129a5027ae0ef5fd1e28baf11f83b7c	25	1.33	0.03	596.05	2	100.0	86	11	3.329116038397473e-07	0.0	0.0	0.0	0.0	0.0
0xaa973315a3dd8c4e634bda9c5ba990a8ac92dac1	20	1.33	0.09	199.98	4	76.5	71	49	0.0	0.0	0.0	0.0	0.0	0.0
0xc15fbb3a94d5d95386de36705d02735e056cd826	25	1.33	2.15	9864.02	1	100.0	0	135	1.8202765184e-06	0.0	0.0	0.0	0.0	0.0
0xa1fb7fa7d0aa54b9f0d2e88599387976bc1fdea1	25	1.33	0.66	502.61	1	100.0	0	863	0.0	0.0	0.0	0.0	0.0	0.0
0xf62f01da63c9bec9120b8c348b758bd604a7bdca	25	1.33	0.21	2934.66	1	100.0	0	32	0.0	0.0	0.0	0.0	0.0	0.0
0xdc892b6583974085e4a54d01c05213372a481be1	5	1.33	0.02	80.7	1	28.0	0	190	0.0	0.0	0.0	0.0	0.0	0.0
0x18fa0ea92a894a8984fa5978a9750e3408b9a967	5	1.32	0.4	927.56	1	26.0	0	287	0.0	0.0	0.0	0.0	0.0	0.0
0x09a3a6f1ba802a6af87c8d725c4e50c4a2e8a067	25	1.32	0.12	1122.46	1	93.0	0	67	1.05131723215e-05	0.0	0.0	0.0	0.0	0.0
0x48d33ac1f67e09ff3609cb6af3912a819bf00179	25	1.32	0.07	667.37	1	82.0	0	50	0.0	0.0	0.0	0.0	0.0	0.0
0xc54d82bd1255a7c7b605f5d6c56823fd3188adb9	25	1.31	8.99	2404.02	2	94.5	0	1240	9.9140693154e-06	0.0	0.0	0.0	0.0	0.0
0x33f8a473787cc7ed0e3c14d596198c2d620f3799	25	1.31	0.83	2304.07	1	57.0	0	218	0.0	0.0	0.0	0.0	0.0	0.0
0xebf28ae6e4dc326edbfffac8b35b7e8a5aae224c	35	1.31	0.4	339.35	1	100.0	0	769	0.0	0.0	0.0	0.0	0.0	0.0
0x6fb737d1ebb73cda6cfa36fd16d9273065d1b084	15	1.31	0.26	278.39	1	90.0	0	610	0.0	0.0	0.0	0.0	0.0	0.0
0x8295e13800d480cfcead535c30e8463724b59703	15	1.31	0.19	5154.87	1	83.0	0	16	0.0	0.0	0.0	0.0	0.0	0.0
0xd9010fb0b7df8bd85b7b614c01df9a65e032f60d	50	1.31	0.05	1256.96	1	100.0	0	14	0.0	0.0	0.0	0.0	0.0	0.0
0x09a3a6f1ba802a6af87c8d725c4e50c4a2e8a067	10	1.31	0.03	286.06	1	42.0	0	48	0.0	0.0	0.0	0.0	0.0	0.0
0x70b2ee03ed78855c612f9ca0bed658aa740d24c1	5	1.31	0.01	374.91	1	100.0	0	2	0.0	0.0	0.0	0.0	0.0	0.0
0x5d0520030fa35a96ee1e9519afec7cf0e25705a6	5	1.31	0.0	50.43	1	90.0	0	4	0.0	0.0	0.0	0.0	0.0	0.0
0x5458ee299d401677b190563f8a6c755fe93aa2d5	5	1.31	0.0	3.75	1	33.0	0	87	0.0	0.0	0.0	0.0	0.0	0.0
0x437b557d5ff316999d19e501c5e0bdb3bf2509d1	25	1.3	1.48	942.07	1	100.0	0	1037	0.0	0.0	0.0	0.0	0.0	0.0
0xf9c29c8fd2c62b7e0ca1dc0b928d980ab9a2f244	30	1.3	0.43	1515.19	1	100.0	0	170	6.294400001216616e-07	0.0	0.0	0.0	0.0	0.0
0x6cda6ff2a177e638e39556c172fe0c16f5be478f	15	1.3	0.29	4019.78	1	100.0	0	38	3.75723274714801e-07	0.0	0.0	0.0	0.0	0.0
0x6c7ab0d4d6ee1bfd4b9071ea1c60b03dcb8b18fd	60	1.3	0.16	448.66	1	100.0	0	236	0.0	0.0	0.0	0.0	0.0	0.0
0xd3ac786fc0a87a75690cef3087de8aba368605ec	5	1.3	0.14	983.69	1	49.0	0	78	0.0	0.0	0.0	0.0	0.0	0.0
0xfe36dbab33e154d8fc2957ee6e43088f7999eea3	50	1.3	0.08	548.69	1	100.0	0	91	0.0	0.0	0.0	0.0	0.0	0.0
0xfe41a588a2bd319762b0e08349b0f42c935d4e9f	20	1.3	0.05	77.75	1	100.0	0	398	1.1103951091939734e-08	0.0	0.0	0.0	0.0	0.0
0xf8f4b1fbe68be86d9040a80d9288bdfa304a8883	35	1.3	0.01	36.61	1	92.0	0	103	0.0	0.0	0.0	0.0	0.0	0.0
0xc88cf9b5d1edd817bc90822b4004c389a75a9e5c	10	1.3	0.0	13.56	1	29.0	0	115	0.0	0.0	0.0	0.0	0.0	0.0
0x75445dc854998405be928ff5e43f89053d398864	5	1.29	0.13	1781.58	2	100.0	7	7	4.5437092976996496e-08	0.0	0.0	0.0	0.0	0.0
0x4a15805d28d5ebd13c120f5a5e7be4194512d96b	55	1.29	4.43	9611.15	1	100.0	0	298	0.0	0.0	0.0	0.0	0.0	0.0
0x00dc56403915be0076213e3cefd95a20b713a68c	10	1.29	2.74	12966.16	1	100.0	0	120	0.0	0.0	0.0	0.0	0.0	0.0
0xd44ea8e181a1d17bdbbde6562eb8538fbcbaf5eb	10	1.29	1.25	1075.48	1	48.0	0	789	0.0	0.0	0.0	0.0	0.0	0.0
0xea5dc4894f0a67853f52a79f079d06b81ae7daa4	50	1.29	0.33	930.25	1	100.0	0	217	0.0	0.0	0.0	0.0	0.0	0.0
0xd8ba14b3c10eff05ed2d72bbbe909a428a649b70	5	1.29	0.29	1030.67	1	38.0	0	183	1.30903074158e-05	0.0	0.0	0.0	0.0	0.0
0xa597ee70083d120918e2ea8a58067cf753d83008	20	1.29	0.23	2149.59	1	51.0	0	64	1.27606932132e-05	0.0	0.0	0.0	0.0	0.0
0x72e6bf249c1f82923de914e4a972355b5e9b71ec	10	1.29	0.21	179.37	1	48.0	0	789	7.3277129142e-06	0.0	0.0	0.0	0.0	0.0
0xdad366c6e56c94334e9e719e65136278b7c4d23f	5	1.29	0.18	651.55	1	16.0	0	172	9.5993202053e-06	0.0	0.0	0.0	0.0	0.0
0xf9e4e83cf662bc0b84922303cabf97816e347c66	25	1.29	0.05	35.01	1	100.0	0	883	6.3798961003e-06	0.0	0.0	0.0	0.0	0.0
0x8a38419e4169e616785da5b5664499b46f688fd1	30	1.29	0.02	183.5	1	100.0	0	48	0.0	0.0	0.0	0.0	0.0	0.0
0xccda5492e13166d366ecf1c208309e1a906de2ae	5	1.29	0.02	435.06	1	100.0	0	3	2.0761170560490427e-12	0.0	0.0	0.0	0.0	0.0
0x93a6471b70f001aea225517bfcf904decaccba35	5	1.29	0.01	88.54	1	57.0	0	26	2.2333865534e-06	0.0	0.0	0.0	0.0	0.0
0x6470bd9852d24a63ea74e9c49d245fdbdffd476d	15	1.29	0.01	160.05	1	100.0	0	9	6.6673080167e-06	0.0	0.0	0.0	0.0	0.0
0xc0f159a4a4f29a66c5cc29f9cbcb75de56557334	25	1.29	0.0	21.0	1	100.0	0	100	0.0	0.0	0.0	0.0	0.0	0.0
0xf56001723d00c15ca5c390fd38d1786d34f0ad48	30	1.28	6.29	3090.7	1	100.0	0	1391	0.0	0.0	0.0	0.0	0.0	0.0
0x3a6a658fac4e500e516d7432fb4c6cf745f1d785	25	1.28	0.43	322.43	1	100.0	0	891	1.24427957826e-05	0.0	0.0	0.0	0.0	0.0
0x26e1e1d22f2e06b6a09a46cb5e623bd1c058906e	50	1.28	0.35	841.48	1	100.0	0	286	0.0	0.0	0.0	0.0	0.0	0.0
0x67dc0cad9f5a12a4e5faa368a6aa7cd7fb6259c2	25	1.28	0.08	450.34	2	100.0	0	43	0.0	0.0	0.0	0.0	0.0	0.0
0x7f4b43d3627a34c9ef01a2cc6d98b6b75c6c0a87	30	1.28	0.02	24.59	1	100.0	0	536	0.0	0.0	0.0	0.0	0.0	0.0
0x79195ac29470a0843ae479af5b42aaa0c124d8e8	15	1.28	0.39	1006.73	1	46.0	0	256	0.0	0.0	0.0	0.0	0.0	0.0
0xf9d4fd46e2d1435e7bac9bcee6fa9536e76e5101	10	1.27	0.02	43.51	2	69.0	438	165	1.9727959543e-06	0.0	0.0	0.0	0.0	0.0
0x75484fe6d1dcb7eb083e314ad52d95a617b22dfb	30	1.27	0.65	804.32	2	100.0	262	270	0.0	0.0	0.0	0.0	0.0	0.0
0x22a6a044e2a2ca4419548637e6fc820281da94a5	5	1.27	0.09	1312.02	2	100.0	0	3	0.0	0.0	0.0	0.0	0.0	0.0
0x7d3bed945ada5746ed6eb5fb8cc3b7c83f3e5590	25	1.27	0.47	357.68	1	100.0	0	888	5.7986762502e-06	0.0	0.0	0.0	0.0	0.0
0xd8a4c7876111b4a10c6cfcd86102794493f13879	30	1.27	0.34	1378.45	1	100.0	0	156	0.0	0.0	0.0	0.0	0.0	0.0
0xf05e75e42272ec60ba6157d647924fd2de7a9495	10	1.27	0.32	915.44	1	50.0	0	232	0.0	0.0	0.0	0.0	0.0	0.0
0x5ebcb2c438b3a7799c0ca732037e53870a948980	5	1.27	0.29	99.84	1	25.0	0	1961	1.1243230457e-06	0.0	0.0	0.0	0.0	0.0
0x6d40b9be13ef1c4970df10068893371b86bd2e22	50	1.27	0.28	3956.14	1	100.0	0	37	1.0569722874720357e-08	0.0	0.0	0.0	0.0	0.0
0x0a2eba0830ef3697ed9a0dd4fdf50a325b573e05	25	1.27	0.12	91.88	1	100.0	0	912	0.0	0.0	0.0	0.0	0.0	0.0
0x6e8e930525d80196187705b0bf43fa1802c91788	45	1.27	0.1	199.02	1	100.0	0	339	0.0	0.0	0.0	0.0	0.0	0.0
0x908c504e45efe254ad1c44423874fa624ac70ef9	10	1.27	0.09	1328.55	1	13.0	0	30	0.0	0.0	0.0	0.0	0.0	0.0
0x0f28143ba5c106eb5c41f0035f9bc5be91687bba	10	1.27	0.02	627.12	1	100.0	0	1	0.0	0.0	0.0	0.0	0.0	0.0
0x602eb2613cfb55373e07f7f503fbc7211eb9f4a0	10	1.27	0.01	7.88	1	49.0	0	435	0.0	0.0	0.0	0.0	0.0	0.0
0x278ff98bcef0d9e5ca0db9d5099686f17dd65d60	40	1.27	0.0	9.92	1	100.0	0	94	0.0	0.0	0.0	0.0	0.0	0.0
0x7261e6641d8e260a688c53afec00009984779331	25	1.27	0.0	1.39	1	100.0	0	312	1.1518385911e-06	0.0	0.0	0.0	0.0	0.0
0x4500720c4e0e29ab62e13e8526cce1887c789347	5	1.26	6.02	14469.22	2	100.0	0	33	0.0	0.0	0.0	0.0	0.0	0.0
0xa2e764a56c5dfa248f8831256c8c37bd438be302	25	1.26	12.35	14554.57	2	39.5	0	243	2.53819000428e-05	0.0	0.0	0.0	0.0	0.0
0x1e81a691c1ea988c5f912bc2211a1e598b481743	5	1.26	0.7	3393.43	1	11.0	0	142	4.9406625124e-06	0.0	0.0	0.0	0.0	0.0
0xa52564e271bcb89c4abac89078a881a1c143061f	20	1.26	0.61	1945.21	1	100.0	0	216	1.645006353356848e-09	0.0	0.0	0.0	0.0	0.0
0xa52071213de26d2c078af92911e75e03c32738c0	35	1.26	0.03	978.87	1	100.0	0	19	0.0	0.0	0.0	0.0	0.0	0.0
0xccda5492e13166d366ecf1c208309e1a906de2ae	10	1.26	0.01	433.65	1	100.0	0	5	9.14823772291129e-10	0.0	0.0	0.0	0.0	0.0
0xcdb0d9481d3b7b29d8b6925332c309f8c17b5f5e	10	1.26	0.01	198.96	1	100.0	0	25	0.0	0.0	0.0	0.0	0.0	0.0
0x873ba9889099a0b22ab294a4d06414701e3b3de4	25	1.25	4.21	1449.93	4	97.0	0	405	0.0	0.0	0.0	0.0	0.0	0.0
0xec65a51040838948ebb648ad1c37e3aa38119033	30	1.25	0.03	174.88	2	100.0	0	43	6.9889300569e-06	0.0	0.0	0.0	0.0	0.0
0x257e58a1b7a1eb222516562f13a500d9bc33ef50	25	1.25	1.7	24793.81	1	100.0	0	26	3.240412160820938e-07	0.0	0.0	0.0	0.0	0.0
0xea3a3f6600378d17af1d66dc8a3d32b8b9ce391d	50	1.25	0.01	27.09	1	100.0	0	334	0.0	0.0	0.0	0.0	0.0	0.0
0x7ad31e19d82ae46b15831d585c302cda640b3555	10	1.24	0.01	1005.45	2	100.0	94	5	0.0	0.0	0.0	0.0	0.0	0.0
0xc98f971bde087220c78e892257d463dd9e982a0a	45	1.24	3.39	33122.65	1	100.0	0	48	0.0	0.0	0.0	0.0	0.0	0.0
0x404c0dcfc9a43c9cfefddebb5e8529c02d177bb2	10	1.24	0.47	190.28	1	28.0	0	1706	0.0	0.0	0.0	0.0	0.0	0.0
0x3eb210eaa4026f62d027fafaba1fa5592febb06a	50	1.24	0.27	798.6	1	97.0	0	229	4.88038904622e-05	0.0	0.0	0.0	0.0	0.0
0x4781e7e272cf22a674becb2793092940e839f7b7	25	1.24	0.02	236.08	1	49.0	0	43	1.00075337794e-05	0.0	0.0	0.0	0.0	0.0
0x8ca32d1f41d4a55a400fd485374a9d0b5ad954f7	20	1.24	0.01	282.14	1	100.0	0	23	1.2206423649629985e-07	0.0	0.0	0.0	0.0	0.0
0xe9d3f818869fe6b49b4af1cc20128e0390dfaff6	5	1.23	0.33	1011.68	2	100.0	0	49	1.906919067096169e-10	0.0	0.0	0.0	0.0	0.0
0xdb1ab9e1aef1cb5fd7bafe1115869293cbbc583a	15	1.23	0.04	554.56	2	100.0	153	7	1.7600998991618158e-07	0.0	0.0	0.0	0.0	0.0
0xbb070dd0479fccde51fc411579100a7c5a12e69e	10	1.23	1.55	1428.39	2	34.0	2	370	1.23418779085e-05	0.0	0.0	0.0	0.0	0.0
0xbfcac232944660aa999a5672cacfaca515cf6128	15	1.23	10.13	33419.14	1	39.0	0	195	0.0	0.0	0.0	0.0	0.0	0.0
0x4c9306c3ea6059b65d6d3319ac9e532714789cc7	25	1.23	1.18	1000.17	1	82.0	0	818	0.0	0.0	0.0	0.0	0.0	0.0
0x839435084253cfbcf01b2aa99870586f9aa82449	25	1.23	0.02	179.19	1	75.0	0	51	1.05202483835e-05	0.0	0.0	0.0	0.0	0.0
0xdcf10756cf279cde8b185ec05513931009749b12	25	1.22	1.19	3289.42	2	22.0	0	153	0.0	0.0	0.0	0.0	0.0	0.0
0x60201f7c0774cba96e1db1a915ae1748da3faf12	35	1.22	49.33	1480981.12	1	100.0	0	1	7.160666504191228e-08	0.0	0.0	0.0	0.0	0.0
0x6c3f1f34ced16638db14c30fba69506d62031e7e	25	1.22	2.97	1529.7	1	100.0	0	1369	0.0	0.0	0.0	0.0	0.0	0.0
0xfcfe43ed7d9ec5c119b3bed3ebe4af5ca53307ac	25	1.22	0.42	627.64	1	100.0	0	474	5.4871767352e-06	0.0	0.0	0.0	0.0	0.0
0x67cc642f32d724724765dbc40472a3d520b9e02a	25	1.22	0.3	2971.99	1	64.0	0	69	0.0	0.0	0.0	0.0	0.0	0.0
0x64466121d49449f16877d6759016518d9535d9d1	10	1.22	0.24	7089.04	1	100.0	0	2	1.2679461258e-06	0.0	0.0	0.0	0.0	0.0
0x3aab9becca585b943e83a4e3a2ba88c6bfc72707	50	1.22	0.14	4242.45	1	100.0	0	7	2.0064483408077652e-08	0.0	0.0	0.0	0.0	0.0
0xf09f478c31c247602c019c5c1b700e766ec5fe10	50	1.22	0.11	1616.35	1	100.0	0	28	0.0	0.0	0.0	0.0	0.0	0.0
0xf8e7599112fa7d1414e67e5b2f3efa21031f8706	25	1.22	0.03	116.18	1	58.0	0	197	0.0	0.0	0.0	0.0	0.0	0.0
0xe78a9a8f5420e04289e082134f4711f2f95af5b6	25	1.21	0.02	97.5	2	90.5	0	58	0.0	0.0	0.0	0.0	0.0	0.0
0xf38d868aa43d4f662c0c1b18950a999828a562ef	25	1.21	19.87	11562.59	2	100.0	737	441	0.0	0.0	0.0	0.0	0.0	0.0
0x05b9c0326e1bab5382260da9cd7400bf9bdf2942	25	1.21	1.23	1843.33	1	97.0	0	470	7.14752845798472e-07	0.0	0.0	0.0	0.0	0.0
0x9ee19889d7447a54319bb5c74a32585a3d228631	10	1.21	0.69	5240.56	1	24.0	0	88	0.0	0.0	0.0	0.0	0.0	0.0
0x8ceff1ad0171bfb91ec3b6bc6283765317601596	5	1.21	0.02	106.68	1	10.0	0	104	0.0	0.0	0.0	0.0	0.0	0.0
0xb9319c99cde9fe31363eb24a39e83fd15e7e2713	25	1.21	0.02	90.98	1	95.0	0	116	5.59138478295e-05	0.0	0.0	0.0	0.0	0.0
0x991569f3b4d3933d2e37ba2d1080aa229a036bf2	50	1.21	0.0	17.83	1	100.0	0	39	0.0	0.0	0.0	0.0	0.0	0.0
0x4ba869b8be055d0ecad161386e2a9a453f00a18c	45	1.2	1.3	7924.56	1	100.0	0	120	0.0	0.0	0.0	0.0	0.0	0.0
0xce6c0bd926a76d715c829be4965ad064447d754f	55	1.2	0.37	2841.02	1	100.0	0	96	4.899878391917412e-07	0.0	0.0	0.0	0.0	0.0
0x0bd23f89dce8faa154bc510517a8fab364655b6f	15	1.2	0.15	4604.48	1	100.0	0	9	0.0	0.0	0.0	0.0	0.0	0.0
0x9efd4d4d44db9b6cbbff2399fb47171031615262	25	1.2	0.07	2105.88	1	5.0	0	19	0.0	0.0	0.0	0.0	0.0	0.0
0x2b5f10e23640a52371cf2635d2c4593a1c70aad5	20	1.2	0.02	326.7	1	100.0	0	38	1.445345954e-06	0.0	0.0	0.0	0.0	0.0
0xc9736771d84f3924a6793e5b8b093b3d446d814c	25	1.2	0.01	37.41	1	100.0	0	160	0.0	0.0	0.0	0.0	0.0	0.0
0x2d8bd6e540c4a6dfe70304ab77654a0ac2414613	20	1.2	0.01	89.68	1	100.0	0	25	8.918895622045397e-08	0.0	0.0	0.0	0.0	0.0
0x587ed0683581fe5bd127a3ce4450cfce7e00629c	25	1.2	0.0	2.8	1	100.0	0	12	0.0	0.0	0.0	0.0	0.0	0.0
0xa93266651533d2d944d29553d37f1d2f93e57de0	10	1.19	1.45	44551.85	1	100.0	0	0	3.247541124906661e-08	0.0	0.0	0.0	0.0	0.0
0x81e8ea69a0cc65c72c8edb2ad4bd48594723dbaa	30	1.19	1.31	1429.71	1	100.0	0	651	0.0	0.0	0.0	0.0	0.0	0.0
0x71a3d1863a038750568b69bfa072a179de4782dc	25	1.19	0.82	482.96	1	87.0	0	1230	0.0	0.0	0.0	0.0	0.0	0.0
0xbc7a3563e1d70acc6c6291c75c84e6f8c20900c9	5	1.19	0.29	146.11	1	18.0	0	1483	6.3479617451e-06	0.0	0.0	0.0	0.0	0.0
0x6010dd61a2421d2519183826da1866c4a9c738b5	50	1.19	0.16	336.88	1	100.0	0	339	0.0	0.0	0.0	0.0	0.0	0.0
0x96f35503564cb4285d4093bdf6c1b6b7111ac1bb	15	1.19	0.09	2676.98	1	100.0	0	4	0.0	0.0	0.0	0.0	0.0	0.0
0x8028911e6ee1105514010e403b93aba6f3de9084	25	1.19	0.03	495.86	1	100.0	0	25	0.0	0.0	0.0	0.0	0.0	0.0
0xee5d89290c3502db0cedc181f62c46d433f8d2a3	25	1.19	0.02	100.18	1	18.0	0	98	0.0	0.0	0.0	0.0	0.0	0.0
0xec65a51040838948ebb648ad1c37e3aa38119033	50	1.18	0.16	152.75	2	100.0	5	670	0.0	0.0	0.0	0.0	0.0	0.0
0x6476b32b35236987f033ca852a00806bc4f73eab	25	1.18	29.28	100249.17	1	100.0	0	207	6.14775678253e-05	0.0	0.0	0.0	0.0	0.0
0x84fbeb26f4931f94cecd487bea6f7c88f9109e53	5	1.18	0.82	25451.02	1	100.0	0	3	9.072298468026927e-10	0.0	0.0	0.0	0.0	0.0
0x1249f6126192d448a38b5edd4c4b5bf5af43d0d8	20	1.18	0.1	446.02	1	100.0	0	150	0.0	0.0	0.0	0.0	0.0	0.0
0xbf5e97207f085c15e07d4ae7670dd49e2c9a1a9e	25	1.18	0.01	221.97	1	40.0	0	48	0.0	0.0	0.0	0.0	0.0	0.0
0xdc9f4e3af0c771f9de0f61ad312135ac2278aaae	20	1.18	0.01	15.39	1	100.0	0	279	2.742669646949025e-07	0.0	0.0	0.0	0.0	0.0
0x48ab07bfcac8500c137c05c2d1c032079b2b01d0	25	1.18	0.0	3.9	1	100.0	0	48	0.0	0.0	0.0	0.0	0.0	0.0
0x36462932a907aa517672da39ad7790145550c8dd	10	1.17	0.67	416.69	2	96.5	0	290	1.4845864593e-06	0.0	0.0	0.0	0.0	0.0
0xc00afce6c9fbf654f3280b1b5d6b3f033bb22634	50	1.17	1.45	2529.99	2	100.0	0	210	0.0	0.0	0.0	0.0	0.0	0.0
0xe10347e64b4eb5265c83c538fe7effb1123574e8	50	1.17	0.1	540.43	1	100.0	0	144	0.0	0.0	0.0	0.0	0.0	0.0
0xc1b887fb6a38c2eb01daedc9449da463ebe59675	25	1.17	0.05	311.01	1	60.0	0	97	0.0	0.0	0.0	0.0	0.0	0.0
0x0851885a2baec9be7b052fea94ff211e4207eef2	25	1.17	0.0	20.98	1	100.0	0	93	0.0	0.0	0.0	0.0	0.0	0.0
0x69aaa47c562f0347b98532736accf3746aad7e45	10	1.17	0.0	0.48	1	32.0	0	438	5.1608035178e-06	0.0	0.0	0.0	0.0	0.0
0x659e42088c214b9889cc2a94ce81e4ba1055aad7	25	1.16	1.16	4680.83	2	49.0	5	840	0.0	0.0	0.0	0.0	0.0	0.0
0xdb1ab9e1aef1cb5fd7bafe1115869293cbbc583a	5	1.16	0.4	868.51	2	100.0	62	51	4.025429323206709e-07	0.0	0.0	0.0	0.0	0.0
0x89a28ac651f0e87dab2f51f03a4e7caee7fc963b	10	1.16	1.22	1069.99	1	82.0	0	858	7.772373855630121e-08	0.0	0.0	0.0	0.0	0.0
0x2a1842bac18058078f682e1996f763480081174a	25	1.16	0.17	100.56	1	100.0	0	1248	0.0	0.0	0.0	0.0	0.0	0.0
0x9871d0b52cb98490fee6462d8e89f1d3df5715cc	50	1.16	0.16	431.87	1	60.0	0	277	0.0	0.0	0.0	0.0	0.0	0.0
0xaa75703569af486d4dd3eca3494f1dab29e5b09e	25	1.16	0.16	857.75	1	100.0	0	140	0.0	0.0	0.0	0.0	0.0	0.0
0xfe36dbab33e154d8fc2957ee6e43088f7999eea3	25	1.16	1.27	421.45	3	89.33	91	919	5.6381649719e-06	0.0	0.0	0.0	0.0	0.0
0xeb078f33a09854a5fed70365ace85bde5e965577	25	1.16	0.04	646.11	1	100.0	0	24	0.0	0.0	0.0	0.0	0.0	0.0
0x154b4661a08eaffc746bdf7451a17ee50ee904cf	5	1.16	0.03	822.08	1	71.0	0	13	3.7257476992e-06	0.0	0.0	0.0	0.0	0.0
0x00248603cff883eb815f27e48fd67de8d65e33d1	25	1.16	0.01	197.14	1	100.0	0	9	0.0	0.0	0.0	0.0	0.0	0.0
0x1d0c186500d4e8ed72c2c3a87f0ac4fa4c026d74	5	1.16	0.0	11.62	1	14.0	0	149	6.03939444343e-05	0.0	0.0	0.0	0.0	0.0
0xb1e615255cc8dd83f2ab9e332c1624b0a6b3ad80	10	1.15	8.37	5518.36	1	53.0	0	1143	1.3176357827e-05	0.0	0.0	0.0	0.0	0.0
0x9df3bcf7e55f7d689b950308ac434871d9c9c62a	25	1.15	0.1	3041.93	1	100.0	0	23	0.0	0.0	0.0	0.0	0.0	0.0
0x139c9e0b76a6d4f520e86ce232353f500af02827	15	1.15	0.07	157.35	1	51.0	0	325	1.16500712188e-05	0.0	0.0	0.0	0.0	0.0
0x09a3fb82717577e4f2b4945473beb248fab35925	10	1.14	10.21	6679.64	2	71.5	0	571	0.0	0.0	0.0	0.0	0.0	0.0
0x603074f31b9efd30a8e2b45237eed27e8fecc197	15	1.14	1.09	494.72	1	45.0	0	1697	0.0	0.0	0.0	0.0	0.0	0.0
0x8816146d40893b9e404305f7de9121c09cb32bdd	25	1.14	0.64	400.1	1	100.0	0	1223	0.0	0.0	0.0	0.0	0.0	0.0
0x763dd65374b456bd6ae953c17a8a8e80bcaeca10	25	1.14	0.58	3704.6	1	57.0	0	100	0.0	0.0	0.0	0.0	0.0	0.0
0x988ca87e0a1acd3698154a258e405afb3ce2a376	10	1.14	0.12	69.29	1	66.0	0	1281	1.5596273605e-06	0.0	0.0	0.0	0.0	0.0
0x7c849aa6cc20634fa9938cb7c1eb23b998f6c236	10	1.14	0.02	730.01	1	100.0	0	13	1.6728822771483465e-07	0.0	0.0	0.0	0.0	0.0
0xd76b025f9b36194be6b5b98326efbd6bfd1e1165	5	1.13	0.05	828.32	2	76.0	41	5	1.1926476195e-06	0.0	0.0	0.0	0.0	0.0
0x4de03699b6fddafa2b990f6457b5180b512b8241	5	1.13	42.14	98670.38	2	12.0	0	147	0.0	0.0	0.0	0.0	0.0	0.0
0x7818e2d40cc8195c0bfa7d2af44548e2038091ac	50	1.13	8.56	55392.81	1	100.0	0	119	0.0	0.0	0.0	0.0	0.0	0.0
0x84d0f74d21a89f86b67e9a38d8559d0b4e10f12d	30	1.13	4.34	139708.82	1	100.0	0	1	0.0	0.0	0.0	0.0	0.0	0.0
0x82018407dce2ce289d44c64a0d4e19213b309b87	25	1.13	2.45	249.95	4	100.0	0	1872	0.0	0.0	0.0	0.0	0.0	0.0
0xcb43e659769cb2d4bbc5419409d387edf5506847	30	1.13	1.23	1807.06	1	100.0	0	513	0.0	0.0	0.0	0.0	0.0	0.0
0xbdab13eb71aaa83e6917a4e7a29c00b9490defc5	20	1.13	0.85	2275.82	1	100.0	0	266	2.5506715517e-06	0.0	0.0	0.0	0.0	0.0
0xcd45ed5b3d296c9562ef927a85489c9d5f13d857	5	1.13	0.81	405.1	1	34.0	0	1542	0.0	0.0	0.0	0.0	0.0	0.0
0x0c3b963c91334c63f45a8ae3fbbb1971cbb9f912	5	1.13	0.08	2708.44	1	100.0	0	1	0.0	0.0	0.0	0.0	0.0	0.0
0x622694e8a7b9d2d3f12d2614f151a500b8de49f9	25	1.13	0.05	63.82	1	100.0	0	583	0.0	0.0	0.0	0.0	0.0	0.0
0x292c6dae7417b3d31d8b6e1d2eea0258d14c4c4b	5	1.13	0.0	0.77	1	100.0	0	1	4.8694381860059366e-11	0.0	0.0	0.0	0.0	0.0
0x97d7e0d3832b27588ceb9f821472c9ab75985126	25	1.12	6.64	6475.51	3	58.67	0	308	4.02359231562e-05	0.0	0.0	0.0	0.0	0.0
0x7f0d954a78daf19ecbb5febd12ca85fb9df7bedb	5	1.12	9.81	12953.15	2	36.5	0	276	0.0	0.0	0.0	0.0	0.0	0.0
0xd59fc3d098a8b2d402dd8e589c6406b82d6c2de1	50	1.12	19.75	11518.29	1	100.0	0	1340	0.0	0.0	0.0	0.0	0.0	0.0
0x642fcf3e9bb82ec3d31a32dbd0c9d92d82264bb4	35	1.12	4.34	8308.56	1	100.0	0	406	0.0	0.0	0.0	0.0	0.0	0.0
0x61d31df45733b733b351d7ab97dbf0e2132b210b	50	1.12	1.88	6829.94	1	100.0	0	203	0.0	0.0	0.0	0.0	0.0	0.0
0xc14f4b7d7ed84ffa6203886c0429028e16ceff00	25	1.12	0.64	399.86	1	100.0	0	1246	0.0	0.0	0.0	0.0	0.0	0.0
0xcd0fe5ac36e0b0d803bb2baa850a2d1c321e3400	15	1.12	0.05	854.67	1	72.0	0	25	3.1253396537e-06	0.0	0.0	0.0	0.0	0.0
0x1a0b5f2eade71626d051c29ef425d9c49dc87aea	5	1.12	0.02	18.77	1	24.0	0	898	0.0	0.0	0.0	0.0	0.0	0.0
0x9158d82186b893581da3ec5a01e33b82dae6287a	40	1.12	0.0	63.58	1	100.0	0	19	0.0	0.0	0.0	0.0	0.0	0.0
0xfcc5ba7c5a2dc4ef495f64064bc6c9491bb78bcd	50	1.11	1.1	379.2	12	100.0	72	250	1.0558565688434385e-07	0.0	0.0	0.0	0.0	0.0
0xf8a5089ef0eb09183e22f557936134ba20191450	30	1.11	0.32	2624.78	1	100.0	0	84	1.2354356981e-06	0.0	0.0	0.0	0.0	0.0
0xbfe8bc6771fc55670fee772368daaaeba8e33e0d	5	1.11	0.23	345.59	1	31.0	0	504	9.4232285086e-06	0.0	0.0	0.0	0.0	0.0
0x7ec047756a1847dd8e8fdbec5363ea2e31010331	50	1.11	0.0	15.99	1	100.0	0	190	0.0	0.0	0.0	0.0	0.0	0.0
0x8fa0ff49618092ec1ea8368c62feb6e856ba7df3	5	1.11	0.0	114.67	1	38.0	0	13	2.4038584123e-06	0.0	0.0	0.0	0.0	0.0
0x28165971e4d592ca6c45a3786786ec2f6b4b8d23	20	1.1	0.08	418.54	2	100.0	0	17	1.714294040056075e-07	0.0	0.0	0.0	0.0	0.0
0x7222659adc246fd757b411d34e786f27e644708c	50	1.1	0.16	545.57	1	90.0	0	240	6.02949051242e-05	0.0	0.0	0.0	0.0	0.0
0x079d5d701acb6d5e9a057016adef10f0d05dadf9	50	1.1	0.07	1100.7	1	100.0	0	43	2.5571621931e-06	0.0	0.0	0.0	0.0	0.0
0x74f84e55e5de0dd2c536719f2a5c040552789df9	15	1.1	0.04	369.37	1	35.0	0	96	5.04437049464e-05	0.0	0.0	0.0	0.0	0.0
0x2a2b0559ff10ce0964802ad5a38eb3dd9187192d	5	1.1	0.04	176.7	2	27.0	0	94	2.57030796646518e-07	0.0	0.0	0.0	0.0	0.0
0x5f3748fd7e2690f1f30f94f8a3b49eab9355a1fb	50	1.1	0.01	479.98	1	100.0	0	22	0.0	0.0	0.0	0.0	0.0	0.0
0xe5000a2581a0f5bb09c66a0d11ec0fce2ef93a0f	50	1.1	0.0	53.42	1	100.0	0	71	5.8609306297e-06	0.0	0.0	0.0	0.0	0.0
0xa8f999a7745d354154d4feedbcd12db481844f74	20	1.09	7.59	7498.16	1	100.0	0	799	8.739906465216052e-07	0.0	0.0	0.0	0.0	0.0
0xc9eb542a6143814b4bfa0ab0abcddac61cd4073e	15	1.09	1.41	4720.13	1	53.0	0	217	6.7587057173e-06	0.0	0.0	0.0	0.0	0.0
0x7222659adc246fd757b411d34e786f27e644708c	35	1.09	0.54	428.49	1	100.0	0	1007	0.0	0.0	0.0	0.0	0.0	0.0
0xb84995b62673c276aa6fb733979693ffa4570371	25	1.09	0.34	3801.28	1	38.0	0	59	0.0	0.0	0.0	0.0	0.0	0.0
0xab659b090ab0642173cd1095724ca63e4759c982	5	1.09	0.12	3896.27	1	100.0	0	4	0.0	0.0	0.0	0.0	0.0	0.0
0x3e90237a8028d996746dd83732d118651d7302ea	25	1.09	0.02	119.23	1	64.0	0	99	2.93135910212e-05	0.0	0.0	0.0	0.0	0.0
0x3206e0ba67da94ddb939a097a8238d91955cc6f0	25	1.09	0.0	40.29	1	100.0	0	10	0.0	0.0	0.0	0.0	0.0	0.0
0xf62f01da63c9bec9120b8c348b758bd604a7bdca	50	1.08	5.51	8863.65	2	100.0	22	323	0.0	0.0	0.0	0.0	0.0	0.0
0x807fa5a24a79ab628e7ea7ea058c58cc8aa3eae0	25	1.08	5.16	6945.26	1	100.0	0	581	1.16819777185e-05	0.0	0.0	0.0	0.0	0.0
0x3b3bf9696d30c811afb01dd1c0eb8b459f151b60	25	1.08	2.65	2786.15	1	100.0	0	746	0.0	0.0	0.0	0.0	0.0	0.0
0xabf0f7bd0dc8ce44b084b4b66b8db97f1b9ce419	10	1.08	1.5	50699.95	1	100.0	0	6	0.0	0.0	0.0	0.0	0.0	0.0
0x55ddc2aff5b75a6ad209480d73a35c4c75411ea2	20	1.08	0.12	581.97	1	47.0	0	148	0.0	0.0	0.0	0.0	0.0	0.0
0xde29e31a9b1032c2f511d53b46253c4d096636bc	25	1.08	0.08	264.8	2	9.0	0	119	2.64874547628e-05	0.0	0.0	0.0	0.0	0.0
0x968bca9b7ae09cf223e3302155d5700edf13c74d	50	1.08	0.02	123.31	1	100.0	0	141	0.0	0.0	0.0	0.0	0.0	0.0
0x3a883c9312c8324c935c13b20d223806b7e458a8	50	1.08	0.01	49.06	1	100.0	0	95	0.0	0.0	0.0	0.0	0.0	0.0
0x60097ed44ec842c9a5ec3763737ad0b33a9250cf	25	1.07	0.05	50.1	2	67.0	0	310	0.0	0.0	0.0	0.0	0.0	0.0
0xbe13b6be9b328fccd55427669b98448e6ed656d8	40	1.07	0.6	2049.35	1	100.0	0	232	0.0	0.0	0.0	0.0	0.0	0.0
0x253ad9a6f3c0e3e385e50f1686bc7d6645061307	50	1.07	0.28	1619.98	1	100.0	0	139	0.0	0.0	0.0	0.0	0.0	0.0
0xffc5b2d63e36c5ab1e4a774c1b94ee3105dc3c69	20	1.07	0.05	458.29	1	100.0	0	80	0.0	0.0	0.0	0.0	0.0	0.0
0x6ffcbea30114d74570f678e4ac017d4cf0c0417a	10	1.07	0.02	349.37	1	100.0	0	27	1.004776895e-06	0.0	0.0	0.0	0.0	0.0
0xa75fc2cbe4c8a68276853c274e700561f05a78ae	50	1.07	0.01	200.16	1	100.0	0	46	0.0	0.0	0.0	0.0	0.0	0.0
0xca99330589daa7912d9f058259fc7057b866ddd2	25	1.07	0.01	9.33	1	85.0	0	518	2.85529065835e-05	0.0	0.0	0.0	0.0	0.0
0x21d7dee977e172687e1256ae8479e183669b4780	50	1.07	0.0	2.95	1	97.0	0	190	0.0	0.0	0.0	0.0	0.0	0.0
0xf19a2915376cadae20bad66739ede59d96d19f41	25	1.06	0.24	321.57	1	97.0	0	623	6.6429557965e-06	0.0	0.0	0.0	0.0	0.0
0xebe7024353571d0974ecc66514f77b9b9a55a11d	50	1.06	0.22	770.78	1	88.0	0	240	7.4165209285e-05	0.0	0.0	0.0	0.0	0.0
0x2d11cce03a9fa823d6914d09fe2bec24da074d82	50	1.06	0.11	411.65	1	100.0	0	197	2.16474448255e-05	0.0	0.0	0.0	0.0	0.0
0x7e6d553559ec83a5beaab2abeeb378c533e606f7	45	1.06	0.05	932.46	1	100.0	0	43	0.0	0.0	0.0	0.0	0.0	0.0
0x54174bb9b690eb2a28a899f9cd0581227134602d	25	1.06	0.01	432.73	1	100.0	0	18	5.998021523900832e-07	0.0	0.0	0.0	0.0	0.0
0x2d05195e3329e227f4db15e2de3f962f6fc87766	15	1.06	0.01	69.86	1	31.0	0	71	5.08521957875e-05	0.0	0.0	0.0	0.0	0.0
0x866c521883bc8cb7c59769e2a06ef38cc685915e	50	1.06	0.01	32.29	1	95.0	0	144	5.14421931163e-05	0.0	0.0	0.0	0.0	0.0
0x6fc54c941604608b7e1702e198e767a76ebb4302	50	1.06	0.0	4.09	1	100.0	0	151	2.02173678243e-05	0.0	0.0	0.0	0.0	0.0
0xfaf39b334e32a61750499527512c968b3199d6ae	50	1.05	11.81	24157.94	2	100.0	85	112	0.0	0.0	0.0	0.0	0.0	0.0
0x437b557d5ff316999d19e501c5e0bdb3bf2509d1	50	1.05	0.8	747.33	4	93.75	0	196	1.60550324618e-05	0.0	0.0	0.0	0.0	0.0
0xc70c5fb490ed2a7c09db1a1ff1593657c0df3048	50	1.05	5.56	64522.33	1	100.0	0	58	3.110794732918976e-07	0.0	0.0	0.0	0.0	0.0
0x525808d71e3558cab1bb8c90a9e6d35fdf23e131	20	1.05	3.39	59223.22	1	100.0	0	34	0.0	0.0	0.0	0.0	0.0	0.0
0xec45956f4224b6b109f23e05c52246fdff8e8ea6	50	1.05	0.2	1361.56	1	100.0	0	99	7.225054332593572e-07	0.0	0.0	0.0	0.0	0.0
0xe14bf261865624dca616ddc0a9f00c10ad0a78e5	30	1.04	20.18	86009.62	3	98.67	6	18	4.26373090796e-05	0.0	0.0	0.0	0.0	0.0
0xa000ad1221c525037504452819116941338e70b2	5	1.04	12.91	50171.29	1	11.0	0	210	0.0	0.0	0.0	0.0	0.0	0.0
0x9c599cc2a4941e578e36634e94b8b93cbae01d40	25	1.04	10.33	10345.15	1	100.0	0	827	6.1527014927e-06	0.0	0.0	0.0	0.0	0.0
0xa74cfee6a5a547e09d8301e144888183e32b55ca	5	1.04	0.32	11192.44	1	100.0	0	2	0.0	0.0	0.0	0.0	0.0	0.0
0x7e8ce0bc69b8f32517b1581a518086c84d7f1215	5	1.04	0.17	5821.15	1	0.0	0	9	0.0	0.0	0.0	0.0	0.0	0.0
0x4ece177350d5d474146242c3a0811c67762146f9	35	1.04	0.16	626.17	1	83.0	0	193	0.0	0.0	0.0	0.0	0.0	0.0
0x22f3c8d5d4e7248ce2eaed0eb71e9970d5769fb5	50	1.04	0.1	1687.95	1	100.0	0	30	0.0	0.0	0.0	0.0	0.0	0.0
0x794d8592d2e4dc66cd72165e3d04fde426af68f1	25	1.04	0.08	53.25	1	100.0	0	1199	0.0	0.0	0.0	0.0	0.0	0.0
0x853707d072acb38294ccdb03b2a7b049dc882e37	15	1.04	0.03	966.09	1	100.0	0	4	0.0	0.0	0.0	0.0	0.0	0.0
0xeb029a5856e6e4b860c843842ebbfd6dfe77c6e9	25	1.03	0.13	478.62	2	90.5	66	89	0.0	0.0	0.0	0.0	0.0	0.0
0x06d0634766b353fb6afd1e0e03e870fb2fc000f0	60	1.03	0.21	531.25	1	100.0	0	324	0.0	0.0	0.0	0.0	0.0	0.0
0xf83f7fda18ed2100ab5b0e24dd49e81ead4b46a1	25	1.03	0.16	1931.7	1	84.0	0	63	0.0	0.0	0.0	0.0	0.0	0.0
0x4afed0430cb78a817f9858bd94989c4440ad6fc5	40	1.03	0.07	39.47	1	100.0	0	1427	2.07161336085e-05	0.0	0.0	0.0	0.0	0.0
0xf8e7599112fa7d1414e67e5b2f3efa21031f8706	10	1.03	0.01	142.06	1	7.0	0	27	4.18841590632e-05	0.0	0.0	0.0	0.0	0.0
0xaa1435f09fd4211dd84107bf4fda9d37dc146006	25	1.03	0.0	13.65	1	100.0	0	31	1.2435384166e-06	0.0	0.0	0.0	0.0	0.0
0xf100a95757c700b35f2630d9b794e3361e69696e	5	1.02	0.0	251.76	2	50.0	26	1	0.0	0.0	0.0	0.0	0.0	0.0
0x02ad9a8eee316a143f46bb91064aa035fdf8c11a	25	1.02	1.82	64767.92	1	100.0	0	6	0.0	0.0	0.0	0.0	0.0	0.0
0x83ce0c26203e5f10ea0e140ef5af8a328f1766a7	10	1.02	1.74	31187.01	1	87.0	0	35	4.0420651714e-06	0.0	0.0	0.0	0.0	0.0
0x9d8dc28e9d9c4c5a387a858182edf9ab8b90f565	25	1.02	0.14	985.82	1	95.0	0	116	1.4708243956e-06	0.0	0.0	0.0	0.0	0.0
0xdd5be5b884f3b55c723ebdb0404fa13b9fb8e120	10	1.02	0.04	70.25	1	57.0	0	480	0.0	0.0	0.0	0.0	0.0	0.0
0xfdf3b3b1cfe5f4967daba1719693d589ba790c1c	25	1.02	0.0	1.33	1	100.0	0	549	0.0	0.0	0.0	0.0	0.0	0.0
0xee07dea66e9284a8ddeae1db612f2ce0c4824cac	25	1.02	0.0	0.51	1	100.0	0	414	1.534645743817009e-08	0.0	0.0	0.0	0.0	0.0
0x472689239dfc0f51732e79388b9c4d454d9f2233	25	1.02	0.0	0.18	1	100.0	0	912	0.0	0.0	0.0	0.0	0.0	0.0
0xcf47dfe46126a87ae4ee5536daad8ed552c1a617	25	1.01	0.17	390.46	6	100.0	94	36	0.0	0.0	0.0	0.0	0.0	0.0
0x54174bb9b690eb2a28a899f9cd0581227134602d	50	1.01	0.08	278.69	2	100.0	49	72	0.0	0.0	0.0	0.0	0.0	0.0
0xd1956f5832b0352a8966cfcae4a637734fed1826	10	1.01	1.05	850.15	2	80.0	0	586	2.619438554951614e-08	0.0	0.0	0.0	0.0	0.0
0x60201f7c0774cba96e1db1a915ae1748da3faf12	10	1.01	32.65	1178408.09	1	100.0	0	1	3.7582029710492293e-07	0.0	0.0	0.0	0.0	0.0
0x6f3778e48dcf7cd5aa98fd60eeff9fd828a2e64b	50	1.01	3.47	25006.6	1	100.0	0	103	0.0	0.0	0.0	0.0	0.0	0.0
0x8ae703e5d62d4b40b02e6934d94e96a56ea0e4ef	5	1.01	2.98	21530.16	1	38.0	0	97	7.9914579509e-06	0.0	0.0	0.0	0.0	0.0
0x5d61209ea837cf5fe1a4a7bf032f7157a104d8da	50	1.01	0.0	37.11	1	100.0	0	80	0.0	0.0	0.0	0.0	0.0	0.0
0x355c5e822ee28a2325a0a284e57dc082e6f19d6a	25	1.01	0.0	21.72	1	100.0	0	24	5.529535274106934e-07	0.0	0.0	0.0	0.0	0.0
0x8dcb463dde0942dac216af9e22755b0a2c8fd75f	15	1.01	0.0	6.8	1	13.0	0	47	5.97997462548e-05	0.0	0.0	0.0	0.0	0.0
0x8174b025f8ab32708a85d036ce9e74a5b21727f7	5	1.0	535.0	1084918.29	1	10.0	0	426	3.5221157768e-06	0.0	0.0	0.0	0.0	0.0
0x5f3e88f563cc708425d9a42b4082e4888ec5d8c6	25	1.0	0.17	6292.65	1	100.0	0	8	0.0	0.0	0.0	0.0	0.0	0.0
0x11c44309298e6e88b25f2c27bab5ad8d05c39142	50	1.0	0.12	528.69	1	100.0	0	177	3.09806908349e-05	0.0	0.0	0.0	0.0	0.0
0xd86f7a11f7bb1e4422ff5a36f5727cd506a55069	25	1.0	0.0	14.89	1	100.0	0	9	0.0	0.0	0.0	0.0	0.0	0.0
0xfecce90a2d76ac67a145366dce0c970874f7391a	25	0.99	3.5	2180.07	5	90.8	37	184	9.38443167619596e-08	0.0	0.0	0.0	0.0	0.0
0x8d5ab09062fa6553f655a4eca782bb106e1de799	30	0.99	8.89	327839.4	1	100.0	0	14	1.02976370985e-05	0.0	0.0	0.0	0.0	0.0
0x62baf10bc0ed090ea17a13ceac64cfe3cdcdd872	50	0.99	0.25	1294.27	1	100.0	0	150	0.0	0.0	0.0	0.0	0.0	0.0
0x62baf10bc0ed090ea17a13ceac64cfe3cdcdd872	25	0.99	0.24	1449.56	1	42.0	0	126	0.0	0.0	0.0	0.0	0.0	0.0
0xc6e4ad3ccdfc65687d2d60a454a8bddc1f4d6c06	25	0.99	0.22	500.86	1	98.0	0	380	0.0	0.0	0.0	0.0	0.0	0.0
0xa464afbe33932d1c98d03e5e6a44f9e89c9c8b47	5	0.99	0.08	3004.81	1	100.0	0	1	0.0	0.0	0.0	0.0	0.0	0.0
0x0f9287ad157d509a826aba386334e237885c806c	50	0.99	0.04	1587.05	1	100.0	0	7	0.0	0.0	0.0	0.0	0.0	0.0
0x40405d1cf9f23c5e987688adbc8ec06935bf95cb	50	0.99	0.04	784.5	1	100.0	0	34	0.0	0.0	0.0	0.0	0.0	0.0
0x14b191966fbbfb7184719fefad35c91258ad7a24	25	0.99	0.02	209.77	1	4.0	0	49	1.75470273644e-05	0.0	0.0	0.0	0.0	0.0
0xce06058d3e134749712c4d5c898d65cdb69c295a	5	0.98	0.0	27.04	2	100.0	1	5	2.602362769721367e-11	0.0	0.0	0.0	0.0	0.0
0x79b640df03d3f9ed5198a5ff8d0ae3d6d748ca6b	25	0.98	0.01	37.09	2	100.0	25	88	0.0	0.0	0.0	0.0	0.0	0.0
0x07851687a828517a7691fa1df277bce8a3a9ce42	15	0.97	0.87	5366.02	2	72.5	583	449	0.0	0.0	0.0	0.0	0.0	0.0
0x61e413b917155b2d9637544dd84af9703bf41e39	25	0.97	7.17	7068.17	1	100.0	0	896	8.857471867e-06	0.0	0.0	0.0	0.0	0.0
0x9c129490015b31908ca4f41e9a16edc1998eff2c	50	0.97	0.21	1107.97	1	100.0	0	150	0.0	0.0	0.0	0.0	0.0	0.0
0xb495023d8eb9526d8ec346703f2cff12f2a6963d	25	0.97	0.16	5818.9	1	100.0	0	4	4.2765228025487545e-07	0.0	0.0	0.0	0.0	0.0
0x2403ec1df62e408a4359102e7e1cb2280becf8f2	30	0.97	0.06	186.11	1	58.0	0	286	5.97681965031e-05	0.0	0.0	0.0	0.0	0.0
0xdd9d096769fa3d03d72055ff1e8e965a91d950df	55	0.97	0.02	108.92	1	100.0	0	168	2.89839360734e-05	0.0	0.0	0.0	0.0	0.0
0x1a4373aafb52ceb6e8972ef95e1d5b6c1493016b	50	0.97	0.01	263.32	1	100.0	0	43	0.0	0.0	0.0	0.0	0.0	0.0
0xc68216dc6a6f1f788e160b2869658df211273025	20	0.97	0.01	461.28	1	57.0	0	14	0.0	0.0	0.0	0.0	0.0	0.0
0x33f8a473787cc7ed0e3c14d596198c2d620f3799	50	0.96	13.72	11677.53	10	99.7	226	112	1.74364927174e-05	0.0	0.0	0.0	0.0	0.0
0x7ab497c5bd4c3ca292cdd679eed75542e70f85c6	25	0.96	3.23	4733.83	2	100.0	27	148	2.824634304232632e-07	0.0	0.0	0.0	0.0	0.0
0x0e883b0120f26c1a6286eff44028e40991389e88	25	0.96	0.41	204.83	2	68.0	0	599	0.0	0.0	0.0	0.0	0.0	0.0
0xf56001723d00c15ca5c390fd38d1786d34f0ad48	45	0.96	0.12	910.82	2	100.0	0	54	0.0	0.0	0.0	0.0	0.0	0.0
0x77b5c24f94afe2e12f67368ae0330dbe1033c78c	45	0.96	38.48	21004.5	1	100.0	0	1672	0.0	0.0	0.0	0.0	0.0	0.0
0xd8a2cc4ee652625b02b8c2385705527458bdd9f8	35	0.96	1.97	74901.92	1	100.0	0	1	0.0	0.0	0.0	0.0	0.0	0.0
0xc99c2d3fc54befdb070d035dfbc410fa905f0432	25	0.96	0.77	813.55	1	100.0	0	850	2.25542870713e-05	0.0	0.0	0.0	0.0	0.0
0x58e708e69a042808dd6f5108929b09983e4a1676	5	0.96	0.11	115.99	2	22.0	0	412	0.0	0.0	0.0	0.0	0.0	0.0
0x2d4ecabd8fa7bf74b28227b76e690c71294797e3	25	0.96	0.05	398.63	1	41.0	0	119	0.0	0.0	0.0	0.0	0.0	0.0
0xd18b82a107a1cc93666b69bd264628d9297ae3fc	25	0.96	0.03	1011.21	1	100.0	0	13	8.2525767775e-06	0.0	0.0	0.0	0.0	0.0
0xc1ea3db638495d90bb778863ff5c2aaccfbbf421	25	0.96	0.0	7.16	1	100.0	0	266	8.927171779582466e-07	0.0	0.0	0.0	0.0	0.0
0xc88cf9b5d1edd817bc90822b4004c389a75a9e5c	25	0.96	0.0	13.47	1	12.0	0	120	6.36156875621e-05	0.0	0.0	0.0	0.0	0.0
0xdecef17b0b254b6b88aebd3629a1b637bf243bf1	5	0.96	0.0	16.09	1	9.0	0	23	4.53499855335e-05	0.0	0.0	0.0	0.0	0.0
0xeccb9b9c6fb7590a4d0588953b3170a1a84e3341	20	0.95	0.56	413.56	2	98.5	0	718	6.58893001270755e-07	0.0	0.0	0.0	0.0	0.0
0xe2ee1f443f00b3580c3d82d496b53ffc0ea71bb0	15	0.95	0.03	26.42	2	97.0	0	560	0.0	0.0	0.0	0.0	0.0	0.0
0x2efbf5104ce52a554cff92dcc67322e5ca8f9a03	5	0.95	0.05	482.42	2	100.0	0	1	0.0	0.0	0.0	0.0	0.0	0.0
0x33367d0af22643eef5f20451b0340ae4858ffaa2	10	0.95	0.16	563.66	1	35.0	0	263	3.972589524e-06	0.0	0.0	0.0	0.0	0.0
0xf8913f767d0c2cbd2eded538740be89db0137039	50	0.95	0.09	1792.27	1	100.0	0	35	0.0	0.0	0.0	0.0	0.0	0.0
0x2588253cc1daac3e7d823b9190ec87e75c67f2c4	5	0.95	0.02	252.89	1	8.0	0	64	4.92830855458e-05	0.0	0.0	0.0	0.0	0.0
0x270bcbce3a095c863c0459ca61c2ce0b8d49ee6c	35	0.95	0.0	54.96	1	100.0	0	14	0.0	0.0	0.0	0.0	0.0	0.0
0xfd0270355626f052147b4d241bf07f0a9cc6f99e	25	0.94	0.22	1446.83	1	100.0	0	123	0.0	0.0	0.0	0.0	0.0	0.0
0x1290037fb5fe15a43cefeca40b2741a859f0c7c9	50	0.94	0.2	102.08	1	100.0	0	1772	0.0	0.0	0.0	0.0	0.0	0.0
0xd881878265fcae4d4985cf023279d950451aa880	15	0.94	0.0	44.42	1	100.0	0	30	3.1004210865e-06	0.0	0.0	0.0	0.0	0.0
0x72ccd287caf23d839ab9760ee3c55dc4db55321a	10	0.93	0.06	390.56	4	100.0	118	13	1.0079964640752335e-09	0.0	0.0	0.0	0.0	0.0
0x08e04ee51acde5359800ac300fc56a86dc19a033	5	0.93	0.54	5592.72	3	100.0	33	2	0.0	0.0	0.0	0.0	0.0	0.0
0xa5b69a845056874cb38086608c3321a9e351f6d3	25	0.93	0.18	29.05	4	100.0	0	1412	2.7201264796e-06	0.0	0.0	0.0	0.0	0.0
0xf57493c242be314dac001fec5afc341cb0660591	35	0.93	0.97	884.78	1	100.0	0	1030	0.0	0.0	0.0	0.0	0.0	0.0
0x537d2444a21dcbc2022f14405b0874b26e4b1c2e	25	0.93	0.3	901.22	1	100.0	0	288	0.0	0.0	0.0	0.0	0.0	0.0
0x9853b6a8923e885e4bf1cb502460887dae32d6bf	10	0.93	0.27	249.88	1	37.0	0	1003	1.5558911004e-05	0.0	0.0	0.0	0.0	0.0
0xb61a8ba94c8875b2126fba54f77f9c714fe54f64	50	0.93	0.43	2076.09	2	99.0	121	125	2.48881774911e-05	0.0	0.0	0.0	0.0	0.0
0x6e874b85468d33eee94ebc9297d20e7111c54bef	20	0.93	0.11	701.19	1	44.0	0	128	6.40722196632e-05	0.0	0.0	0.0	0.0	0.0
0xa7bf4152baff618ff0dd569993badccfd1e1df0b	45	0.93	0.05	1062.0	1	100.0	0	30	0.0	0.0	0.0	0.0	0.0	0.0
0x68d200610efd5e1a10510aa479094567d0092e1f	25	0.93	0.02	43.94	1	92.0	0	397	6.7887803933e-06	0.0	0.0	0.0	0.0	0.0
0xd0f55f7e6ac44c9121b655be7a1e1c425d52106f	50	0.93	0.02	105.45	1	100.0	0	125	0.0	0.0	0.0	0.0	0.0	0.0
0xe2843a9f551b9471be70cb58ab61cf1bd848f8f3	10	0.93	0.01	244.99	1	100.0	0	4	0.0	0.0	0.0	0.0	0.0	0.0
0x4513a07a0b09b6e734e0c383232058338d74bfd2	25	0.92	1.47	689.07	2	67.0	63	781	2.76390381026e-05	0.0	0.0	0.0	0.0	0.0
0x00000655388d579492cf53ca6f490eaa30711112	5	0.92	0.96	38250.09	1	100.0	0	3	0.0	0.0	0.0	0.0	0.0	0.0
0x262620a156bb95b2c19b4428b33537558d67f0bd	50	0.92	0.07	95.3	1	100.0	0	687	0.0	0.0	0.0	0.0	0.0	0.0
0x5c19e9baee7e140e80fe9ab63ccaff80980dd8af	50	0.92	0.06	118.21	1	100.0	0	504	0.0	0.0	0.0	0.0	0.0	0.0
0xf56001723d00c15ca5c390fd38d1786d34f0ad48	55	0.92	0.03	1138.1	1	100.0	0	20	0.0	0.0	0.0	0.0	0.0	0.0
0x39c81b01650323e6d1006ad4526389d778f52256	10	0.91	14.42	13896.07	3	60.0	370	154	6.665475578889375e-09	0.0	0.0	0.0	0.0	0.0
0x5f71cd2e7fab7a8d976bd07003ebbfeecb2b9fe2	50	0.91	0.0	17.24	3	97.0	69	61	0.0	0.0	0.0	0.0	0.0	0.0
0xb9eee8be0810c5887ec6fab655d9b86eda2b0f18	25	0.91	1.19	1327.16	4	86.0	0	180	0.0	0.0	0.0	0.0	0.0	0.0
0x24fe05ecc64345a18f4abc69dc9f31809a51a50c	25	0.91	10.06	5642.85	2	100.0	5	681	0.0	0.0	0.0	0.0	0.0	0.0
0x2ecc1882246674aa76c4656cfa5e1b6bbeccaa69	25	0.91	0.11	532.83	3	97.33	0	73	2.769986825e-06	0.0	0.0	0.0	0.0	0.0
0xe31a3e7c014b180e0eaa4bc083cd8ab6a5a9623e	15	0.91	0.05	1898.68	1	100.0	0	9	1.727236131898735e-08	0.0	0.0	0.0	0.0	0.0
0x510cb63ae6e8a1097aaeaf837b15ce9852718f42	5	0.91	0.0	10.31	1	100.0	0	2	4.326372593510541e-09	0.0	0.0	0.0	0.0	0.0
0x6c02b69434620378e0d40a03ba9bd976200ee27c	25	0.91	0.72	391.6	1	92.0	0	1776	0.0	0.0	0.0	0.0	0.0	0.0
0x4e774f2a3ea241f81bbabb58afb6cab6097ab186	15	0.91	0.36	14513.51	1	100.0	0	5	0.0	0.0	0.0	0.0	0.0	0.0
0x603f36d0d87aeb87e62a058b02b98787a554c348	50	0.91	0.12	4762.95	1	100.0	0	22	0.0	0.0	0.0	0.0	0.0	0.0
0xfd8bd978f198503a0ba9c5d7f7586e23fc4a4b40	25	0.91	0.09	257.66	1	38.0	0	325	5.66774946419e-05	0.0	0.0	0.0	0.0	0.0
0x29f729cc62740b4ba028d0c25b68bb392b9b3378	25	0.91	0.04	384.86	1	41.0	0	93	0.0	0.0	0.0	0.0	0.0	0.0
0x3db7e92a8f67f45066de99767dcf74c5519657ce	30	0.91	0.01	40.85	1	57.0	0	319	2.80580051081e-05	0.0	0.0	0.0	0.0	0.0
0x5b7ad20cc58d6b751922af75dd9cdaad8bdfd3f4	20	0.9	520.24	376236.62	1	48.0	0	1344	0.0	0.0	0.0	0.0	0.0	0.0
0xd33a97de61e09d26937dd8cf5f7fb511b82ddcc6	10	0.9	4.1	55654.72	1	100.0	0	56	4.465265934783247e-07	0.0	0.0	0.0	0.0	0.0
0x7f679d9f7caeeb10473ded398e953fee3b5abec7	25	0.9	0.14	513.65	1	45.0	0	241	0.0	0.0	0.0	0.0	0.0	0.0
0x4822124676dbe11500b5f52ecd9a13830939d7de	15	0.9	0.12	2404.39	1	100.0	0	25	1.324672815883332e-07	0.0	0.0	0.0	0.0	0.0
0x37db4e054a5bd500ee361c48c13a2de2cc474c30	25	0.9	0.06	84.14	1	100.0	0	639	3.216469646183384e-07	0.0	0.0	0.0	0.0	0.0
0x360fa5862fe4a786249ea0ba7e2328ea4fb5a347	25	0.9	0.01	44.05	1	98.0	0	248	0.0	0.0	0.0	0.0	0.0	0.0
0x6348885ebe12590817bad4002f96847f6f1aa92a	25	0.9	0.01	19.64	1	100.0	0	290	0.0	0.0	0.0	0.0	0.0	0.0
0x0bcf7735dfd5cb5c646821ab9c9fb9a8ad6ddd1f	25	0.89	0.42	681.66	2	100.0	0	583	0.0	0.0	0.0	0.0	0.0	0.0
0x485b81f578944b83da7969c084713aa98d5d5f2b	30	0.89	0.36	1528.97	2	100.0	503	108	0.0	0.0	0.0	0.0	0.0	0.0
0x3e30bb05e183d388b573ecc6377e9f584d7cfc42	25	0.89	0.37	5001.92	1	100.0	0	58	3.643481516490965e-07	0.0	0.0	0.0	0.0	0.0
0x921f3af23bf6ac7e142fbd7370411f7fb1601b1d	5	0.89	0.1	179.24	1	26.0	0	525	0.0	0.0	0.0	0.0	0.0	0.0
0x13febafd403ec13a19df014c69c386dc0511ba2b	50	0.89	0.09	3502.99	1	100.0	0	11	0.0	0.0	0.0	0.0	0.0	0.0
0xefca44ff6cbe1e7557250e77aed4cbf9d22ab50a	40	0.89	0.06	364.93	1	73.0	0	144	7.24685408681e-05	0.0	0.0	0.0	0.0	0.0
0xc8ce7cfb94c6c13647a021f2d838d403fb7903e3	15	0.89	0.0	17.78	1	38.0	0	187	0.0	0.0	0.0	0.0	0.0	0.0
0x346722792695d7ebf7a3d895afa33eb772ec855d	5	0.88	0.01	156.52	5	100.0	141	10	0.0	0.0	0.0	0.0	0.0	0.0
0xa52564e271bcb89c4abac89078a881a1c143061f	10	0.88	0.12	1816.9	3	100.0	177	3	0.0	0.0	0.0	0.0	0.0	0.0
0x72111c43d5db79d5016d62f4e06ade54df87c7a3	25	0.88	3.58	25110.02	2	92.5	0	758	1.1598781624e-05	0.0	0.0	0.0	0.0	0.0
0xcf11251db527aee083e16159ecbea34b5a5f2c16	25	0.88	0.18	500.19	2	38.0	0	156	0.0	0.0	0.0	0.0	0.0	0.0
0x95cf9511bf739cbd2935f6b35515d9e11c9c5434	25	0.88	6.6	4359.16	1	73.0	0	1505	7.523160983069489e-08	0.0	0.0	0.0	0.0	0.0
0x80312d78486bfd0be7d6542c4ad300f742a7f3a6	50	0.88	0.24	1646.68	1	79.0	0	141	0.0	0.0	0.0	0.0	0.0	0.0
0xe4d7963e02b6b1d8a7365b6de02ba4adda63b3c0	50	0.88	0.16	93.24	1	100.0	0	1707	0.0	0.0	0.0	0.0	0.0	0.0
0x111044e003a57a33a638ecb781834893d691e383	25	0.88	0.06	34.22	1	100.0	0	1858	0.0	0.0	0.0	0.0	0.0	0.0
0x4b0eefae8efbb60c4626fee369d7fc00f6809ac2	10	0.88	0.05	47.66	1	35.0	0	957	0.0	0.0	0.0	0.0	0.0	0.0
0x4e430992db6f3bddbc6a50d1513845f087e9af4a	20	0.88	0.0	8.89	1	100.0	0	75	3.945593518572821e-07	0.0	0.0	0.0	0.0	0.0
0x478bb542f7658d635abba67edb987806dff5b83d	50	0.87	32.02	28819.01	3	100.0	47	515	0.0	0.0	0.0	0.0	0.0	0.0
0x4de03699b6fddafa2b990f6457b5180b512b8241	25	0.87	0.67	3998.27	1	13.0	0	148	0.0	0.0	0.0	0.0	0.0	0.0
0xe80abb7b1f22774441afbb016b2dd1f192c1cfc0	25	0.87	0.12	5214.81	1	100.0	0	0	1.2680309691e-06	0.0	0.0	0.0	0.0	0.0
0xb6398fad2f8d238afd3a522a8ceafd400e71ef62	10	0.87	0.11	4799.49	1	100.0	0	4	1.3817658128800758e-08	0.0	0.0	0.0	0.0	0.0
0x39ed352ebaf619350c1ce7ed9983e2251e029186	15	0.87	0.05	2231.91	1	100.0	0	15	0.0	0.0	0.0	0.0	0.0	0.0
0x83c1049fd0e07ae545c051389251cae5b4285c6f	25	0.87	0.04	440.12	1	100.0	0	87	0.0	0.0	0.0	0.0	0.0	0.0
0xb5dff4b6c180705c12d8243d726f327d574431b8	30	0.87	0.04	240.74	1	100.0	0	156	0.0	0.0	0.0	0.0	0.0	0.0
0x335b0100340e87d807cd2796895ca99fe74a6c59	15	0.87	0.03	159.83	1	22.0	0	153	5.74054447199e-05	0.0	0.0	0.0	0.0	0.0
0x4152e20ec836d7a1e3316de99cf245366e470e56	50	0.87	0.01	388.33	1	100.0	0	18	0.0	0.0	0.0	0.0	0.0	0.0
0xa39d7bec2f1f97cd482d08847ebffd079322aa42	30	0.87	0.01	13.49	1	57.0	0	564	0.0	0.0	0.0	0.0	0.0	0.0
0x5880b01b98ee9a315ed3dc004d63023895a8bc4b	25	0.87	0.0	59.8	1	87.0	0	48	0.0	0.0	0.0	0.0	0.0	0.0
0x1a0ed79a4742a1cbc7c2ea39bc33da9e26ee0501	50	0.86	7.1	8626.88	1	100.0	0	825	0.0	0.0	0.0	0.0	0.0	0.0
0xff400ce20621b019b27b762c804b29761ebaeb6c	15	0.86	0.29	2424.85	1	53.0	0	99	5.1229143593e-06	0.0	0.0	0.0	0.0	0.0
0xd1e1d5c9ef5556c2ac23c61232348cf8d7d759b8	45	0.86	0.0	47.82	1	100.0	0	38	1.14242467486e-05	0.0	0.0	0.0	0.0	0.0
0xd2c637eb039c944a7a3d8c58512008374d22eae7	5	0.86	0.0	81.45	1	46.0	0	24	0.0	0.0	0.0	0.0	0.0	0.0
0xffc204022acfc238d5f8f92a12eec731eac5c20b	5	0.85	1.39	4995.39	1	19.0	0	269	0.0	0.0	0.0	0.0	0.0	0.0
0x3694f8678f36eeceebc237db9e65afdf7a65851b	10	0.85	0.18	209.87	1	34.0	0	895	0.0	0.0	0.0	0.0	0.0	0.0
0x1064aa646a7aedbd40816fc0c35e044d0244a764	10	0.85	0.09	3750.55	1	100.0	0	4	0.0	0.0	0.0	0.0	0.0	0.0
0xa450fbf84a27cb42ce08d927cf050373524fa172	50	0.85	0.03	87.27	1	68.0	0	324	0.0	0.0	0.0	0.0	0.0	0.0
0x265f83d5006ba4b1a816b664697af231a2b348ba	25	0.85	0.0	35.82	1	100.0	0	9	0.0	0.0	0.0	0.0	0.0	0.0
0xc23b9084a49115a97e9de457581d8ecc80c3df04	15	0.84	0.02	499.37	1	100.0	0	31	0.0	0.0	0.0	0.0	0.0	0.0
0x0d950ab980d4f9100d789f7d6383f7517be7bea5	10	0.84	0.02	181.96	1	42.0	0	79	4.1928432725e-06	0.0	0.0	0.0	0.0	0.0
0x5df7dc527d806193f53f6853bc4f05d4e37e3291	5	0.84	0.0	207.75	1	12.0	0	8	0.0	0.0	0.0	0.0	0.0	0.0
0x8dd10cb775edce5dfafc9f141562b281c5d4bc71	50	0.84	0.0	30.32	1	100.0	0	20	5.9356041526e-06	0.0	0.0	0.0	0.0	0.0
0x56c54abf3d5c1c72a2da98348445160e08bd843b	5	0.83	0.01	894.73	2	59.0	252	48	0.0	0.0	0.0	0.0	0.0	0.0
0xa3a02d54947fd12b7db43514a83f718330eb681c	45	0.83	0.36	267.01	1	100.0	0	1395	0.0	0.0	0.0	0.0	0.0	0.0
0x87a12400fd577ceb6a668c4dda00b3d3fc97e0d3	50	0.83	0.21	145.74	1	100.0	0	1521	0.0	0.0	0.0	0.0	0.0	0.0
0x98e065d90e591cdafc62d1a7eabe91e5a50eed5e	5	0.83	0.02	281.49	1	12.0	0	59	1.77344822382e-05	0.0	0.0	0.0	0.0	0.0
0x29e18e11dad5e7764bf95df1ad34eb713975f1bc	25	0.83	0.02	162.99	1	100.0	0	119	0.0	0.0	0.0	0.0	0.0	0.0
0x849727fbd83c006b64ede3402aff6733e137cb19	10	0.83	0.01	9.13	1	30.0	0	673	0.0	0.0	0.0	0.0	0.0	0.0
0xa78b032318db36d746200115d4e7b596cfa6a35e	25	0.82	0.02	122.52	2	96.0	0	40	4.3885095557e-06	0.0	0.0	0.0	0.0	0.0
0x805dc15914c791cdf367dade6d73789e4da0f39b	15	0.82	18.01	802578.7	1	21.0	0	5	8.8475491932e-06	0.0	0.0	0.0	0.0	0.0
0x9fa058f77477be67ede3210b6c01d5245c0ff2d3	45	0.82	0.42	404.94	1	100.0	0	1083	6.45714665847e-05	0.0	0.0	0.0	0.0	0.0
0x3e051c89cd06e6867ce98c758fcc665d2148e1bb	25	0.82	0.07	609.11	1	91.0	0	100	0.0	0.0	0.0	0.0	0.0	0.0
0x6dd7280f00f5295ebeec8ed00441ddc6e674051f	40	0.81	1.28	28616.01	1	100.0	0	27	0.0	0.0	0.0	0.0	0.0	0.0
0x1918907df77037468af3d7e68b71514c3828e762	25	0.81	1.2	490.81	1	94.0	0	2638	1.43917599393e-05	0.0	0.0	0.0	0.0	0.0
0x61e413b917155b2d9637544dd84af9703bf41e39	10	0.81	0.12	2804.16	1	45.0	0	25	0.0	0.0	0.0	0.0	0.0	0.0
0x1db7b73bfa0361479158110caece0ab5e621ff37	45	0.81	0.09	93.83	1	100.0	0	1058	0.0	0.0	0.0	0.0	0.0	0.0
0x5fbc9aa6cfb5dfcd7744e1defb22099ef73b5866	25	0.81	0.08	60.74	1	100.0	0	1381	0.0	0.0	0.0	0.0	0.0	0.0
0x683c877f20248c15cb979c6b90b1aacfdba5613a	50	0.81	0.01	155.38	1	100.0	0	56	0.0	0.0	0.0	0.0	0.0	0.0
0x67c990ca1c79faa6c59d40dc7f705e8129ac9f30	25	0.81	0.0	39.5	1	100.0	0	4	4.755675186984832e-07	0.0	0.0	0.0	0.0	0.0
0xe6474ab7e1a3d07515cf1e93e904b0c0531791e0	5	0.8	0.32	625.78	2	58.5	0	135	0.0	0.0	0.0	0.0	0.0	0.0
0xb81b8e6b9688db65771512c347f2a36405889dee	25	0.8	0.08	51.84	2	87.5	166	563	6.7949480209e-06	0.0	0.0	0.0	0.0	0.0
0xf389d0505af07993f6986e3a7191d3d3d751068f	50	0.8	0.46	420.2	1	100.0	0	1182	0.0	0.0	0.0	0.0	0.0	0.0
0x484af705b49c7b99896fab1ce9f0a9fe88cb4039	25	0.8	0.13	101.12	1	89.0	0	1382	8.3391875738e-06	0.0	0.0	0.0	0.0	0.0
0xd389333a458e47b8603ab8c54e4f144e1a06b1a9	50	0.8	0.06	82.83	1	100.0	0	836	0.0	0.0	0.0	0.0	0.0	0.0
0x4191b3bc49d21c69922d0b175ab6efbcf609fbb6	20	0.8	0.02	50.31	1	100.0	0	501	0.0	0.0	0.0	0.0	0.0	0.0
0x82f261d6f598850a3be5a964b2083343085f3dbe	30	0.8	0.02	137.11	1	2.0	0	114	0.0	0.0	0.0	0.0	0.0	0.0
0xd52d391ebdfe9708346fa5017076d5d190493f78	25	0.79	5.28	39014.34	2	100.0	106	51	0.0	0.0	0.0	0.0	0.0	0.0
0x3e5d788fd8bec4f85bac9881d8136e04f2d653d2	50	0.79	0.72	1202.71	2	100.0	139	334	7.52419482275e-05	0.0	0.0	0.0	0.0	0.0
0x30eb4bcfcbfa26f703a876df63e9d52d9f0aa8d1	50	0.79	0.39	18314.71	1	100.0	0	4	1.3815675825e-06	0.0	0.0	0.0	0.0	0.0
0x2ecc1882246674aa76c4656cfa5e1b6bbeccaa69	5	0.79	0.15	313.03	1	23.0	0	525	0.0	0.0	0.0	0.0	0.0	0.0
0x55ddc2aff5b75a6ad209480d73a35c4c75411ea2	65	0.79	0.05	586.84	1	100.0	0	84	5.431395888599866e-07	0.0	0.0	0.0	0.0	0.0
0x7d48036fdd4be04396e0931aaaaadec904a72c20	40	0.79	0.02	56.55	1	100.0	0	387	0.0	0.0	0.0	0.0	0.0	0.0
0x7216701a44e5f353816490fef68713c9aa34bd27	25	0.79	0.02	299.95	1	100.0	0	68	2.105182173e-06	0.0	0.0	0.0	0.0	0.0
0xfdc844f5dbfe613b723ce9320e204c3d1b861ac6	5	0.79	0.0	13.25	1	7.0	0	178	2.54748700245e-05	0.0	0.0	0.0	0.0	0.0
0xf164a97b6def6f9630182a033e79fe0be718ce3c	25	0.78	0.1	669.95	2	63.0	431	246	0.0	0.0	0.0	0.0	0.0	0.0
0x5efd95ced49055f9f2d945a459debfccee33aa54	30	0.78	0.91	9337.86	2	100.0	370	18	0.0	0.0	0.0	0.0	0.0	0.0
0xaa973315a3dd8c4e634bda9c5ba990a8ac92dac1	50	0.78	0.2	249.73	2	100.0	0	872	1.13789665689e-05	0.0	0.0	0.0	0.0	0.0
0xea869669210a69b035b382e0f2a498b87dc6a45c	5	0.78	0.66	10312.56	1	100.0	0	49	0.0	0.0	0.0	0.0	0.0	0.0
0x55ed258726c650bd162499f97647f77beb3bae1e	35	0.78	0.66	1474.81	1	100.0	0	494	0.0	0.0	0.0	0.0	0.0	0.0
0x1d4bef002b10f52a2e3d14bca66e826cc58be439	10	0.78	0.66	729.02	1	32.0	0	987	6.7805221548e-06	0.0	0.0	0.0	0.0	0.0
0x57a7dd08cf1076d0a4524b2920e0c33e0b660364	30	0.78	0.01	8.43	1	100.0	0	1270	0.0	0.0	0.0	0.0	0.0	0.0
0x48667208496cb4dfdd13a39d3bd77001b7fd3d2f	5	0.78	0.01	395.52	1	23.0	0	9	4.72127013706e-05	0.0	0.0	0.0	0.0	0.0
0xf9c4c481f0dd86642aa3563a027961260736aae5	50	0.78	0.0	24.22	1	100.0	0	73	2.76741776827e-05	0.0	0.0	0.0	0.0	0.0
0x9320ed7b32db6156e68b8b5d118cc0475c488a57	50	0.77	57.53	45172.43	2	100.0	0	794	0.0	0.0	0.0	0.0	0.0	0.0
0x8364ab71eaabe46fd130a9b995082014138a3a36	50	0.77	1.58	1268.8	2	89.5	0	757	0.0	0.0	0.0	0.0	0.0	0.0
0xefdd84767703455bafe5b1e17a3a84f516d51759	50	0.77	1.77	1617.02	1	100.0	0	1226	0.0	0.0	0.0	0.0	0.0	0.0
0xc8640e293667fb614596a9e404b5127e0670a3fc	15	0.77	0.43	10176.61	1	100.0	0	31	0.0	0.0	0.0	0.0	0.0	0.0
0x3688355e18b077c01503d9736009874c271c2077	25	0.77	0.26	1045.34	1	48.0	0	273	0.0	0.0	0.0	0.0	0.0	0.0
0x10fddffce9af365c53d4da8e069308de8c48cd46	20	0.77	0.0	32.33	1	100.0	0	8	0.0	0.0	0.0	0.0	0.0	0.0
0x29197c3b222fcff8571e5af8029e2e7fcabddf19	25	0.76	5.1	3240.33	1	100.0	0	1817	0.0	0.0	0.0	0.0	0.0	0.0
0x093b23e3bc0aa7f60d4335b44bcb9a229c0572d0	15	0.76	0.66	2255.76	1	98.0	0	317	2.5272791193e-06	0.0	0.0	0.0	0.0	0.0
0x7319ac39755c0fb8aff281ab07ae50fcf67fd3ca	25	0.76	0.21	10289.23	1	100.0	0	21	1.3713455926378518e-07	0.0	0.0	0.0	0.0	0.0
0xf77e2c9b9ea81843d97a034e50aaa61b54edcc92	50	0.76	0.17	139.79	1	100.0	0	1404	0.0	0.0	0.0	0.0	0.0	0.0
0x2dc1056c52c5f7d5e2455c78fe7a5b2e2fbc5613	10	0.76	0.1	5001.14	1	100.0	0	0	0.0	0.0	0.0	0.0	0.0	0.0
0x3ff14a8af2e8f230cafc5999eaf40a7eb5528f46	25	0.76	0.08	248.01	1	91.0	0	346	5.111577605632078e-07	0.0	0.0	0.0	0.0	0.0
0xa7006a764b57b1cf08e166b7cf1e5bd93a8b59da	50	0.76	0.04	33.18	1	100.0	0	1510	3.0838485987e-06	0.0	0.0	0.0	0.0	0.0
0x89c2bb7e025fca12679efc51fb17048fc36b1119	5	0.76	0.0	99.1	1	100.0	0	1	5.08184327951966e-07	0.0	0.0	0.0	0.0	0.0
0x0ad9a6e1eda666ea65127d4dd5ab27e0e4e5264d	25	0.75	0.52	975.93	1	100.0	0	617	1.16064865607e-05	0.0	0.0	0.0	0.0	0.0
0x67c43205c696b5e2f15d3f91c3b71ca523912ba5	60	0.75	0.25	762.68	1	100.0	0	361	3.70292779883e-05	0.0	0.0	0.0	0.0	0.0
0xf5e46b2e5588f250806bc393792a7d792763b287	50	0.75	0.16	1268.16	1	95.0	0	143	0.0	0.0	0.0	0.0	0.0	0.0
0xb9eb61b73225d8e0aedba1ca0a24375322dc4230	5	0.75	0.01	563.39	1	100.0	0	1	1.021405182655144e-12	0.0	0.0	0.0	0.0	0.0
0xd7109f8d3ea1d2329704266cd2cab861e4816707	5	0.75	0.0	19.75	1	16.0	0	284	0.0	0.0	0.0	0.0	0.0	0.0
0x7d48036fdd4be04396e0931aaaaadec904a72c20	25	0.75	0.0	51.64	1	100.0	0	48	0.0	0.0	0.0	0.0	0.0	0.0
0x22d7f499f2a42b50d7d7e696531c0616d909c264	15	0.75	0.0	40.56	1	100.0	0	3	0.0	0.0	0.0	0.0	0.0	0.0
0x96f245034302a5a582a1d8e989a754e6e2260bf5	25	0.74	0.53	2193.1	1	46.0	0	271	1.02262283196e-05	0.0	0.0	0.0	0.0	0.0
0x95fe3c0101b4348af50d3989810be0ccb0ddd81e	50	0.74	0.25	361.43	1	100.0	0	799	1.99830212155e-05	0.0	0.0	0.0	0.0	0.0
0x84e4797663d033cb711e2200cae2c4420eddde9f	10	0.74	0.09	4341.84	1	100.0	0	7	0.0	0.0	0.0	0.0	0.0	0.0
0x582e75aaf29610a7cbc60dc5f14e218325d6f5d3	10	0.74	0.01	249.2	1	100.0	0	7	0.0	0.0	0.0	0.0	0.0	0.0
0xea6a89ef9cc6578e41fd0c2e81a36fe6fca7d887	50	0.74	0.0	8.38	1	100.0	0	472	0.0	0.0	0.0	0.0	0.0	0.0
0x0b4ebce9ccf328e54259df9a1afc317c8079ac80	25	0.74	0.0	81.87	1	100.0	0	14	2.676699750736589e-07	0.0	0.0	0.0	0.0	0.0
0xb2cc26fa2918d474fdc87c0fe6dbe2b2f69efb57	25	0.73	0.34	523.16	3	76.0	0	549	3.7831725122e-06	0.0	0.0	0.0	0.0	0.0
0x69c61ccdc2c82788c562b6d011052006f1b0d7eb	50	0.73	9.57	8417.86	1	100.0	0	1364	0.0	0.0	0.0	0.0	0.0	0.0
0x92bac7a404062fe0030cbf58ca871796bb1f34ec	50	0.73	0.35	481.59	1	100.0	0	866	0.0	0.0	0.0	0.0	0.0	0.0
0x87a32e84f4df0405810a08ba8dd186bb2e54704a	50	0.73	0.24	4002.72	1	100.0	0	55	0.0	0.0	0.0	0.0	0.0	0.0
0x17424ccccae665fa85c3d424540e9fa87a5af3a5	25	0.73	0.08	107.29	1	100.0	0	872	1.8285746139e-06	0.0	0.0	0.0	0.0	0.0
0x769e87bb8d805bd25991b4563c3d1c5295dbc381	50	0.73	0.06	54.84	1	100.0	0	1201	0.0	0.0	0.0	0.0	0.0	0.0
0x61b3069c21c57a0ce58d946c0145ff8e65ad0480	10	0.73	0.01	13.9	1	35.0	0	1134	0.0	0.0	0.0	0.0	0.0	0.0
0xc4974ecf75c3e1e142861f84977b2064a926e616	10	0.73	0.0	201.76	1	100.0	0	1	1.3322676295501878e-12	0.0	0.0	0.0	0.0	0.0
0xd6f3c1efc88959181c0cb0685fdc1a73daa56611	25	0.72	0.23	1223.35	2	97.0	3	40	5.359934718285331e-10	0.0	0.0	0.0	0.0	0.0
0x25d7d1d9c5d7fab2fbe37051a68be7b8e58c8f20	50	0.72	2.12	11932.23	2	100.0	1197	131	0.0	0.0	0.0	0.0	0.0	0.0
0x6acadcd3519011165e2fcc0fb349c1212016f694	20	0.72	29.5	32633.59	1	85.0	0	1087	6.0111047694e-06	0.0	0.0	0.0	0.0	0.0
0x1e81a691c1ea988c5f912bc2211a1e598b481743	10	0.72	4.13	5082.84	1	13.0	0	962	0.0	0.0	0.0	0.0	0.0	0.0
0x69db96b584b6e25420a4aa2ca4b20e3860d19d8c	25	0.72	0.13	6587.02	1	100.0	0	6	0.0	0.0	0.0	0.0	0.0	0.0
0x3c49aa72e4783ccaabca0f6ef534f66b21751c27	50	0.72	0.04	35.46	1	100.0	0	1487	0.0	0.0	0.0	0.0	0.0	0.0
0xd1e1d5c9ef5556c2ac23c61232348cf8d7d759b8	5	0.72	0.01	49.15	1	3.0	0	267	4.0861791839e-05	0.0	0.0	0.0	0.0	0.0
0xd6a0762a70d0a78f0b587d82bb6bc9356ac358f3	20	0.72	0.01	5.67	1	79.0	0	1930	4.923217167274174e-07	0.0	0.0	0.0	0.0	0.0
0x9f0730f05b0dd1e8cb5e91ef78630978e8b11c5a	10	0.72	0.0	10.12	1	100.0	0	2	2.404654253496119e-09	0.0	0.0	0.0	0.0	0.0
0x24fe05ecc64345a18f4abc69dc9f31809a51a50c	50	0.71	0.28	1614.79	1	64.0	0	215	0.0	0.0	0.0	0.0	0.0	0.0
0x9b2a08ea17e5b855fc2aaa79ebdbee74f1e15bcd	75	0.71	0.04	476.76	1	100.0	0	95	0.0	0.0	0.0	0.0	0.0	0.0
0x97d717efb023124b256790c0392499b3cc3eb003	70	0.71	0.04	205.39	1	97.0	0	196	0.0	0.0	0.0	0.0	0.0	0.0
0x6f6fde1ccdb84b708bdf473360b6032045a22d0f	5	0.71	0.0	2.1	2	18.0	0	1020	0.0	0.0	0.0	0.0	0.0	0.0
0xeac116c1d442334b6ace9fbd2258ff8819e058f1	25	0.71	0.0	3.86	1	100.0	0	42	1.1328790461e-06	0.0	0.0	0.0	0.0	0.0
0x28c974c18c6553b445c4b77f35d83f3499acf58f	25	0.7	0.0	0.84	2	100.0	110	212	4.135630393697909e-07	0.0	0.0	0.0	0.0	0.0
0x12a2416e756c6b356e5de05c4e1b879cc6c7fdb6	50	0.7	5.72	4758.75	1	100.0	0	1491	0.0	0.0	0.0	0.0	0.0	0.0
0xa7bf4152baff618ff0dd569993badccfd1e1df0b	50	0.7	3.68	12841.02	1	100.0	0	350	0.0	0.0	0.0	0.0	0.0	0.0
0x723b6a0e6758d9a37f6261aab7e1d1d9875c719e	35	0.7	0.85	2021.27	1	100.0	0	523	0.0	0.0	0.0	0.0	0.0	0.0
0x801c4d8886f2aafae6307cb697e07f30eb8d02bb	5	0.7	0.72	2898.59	1	22.0	0	288	1.06970656221e-05	0.0	0.0	0.0	0.0	0.0
0x920705755d44b77ac27237d26fa0d1fb4d832033	55	0.7	0.15	147.54	1	100.0	0	1294	0.0	0.0	0.0	0.0	0.0	0.0
0x8775a6f925a448cb0e8fd3b60ad563e022cfa3fe	50	0.7	0.01	46.22	1	100.0	0	361	0.0	0.0	0.0	0.0	0.0	0.0
0x7e5c1a665bfd595a8de3ac91dabb37a65db04096	25	0.7	0.01	26.48	1	100.0	0	359	0.0	0.0	0.0	0.0	0.0	0.0
0x71a2a425deb623de19b34ad6c9c006da6ef639af	25	0.69	0.55	1533.71	1	100.0	0	448	0.0	0.0	0.0	0.0	0.0	0.0
0xcc0615de11bc1902b64ade5d7f4c3867380cbe01	50	0.69	0.21	407.52	1	100.0	0	647	0.0	0.0	0.0	0.0	0.0	0.0
0xdaf368a4ffbfd9a1d862c58d4d520a893afec53a	25	0.69	0.05	677.28	1	100.0	0	81	0.0	0.0	0.0	0.0	0.0	0.0
0x93ca26ac2d0a5ef91ad08462b4a403abac05b0e2	5	0.69	0.0	198.84	1	53.0	0	11	2.825463862876632e-07	0.0	0.0	0.0	0.0	0.0
0x04e4ffdf0ce1b8fc9bb7779b5c73ae8fdcf27728	25	0.69	0.0	40.04	1	100.0	0	72	0.0	0.0	0.0	0.0	0.0	0.0
0x7e6d553559ec83a5beaab2abeeb378c533e606f7	50	0.68	0.51	2149.13	7	100.0	18	18	0.0	0.0	0.0	0.0	0.0	0.0
0x7319ac39755c0fb8aff281ab07ae50fcf67fd3ca	35	0.68	0.09	980.26	1	100.0	0	115	0.0	0.0	0.0	0.0	0.0	0.0
0xa18730afb886d3a6aa4202d622fc78990b9468b8	25	0.68	0.04	84.32	1	100.0	0	631	2.085469574808485e-08	0.0	0.0	0.0	0.0	0.0
0xcb228287ea47e503672f0dd3084e38d53fcbb8ab	25	0.68	0.01	414.41	1	100.0	0	2	1.9249227767e-06	0.0	0.0	0.0	0.0	0.0
0x3d6b613518e38a8ec66aefc4b9407c8efa64e87c	25	0.68	0.0	1.2	1	93.0	0	578	0.0	0.0	0.0	0.0	0.0	0.0
0xd2c637eb039c944a7a3d8c58512008374d22eae7	50	0.67	0.02	53.7	2	100.0	0	227	0.0	0.0	0.0	0.0	0.0	0.0
0x0ec0d1d9420a5e57cbeb7b09f1d676f2038ba609	50	0.67	2.88	51978.48	1	100.0	0	51	0.0	0.0	0.0	0.0	0.0	0.0
0x4e774f2a3ea241f81bbabb58afb6cab6097ab186	5	0.67	0.41	11182.0	1	100.0	0	30	0.0	0.0	0.0	0.0	0.0	0.0
0xa3761e90ab6a481a6bd590cfe22ffdeb4517d685	50	0.67	0.22	194.12	1	100.0	0	1442	0.0	0.0	0.0	0.0	0.0	0.0
0x9926692b22ee964794e441a4035ae342b92a5040	50	0.67	0.0	22.99	1	100.0	0	118	5.1999404782065994e-09	0.0	0.0	0.0	0.0	0.0
0xdabb6eefa9bd9146f5230dc6e86a583e8aa2bfbe	10	0.67	0.09	4962.17	1	82.0	0	1	1.76731487555e-05	0.0	0.0	0.0	0.0	0.0
0x8cc011012205343bf01e58c8058a8c83db6c95eb	25	0.66	0.59	358.82	5	100.0	295	226	1.3581903401e-06	0.0	0.0	0.0	0.0	0.0
0xe2843a9f551b9471be70cb58ab61cf1bd848f8f3	5	0.66	0.02	839.52	3	100.0	140	2	1.5924319640703288e-07	0.0	0.0	0.0	0.0	0.0
0x9c129490015b31908ca4f41e9a16edc1998eff2c	10	0.66	0.64	1138.23	1	22.0	0	721	2.33136035809e-05	0.0	0.0	0.0	0.0	0.0
0x9a7ecd6e8686668abdc19e034668cb6999235eda	25	0.66	0.13	92.25	1	100.0	0	1821	0.0	0.0	0.0	0.0	0.0	0.0
0x1adf0ef4a5e29cd11b636d85ff90e0e85d5eca97	55	0.66	0.09	96.82	1	100.0	0	1269	0.0	0.0	0.0	0.0	0.0	0.0
0xab8e0f243838f5e573b2649bc7304afd5fd36446	10	0.66	0.06	3400.91	1	4.0	0	23	2.35632691136e-05	0.0	0.0	0.0	0.0	0.0
0xd89bcf9a80cf367174a83f33aa894e002cc63278	25	0.66	0.03	1691.85	1	100.0	0	19	8.2196738304674e-08	0.0	0.0	0.0	0.0	0.0
0x849727fbd83c006b64ede3402aff6733e137cb19	50	0.66	0.01	16.26	1	100.0	0	1124	0.0	0.0	0.0	0.0	0.0	0.0
0x815ea24df708236f5f25265f20a7dbd7bf8e639b	25	0.66	0.0	12.86	1	31.0	0	311	5.55149614389e-05	0.0	0.0	0.0	0.0	0.0
0xcef13daa45ca6ca8b1af80e20280c7e5f6016b3c	50	0.65	1.72	3287.01	2	97.5	23	118	0.0	0.0	0.0	0.0	0.0	0.0
0x874673b9c5fb9b17da777fec8b09f565a01e5007	10	0.65	0.4	6690.29	2	100.0	51	2	3.1030511493668204e-09	0.0	0.0	0.0	0.0	0.0
0x238e68fd221b4a1711f3ea29d9bc52e6c89f83b4	25	0.65	0.05	20.22	3	80.0	0	939	0.0	0.0	0.0	0.0	0.0	0.0
0x2434a54c54aa6b6d02a03ce931cc407695be61e8	60	0.65	0.5	639.41	1	100.0	0	1035	1.44247791822e-05	0.0	0.0	0.0	0.0	0.0
0x55ddc2aff5b75a6ad209480d73a35c4c75411ea2	55	0.65	0.21	531.23	1	100.0	0	514	0.0	0.0	0.0	0.0	0.0	0.0
0x8a9d159bc3e61c683c71da9b72bc9f60a20a44d2	75	0.65	0.01	283.74	1	100.0	0	45	0.0	0.0	0.0	0.0	0.0	0.0
0xba334681a8e1f55b8f49bb8a287aa83f6fd5637f	50	0.65	0.01	127.67	1	100.0	0	49	3.3869742455e-06	0.0	0.0	0.0	0.0	0.0
0x2feb12b34a09cac2a518e51e4044a46800ee8ca7	25	0.64	0.03	328.11	2	100.0	517	15	0.0	0.0	0.0	0.0	0.0	0.0
0x47cf3216065840b831c343bb3445d753204cdbbb	15	0.64	3.87	110129.43	1	100.0	0	29	0.0	0.0	0.0	0.0	0.0	0.0
0x64dd976ad419f3bb16d5972ac11abc6092096df1	5	0.64	0.66	775.75	1	20.0	0	1147	0.0	0.0	0.0	0.0	0.0	0.0
0x64dd976ad419f3bb16d5972ac11abc6092096df1	10	0.64	0.44	1051.44	1	41.0	0	552	1.59022215839e-05	0.0	0.0	0.0	0.0	0.0
0xad78fc54cfb6502880c8d654d11a54acad9aeb44	15	0.64	0.26	198.75	1	46.0	0	1746	0.0	0.0	0.0	0.0	0.0	0.0
0x622694e8a7b9d2d3f12d2614f151a500b8de49f9	50	0.64	0.04	39.29	1	100.0	0	1211	0.0	0.0	0.0	0.0	0.0	0.0
0x96e16ba2b0ad2993fe0a255470b33a481705c45f	50	0.64	0.01	24.68	1	100.0	0	705	0.0	0.0	0.0	0.0	0.0	0.0
0x09c68c01c1dacae40af5b0a4c968f0874245b9cd	5	0.64	0.0	81.48	1	100.0	0	0	1.6413170822460188e-08	0.0	0.0	0.0	0.0	0.0
0xd89288a93db89aa48e15a81364caf59509716482	25	0.64	0.0	1.83	1	100.0	0	22	0.0	0.0	0.0	0.0	0.0	0.0
0xcee10cc0c025d962b31679e58f36aa1de2b6c752	35	0.63	0.77	2028.51	1	100.0	0	523	0.0	0.0	0.0	0.0	0.0	0.0
0x26c56a79286d95b641551492c013861c4dafab8b	25	0.63	0.1	2874.71	1	54.0	0	30	1.10390532825e-05	0.0	0.0	0.0	0.0	0.0
0x96ba3d8fbf4024cf93a8a5b9346fe83ac20a38b3	10	0.63	0.09	4973.56	1	0.0	0	1	0.0	0.0	0.0	0.0	0.0	0.0
0x058b377795e461685b19400b694c469097e2a454	5	0.63	0.08	542.08	1	11.0	0	213	0.0	0.0	0.0	0.0	0.0	0.0
0x83c106ac14ec46ba90d69992ff2c5815f2a5b3db	55	0.63	0.08	194.77	1	100.0	0	534	0.0	0.0	0.0	0.0	0.0	0.0
0x14987254dd0589fa8799b654249d6b7508607e50	50	0.63	0.06	322.98	1	61.0	0	223	5.63267579467e-05	0.0	0.0	0.0	0.0	0.0
0x069cf6394107260a843879cd487e7c4884c36d91	5	0.63	0.0	9.95	1	8.0	0	153	0.0	0.0	0.0	0.0	0.0	0.0
0x5b7ad20cc58d6b751922af75dd9cdaad8bdfd3f4	25	0.62	33.32	393356.11	1	90.0	0	97	0.0	0.0	0.0	0.0	0.0	0.0
0x6f189533283149508766f9929e5ab6cd621b6a1a	50	0.62	0.25	237.58	1	100.0	0	1506	6.954989917318245e-08	0.0	0.0	0.0	0.0	0.0
0x95f919d9ddd2a978d5a106778c4204aa6ad6ec02	10	0.62	0.01	500.65	1	100.0	0	2	9.33675359249264e-10	0.0	0.0	0.0	0.0	0.0
0xc5ee3ad4fa356b1c7b8a0717b0632f82faaebfb2	25	0.62	0.01	151.93	1	34.0	0	72	1.75276408942e-05	0.0	0.0	0.0	0.0	0.0
0xd31b560ae7dcb21c804bbd03985464433a047e78	5	0.62	0.0	2.91	1	22.0	0	145	1.24322165451e-05	0.0	0.0	0.0	0.0	0.0
0x57a7dd08cf1076d0a4524b2920e0c33e0b660364	50	0.61	0.03	18.56	2	100.0	0	922	0.0	0.0	0.0	0.0	0.0	0.0
0xf9d9bd237948a4d7d6125fa64dae3efd227b0d34	45	0.61	2.4	9489.14	1	100.0	0	347	0.0	0.0	0.0	0.0	0.0	0.0
0x45ebad8de2b2cf538d6842977326b942434d513f	50	0.61	0.03	50.29	1	100.0	0	738	0.0	0.0	0.0	0.0	0.0	0.0
0x60d8255e091b14fe19d4c65c7f479bca2b7c4840	5	0.61	0.01	669.08	1	100.0	0	3	0.0	0.0	0.0	0.0	0.0	0.0
0xd1db1b014513ffcc2a3b204a8483d9243d08b684	15	0.61	0.0	93.94	1	100.0	0	7	9.832556990829744e-09	0.0	0.0	0.0	0.0	0.0
0x70d8dd9492aceb067e805775a434879e7eec3046	5	0.6	0.02	301.65	3	100.0	0	2	0.0	0.0	0.0	0.0	0.0	0.0
0x7c058598da8998599cd5477b1646de0fc5839049	10	0.6	1.04	470.06	2	73.5	0	801	1.0495923463e-06	0.0	0.0	0.0	0.0	0.0
0x24b9db4eec2602a731a7241931a5e5e66f0c2bf8	70	0.6	0.1	353.06	1	100.0	0	405	0.0001163287201011	0.0	0.0	0.0	0.0	0.0
0xe2cbb3353013fb8dcf7098ed925a9c442a674080	40	0.6	0.02	95.92	1	100.0	0	354	0.0	0.0	0.0	0.0	0.0	0.0
0x8dca88a1f2323327c822035b62a6a14aede36ed2	50	0.6	0.01	19.98	1	100.0	0	778	0.0	0.0	0.0	0.0	0.0	0.0
0xf6438666a1594b58ef025995fec6655e2b36fca1	25	0.6	0.0	5.61	1	100.0	0	391	0.0	0.0	0.0	0.0	0.0	0.0
0x91841c28da9d90537da49d8e25a83e64d579cc73	20	0.6	0.0	43.06	1	86.0	0	1	2.046959372e-05	0.0	0.0	0.0	0.0	0.0
0xe000b8ed0e86cdf9b136b92fe47fe6d3d6d5e1be	50	0.59	0.17	10280.28	1	100.0	0	13	0.0	0.0	0.0	0.0	0.0	0.0
0x55f5534f878cd4c2048b04884a343af32223c61b	50	0.59	0.15	154.24	1	100.0	0	1437	0.0	0.0	0.0	0.0	0.0	0.0
0x26e1e1d22f2e06b6a09a46cb5e623bd1c058906e	25	0.59	0.05	768.3	1	24.0	0	79	1.29796318693e-05	0.0	0.0	0.0	0.0	0.0
0x7818e2d40cc8195c0bfa7d2af44548e2038091ac	35	0.58	1.64	51430.51	1	100.0	0	47	0.0	0.0	0.0	0.0	0.0	0.0
0xaa9990009806fea03cfc76a0ad40013af015bc87	50	0.58	0.17	172.73	1	100.0	0	1452	0.0	0.0	0.0	0.0	0.0	0.0
0xb1c9f695ff402ca8fdc29629da08dce6640d5e51	40	0.58	0.08	837.19	1	100.0	0	121	0.0	0.0	0.0	0.0	0.0	0.0
0x2c97ea0d92bce075342d2db8231d08cf880a4d48	15	0.58	0.03	95.98	1	27.0	0	504	2.0897314179e-05	0.0	0.0	0.0	0.0	0.0
0xf4d0bfe3523766766b3e398b2cfbe1c3b74b3718	5	0.57	1.41	13301.43	2	54.5	322	317	3.2345240152e-06	0.0	0.0	0.0	0.0	0.0
0xa7bf4152baff618ff0dd569993badccfd1e1df0b	10	0.57	0.79	6255.34	1	14.0	0	177	0.0	0.0	0.0	0.0	0.0	0.0
0xe1c5a94bfbfbeb910ad491f53578c5674d3c031b	50	0.57	0.12	980.46	1	50.0	0	191	0.0	0.0	0.0	0.0	0.0	0.0
0x41477ad5c0fa869322c040f327089bd9aa030522	10	0.57	0.08	2469.32	1	24.0	0	25	0.0	0.0	0.0	0.0	0.0	0.0
0xb609099b6bbab96b126d2542a8d521d6ecf448f0	10	0.57	0.01	654.45	1	100.0	0	2	5.006241421412483e-07	0.0	0.0	0.0	0.0	0.0
0x65d1b5fe2169ae0663f917518ce7c965cb41b6d5	50	0.57	0.0	31.45	1	100.0	0	10	2.3348241895e-06	0.0	0.0	0.0	0.0	0.0
0xdb8a01d53e03d162917f77f7e61307c9a1a7b823	150	0.56	0.05	90.88	2	100.0	95	461	0.0	0.0	0.0	0.0	0.0	0.0
0xbacb1b5aa23d701e812c08f45ba09d6e6c17631e	10	0.56	0.14	9095.38	1	100.0	0	0	0.0	0.0	0.0	0.0	0.0	0.0
0x641fe4e126710b4c03133af3404f5cf01ed85342	5	0.56	0.06	3920.76	1	100.0	0	5	8.126731509960906e-08	0.0	0.0	0.0	0.0	0.0
0x4ad06c6bfac635ec55753293ca86d4e9f5514963	10	0.56	0.01	9.49	1	48.0	0	1793	0.0	0.0	0.0	0.0	0.0	0.0
0x991635d76bd22414cffc3eaad63b8b8d3b14ae88	50	0.56	0.0	14.88	1	100.0	0	330	0.0	0.0	0.0	0.0	0.0	0.0
0xf68b6ef6ff1772fc408d5662066a900990853b70	10	0.56	0.0	133.46	1	100.0	0	1	0.0	0.0	0.0	0.0	0.0	0.0
0x8310260aa4bb285c75962cac8156170119c79eda	25	0.55	0.29	5029.38	2	100.0	501	4	9.381384558082573e-13	0.0	0.0	0.0	0.0	0.0
0xb3ba1fde1c58065c3d22d34044bef19d639e13f1	50	0.55	2.24	2202.5	2	80.0	0	648	0.0	0.0	0.0	0.0	0.0	0.0
0xefca44ff6cbe1e7557250e77aed4cbf9d22ab50a	30	0.55	0.17	258.11	1	100.0	0	1031	7.9743887937e-06	0.0	0.0	0.0	0.0	0.0
0x51dcd4d4632149f8fdf9fca8c79700595e8034cd	15	0.55	0.0	298.76	1	100.0	0	3	0.0	0.0	0.0	0.0	0.0	0.0
0xb331299f0e75fcac35c8ac37a70e0c8967be7416	25	0.55	0.0	63.31	1	18.0	0	94	0.0	0.0	0.0	0.0	0.0	0.0
0xee96fd5b955e14c52ac2510b2bb633aec68f285b	20	0.54	1.75	9980.36	2	61.5	0	292	0.0	0.0	0.0	0.0	0.0	0.0
0x8fcfe3485122f380793d5ade4fc8acabe4f83067	50	0.54	0.13	735.39	2	100.0	140	765	0.0	0.0	0.0	0.0	0.0	0.0
0x770bbea9c2d5ee92ee55fdc75e42a8a2aba6fbce	25	0.54	0.07	5891.69	2	100.0	86	6	1.2695955398100978e-10	0.0	0.0	0.0	0.0	0.0
0x4bc498cda0ead0276d253e5783dc1efe7c7ce9a4	70	0.54	0.18	203.98	1	100.0	0	1392	0.0	0.0	0.0	0.0	0.0	0.0
0xf547d010e3ba9cd554d1610b7463b80449c199a0	50	0.54	0.03	446.15	1	100.0	0	105	0.0	0.0	0.0	0.0	0.0	0.0
0x4ee8564da1cc3028d14af94e9a87fa7376c1ada3	30	0.54	0.02	147.55	1	34.0	0	173	0.0	0.0	0.0	0.0	0.0	0.0
0x3645a9011869531416925333c711025b1158612d	25	0.54	0.0	106.95	1	100.0	0	19	0.0	0.0	0.0	0.0	0.0	0.0
0x185721de429681cc0ccaeaa8d2a133975a55f573	50	0.54	0.0	69.99	1	100.0	0	17	0.0	0.0	0.0	0.0	0.0	0.0
0xd674f1f94b7e524d45dfbcebd138fe8b163af51b	10	0.54	0.0	4.96	1	24.0	0	185	0.0	0.0	0.0	0.0	0.0	0.0
0xc8ffc634b1d882236777a82cfda05c2ca3bc4d22	25	0.54	0.0	1.33	1	35.0	0	426	0.0	0.0	0.0	0.0	0.0	0.0
0xd881878265fcae4d4985cf023279d950451aa880	25	0.53	0.01	27.52	4	100.0	30	76	9.892798247257417e-08	0.0	0.0	0.0	0.0	0.0
0xbe06f85201625776180cf34f8fbbf166b00a80de	50	0.53	3.08	2560.73	1	100.0	0	1985	0.0	0.0	0.0	0.0	0.0	0.0
0x1264b14c36c7279608259a1f06490b82ef33a31d	25	0.53	0.42	1035.82	1	86.0	0	664	0.0	0.0	0.0	0.0	0.0	0.0
0xb2d66ef8e1a337d54b180d5da5b57447b0553a2d	50	0.53	0.13	106.89	1	100.0	0	1985	1.766290114169067e-07	0.0	0.0	0.0	0.0	0.0
0xc88cf9b5d1edd817bc90822b4004c389a75a9e5c	50	0.53	0.05	53.91	1	100.0	0	1452	0.0	0.0	0.0	0.0	0.0	0.0
0xe8e182da4c2514527296b9ca1115c25058078fe0	10	0.53	0.01	361.1	1	100.0	0	1	0.0	0.0	0.0	0.0	0.0	0.0
0xd9f8b7301959e9001816abd52162782d62c3b3e5	40	0.53	0.0	6.53	1	100.0	0	80	0.0	0.0	0.0	0.0	0.0	0.0
0x5572905d0c9ae6387c0ebea4f8f3caff501036b1	30	0.52	0.1	63.63	2	100.0	0	409	8.157363673433338e-11	0.0	0.0	0.0	0.0	0.0
0xfb94865ab40d40be96e97e9a14994912a45e6765	50	0.52	57.09	118634.57	1	100.0	0	815	0.0	0.0	0.0	0.0	0.0	0.0
0x485b81f578944b83da7969c084713aa98d5d5f2b	35	0.52	0.41	1440.58	1	100.0	0	472	3.0204417966e-06	0.0	0.0	0.0	0.0	0.0
0x4334703b0b74e2045926f82f4158a103fce1df4f	5	0.52	0.22	5083.63	1	2.0	0	58	3.17607167565e-05	0.0	0.0	0.0	0.0	0.0
0xcb43e659769cb2d4bbc5419409d387edf5506847	25	0.52	0.21	1809.2	1	24.0	0	178	7.5750245076e-06	0.0	0.0	0.0	0.0	0.0
0x438cbca6e5c1ba5d2931f2069d9201dfe947c942	25	0.52	0.01	500.02	1	100.0	0	25	0.0	0.0	0.0	0.0	0.0	0.0
0x721d6e0f98f3cb0949ab8c5fa2b1ebef194041dd	50	0.52	0.01	98.9	1	100.0	0	140	0.0	0.0	0.0	0.0	0.0	0.0
0x4bc498cda0ead0276d253e5783dc1efe7c7ce9a4	25	0.52	0.01	199.22	1	16.0	0	25	5.71420058714e-05	0.0	0.0	0.0	0.0	0.0
0xfb5f102169d309f133b34d85986a1eb606e487b3	25	0.51	0.0	31.52	2	100.0	0	12	9.833839298423186e-09	0.0	0.0	0.0	0.0	0.0
0x48d33ac1f67e09ff3609cb6af3912a819bf00179	50	0.51	0.83	1625.12	4	100.0	42	130	0.0	0.0	0.0	0.0	0.0	0.0
0x4130d96971a2ccd408f3ff75d5bc9daf147b314c	25	0.51	1.27	90390.21	1	87.0	0	1	0.0	0.0	0.0	0.0	0.0	0.0
0xc7f5dc322325021dc3954bdb35bde58830f8581d	50	0.51	0.77	6850.67	1	100.0	0	169	0.0	0.0	0.0	0.0	0.0	0.0
0x0de24f3486edc39638cd7a45132a23a8bc80ef32	50	0.51	0.31	1840.38	1	100.0	0	266	4.168887457467463e-10	0.0	0.0	0.0	0.0	0.0
0x3a280c60ab0a6864ed321cf1acfdfa83b38f3357	50	0.51	0.15	181.25	1	100.0	0	1380	2.3083347566e-06	0.0	0.0	0.0	0.0	0.0
0x812f11958465f06c0ca8c9cb065ee94bde4e0578	115	0.51	0.09	6609.48	1	100.0	0	20	0.0	0.0	0.0	0.0	0.0	0.0
0xc31d166b515fb385dd59e71503cfb4c212394d47	5	0.51	0.03	1070.91	2	5.0	0	19	4.97947926336e-05	0.0	0.0	0.0	0.0	0.0
0xd998e0db0a352fac63028cd801504dc968871d86	10	0.51	0.01	500.41	1	100.0	0	2	1.420408235475179e-09	0.0	0.0	0.0	0.0	0.0
0x4183190f462a3c21ef15021e6d4c3d4c97fc6922	5	0.51	0.0	14.51	1	15.0	0	428	0.0	0.0	0.0	0.0	0.0	0.0
0x096d2d9ceffcb157672330466da9779b2558a37f	25	0.51	0.0	157.68	1	100.0	0	21	3.208799892462366e-08	0.0	0.0	0.0	0.0	0.0
0x3bdceff8f2fce1084c9bc93c10092a8b5eaf38f6	30	0.51	0.0	0.05	1	100.0	0	1616	0.0	0.0	0.0	0.0	0.0	0.0
0xac692be7a338eb59c5d5c3c49722a2d875512252	10	0.5	0.16	180.7	2	65.0	0	557	0.0	0.0	0.0	0.0	0.0	0.0
0x0c9860bd04a1e7f6cc6c4a1f7c6ec48fbb01ca86	50	0.5	0.84	6126.88	2	100.0	42	99	0.0	0.0	0.0	0.0	0.0	0.0
0x6c856acb7474b4b8130ca0abffb1e5045bea2121	50	0.5	0.47	600.76	1	100.0	0	1360	0.0	0.0	0.0	0.0	0.0	0.0
0xaa973315a3dd8c4e634bda9c5ba990a8ac92dac1	30	0.5	0.22	261.02	1	100.0	0	1442	3.0232547243e-06	0.0	0.0	0.0	0.0	0.0
0x0ec0d1d9420a5e57cbeb7b09f1d676f2038ba609	5	0.5	0.05	3332.23	1	100.0	0	1	0.0	0.0	0.0	0.0	0.0	0.0
0x5596c05abcad6360181b8ebc92e1eb34afa4e2f1	5	0.5	0.02	629.89	1	7.0	0	45	1.05927229876e-05	0.0	0.0	0.0	0.0	0.0
0x1249f6126192d448a38b5edd4c4b5bf5af43d0d8	40	0.5	0.01	945.55	1	100.0	0	14	0.0	0.0	0.0	0.0	0.0	0.0
0xea6b0532f019756646c1e509b749fcbcf11dc3cb	25	0.5	0.01	294.57	1	100.0	0	27	0.0	0.0	0.0	0.0	0.0	0.0
0xdcf10756cf279cde8b185ec05513931009749b12	50	0.49	1.22	1599.17	1	100.0	0	1368	0.0	0.0	0.0	0.0	0.0	0.0
0x75484fe6d1dcb7eb083e314ad52d95a617b22dfb	50	0.49	0.46	987.31	1	100.0	0	827	0.0	0.0	0.0	0.0	0.0	0.0
0xd5451b645f9176a3cd91a563649f85320939bd83	15	0.49	0.05	3394.27	1	5.0	0	20	0.0	0.0	0.0	0.0	0.0	0.0
0x4c4f369422eee7d15b68a6465026936cf3ad5c45	15	0.49	0.0	294.66	1	100.0	0	1	4.753981874827673e-07	0.0	0.0	0.0	0.0	0.0
0xc78557ea4c5826ddbffb94c19c60be7231778175	10	0.48	9.15	8470.19	2	22.5	0	407	1.41939579312e-05	0.0	0.0	0.0	0.0	0.0
0x288a2d6f843bc641f817a4367837dd9f8e0e3ae0	50	0.48	0.04	374.12	2	100.0	0	31	4.662936703425657e-13	0.0	0.0	0.0	0.0	0.0
0x3e8351a32ee0968f80d2f8b6aa01c2e66695e87d	30	0.48	0.21	290.65	1	53.0	0	1300	0.0	0.0	0.0	0.0	0.0	0.0
0x41b28f2024fbf84a6f344cd79f86b497ec3f0f29	5	0.48	0.16	2993.54	1	5.0	0	96	0.0	0.0	0.0	0.0	0.0	0.0
0xfeb2df0a1db88c3d304a0a172a3c176370b9368d	50	0.48	0.01	65.94	1	100.0	0	317	0.0	0.0	0.0	0.0	0.0	0.0
0x3ab6d84bcdf5df32118bcab27270f707d6cdcbaf	50	0.48	0.01	777.32	1	100.0	0	23	0.0	0.0	0.0	0.0	0.0	0.0
0x587b496c171fee4e3bc75e2b9e225449bca5bbe2	50	0.47	22.75	32322.7	3	100.0	0	327	3.5274353031e-06	0.0	0.0	0.0	0.0	0.0
0x28d068eaa4a4052129e25f000c3778dc0991ca82	40	0.47	1.29	2384.94	1	100.0	0	1001	0.0	0.0	0.0	0.0	0.0	0.0
0xc1dd8204aaa49bf7f44037b35edae84045f2bd85	40	0.47	0.18	3516.1	1	100.0	0	75	0.0	0.0	0.0	0.0	0.0	0.0
0xed32f2de7e3159f3a0fe14c13ad7fefbbc0d1572	50	0.47	0.14	285.32	1	100.0	0	922	4.3373567293e-06	0.0	0.0	0.0	0.0	0.0
0x3b751adfa1a100b5837f3a80ea803597aef1d5fe	15	0.47	0.02	99.89	1	76.0	0	298	6.8932554886e-06	0.0	0.0	0.0	0.0	0.0
0xb9319c99cde9fe31363eb24a39e83fd15e7e2713	50	0.47	0.01	48.19	1	100.0	0	221	3.86713046585e-05	0.0	0.0	0.0	0.0	0.0
0x37614b7325a818604bbd5cc0198ec72e1786bd51	25	0.47	0.0	45.15	1	100.0	0	7	0.0	0.0	0.0	0.0	0.0	0.0
0x41c895a7c2bc0707420d8c4bb4accba32f769aa5	25	0.46	0.03	82.88	2	98.0	0	328	0.0	0.0	0.0	0.0	0.0	0.0
0xf2525ef2e4a9f2776da3264898c12594716decf1	50	0.46	0.15	955.96	1	99.0	0	278	0.0	0.0	0.0	0.0	0.0	0.0
0xc8e0e362d3ed1e453e3c27aa6f8b9dbcee12c6e6	50	0.46	0.14	955.35	1	99.0	0	277	0.0	0.0	0.0	0.0	0.0	0.0
0x21d7dee977e172687e1256ae8479e183669b4780	20	0.46	0.01	456.86	1	2.0	0	46	4.63018092644e-05	0.0	0.0	0.0	0.0	0.0
0xd6a0762a70d0a78f0b587d82bb6bc9356ac358f3	50	0.46	0.0	5.45	1	100.0	0	133	4.1147494966e-06	0.0	0.0	0.0	0.0	0.0
0xfb76ae630d96070bf14b0a34c7c8aa1da9029aff	25	0.45	0.18	524.29	3	54.67	0	638	0.0	0.0	0.0	0.0	0.0	0.0
0xb97f255b37eef7d47dbe1debbecd1f2ecfc37abe	10	0.45	0.2	16081.32	1	0.0	0	3	0.0	0.0	0.0	0.0	0.0	0.0
0xaa21496f86b3a2318eb660885a1b3637b793d17d	50	0.45	0.19	2363.32	2	100.0	0	55	0.0	0.0	0.0	0.0	0.0	0.0
0xf8ce762498ca41afce934741dee06c20f3a02b6d	25	0.45	0.02	1711.73	1	100.0	0	5	0.0	0.0	0.0	0.0	0.0	0.0
0xb81b8e6b9688db65771512c347f2a36405889dee	50	0.45	0.0	33.27	1	100.0	0	165	0.0	0.0	0.0	0.0	0.0	0.0
0xc8f9e520f96fd26acab0c43d5aed719ff67b934e	50	0.44	65.69	80168.23	2	100.0	161	445	1.8552975822316853e-08	0.0	0.0	0.0	0.0	0.0
0x0580bd38c03fa2d41aaddc020b5d475653612f62	50	0.44	0.88	1297.9	3	100.0	274	603	4.138652383763504e-09	0.0	0.0	0.0	0.0	0.0
0xca248afbcc09e474ecfbee249ba89f90db32cb5a	30	0.44	0.17	227.46	1	100.0	0	1491	0.0	0.0	0.0	0.0	0.0	0.0
0xc9f49e22f418ddf3a36217d68a359bb5c0ae9c47	25	0.44	0.05	527.33	1	25.0	0	192	0.0	0.0	0.0	0.0	0.0	0.0
0x882c53a22e3503ee72523e602e2099873bd09a69	10	0.44	0.01	133.26	1	1.0	0	94	3.73007810305e-05	0.0	0.0	0.0	0.0	0.0
0xcef00595a2377e2239524106e6117c8599ac6455	10	0.44	0.0	77.54	1	100.0	0	2	0.0	0.0	0.0	0.0	0.0	0.0
0xdc59d43a80481d39150c42273247111257c8d4f2	50	0.43	0.04	293.77	1	99.0	0	263	0.0	0.0	0.0	0.0	0.0	0.0
0x5d4443136198ff357e62b8b7eb3153d2ebd2d295	90	0.43	0.02	359.15	1	100.0	0	82	0.0	0.0	0.0	0.0	0.0	0.0
0x708442168862a6f9fadb3ff1ecafa2ed37dc883f	25	0.43	0.0	0.06	1	24.0	0	203	0.0	0.0	0.0	0.0	0.0	0.0
0x633bcb12fe73c7eacaec3157a9a52b916add5968	15	0.43	0.01	1018.73	1	100.0	0	3	0.0	0.0	0.0	0.0	0.0	0.0
0xbf732ea04197942783e34730ed6e0f6099575d58	85	0.42	11.16	482937.14	1	100.0	0	32	1.1262932142e-06	0.0	0.0	0.0	0.0	0.0
0x6c991016b4588b3c73a984b87275f8ff8ea72967	50	0.42	0.58	804.22	1	100.0	0	1489	0.0	0.0	0.0	0.0	0.0	0.0
0xa74cfee6a5a547e09d8301e144888183e32b55ca	15	0.42	0.14	12520.98	1	100.0	0	1	0.0	0.0	0.0	0.0	0.0	0.0
0xad2729e123b31678c14aefb4e03018fda578b1e4	5	0.42	0.03	2227.96	1	100.0	0	0	0.0	0.0	0.0	0.0	0.0	0.0
0xc1dd8204aaa49bf7f44037b35edae84045f2bd85	25	0.42	0.01	589.12	1	100.0	0	6	4.794779906447388e-07	0.0	0.0	0.0	0.0	0.0
0x17530ccbf4cd7f1427764e9c85ac218a87f53a5b	30	0.42	0.0	60.28	1	100.0	0	15	2.848756786022477e-08	0.0	0.0	0.0	0.0	0.0
0x4914b847553e41d22560abc980df44ea3a79ae6c	25	0.41	0.06	5308.23	1	100.0	0	8	0.0	0.0	0.0	0.0	0.0	0.0
0x4a904afc92f979f39369095423d3476171b152f1	80	0.41	0.02	99.98	1	100.0	0	383	0.0	0.0	0.0	0.0	0.0	0.0
0x2293d882c9032ddcd7719e263bd56c1a0db56f5f	50	0.4	0.48	604.12	2	100.0	0	264	0.0	0.0	0.0	0.0	0.0	0.0
0x7f4b43d3627a34c9ef01a2cc6d98b6b75c6c0a87	25	0.4	0.02	20.76	2	96.5	0	351	0.0	0.0	0.0	0.0	0.0	0.0
0xbe41dd25397c6aaf50f3bfe1ffbbdc8b29f457f4	25	0.4	0.03	11.92	4	63.0	0	902	2.2277018618e-06	0.0	0.0	0.0	0.0	0.0
0xae506ee0e7cb9b494f5fd99f76229144672256cf	50	0.4	0.07	136.18	1	62.0	0	1061	0.0	0.0	0.0	0.0	0.0	0.0
0x8bb20ac54339e8bafa3a173acd8dba00911e40a9	25	0.4	0.06	304.08	1	26.0	0	454	0.0	0.0	0.0	0.0	0.0	0.0
0xaa0bd8432fe685c0edb975d1f91b9f2c17248c47	25	0.4	0.05	913.84	1	12.0	0	120	0.0	0.0	0.0	0.0	0.0	0.0
0x3f3487774b6c9850f98a14e105d41ef1938eb72b	25	0.39	10.16	71458.14	4	100.0	226	19	0.0	0.0	0.0	0.0	0.0	0.0
0xdeaa067e429ad097465d8f3b50ca306f13061038	40	0.39	8.61	20153.27	1	100.0	0	939	1.6609641884e-06	0.0	0.0	0.0	0.0	0.0
0x2decdd1345aec81519c5177167de4bebec72da3f	25	0.39	0.01	705.27	1	100.0	0	5	6.112574890693168e-07	0.0	0.0	0.0	0.0	0.0
0x2bfb24c850a78f278f7966a91ac9e7e43c8d75ea	25	0.38	0.22	264.14	3	100.0	73	366	0.0	0.0	0.0	0.0	0.0	0.0
0xd9c5fead70325025662c32b3b53321ccea6b3345	25	0.38	0.03	105.88	1	100.0	0	603	0.0	0.0	0.0	0.0	0.0	0.0
0x617f352642b06a99667e295931d831217879f9a9	10	0.37	0.3	1088.32	2	24.0	0	650	3.5905695194e-06	0.0	0.0	0.0	0.0	0.0
0x68929570ee8a4da4fc7634340d0d92585b2aa313	5	0.37	0.87	2546.58	1	11.0	0	813	8.1878631874e-06	0.0	0.0	0.0	0.0	0.0
0xa1fc2baeaa77cd984c1870b724205012c472ea55	55	0.37	0.01	19.02	1	100.0	0	915	0.0	0.0	0.0	0.0	0.0	0.0
0xf6ff6007768f827c86bfd13444ee7d89c8dd5689	50	0.37	0.0	43.8	1	67.0	0	194	5.94918549534e-05	0.0	0.0	0.0	0.0	0.0
0xbe660cdf0ca4763ee2b93065e0a7315f23076ce8	15	0.37	0.0	33.5	1	100.0	0	2	0.0	0.0	0.0	0.0	0.0	0.0
0x556fce501af7e8134a58842f8aad5373a5fa2c08	25	0.37	0.0	15.32	1	100.0	0	11	0.0	0.0	0.0	0.0	0.0	0.0
0x0e5998cd5c9ca20b666b21e362387ac41b209a6e	50	0.36	0.1	182.5	2	100.0	70	643	0.0	0.0	0.0	0.0	0.0	0.0
0xe08753f2caf86cfa29ce24b1ca765f6f3a25a68d	25	0.36	0.01	54.04	2	67.0	0	816	3.72554651961e-05	0.5	-443636.0	443636.0	0.0	0.0
0xce51e534a5e1024b378000cef67acfacce99c03b	25	0.36	0.0	0.04	2	100.0	89	11	0.0	0.0	0.0	0.0	0.0	0.0
0x098ddb5f48ad1daa5f691c4b2ad6360e45a22747	5	0.36	2.59	6171.15	1	11.0	0	1030	0.0	0.0	0.0	0.0	0.0	0.0
0x3edbd9d266ac5a7feb90a234722488877d4c3f7c	60	0.36	0.08	118.1	1	75.0	0	1610	0.0	0.0	0.0	0.0	0.0	0.0
0x9a170508a9468eaac347f81492b6cbaa9b1088bf	25	0.36	0.0	9.86	1	11.0	0	140	8.1031886201e-06	0.0	0.0	0.0	0.0	0.0
0xbbfc680aa2580d54af4f00feb6f22e744b547bc6	10	0.35	0.02	226.93	2	50.5	0	748	1.35627718333e-05	0.0	0.0	0.0	0.0	0.0
0x931fe0ebee7d90c5c76c7f6a1fe01514922407dc	50	0.35	1.39	2799.39	1	100.0	0	1227	0.0	0.0	0.0	0.0	0.0	0.0
0xb1c9f695ff402ca8fdc29629da08dce6640d5e51	50	0.35	0.02	2549.29	1	100.0	0	14	0.0	0.0	0.0	0.0	0.0	0.0
0x6d0e647538e9cc765cd7677358d71c8ff845a051	5	0.35	0.01	60.85	1	9.0	0	571	1.0364701097e-06	0.0	0.0	0.0	0.0	0.0
0x6de8ad96249eb38ebd5d7180f4ba1f1fee6947bf	25	0.35	0.0	352.31	1	100.0	0	2	0.0	0.0	0.0	0.0	0.0	0.0
0x2dfe90f531d48a3852613530c797aa7a9f6d6c08	55	0.35	0.0	96.27	1	100.0	0	7	1.0454093146705644e-08	0.0	0.0	0.0	0.0	0.0
0xeeff359270e30c359526ff309ba340ef96db5f16	5	0.34	0.03	146.58	2	48.0	0	608	0.0	0.0	0.0	0.0	0.0	0.0
0x7ee89d98b5731107a2a9cebc3d9a4e729d070262	15	0.34	11.94	18758.86	1	47.0	0	1633	8.5141750982e-06	0.0	0.0	0.0	0.0	0.0
0xba731fd3431de103f16e6d9b0cc62ff74107ff41	10	0.34	0.05	660.44	1	8.0	0	177	5.41273648901e-05	0.0	0.0	0.0	0.0	0.0
0xe2cbb3353013fb8dcf7098ed925a9c442a674080	50	0.34	0.01	104.76	1	100.0	0	132	0.0	0.0	0.0	0.0	0.0	0.0
0x2f6f5c852094b9d60be942ac87603be5ff451e49	10	0.34	0.0	97.27	1	1.0	0	90	3.46147760899e-05	0.0	0.0	0.0	0.0	0.0
0x1b4fb79fbe9c64735644fe6ba8059fb076cdf21d	50	0.33	0.05	184.52	1	100.0	0	663	0.0	0.0	0.0	0.0	0.0	0.0
0xfade0870b4f34455a7056070d1c2ce148609ad05	10	0.32	0.15	118.2	2	47.0	0	1749	0.0	0.0	0.0	0.0	0.0	0.0
0xe2b97a355f7bbafb265652557fb162d5c2aef099	25	0.32	0.01	18.52	1	73.0	0	2029	0.0	0.0	0.0	0.0	0.0	0.0
0x849564ca85bd07e7088a878acb2ffe41db31e03a	10	0.32	0.0	83.76	1	100.0	0	2	1.3061096648669944e-08	0.0	0.0	0.0	0.0	0.0
0x8b5e2a644d5f3ba0a8d2783ec587871f8389a724	150	0.32	0.0	13.53	1	100.0	0	132	0.0	0.0	0.0	0.0	0.0	0.0
0xeeb4c6bbca93bfa5a56e93c0bb58e03b5849d70f	40	0.31	0.03	1085.86	1	100.0	0	52	0.0	0.0	0.0	0.0	0.0	0.0
0x3f626e20918ec37569d74ce0ab2caf3313def388	25	0.3	0.0	58.69	4	100.0	45	288	2.6390674007e-06	0.0	0.0	0.0	0.0	0.0
0x2a8080d9abf0249e0079c82b468a6de7e73857cc	100	0.3	50.09	99362.4	1	100.0	0	1487	8.04213029503842e-08	0.0	0.0	0.0	0.0	0.0
0x5efd95ced49055f9f2d945a459debfccee33aa54	225	0.3	0.64	19531.52	1	100.0	0	81	0.0	0.0	0.0	0.0	0.0	0.0
0x4ab5608071ed625a5665cd88b9406bd61a8cb706	50	0.3	0.22	737.9	1	53.0	0	874	0.0	0.0	0.0	0.0	0.0	0.0
0x76b30410bd92220bfae60560bb1b654f5f9b9851	35	0.3	0.17	286.6	1	92.0	0	1770	0.0	0.0	0.0	0.0	0.0	0.0
0x9299c8356aaa5caeecc8ec2e910155ac84d9453c	50	0.3	0.1	224.7	1	100.0	0	1296	4.047597368384004e-07	0.0	0.0	0.0	0.0	0.0
0xafc28b1fbafc2aa4032547d941f32a360a400e65	5	0.3	0.01	997.54	1	15.0	0	20	2.5534038106e-06	0.0	0.0	0.0	0.0	0.0
0xd881878265fcae4d4985cf023279d950451aa880	50	0.3	0.0	34.19	1	100.0	0	22	0.0	0.0	0.0	0.0	0.0	0.0
0xca7c3915da058c1bf2f6d73973af31f6243b9c19	5	0.29	0.02	999.02	1	7.0	0	29	1.39129907039e-05	0.0	0.0	0.0	0.0	0.0
0xc96f41f037d277e5d93a0bb8a181b1979be719cd	10	0.29	0.01	1161.44	1	100.0	0	1	1.7119639039719914e-11	0.0	0.0	0.0	0.0	0.0
0x478bb542f7658d635abba67edb987806dff5b83d	25	0.28	0.92	29622.99	1	65.0	0	93	0.0	0.0	0.0	0.0	0.0	0.0
0x893a83f5521001559883cb9682b15439c023e54f	10	0.28	0.07	8856.33	1	100.0	0	0	5.002034009216061e-07	0.0	0.0	0.0	0.0	0.0
0xdf6cb51ca00ef1645f7e04a5b5d5f6cad3a55e02	25	0.28	0.05	2400.1	1	68.0	0	66	1.20007754844e-05	0.0	0.0	0.0	0.0	0.0
0xeff2985a365b9101fe221e5053bcb7c85f4c4a60	5	0.28	0.05	7126.46	1	100.0	0	0	1.411093464298574e-11	0.0	0.0	0.0	0.0	0.0
0xe6f3720b73bdef497750fc5f2a4f347a261f1292	5	0.28	0.02	1001.51	1	13.0	0	54	2.2080609785e-06	0.0	0.0	0.0	0.0	0.0
0x2bfb24c850a78f278f7966a91ac9e7e43c8d75ea	10	0.28	0.02	426.65	1	14.0	0	145	0.0	0.0	0.0	0.0	0.0	0.0
0x4327143dcde059ab02328987d098580313242aaf	50	0.28	0.0	80.55	1	100.0	0	6	4.7750692289127976e-11	0.0	0.0	0.0	0.0	0.0
0x53eb0fcdeb99d49d495ce3f7e21517e857ae7e4f	25	0.27	0.2	13164.15	2	100.0	0	3	2.280897692941153e-09	0.0	0.0	0.0	0.0	0.0
0xae507c5c67683c884602dd766e44789afad23222	50	0.27	0.04	1800.19	3	100.0	34	6	0.0	0.0	0.0	0.0	0.0	0.0
0x6735a47274c778dceab2bfa96a1ee34630d11d06	10	0.27	0.15	20367.19	1	100.0	0	0	0.0	0.0	0.0	0.0	0.0	0.0
0xbabf6ef9deabea4080c59486a722deea3125cad7	50	0.27	0.12	274.7	1	100.0	0	1435	0.0	0.0	0.0	0.0	0.0	0.0
0x0b7c363822613594086e22ab41b0368904a188a9	25	0.27	0.04	6155.19	1	100.0	0	1	0.0	0.0	0.0	0.0	0.0	0.0
0x17d8b5bd148d825946b58c9f7d2d7dd3ac8de53a	25	0.27	0.01	1018.91	1	100.0	0	28	0.0	0.0	0.0	0.0	0.0	0.0
0x68761e8628cfd91c07a16e54753b25047a43c3a2	50	0.27	0.0	390.16	1	100.0	0	4	0.0	0.0	0.0	0.0	0.0	0.0
0x4a904afc92f979f39369095423d3476171b152f1	35	0.27	0.0	199.79	1	100.0	0	35	5.9511429117975474e-08	0.0	0.0	0.0	0.0	0.0
0x096d2d9ceffcb157672330466da9779b2558a37f	50	0.27	0.0	60.37	1	100.0	0	3	0.0	0.0	0.0	0.0	0.0	0.0
0x69b18a51220d4607e4e94b353007fe89d2a96496	25	0.26	0.0	64.72	5	100.0	88	4	0.0	0.0	0.0	0.0	0.0	0.0
0xe45c970fe900827667e123685287b443b5d938ec	5	0.26	0.2	9340.64	1	30.0	0	67	4.084506544e-06	0.0	0.0	0.0	0.0	0.0
0x1f2f54694a176121996414c3f6d3206260832cd6	15	0.26	0.07	235.56	1	23.0	0	962	7.4775397762e-06	0.0	0.0	0.0	0.0	0.0
0xdd9d096769fa3d03d72055ff1e8e965a91d950df	35	0.26	0.01	116.94	1	43.0	0	238	0.0	0.0	0.0	0.0	0.0	0.0
0x1e55d5c09beb9f97e55809e5a9a00f209fdf3671	45	0.26	0.01	988.8	1	100.0	0	5	1.3697598610917792e-09	0.0	0.0	0.0	0.0	0.0
0x05df2390cf2c2f348c84eb45f6ae000fa66427cd	50	0.26	0.0	180.59	1	100.0	0	5	7.050436900968293e-07	0.0	0.0	0.0	0.0	0.0
0x8366782726afac41b1b38761094f2d93cbb8e2d4	10	0.26	0.0	88.71	1	0.0	0	0	0.0	0.0	0.0	0.0	0.0	0.0
0x58ed21455fec6f66da9d3699903633e2281d864a	50	0.25	0.07	416.08	1	100.0	0	599	0.0	0.0	0.0	0.0	0.0	0.0
0xa52564e271bcb89c4abac89078a881a1c143061f	50	0.25	0.01	860.44	1	100.0	0	12	0.0	0.0	0.0	0.0	0.0	0.0
0x21d7dee977e172687e1256ae8479e183669b4780	25	0.25	0.0	7.8	1	100.0	0	3	0.0	0.0	0.0	0.0	0.0	0.0
0xebc1cdbbbec61c6077f2ca5651139622b6b718bf	20	0.24	0.25	39054.33	1	100.0	0	1	1.4935064296395243e-08	0.0	0.0	0.0	0.0	0.0
0x31a978f4e399cd191389eb749e387a974d93aaed	50	0.24	0.06	148.24	1	100.0	0	1455	0.0	0.0	0.0	0.0	0.0	0.0
0xed101f7b40cdf28566cc275f6d42e467d5edd0ef	15	0.24	0.06	8283.07	1	13.0	0	15	4.926159336e-06	0.0	0.0	0.0	0.0	0.0
0x6206d4ccc129f7ce7596c00234f0ed97acce4d36	5	0.24	0.02	3342.27	1	100.0	0	0	0.0	0.0	0.0	0.0	0.0	0.0
0x44bc3cb1a86931fb17218b2ea2c66c6743c55924	80	0.24	0.01	453.15	1	100.0	0	70	0.0	0.0	0.0	0.0	0.0	0.0
0x39978cc40e2d1d7e127050bdfffbb0dfcfaebad0	25	0.24	0.0	138.55	1	100.0	0	1	0.0	0.0	0.0	0.0	0.0	0.0
0xe40602b6629ab2482043df1cf9efc093dd84d337	5	0.24	0.0	2.24	1	5.0	0	21	3.89740727801e-05	0.0	0.0	0.0	0.0	0.0
0x77b5c24f94afe2e12f67368ae0330dbe1033c78c	20	0.23	0.06	9983.12	1	0.0	0	4	0.0	0.0	0.0	0.0	0.0	0.0
0x9424ad1e800c42b2e574c715ca4409d035c385a4	25	0.23	0.03	940.24	1	74.0	0	99	0.0	0.0	0.0	0.0	0.0	0.0
0xcfb476a9861daaad04c79944bb24a0260b26ee7e	10	0.23	0.0	204.44	1	0.0	0	47	0.0	0.0	0.0	0.0	0.0	0.0
0x84d0f74d21a89f86b67e9a38d8559d0b4e10f12d	25	0.22	1.12	90851.41	2	100.0	1	3	0.0	0.0	0.0	0.0	0.0	0.0
0x642fcf3e9bb82ec3d31a32dbd0c9d92d82264bb4	55	0.22	0.12	10904.11	2	100.0	189	7	0.0	0.0	0.0	0.0	0.0	0.0
0xba731fd3431de103f16e6d9b0cc62ff74107ff41	25	0.22	0.22	661.31	1	100.0	0	1337	8.7444490204e-06	0.0	0.0	0.0	0.0	0.0
0xc96f41f037d277e5d93a0bb8a181b1979be719cd	25	0.22	0.05	4480.07	1	100.0	0	25	0.0	0.0	0.0	0.0	0.0	0.0
0xba334681a8e1f55b8f49bb8a287aa83f6fd5637f	25	0.22	0.01	1553.32	1	100.0	0	2	0.0	0.0	0.0	0.0	0.0	0.0
0xb4ec2e08370aeeffc499452a77f5e692b6839bb8	50	0.22	0.01	17.26	1	100.0	0	1414	0.0	0.0	0.0	0.0	0.0	0.0
0xa6a4ec0f671b37ac51ad6ce7972d1fd81f3cda75	5	0.22	0.01	928.46	1	100.0	0	0	3.6359804056473877e-10	0.0	0.0	0.0	0.0	0.0
0x600c3c721b89363c5ce001e8e2bda0820fc671f7	50	0.22	0.0	35.52	1	53.0	0	527	0.0	0.0	0.0	0.0	0.0	0.0
0xdcb56bb00e63d1efeb4073d52abda39f4dc201f3	5	0.22	0.0	2.78	1	100.0	0	1	0.0	0.0	0.0	0.0	0.0	0.0
0x4b97be965b38c20b7e6c78c1234ac7e13fc2c5ee	25	0.21	0.02	20.72	2	96.5	0	1652	0.0	0.0	0.0	0.0	0.0	0.0
0x60201f7c0774cba96e1db1a915ae1748da3faf12	25	0.21	8.78	1545257.38	1	100.0	0	0	2.440952107107819e-07	0.0	0.0	0.0	0.0	0.0
0x7ea2d94c0bb347014db4c08e70fac5f67793ffe0	35	0.21	1.11	3600.72	1	100.0	0	1320	0.0	0.0	0.0	0.0	0.0	0.0
0x2c082ba1e9fa1f232db23ea1244c722c3924b219	5	0.21	0.02	3835.31	1	100.0	0	1	0.0	0.0	0.0	0.0	0.0	0.0
0x8a13091391462c7fa52063af7c30b0f835fe1975	25	0.21	0.0	623.64	1	100.0	0	2	0.0	0.0	0.0	0.0	0.0	0.0
0x9fd1943cdc43db5061cbf911f0565e7d82d1f7b6	25	0.21	0.0	88.2	1	100.0	0	2	0.0	0.0	0.0	0.0	0.0	0.0
0xb4f644d397ead055523c01df8e1b53787fd2c909	40	0.2	0.02	55.63	1	75.0	0	1648	0.0	0.0	0.0	0.0	0.0	0.0
0xf92f1bc2702f2a6bf4de8b9ee58b5db0f953ae50	50	0.2	0.01	81.46	1	100.0	0	580	0.0	0.0	0.0	0.0	0.0	0.0
0x6a59da0d191a2244b88b43d327bf9765d46a7ad6	15	0.2	0.01	773.39	1	0.0	0	25	0.0	0.0	0.0	0.0	0.0	0.0
0xaa75703569af486d4dd3eca3494f1dab29e5b09e	15	0.19	0.0	888.88	1	100.0	0	3	0.0	0.0	0.0	0.0	0.0	0.0
0x3aec2b5fa113c7eb7b3be0c365d073d579b1074f	50	0.19	0.0	17.4	1	54.0	0	623	6.02649484648e-05	0.0	0.0	0.0	0.0	0.0
0x249a947f9bf78f0e1e3f4304d744c5ad7abcab12	25	0.19	0.0	58.8	1	100.0	0	6	1.2072265409557303e-08	0.0	0.0	0.0	0.0	0.0
0xec26de1b53436b959e534287888a297066cdd37d	5	0.18	0.0	49.1	6	83.33	80	0	0.0	0.0	0.0	0.0	0.0	0.0
0xbff68161d79b791e35f9bad222bb86cc51e047ab	15	0.18	0.32	4463.9	3	93.33	167	32	0.0	0.0	0.0	0.0	0.0	0.0
0x4e774f2a3ea241f81bbabb58afb6cab6097ab186	10	0.18	0.0	191.7	1	100.0	0	1	1.1652856457544658e-08	0.0	0.0	0.0	0.0	0.0
0x4acb1c1903dfd3855c7148274cec75f36a9e150d	5	0.18	0.0	68.03	1	100.0	0	0	5.106733147464126e-07	0.0	0.0	0.0	0.0	0.0
0x4b97be965b38c20b7e6c78c1234ac7e13fc2c5ee	50	0.18	0.02	42.2	1	100.0	0	1853	0.0	0.0	0.0	0.0	0.0	0.0
0x88b19a219053ad09c0e82cd28d98316639edaf0a	50	0.18	0.0	603.02	1	100.0	0	5	4.223380423162837e-07	0.0	0.0	0.0	0.0	0.0
0x849564ca85bd07e7088a878acb2ffe41db31e03a	5	0.18	0.0	277.86	1	100.0	0	1	1.3322676295501878e-13	0.0	0.0	0.0	0.0	0.0
0x6ceb0a5d6f1512f28d6b5c78200537772d926791	5	0.18	0.0	75.73	1	100.0	0	0	3.61932706027801e-12	0.0	0.0	0.0	0.0	0.0
0x123b37ec05c7d717c9a5fac7c321a7e0a11ff191	10	0.17	0.04	1511.97	2	62.0	0	436	0.0	0.0	0.0	0.0	0.0	0.0
0x0575d52465bf30e9c0bfc3fd7256e4743a2f11fd	5	0.17	0.2	15057.66	3	33.33	1	1	0.0	0.0	0.0	0.0	0.0	0.0
0xafcb13589d55a739f4b0ccfe9b758686c7c03347	50	0.17	0.33	1130.19	1	100.0	0	1492	6.902826088506232e-08	0.0	0.0	0.0	0.0	0.0
0x4f46c9d3257d95e35a2441df2fdf293af13f47d9	15	0.17	0.1	11341.6	1	100.0	0	42	5.9851993472e-06	0.0	0.0	0.0	0.0	0.0
0xaad02dea3422ce7b1b7e9797b80039c2252b5463	45	0.17	0.03	6308.32	1	100.0	0	4	0.0	0.0	0.0	0.0	0.0	0.0
0x10092fc6ff5319327cb9708122405333c73fc60e	50	0.17	0.02	157.05	1	46.0	0	696	5.07272094441e-05	0.0	0.0	0.0	0.0	0.0
0x4309ef6ca59940901d48c1257f501792b86ad5c0	5	0.17	0.02	3846.68	1	100.0	0	0	0.0	0.0	0.0	0.0	0.0	0.0
0xc2148df9f45e02785dfde8681d3a32879251d2d4	5	0.17	0.0	679.6	1	100.0	0	1	1.431965657161527e-10	0.0	0.0	0.0	0.0	0.0
0xb3bfb32977cfd6200ab9537e3703e501d8381c9b	25	0.16	0.82	191798.19	1	100.0	0	3	0.0	0.0	0.0	0.0	0.0	0.0
0x15d95754f291ea03fa38b03e98fab4a0a3d45763	200	0.16	0.06	189.94	1	100.0	0	1819	0.0	0.0	0.0	0.0	0.0	0.0
0x3509b3b6fe4965b367021d5c4cb13c12c681095a	50	0.16	0.0	591.49	1	100.0	0	3	7.936340473690962e-09	0.0	0.0	0.0	0.0	0.0
0xb754e001604508f841d768e64d38b7c98c859c05	10	0.16	0.0	5.08	1	0.0	0	36	0.0	0.0	0.0	0.0	0.0	0.0
0xec316fc30b5f554396e37a851c746392bc68ec7b	10	0.16	0.0	3.21	1	100.0	0	1	0.0	0.0	0.0	0.0	0.0	0.0
0x01687175bd4d85a80ed82540cf846a3d53fa0f57	25	0.15	1.55	1960.81	2	100.0	0	600	0.0	0.0	0.0	0.0	0.0	0.0
0xc78557ea4c5826ddbffb94c19c60be7231778175	5	0.15	0.27	6813.22	2	19.5	13	123	2.7722059536e-06	0.0	0.0	0.0	0.0	0.0
0xea2338ca2654458b290e62898dc629d9fdf230f0	50	0.15	0.03	160.33	3	64.67	94	666	0.0	0.0	0.0	0.0	0.0	0.0
0xf04c4b23fcc37c6861927f75d44c90cd1e461ee6	25	0.15	0.0	1078.98	1	100.0	0	1	0.0	0.0	0.0	0.0	0.0	0.0
0x75a29e64ba19bf7f527ec996afcc7c41be12923a	25	0.15	0.0	3.47	1	9.0	0	85	2.17240733624e-05	0.0	0.0	0.0	0.0	0.0
0xd63cfb940f62ad17382c38cd1360db70145f2310	50	0.14	0.0	104.53	1	100.0	0	10	1.028732876662275e-07	0.0	0.0	0.0	0.0	0.0
0x461abb509f2d017d4a2091a7c91b583282fd148d	25	0.14	0.0	1.69	1	100.0	0	1238	2.7588773043e-06	0.0	0.0	0.0	0.0	0.0
0xe67bb59d1d27f2a7b520921248c5e0ec84ba19d0	50	0.14	0.0	22.12	1	100.0	0	8	0.0	0.0	0.0	0.0	0.0	0.0
0x1b82a02b9b08b0a6f753a69243ca892891bf058f	5	0.13	0.0	360.85	2	100.0	170	0	0.0	0.0	0.0	0.0	0.0	0.0
0xe8b77cbbcabf4d5f2ab1a4126e22942e8db32b42	5	0.13	0.0	36.92	2	100.0	0	0	2.521964859170112e-07	0.0	0.0	0.0	0.0	0.0
0xe45c970fe900827667e123685287b443b5d938ec	10	0.13	0.71	9318.19	1	8.0	0	484	0.0	0.0	0.0	0.0	0.0	0.0
0xe8dc7abafd6cab7c9e7db94ea746f07bb369d7c7	25	0.13	0.01	46.91	1	92.0	0	1703	1.00369031419e-05	0.0	0.0	0.0	0.0	0.0
0xe51f74a17ff1fc0505488729bd6d5bd24f8b86f1	25	0.13	0.0	783.1	1	100.0	0	3	0.0	0.0	0.0	0.0	0.0	0.0
0x36d63875bf8841ad16dadb4b53963373d3145ecd	25	0.13	0.0	227.25	1	100.0	0	5	0.0	0.0	0.0	0.0	0.0	0.0
0x9158d82186b893581da3ec5a01e33b82dae6287a	50	0.13	0.0	63.66	1	100.0	0	3	3.967398742865669e-07	0.0	0.0	0.0	0.0	0.0
0x33b79a819e22a3e22d46dda60fb26ca2c36b626b	25	0.13	0.0	5.22	1	100.0	0	3	0.0	0.0	0.0	0.0	0.0	0.0
0xd7a6796fe8e1b8ae722cac6eb4d5774c802c822a	10	0.13	0.0	2.92	1	100.0	0	0	0.0	0.0	0.0	0.0	0.0	0.0
0xc1dd8204aaa49bf7f44037b35edae84045f2bd85	50	0.12	0.01	1231.48	2	100.0	72	3	0.0	0.0	0.0	0.0	0.0	0.0
0x5dfbceaa6600ffb2654f6adbba7935e18e7bfce9	25	0.12	0.0	8.96	2	56.0	0	808	0.0	0.0	0.0	0.0	0.0	0.0
0x50f1ad0acb25ae9a809b87cabd3cb7979a9b0701	5	0.12	0.01	3138.41	1	100.0	0	0	0.0	0.0	0.0	0.0	0.0	0.0
0xe4f1817ac1dd8d59d3cdd2f7b4f27f3a1f4b69ba	20	0.12	0.01	2300.79	1	0.0	0	21	1.84107459277e-05	0.0	0.0	0.0	0.0	0.0
0x766492ea549984ca0aad4b5d17ef66039f4d0cb0	10	0.12	0.0	327.59	1	100.0	0	0	1.8353096820078463e-10	0.0	0.0	0.0	0.0	0.0
0x17d8b5bd148d825946b58c9f7d2d7dd3ac8de53a	5	0.12	0.0	206.88	1	100.0	0	1	0.0	0.0	0.0	0.0	0.0	0.0
0xf3721ed31119a5e167516b0d50cc39823cefe03e	15	0.12	0.0	4.23	1	5.0	0	497	7.3721170723e-06	0.0	0.0	0.0	0.0	0.0
0x1a0ed79a4742a1cbc7c2ea39bc33da9e26ee0501	25	0.11	0.09	14865.49	2	100.0	0	1	3.505176482399009e-07	0.0	0.0	0.0	0.0	0.0
0xc52625f7cd697bb0a625270c45b3d3438451d923	25	0.11	0.01	1812.63	1	100.0	0	0	0.0	0.0	0.0	0.0	0.0	0.0
0xd76b025f9b36194be6b5b98326efbd6bfd1e1165	10	0.11	0.0	950.37	1	100.0	0	0	1.093979351551866e-08	0.0	0.0	0.0	0.0	0.0
0xb9da09e0b53a91e1297938cfdec20c0b3a20094d	25	0.11	0.0	105.44	6	8.0	0	36	0.0	0.0	0.0	0.0	0.0	0.0
0x27164e2a13158c1a796728f7e2460933e9e3a44f	25	0.11	0.0	837.46	1	100.0	0	1	0.0	0.0	0.0	0.0	0.0	0.0
0x81ff4f6bcc2ba68ee0cde9914cdacaa058e59bb4	15	0.11	0.0	408.68	1	100.0	0	0	3.1930014188219496e-11	0.0	0.0	0.0	0.0	0.0
0xe22eb7caaa3abb3e3ad0f16864c0430293e0fb30	220	0.11	0.0	197.11	1	100.0	0	44	0.0	0.0	0.0	0.0	0.0	0.0
0x68621898965a02fac85d65a69bf5080831d90b22	25	0.11	0.0	0.01	1	92.0	0	1771	0.0	0.0	0.0	0.0	0.0	0.0
0xe51f74a17ff1fc0505488729bd6d5bd24f8b86f1	5	0.1	0.0	1293.71	1	100.0	0	1	4.275538811882029e-08	0.0	0.0	0.0	0.0	0.0
0xd0f54ca35479bd757a2ad4a34da98e2187f5224e	10	0.1	0.0	435.48	1	100.0	0	0	0.0	0.0	0.0	0.0	0.0	0.0
0x346fe9d73442167d7b4329577a3cfce8527609ce	5	0.09	0.04	252.24	2	52.0	8	379	4.3520988035e-06	0.0	0.0	0.0	0.0	0.0
0xda99a1b7c89caa2341a5ac9f2a1523266645ff2a	30	0.09	0.01	296.03	1	88.0	0	222	0.0	0.0	0.0	0.0	0.0	0.0
0x2ea3af9549a1430a60965832a39cd6fe52dabc4d	15	0.09	0.0	22.14	2	46.0	0	1727	0.0	0.0	0.0	0.0	0.0	0.0
0xde6d28fda0bf62aabc6f783f817615334a54313c	10	0.09	0.0	619.65	1	100.0	0	0	0.0	0.0	0.0	0.0	0.0	0.0
0x457d90dc48ba7549c1c04922dc0f3dea23c3a9f2	25	0.09	0.0	345.46	1	100.0	0	0	0.0	0.0	0.0	0.0	0.0	0.0
0x3b40abf90f92c982d862354e59d903b786be2b72	40	0.08	0.02	6746.26	1	100.0	0	0	0.0	0.0	0.0	0.0	0.0	0.0
0xd22234192cf66368d36155327cc3b33b5ad09425	15	0.08	0.01	3745.55	1	100.0	0	1	0.0	0.0	0.0	0.0	0.0	0.0
0x6e8e930525d80196187705b0bf43fa1802c91788	50	0.08	0.0	233.13	2	100.0	13	2	2.692940814785772e-07	0.0	0.0	0.0	0.0	0.0
0xfac865bd18120ab563e582ba738b20e831e33753	25	0.08	0.0	409.05	1	100.0	0	17	0.0	0.0	0.0	0.0	0.0	0.0
0xf9c29c8fd2c62b7e0ca1dc0b928d980ab9a2f244	15	0.08	0.0	100.67	1	100.0	0	2	0.0	0.0	0.0	0.0	0.0	0.0
0xb1e788272fac2b35e84a43d550755a53cc0aeb3d	50	0.08	0.0	49.18	1	100.0	0	2	0.0	0.0	0.0	0.0	0.0	0.0
0x10fddffce9af365c53d4da8e069308de8c48cd46	15	0.08	0.0	27.43	1	100.0	0	1	0.0	0.0	0.0	0.0	0.0	0.0
0xec26de1b53436b959e534287888a297066cdd37d	25	0.07	0.0	2412.28	8	100.0	92	0	0.0	0.0	0.0	0.0	0.0	0.0
0x348a988bf8211ea395164ae504ca4101943fbee1	10	0.07	0.13	74525.61	1	100.0	0	0	0.0	0.0	0.0	0.0	0.0	0.0
0xf748879edbe8cca140940788163d7be4d2a2e46a	5	0.07	0.07	19435.66	2	100.0	117	0	1.7541523789077473e-12	0.0	0.0	0.0	0.0	0.0
0xfa69b2717578d97ffeec4db516baff0b95e083e8	50	0.07	0.01	141.57	2	96.0	0	113	0.0	0.0	0.0	0.0	0.0	0.0
0xbbb5ac2c0998d38e5f34dbfd9d6201a30993e555	195	0.07	0.0	997.8	1	100.0	0	21	0.0	0.0	0.0	0.0	0.0	0.0
0x77acb415b42ff899575c5fa24e76a1228fc33176	5	0.07	0.0	436.45	1	100.0	0	0	0.0	0.0	0.0	0.0	0.0	0.0
0xc6e4ad3ccdfc65687d2d60a454a8bddc1f4d6c06	5	0.06	0.09	1003.01	1	6.0	0	1161	1.0253191629e-05	0.0	0.0	0.0	0.0	0.0
0x13e0011b19816636bbbcf2eba11d075ef69544f0	5	0.06	0.0	59.89	1	100.0	0	0	5.001928093939512e-07	0.0	0.0	0.0	0.0	0.0
0x2d4dbb65bfeb78bf33db8381b381f7e909a395be	5	0.06	0.05	10183.3	1	48.0	0	66	0.0	0.0	0.0	0.0	0.0	0.0
0x9871d0b52cb98490fee6462d8e89f1d3df5715cc	255	0.06	0.04	427.14	1	100.0	0	1397	0.0	0.0	0.0	0.0	0.0	0.0
0xb6398fad2f8d238afd3a522a8ceafd400e71ef62	15	0.06	0.02	12141.36	1	100.0	0	11	0.0	0.0	0.0	0.0	0.0	0.0
0xff21ce470788e58a65836e4212f1bc928fd5fa49	5	0.06	0.01	4727.61	1	100.0	0	0	5.459299790011585e-07	1.0	-887272.0	887272.0	0.0	0.0
0x414065e4a9914a7e0153a5802650f7c80e080089	25	0.06	0.0	89.1	1	30.0	0	472	6.60697159871e-05	0.0	0.0	0.0	0.0	0.0
0x111fbf7b389e024d09f35fb091d7d4479b321b0a	5	0.06	0.0	88.51	1	100.0	0	0	5.012373516244395e-07	0.0	0.0	0.0	0.0	0.0
0x175db712df2602336393597d4cb9236f90caffda	5	0.06	0.0	6.75	1	100.0	0	0	3.6892711108293945e-11	0.0	0.0	0.0	0.0	0.0
0x3ecd587a9dcd5e07546c5687bff83a040eb66b8a	5	0.05	0.06	652.6	1	4.0	0	1558	2.95095505919e-05	0.0	0.0	0.0	0.0	0.0
0x0252db33557e93c2410dda4c52e8b96ad88dfa39	5	0.05	0.01	2150.63	1	44.0	0	59	6.34128497933e-05	0.0	0.0	0.0	0.0	0.0
0x96ba3d8fbf4024cf93a8a5b9346fe83ac20a38b3	25	0.05	0.01	4824.83	1	0.0	0	0	1.5943343534e-06	0.0	0.0	0.0	0.0	0.0
0x656fd6eb4f8cf2aad8a20623209aa4e501a2c7d1	25	0.05	0.01	182.55	1	31.0	0	481	0.0	0.0	0.0	0.0	0.0	0.0
0x000000000bc3ea715de9e9b29638e995f811a759	5	0.05	0.01	4015.69	1	100.0	0	0	0.0	0.0	0.0	0.0	0.0	0.0
0x18f0298d990bbc52fc9c0465c1bba1bc4db9853e	25	0.05	0.0	24.4	1	100.0	0	1167	0.0	0.0	0.0	0.0	0.0	0.0
0xeec62edc33489ca70964797e16a894cd649427b9	5	0.05	0.0	248.73	1	1.0	0	120	0.0	0.0	0.0	0.0	0.0	0.0
0x2f2876a13890c64bb67ed752e3e49299c62ee105	5	0.05	0.0	22.35	1	2.0	0	936	6.1126595451e-06	0.0	0.0	0.0	0.0	0.0
0x47e885b665b6dab8b41345f0bd6a151f8896fee8	50	0.05	0.0	209.32	1	100.0	0	1	0.0	0.0	0.0	0.0	0.0	0.0
0x1f553b7e1945b9868266a5379458dbbb100f481d	25	0.05	0.0	3.3	1	100.0	0	1	6.62386812066984e-09	0.0	0.0	0.0	0.0	0.0
0xa98aac0d8b4a423e7aa2df0a57972d5a60e74821	50	0.04	0.0	997.89	2	99.5	0	12	8.390616534903472e-08	0.0	0.0	0.0	0.0	0.0
0x659e42088c214b9889cc2a94ce81e4ba1055aad7	50	0.04	0.75	9214.52	1	100.0	0	1659	2.10600325289e-05	0.0	0.0	0.0	0.0	0.0
0x48fe093848d1a11b236c7d4450e6b6360b6ba7ad	10	0.04	0.15	3510.32	1	4.0	0	915	0.0	0.0	0.0	0.0	0.0	0.0
0x9da98cc8e38cef116e3db6c62e495a524400ba3e	35	0.04	0.05	49726.54	1	100.0	0	19	0.0	0.0	0.0	0.0	0.0	0.0
0xfff86782445bee51fdbd69f876c270176e16725d	10	0.04	0.03	31366.05	1	100.0	0	0	6.439293542825908e-12	0.0	0.0	0.0	0.0	0.0
0xbea2014bda7b632c574763720ee7708c92356407	25	0.04	0.01	9991.0	1	100.0	0	0	0.0	0.0	0.0	0.0	0.0	0.0
0x3c75fa881cdde06891fc7dccb458219b9e50aca2	25	0.04	0.01	1384.73	1	80.0	0	164	6.22023019203e-05	0.0	0.0	0.0	0.0	0.0
0x7f0fbb54d3961a59040d3fcba3b6e9959f0e3fff	5	0.04	0.0	2934.5	1	100.0	0	0	0.0	0.0	0.0	0.0	0.0	0.0
0x4b2c88573f8f2baee29d5a1b68651afc868475a0	10	0.04	0.0	1633.16	1	100.0	0	0	0.0	0.0	0.0	0.0	0.0	0.0
0xec26de1b53436b959e534287888a297066cdd37d	20	0.04	0.0	873.71	1	100.0	0	0	0.0	0.0	0.0	0.0	0.0	0.0
0xa79512cebdc9b66fd7927c77d6156938b5705b38	40	0.04	0.0	801.03	1	100.0	0	0	0.0	0.0	0.0	0.0	0.0	0.0
0x3c75fa881cdde06891fc7dccb458219b9e50aca2	10	0.04	0.0	617.18	1	100.0	0	1	0.0	0.0	0.0	0.0	0.0	0.0
0xcf47dfe46126a87ae4ee5536daad8ed552c1a617	50	0.04	0.0	375.9	1	100.0	0	23	0.0	0.0	0.0	0.0	0.0	0.0
0x63e397710dec13f584599b8b098f92e72ca15252	10	0.04	0.0	314.83	1	100.0	0	0	5.003454650598371e-07	0.0	0.0	0.0	0.0	0.0
0x63e397710dec13f584599b8b098f92e72ca15252	5	0.04	0.0	309.28	1	100.0	0	0	0.0	0.0	0.0	0.0	0.0	0.0
0x301022495e0a1f7914ab38015bf92214e93c3e4a	5	0.04	0.0	33.14	1	100.0	0	0	0.0	0.0	0.0	0.0	0.0	0.0
0x2ae3949c1440384fd899acf29e58aab0cfb7c2cb	45	0.03	0.8	906217.68	1	100.0	0	0	4.740652315149418e-12	0.0	0.0	0.0	0.0	0.0
0x175db712df2602336393597d4cb9236f90caffda	10	0.03	0.22	193221.09	2	100.0	0	0	0.0	0.0	0.0	0.0	0.0	0.0
0xd0fa2255bbf8b09f7e8f957fa0a2deeb70ad5c09	50	0.03	0.1	124095.55	1	100.0	0	1	0.0	0.0	0.0	0.0	0.0	0.0
0xc03f803250cc551cd39641763c173f3d514554dd	35	0.03	0.02	29537.93	1	100.0	0	1	0.0	0.0	0.0	0.0	0.0	0.0
0x6df6317d97d399be94f7e42173938f7595afb5ab	25	0.03	0.02	20222.34	1	100.0	0	0	5.941913627793838e-11	0.0	0.0	0.0	0.0	0.0
0x95333df86727053ba59db90e8005b5fbacbb5208	10	0.03	0.01	8051.46	1	100.0	0	0	3.0242475190789264e-11	0.0	0.0	0.0	0.0	0.0
0x7c6b827a446217d4a0f14ad3171acd236e834ec8	5	0.03	0.0	1984.18	1	25.0	0	45	0.0	0.0	0.0	0.0	0.0	0.0
0x4edacbbc5ceae80ac258e6ecc556db84d0b6e92f	5	0.03	0.0	98.78	1	5.0	0	966	6.7905378653e-06	0.0	0.0	0.0	0.0	0.0
0x0296cd430220b8cb54472c48e08f203316c49d62	50	0.03	0.0	238.82	1	100.0	0	433	0.0	0.0	0.0	0.0	0.0	0.0
0x4aa63e8115c5b29a3e0e062a77c11592931453dc	25	0.03	0.0	2499.53	1	100.0	0	0	5.289964577492867e-07	0.0	0.0	0.0	0.0	0.0
0xce3956ec16edf31691a848ec103f95e63020c3c5	50	0.03	0.0	2497.43	1	100.0	0	1	0.0	0.0	0.0	0.0	0.0	0.0
0x65d1b5fe2169ae0663f917518ce7c965cb41b6d5	35	0.03	0.0	66.28	1	29.0	0	607	6.31201272582e-05	0.0	0.0	0.0	0.0	0.0
0x485b81f578944b83da7969c084713aa98d5d5f2b	60	0.03	0.0	1234.63	1	100.0	0	23	0.0	0.0	0.0	0.0	0.0	0.0
0xa72c7f9f1d417c2b097c21119c87577b00dce5cb	50	0.03	0.0	356.89	1	100.0	0	29	0.0	0.0	0.0	0.0	0.0	0.0
0x57059de3a55d3b9e023f7aaa7cb15d394807d5e9	15	0.03	0.0	144.82	1	100.0	0	0	0.0	0.0	0.0	0.0	0.0	0.0
0xbe660cdf0ca4763ee2b93065e0a7315f23076ce8	50	0.03	0.0	2.56	1	100.0	0	1501	0.0	0.0	0.0	0.0	0.0	0.0
0xd36a7f3189fec7d9215c227cb33348368df55dfd	50	0.03	0.0	94.79	1	100.0	0	1	8.281375585283968e-10	0.0	0.0	0.0	0.0	0.0
0x9252c1a75e3cae382ac6c8fffa4e21c87ad95fab	10	0.03	0.0	93.67	1	0.0	0	0	0.0	0.0	0.0	0.0	0.0	0.0
0x8f9e70ab7864a75e54bd2e5c5c71a9c1a7478a0b	25	0.03	0.0	80.88	1	100.0	0	0	0.0	0.0	0.0	0.0	0.0	0.0
0xd389333a458e47b8603ab8c54e4f144e1a06b1a9	25	0.03	0.0	63.25	1	100.0	0	0	0.0	0.0	0.0	0.0	0.0	0.0
0x965ee6d2fb3087fb7935e848a16f025a7cd4c10d	25	0.03	0.0	12.54	1	63.0	0	85	0.0	0.0	0.0	0.0	0.0	0.0
0xf77a136675fd821e8e42dcc385cf6f0a717e140c	15	0.03	0.0	44.44	1	100.0	0	0	0.0	0.0	0.0	0.0	0.0	0.0
0x94ffd866ad6514a478641d955667c70cb5a08e90	10	0.03	0.0	45.52	1	100.0	0	3	0.0	0.0	0.0	0.0	0.0	0.0
0x27467efdeca3af0c193dff4669cc4c10f5b981f0	5	0.03	0.0	9.7	1	100.0	0	0	0.0	0.0	0.0	0.0	0.0	0.0
0x8dc76109787193a9325b669303bc4c9b12a7365a	25	0.03	0.0	0.47	1	100.0	0	0	1.860953613430638e-08	0.0	0.0	0.0	0.0	0.0
0x2ae3949c1440384fd899acf29e58aab0cfb7c2cb	25	0.02	0.24	380119.63	1	100.0	0	0	4.6074255521944e-12	0.0	0.0	0.0	0.0	0.0
0x4467b367dafadbe7df9acc14254341741bc09a74	55	0.02	0.02	33879.1	1	100.0	0	0	2.1195064592305362e-07	0.0	0.0	0.0	0.0	0.0
0x6e14302970122ae69cf94ecb42a65b97d8b2900b	10	0.02	0.01	8527.96	1	100.0	0	0	0.0	0.0	0.0	0.0	0.0	0.0
0xc5fdfa344d08e032b77d650bd4f0dbf508349542	25	0.02	0.01	13504.51	1	100.0	0	0	0.0	0.0	0.0	0.0	0.0	0.0
0x73d0a216875b5f374274fc66ca3494ba183e0667	50	0.02	0.0	2995.16	1	100.0	0	3	0.0	0.0	0.0	0.0	0.0	0.0
0x02d3b9a34cdffd7f9b24e3694ba8ab38cc76dde5	20	0.02	0.0	1326.93	1	100.0	0	0	0.0	0.0	0.0	0.0	0.0	0.0
0x0c5a587b5dc93b6d6c34613e6d86589e0dda1077	5	0.02	0.0	531.71	3	66.67	385	0	2.117365542157282e-09	0.0	0.0	0.0	0.0	0.0
0x13a888f3c79b1e503a083947bec9a9cfe9089e23	15	0.02	0.0	430.08	1	100.0	0	0	0.0	0.0	0.0	0.0	0.0	0.0
0xcbc273eff4e39e1863d353fb006f231380af9407	2530	0.02	0.0	84.01	1	100.0	0	81	0.0	0.0	0.0	0.0	0.0	0.0
0x8868a2eae35f1f53d3f8e464c060be9755c8d51c	30	0.02	0.0	305.23	1	100.0	0	0	0.0	0.0	0.0	0.0	0.0	0.0
0x38af6d0912b5761561dfca4d799c2d535c975b5f	25	0.02	0.0	1.97	2	93.5	0	639	2.369061613549661e-07	0.0	0.0	0.0	0.0	0.0
0x83596fbbb9fa834fc0e299d038d67dda2da52d8c	25	0.02	0.0	127.15	1	100.0	0	0	0.0	0.0	0.0	0.0	0.0	0.0
0x94487fc7ade0d67a5247431bf65e0a4f2ff2c7a3	25	0.02	0.0	46.48	1	100.0	0	0	0.0	0.0	0.0	0.0	0.0	0.0
0x996958ca9da7b98345ca76f584beca7523b9c8cf	20	0.02	0.0	32.82	1	100.0	0	0	0.0	0.0	0.0	0.0	0.0	0.0
0x86d6161109f89d871ac7ac50d811542a092ec1a1	30	0.01	0.03	74114.81	1	100.0	0	0	0.0	0.0	0.0	0.0	0.0	0.0
0x245f6514ff0b711b2603139be85b85419dc8f7aa	10	0.01	0.02	37618.63	1	100.0	0	0	0.0	0.0	0.0	0.0	0.0	0.0
0x4a4a2fa0cf9ee113b9d026e93edd835edae048eb	25	0.01	0.0	4373.77	2	100.0	167	0	0.0	0.0	0.0	0.0	0.0	0.0
0x874673b9c5fb9b17da777fec8b09f565a01e5007	25	0.01	0.0	11394.12	1	100.0	0	0	0.0	0.0	0.0	0.0	0.0	0.0
0xec26de1b53436b959e534287888a297066cdd37d	60	0.01	0.0	5000.57	1	100.0	0	0	0.0	0.0	0.0	0.0	0.0	0.0
0x658e01e9ad88abc74eb4811a14dce8856b9c2d6b	25	0.01	0.0	84.94	1	1.0	0	1379	1.40069763454e-05	0.0	0.0	0.0	0.0	0.0
0x5f3e88f563cc708425d9a42b4082e4888ec5d8c6	5	0.01	0.0	6555.8	1	100.0	0	0	0.0	0.0	0.0	0.0	0.0	0.0
0xabf0f7bd0dc8ce44b084b4b66b8db97f1b9ce419	25	0.01	0.0	4605.05	1	100.0	0	0	0.0	0.0	0.0	0.0	0.0	0.0
0xb7e163c290f1301adc7d37b42ed6d7067093516a	25	0.01	0.0	3119.42	1	100.0	0	0	0.0	0.0	0.0	0.0	0.0	0.0
0xec133e1274574c91cce51a0c76122588563aa90d	25	0.01	0.0	2468.89	1	100.0	0	0	5.008668590988918e-07	0.0	0.0	0.0	0.0	0.0
0x5a459c0566b02a791c5b57ff960835c28e949539	5	0.01	0.0	1502.84	1	100.0	0	0	0.0	0.0	0.0	0.0	0.0	0.0
0xd93ec7e214c50fe64050d0a88002942f0e242659	25	0.01	0.0	1688.66	1	100.0	0	0	0.0	0.0	0.0	0.0	0.0	0.0
0xf56001723d00c15ca5c390fd38d1786d34f0ad48	50	0.01	0.0	1380.07	1	100.0	0	0	0.0	0.0	0.0	0.0	0.0	0.0
0x4eb80511eea33f3b165fb3093ae2cf646c4335f4	5	0.01	0.0	24.34	1	29.0	0	1422	1.0170055531e-05	0.0	0.0	0.0	0.0	0.0
0x7c6b827a446217d4a0f14ad3171acd236e834ec8	25	0.01	0.0	1989.51	1	100.0	0	0	0.0	0.0	0.0	0.0	0.0	0.0
0xe471b4e2088b4168ee5ddfd32115bf7752e90297	25	0.01	0.0	17.45	1	1.0	0	1280	0.0	0.0	0.0	0.0	0.0	0.0
0x51d3dd2af3dd6611a3a496248201223a49c939d2	10	0.01	0.0	979.69	1	100.0	0	0	0.0	0.0	0.0	0.0	0.0	0.0
0xec26de1b53436b959e534287888a297066cdd37d	40	0.01	0.0	3335.96	3	100.0	49	0	0.0	0.0	0.0	0.0	0.0	0.0
0xec45956f4224b6b109f23e05c52246fdff8e8ea6	10	0.01	0.0	1301.15	1	100.0	0	0	0.0	0.0	0.0	0.0	0.0	0.0
0xafd8fb69e850d2da8ac47e4443b0140f4de5fb4f	25	0.01	0.0	11.97	1	7.0	0	1158	0.0	0.0	0.0	0.0	0.0	0.0
0xe7250b214a98f36a78aaff673c40cee79dcb3f33	25	0.01	0.0	931.32	1	100.0	0	0	7.430722703816173e-11	0.0	0.0	0.0	0.0	0.0
0xfcfe43ed7d9ec5c119b3bed3ebe4af5ca53307ac	20	0.01	0.0	642.62	1	100.0	0	0	1.0769163338864018e-11	0.0	0.0	0.0	0.0	0.0
0x4341d88e8b4af27b35f0d1a39c002562739a12d8	25	0.01	0.0	1002.43	1	100.0	0	0	0.0	0.0	0.0	0.0	0.0	0.0
0x7ad31e19d82ae46b15831d585c302cda640b3555	15	0.01	0.0	1035.47	1	100.0	0	0	0.0	0.0	0.0	0.0	0.0	0.0
0x7d195b199a8de93a0dbeae7a54d697aa517c6566	25	0.01	0.0	891.98	1	100.0	0	0	0.0	0.0	0.0	0.0	0.0	0.0
0x2efbf5104ce52a554cff92dcc67322e5ca8f9a03	50	0.01	0.0	124.27	2	100.0	0	0	0.0	0.0	0.0	0.0	0.0	0.0
0x13e0011b19816636bbbcf2eba11d075ef69544f0	50	0.01	0.0	80.2	2	100.0	0	0	0.0	0.0	0.0	0.0	0.0	0.0
0x8d75187d157ed0b8cd2bfbea137a9c22492b24d6	10	0.01	0.0	113.87	1	100.0	0	0	0.0	0.0	0.0	0.0	0.0	0.0
0x0851885a2baec9be7b052fea94ff211e4207eef2	10	0.01	0.0	12.29	1	100.0	0	0	1.7763568394002505e-13	0.0	0.0	0.0	0.0	0.0
0xa823a184785e621ce1c2d42f7dbb5ccc4d04c3d3	55	0.01	0.0	9.49	1	100.0	0	0	0.0	0.0	0.0	0.0	0.0	0.0
0xecc3c0543b9b140d89ef2f049fb587cd0debd1f0	25	0.01	0.0	5.38	1	100.0	0	0	0.0	0.0	0.0	0.0	0.0	0.0
0x1b032b4f150c12d9d2423341e2d0fb76fa124cfc	25	0.01	0.0	1.15	1	100.0	0	0	5.871969577242453e-11	0.0	0.0	0.0	0.0	0.0
0x05d41274057a0ed09e4b65f8ba8fe3d452932925	25	0.01	0.0	0.81	1	100.0	0	0	0.0	0.0	0.0	0.0	0.0	0.0
0x2bfca5af2596fb4fb9b6dbd7b3026d251ad6e3c9	10	0.01	0.0	0.14	1	100.0	0	0	0.0	0.0	0.0	0.0	0.0	0.0
0x35226e78809a5dae4562b0b1fc4cf96cdb6a01a8	25	0.01	0.0	0.16	1	100.0	0	0	2.6526703056362063e-08	0.0	0.0	0.0	0.0	0.0
0xc26795c6c1106aa27dc2a672511cf1332beb950e	25	0.0	0.07	758484.72	1	100.0	0	0	0.0	0.0	0.0	0.0	0.0	0.0
0x01a0f8f364c2fec07cfcdebd2980da3f950d0410	25	0.0	0.01	253737.65	1	100.0	0	0	4.440892098500626e-14	0.0	0.0	0.0	0.0	0.0
0x348a988bf8211ea395164ae504ca4101943fbee1	45	0.0	0.0	57465.88	1	100.0	0	0	0.0	0.0	0.0	0.0	0.0	0.0
0x7f2e54d53258dc45b8581f11f924075146608d19	25	0.0	0.0	99924.36	1	100.0	0	0	0.0	0.0	0.0	0.0	0.0	0.0
0xc70c5fb490ed2a7c09db1a1ff1593657c0df3048	25	0.0	0.0	84070.67	1	100.0	0	0	0.0	0.0	0.0	0.0	0.0	0.0
0x1264b14c36c7279608259a1f06490b82ef33a31d	19020	0.0	0.0	1790.66	1	100.0	0	145	0.0	0.0	0.0	0.0	0.0	0.0
0x4371ebaaefeb8e56ea8448787508efefa2291d74	25	0.0	0.0	12687.7	1	100.0	0	0	0.0	0.0	0.0	0.0	0.0	0.0
0x0c13f7c69f1b3d05c0a007e29f03b4d948b0859d	25	0.0	0.0	25026.66	1	100.0	0	0	0.0	0.0	0.0	0.0	0.0	0.0
0x927d81b91c41d1961e3a7d24847b95484e60c626	25	0.0	0.0	38489.72	3	100.0	118	0	0.0	0.0	0.0	0.0	0.0	0.0
0x1a0ed79a4742a1cbc7c2ea39bc33da9e26ee0501	10	0.0	0.0	12828.36	1	100.0	0	0	0.0	0.0	0.0	0.0	0.0	0.0
0x5333c1d733794e02f34d5f0d88c65d03fd2e4db1	20	0.0	0.0	10134.31	1	100.0	0	0	0.0	0.0	0.0	0.0	0.0	0.0
0xa109398a8ab7af8b4b45a08797594247346c8d56	25	0.0	0.0	3963.75	1	100.0	0	0	0.0	0.0	0.0	0.0	0.0	0.0
0xfdc924fbe0fd130406242a828e8c7d564f57ee9b	25	0.0	0.0	8034.94	1	100.0	0	0	0.0	0.0	0.0	0.0	0.0	0.0
0xd1d373a6de19f0f8113aa3c677ddb4da4f529d45	35	0.0	0.0	4851.82	1	100.0	0	0	0.0	0.0	0.0	0.0	0.0	0.0
0x0252db33557e93c2410dda4c52e8b96ad88dfa39	25	0.0	0.0	1344.76	1	100.0	0	0	0.0	0.0	0.0	0.0	0.0	0.0
0x73d0a216875b5f374274fc66ca3494ba183e0667	25	0.0	0.0	2329.26	1	100.0	0	0	0.0	0.0	0.0	0.0	0.0	0.0
0xec26de1b53436b959e534287888a297066cdd37d	110	0.0	0.0	19239.21	1	100.0	0	0	0.0	0.0	0.0	0.0	0.0	0.0
0xec26de1b53436b959e534287888a297066cdd37d	50	0.0	0.0	1240.22	2	100.0	0	0	0.0	0.0	0.0	0.0	0.0	0.0
0xec26de1b53436b959e534287888a297066cdd37d	145	0.0	0.0	7499.52	1	100.0	0	0	0.0	0.0	0.0	0.0	0.0	0.0
0xccd49d8c4497303ab2224d529f6b2aa7c5634970	25	0.0	0.0	696.4	1	100.0	0	0	0.0	0.0	0.0	0.0	0.0	0.0
0x0fc5529117edb4f728d0b8ff82b63fceb10869d0	25	0.0	0.0	3741.55	1	100.0	0	0	0.0	0.0	0.0	0.0	0.0	0.0
0xeecafff217eaa6928c0cfd89be0613c518cc928e	10	0.0	0.0	2384.45	1	100.0	0	0	0.0	0.0	0.0	0.0	0.0	0.0
0x0e0630cafc1654fd005a82689d6ef94b181d2391	5	0.0	0.0	14151.56	1	52.0	0	216	6.77260268866e-05	0.0	0.0	0.0	0.0	0.0
0xec26de1b53436b959e534287888a297066cdd37d	125	0.0	0.0	5915.81	1	100.0	0	0	0.0	0.0	0.0	0.0	0.0	0.0
0xb1a702782182ee47dda3873dc14b4a008f6bbda4	50	0.0	0.0	188.82	3	100.0	0	0	1.664687906040759e-07	0.0	0.0	0.0	0.0	0.0
0x281e5c38bacea0f32e48edc9952de4c068f9012e	25	0.0	0.0	340.03	1	100.0	0	0	0.0	0.0	0.0	0.0	0.0	0.0
0x4ece177350d5d474146242c3a0811c67762146f9	30	0.0	0.0	596.66	1	100.0	0	0	0.0	0.0	0.0	0.0	0.0	0.0
0x8e09518fa8d9780968cedc9ce3d3c3856d2a9f59	25	0.0	0.0	408.3	1	100.0	0	0	0.0	0.0	0.0	0.0	0.0	0.0
0xa18731ee566a81628bf49f074c9f4ddfe81b3721	161290	0.0	0.0	19992.57	1	100.0	0	0	0.0	0.0	0.0	0.0	0.0	0.0
0xa4dcd05cf67ec169709f3ab845755bb4e6bda752	2785	0.0	0.0	37.08	8	100.0	162	5	0.0	0.0	0.0	0.0	0.0	0.0
0x285fbe8d062a1441b41519f5ce410ad2c1c1c6c1	25	0.0	0.0	434.24	1	100.0	0	0	0.0	0.0	0.0	0.0	0.0	0.0
0x2bd326bed7cdced1806d473b208d0ba77d45d868	20	0.0	0.0	513.82	1	100.0	0	0	0.0	0.0	0.0	0.0	0.0	0.0
0xf8dfd2f88f5b56f897e745a7ef05ad48fbb3e94a	10	0.0	0.0	376.07	1	100.0	0	0	0.0	0.0	0.0	0.0	0.0	0.0
0x6b8791feb8acbd7b200235b5504f2f4561b08959	25	0.0	0.0	447.07	1	100.0	0	0	0.0	0.0	0.0	0.0	0.0	0.0
0x2007649e34ac55e4c5ec4b9329033275c55931b5	5	0.0	0.0	199.09	2	39.5	1361	155	0.0	0.0	0.0	0.0	0.0	0.0
0xa062a5cefe6a67f04780e010f25837866384ccd7	25	0.0	0.0	325.76	1	100.0	0	0	0.0	0.0	0.0	0.0	0.0	0.0
0x2bd326bed7cdced1806d473b208d0ba77d45d868	30	0.0	0.0	471.02	1	100.0	0	0	0.0	0.0	0.0	0.0	0.0	0.0
0x6d40b9be13ef1c4970df10068893371b86bd2e22	5	0.0	0.0	3749.76	1	14.0	0	613	5.48713473103e-05	0.0	0.0	0.0	0.0	0.0
0x3197e6f4b8d7424f5662c16f83155c1976fb3948	55	0.0	0.0	471.33	1	100.0	0	0	0.0	0.0	0.0	0.0	0.0	0.0
0xbdfa4f4492dd7b7cf211209c4791af8d52bf5c50	10	0.0	0.0	7882.75	1	18.0	0	399	4.63954312746e-05	0.0	0.0	0.0	0.0	0.0
0x39f9b27dae7a47573454c34bd54eea1c49a58d08	50	0.0	0.0	38.91	1	64.0	0	1129	0.0	0.0	0.0	0.0	0.0	0.0
0xb609099b6bbab96b126d2542a8d521d6ecf448f0	25	0.0	0.0	364.89	1	100.0	0	0	0.0	0.0	0.0	0.0	0.0	0.0
0xe9d3f818869fe6b49b4af1cc20128e0390dfaff6	2790	0.0	0.0	997.76	1	100.0	0	2	0.0	0.0	0.0	0.0	0.0	0.0
0x9531cd30cf15ca2e6fc6a230d42d355c968a5e18	25	0.0	0.0	142.33	1	100.0	0	0	0.0	0.0	0.0	0.0	0.0	0.0
0x291853e94ad837abc3fd0435f3b2dda18a20f8c7	25	0.0	0.0	235.96	1	100.0	0	0	0.0	0.0	0.0	0.0	0.0	0.0
0xd1b545a286f19c74003228e3665dd807700efd0b	25	0.0	0.0	143.0	1	100.0	0	0	0.0	0.0	0.0	0.0	0.0	0.0
0x4b97be965b38c20b7e6c78c1234ac7e13fc2c5ee	10	0.0	0.0	21.34	1	27.0	0	1687	0.0	0.0	0.0	0.0	0.0	0.0
0x069e54ac23c71328266b2f9df089c42f4be1e600	25	0.0	0.0	184.88	1	100.0	0	0	5.047805617941492e-07	0.0	0.0	0.0	0.0	0.0
0x6d0e647538e9cc765cd7677358d71c8ff845a051	25	0.0	0.0	61.31	1	100.0	0	0	1.7232881788231677e-10	0.0	0.0	0.0	0.0	0.0
0xa2e2c8a0f3b5a73516a168a8047ca12c2636e110	25	0.0	0.0	58.37	1	100.0	0	0	7.823741654533478e-11	0.0	0.0	0.0	0.0	0.0
0x270bcbce3a095c863c0459ca61c2ce0b8d49ee6c	50	0.0	0.0	59.92	1	100.0	0	0	0.0	0.0	0.0	0.0	0.0	0.0
0x85d0e2e2fcd7eabd4e876587aaf4ae7311659a4a	50	0.0	0.0	24.4	2	75.0	0	1655	0.0	0.0	0.0	0.0	0.0	0.0
0xc4974ecf75c3e1e142861f84977b2064a926e616	25	0.0	0.0	500.33	1	100.0	0	0	0.0	0.0	0.0	0.0	0.0	0.0
0x196875d1a1902867d25e577d3898ce03d05a070e	25	0.0	0.0	411.14	1	100.0	0	0	0.0	0.0	0.0	0.0	0.0	0.0
0x17530ccbf4cd7f1427764e9c85ac218a87f53a5b	25	0.0	0.0	83.0	1	100.0	0	0	0.0	0.0	0.0	0.0	0.0	0.0
0x7ecf9bbb2b1c0446fe46793b40d72a15b69f308a	10	0.0	0.0	3975.51	1	9.0	0	574	0.0	0.0	0.0	0.0	0.0	0.0
0x807c6f127f241e5954431d0712e3d50e34204657	25	0.0	0.0	381.07	1	0.0	0	1112	0.0	0.0	0.0	0.0	0.0	0.0
0x8c797a89291b00452d0d83872e52105733a7fd89	50	0.0	0.0	70.47	1	100.0	0	0	0.0	0.0	0.0	0.0	0.0	0.0
0x746b70df44f2bccaf7092d4989d3f18c774a222d	25	0.0	0.0	24.68	1	100.0	0	0	5.655031998230696e-10	0.0	0.0	0.0	0.0	0.0
0x1264b14c36c7279608259a1f06490b82ef33a31d	81165	0.0	0.0	1788.54	1	100.0	0	18	0.0	0.0	0.0	0.0	0.0	0.0
0x8db0f733713a49f8ccab0195504a8b4932d71f9a	25	0.0	0.0	2937.37	2	15.0	0	726	0.0	0.0	0.0	0.0	0.0	0.0
0x83283d3fcf2c4ad28adebb6c46a725e857047413	25	0.0	0.0	32.48	1	73.0	0	1498	6.003553210121026e-09	0.0	0.0	0.0	0.0	0.0
0xb0e8a7b88f94f70b0b9edfd38823c89abeb1b06f	10	0.0	0.0	36873.93	1	1.0	0	335	0.0	0.0	0.0	0.0	0.0	0.0
0xa982050dc95e4419c656c733a24701603c54e122	25	0.0	0.0	115.83	1	100.0	0	0	2.375877272697835e-12	0.0	0.0	0.0	0.0	0.0
0xae362fbca2edf0732383e24f772cf43340d808e2	10	0.0	0.0	479.0	2	24.0	0	489	0.0	0.0	0.0	0.0	0.0	0.0
0x718d16fe64133b6e7649cee5d5c1a7c456e1af58	50	0.0	0.0	1.73	1	100.0	0	1442	0.0	0.0	0.0	0.0	0.0	0.0
0xb1e615255cc8dd83f2ab9e332c1624b0a6b3ad80	25	0.0	0.0	1153.46	1	19.0	0	660	0.0	0.0	0.0	0.0	0.0	0.0
0x9e1669410b3b76b0b0a6ad0b6d7a7ddf8f804b0b	25	0.0	0.0	11.61	1	100.0	0	0	0.0	0.0	0.0	0.0	0.0	0.0
0x879273a7717ebcea4023e6a0632855cb19c6f86c	25	0.0	0.0	1389.82	1	23.0	0	349	3.83230628564e-05	0.0	0.0	0.0	0.0	0.0
0x5f2db8c20d76153e1c877fe17ffcd27d03648c81	10	0.0	0.0	1203.98	1	5.0	0	793	0.0	0.0	0.0	0.0	0.0	0.0
0xc78557ea4c5826ddbffb94c19c60be7231778175	25	0.0	0.0	12333.95	1	4.0	0	426	0.0	0.0	0.0	0.0	0.0	0.0
0x22f2800faa98ef82552d54e21042cff449b75387	10	0.0	0.0	416.76	1	20.0	0	390	0.0	0.0	0.0	0.0	0.0	0.0
0xa386cc9f98c289d492a53fee4987c29bc31af0ef	10	0.0	0.0	338.29	1	15.0	0	606	0.0	0.0	0.0	0.0	0.0	0.0
0xe5e32c6c843751a30922185ac188200198b3ee4e	50	0.0	0.0	7.61	1	100.0	0	0	0.0	0.0	0.0	0.0	0.0	0.0
0x6de61ae6833d2b0cbd0483e8469711fc7a3b7fff	25	0.0	0.0	492.61	3	44.67	0	785	0.0	0.0	0.0	0.0	0.0	0.0
0x360fc94da1a0c1097c213ac81a21ecbe4091cfd3	5	0.0	0.0	648.94	1	5.0	0	348	4.37722852297e-05	0.0	0.0	0.0	0.0	0.0
0x6f0fd2c9d2b5d3bc7ccc30ee5bbdf0010383e949	25	0.0	0.0	27.35	1	100.0	0	0	0.0	0.0	0.0	0.0	0.0	0.0
0x0b68527b2e6a828bf5b72b697e99b3667485dfcb	25	0.0	0.0	13.82	2	100.0	0	0	0.0	0.0	0.0	0.0	0.0	0.0
0xe7f969671f7dd4f37fb2b0548041e2fd3569d228	25	0.0	0.0	30.77	1	100.0	0	0	0.0	0.0	0.0	0.0	0.0	0.0
0x88b19a219053ad09c0e82cd28d98316639edaf0a	25	0.0	0.0	13.09	1	100.0	0	0	0.0	0.0	0.0	0.0	0.0	0.0
0x057048197ff499d1f3111b05a1c6e9db9b27eea9	25	0.0	0.0	0.34	2	92.0	0	460	0.0	0.0	0.0	0.0	0.0	0.0
0x577a38c4f6c2a9be366ed8f8d820ffb6d6f5e29c	15	0.0	0.0	176.13	1	15.0	0	740	0.0	0.0	0.0	0.0	0.0	0.0
0xa4dcd05cf67ec169709f3ab845755bb4e6bda752	2790	0.0	0.0	1.26	4	100.0	34	11	0.0	0.0	0.0	0.0	0.0	0.0
0x1626709c8456d5bdd4667d878cd8618ce53f5eb2	25	0.0	0.0	3.72	1	100.0	0	0	0.0	0.0	0.0	0.0	0.0	0.0
0x21be8f9d1d4f28cff98f958087aceb1dba8b4f9c	5	0.0	0.0	286.6	1	7.0	0	267	0.0	0.0	0.0	0.0	0.0	0.0
0x86874cd0aa311e56593cd045f35dbc038057d614	20	0.0	0.0	131.92	1	35.0	0	336	0.0	0.0	0.0	0.0	0.0	0.0
0x0771302f14ae100a6f71346e37bc4ad9e6d5afb0	25	0.0	0.0	1.78	2	91.0	0	331	8.273092322319542e-07	0.0	0.0	0.0	0.0	0.0
0x17ada4246e8fb104ae35c5915138188881c2a96a	25	0.0	0.0	0.76	1	100.0	0	1240	2.3927731795e-06	0.0	0.0	0.0	0.0	0.0
0x23444f470c8760bef7424c457c30dc2d4378974b	2785	0.0	0.0	0.82	1	100.0	0	98	0.0	0.0	0.0	0.0	0.0	0.0
0xbc10278ac6b45d0d5bb3fd00790e42e528dddc9b	10	0.0	0.0	83.34	1	11.0	0	446	6.68688119209e-05	0.0	0.0	0.0	0.0	0.0
0x37a6da90c81f69cad649172e453bf5aaabfd3f1f	25	0.0	0.0	80.74	1	18.0	0	675	0.0	0.0	0.0	0.0	0.0	0.0
0x22da0df1f73132bd84e1f5705bf542b796d696a3	25	0.0	0.0	1.78	1	100.0	0	630	0.0	0.0	0.0	0.0	0.0	0.0
0x297c727bdaf3a275829d0868ac71bb9bd6dc0c6d	5	0.0	0.0	99.86	1	11.0	0	123	6.9598609742e-05	0.0	0.0	0.0	0.0	0.0
0x9f45fa7845889a3076788e4849b0f5173cc6a76f	25	0.0	0.0	1.36	1	93.0	0	668	3.7395633145e-06	0.0	0.0	0.0	0.0	0.0
0xb19b607d5fc4ac3266d47e0ca980ba9095ef0883	10	0.0	0.0	40.62	1	6.0	0	820	0.0	0.0	0.0	0.0	0.0	0.0
0x8fa816a3dc6d08fa559814a577d9e00d2891beeb	10	0.0	0.0	15.29	1	22.0	0	400	4.02093413343e-05	0.0	0.0	0.0	0.0	0.0
0x546493137cfd7ce09b5b461a669b6de3e66861c3	175	0.0	0.0	494.6	1	100.0	0	14	0.0	0.0	0.0	0.0	0.0	0.0
0x4231be547904b34fb104b10da28f60a413094bdb	25	0.0	0.0	0.07	1	100.0	0	409	2.729882986329812e-09	0.0	0.0	0.0	0.0	0.0
0x0d83ab560ee1718ecadb4c8c83c33419980af6f6	25	0.0	0.0	27.46	1	23.0	0	445	0.0	0.0	0.0	0.0	0.0	0.0
0xa803ff080f68c0f28b27177847f13a64d98dbbe6	25	0.0	0.0	29.27	1	44.0	0	195	7.19781461988e-05	0.0	0.0	0.0	0.0	0.0
0xbfcc73dc4b03f0febb5ce1d53e5e410a3ee8cfc1	25	0.0	0.0	14.58	1	24.0	0	675	0.0	0.0	0.0	0.0	0.0	0.0
0x25c757d13218c1011226425b84c2ea7604b17c3c	25	0.0	0.0	1.31	1	100.0	0	648	2.2702317803435793e-08	0.0	0.0	0.0	0.0	0.0
0x00409fc839a2ec2e6d12305423d37cd011279c09	25	0.0	0.0	1.26	1	92.0	0	452	2.5841037976e-06	0.0	0.0	0.0	0.0	0.0
0x6b8b01df86bfaaf79dda038009fc5597425ad0cf	25	0.0	0.0	0.72	1	100.0	0	0	2.2848389846785718e-11	0.0	0.0	0.0	0.0	0.0
0xda68fb5234702fa4552157dad8d3f83d0c82bf65	25	0.0	0.0	0.61	1	100.0	0	0	0.0	0.0	0.0	0.0	0.0	0.0
0x8d618eb95eb755d0e4ea6af4737ae3dcb684f949	25	0.0	0.0	1.09	1	94.0	0	599	5.990346330086993e-07	0.0	0.0	0.0	0.0	0.0
0xa12acabfa8d5cc48a27838cbb16a6c07229fb1e5	25	0.0	0.0	0.61	1	100.0	0	0	0.0	0.0	0.0	0.0	0.0	0.0
0x600c3c721b89363c5ce001e8e2bda0820fc671f7	25	0.0	0.0	6.54	1	15.0	0	527	0.0	0.0	0.0	0.0	0.0	0.0
0x39f640c8d11446b60be3c0ab738df12b02675b5a	25	0.0	0.0	0.37	1	91.0	0	435	3.6422821314e-06	0.0	0.0	0.0	0.0	0.0
0xa64768627f4ebdcac40cd830485987ac2e6a760d	25	0.0	0.0	0.82	1	91.0	0	340	3.650681312805659e-07	0.0	0.0	0.0	0.0	0.0
0x6a0fa43089831b3b2d921b78773c54c84730baae	20	0.0	0.0	2.5	1	7.0	0	585	5.87901870408e-05	0.0	0.0	0.0	0.0	0.0
0x5f92d838008161ce73a64fd30af6f48234e5a7e7	25	0.0	0.0	0.12	1	93.0	0	536	1.1065424465e-06	0.0	0.0	0.0	0.0	0.0
0xe63e6f81de104745baae42c1a5828c583787d933	25	0.0	0.0	13.64	1	1.0	0	1545	0.0	0.0	0.0	0.0	0.0	0.0
0xb483db074146284b8c37619bf446b3be4679393b	25	0.0	0.0	0.59	1	16.0	0	542	5.29296412032e-05	0.0	0.0	0.0	0.0	0.0
0x8d51f760d27b8c37db2528634adbede27307d100	25	0.0	0.0	0.42	1	94.0	0	2363	8.6009686706e-06	0.0	0.0	0.0	0.0	0.0
0x58dfdbee1d0d157aded161c16bd40a61bd15deab	5	0.0	0.0	25589.54	1	0.0	0	8	7.135350088560699e-08	0.0	0.0	0.0	0.0	0.0
0x633a242d840a0c0973c06c7032d94ad4d58115c9	45	0.0	0.0	1.69	1	100.0	0	2092	0.0	0.0	0.0	0.0	0.0	0.0
0x14fce624a007fc1f5baf883dd7c7fdea6e0ebe44	25	0.0	0.0	496.65	2	73.0	0	2040	0.0	0.0	0.0	0.0	0.0	0.0
0xad740a1a98eb8ebe585a5bdc77b2043480082b54	50	0.0	0.0	1.63	1	100.0	0	1990	1.3186884917359978e-07	0.0	0.0	0.0	0.0	0.0
0x785dc7204e2da8694c045e615562e946aadbf914	25	0.0	0.0	59.36	1	72.0	0	1987	0.0	0.0	0.0	0.0	0.0	0.0
0x9e21b3781a2841f41247d08a7eaee7d7fecb36bc	1774540	0.0	0.0	0.0	1	100.0	0	1982	0.0	0.0	0.0	0.0	0.0	0.0
0x3c5aac016ef2f178e8699d6208796a2d67557fe2	5	0.0	0.0	41.29	1	0.0	0	55	0.0	0.0	0.0	0.0	0.0	0.0
0xcafc58de1e6a071790efbb6b83b35397023e1544	5	0.0	0.0	23569.37	2	0.0	0	1	0.0	0.0	0.0	0.0	0.0	0.0
0xa672a5a997c00152c00fbcaf333380e07bb893cc	50	0.0	0.0	3.62	1	100.0	0	1946	0.0	0.0	0.0	0.0	0.0	0.0
0x28dd4dbff1ce6718c86ee29d90b7b2413f874a5b	15	0.0	0.0	33.01	1	84.0	0	1943	1.0264094352e-06	0.0	0.0	0.0	0.0	0.0
0xac613ba88bc9d5e52b37eb59c26be5eea6aa163e	50	0.0	0.0	255.3	1	100.0	0	1938	0.0	0.0	0.0	0.0	0.0	0.0
0x223dcfdb86eefa68825ee93a229ccbd0773cc6cc	25	0.0	0.0	54.62	1	100.0	0	1931	0.0	0.0	0.0	0.0	0.0	0.0
0x1bb27c022450e1e5587581001261170838bf273e	25	0.0	0.0	15.4	2	100.0	0	1930	0.0	0.0	0.0	0.0	0.0	0.0
0x765b9cdb4ef9cca380b781f67c3b6cd176cc33ba	55	0.0	0.0	199.76	1	100.0	0	1928	0.0	0.0	0.0	0.0	0.0	0.0
0xca55c41a659ffe4457d44c455b47051f886925ae	50	0.0	0.0	893.64	1	100.0	0	1925	0.0	0.0	0.0	0.0	0.0	0.0
0x1160f1108c8eb2903b2c28e0867b4d6f86f10be4	25	0.0	0.0	25.44	1	100.0	0	1911	0.0	0.0	0.0	0.0	0.0	0.0
0x15926b9b2ec810fda5203619571b03f1338e040b	5	0.0	0.0	551.27	1	0.0	0	3	0.0	0.0	0.0	0.0	0.0	0.0
0xbffbf7b78cf23d49d2da548fda1be32d869026eb	25	0.0	0.0	68.21	1	100.0	0	1894	1.0611389988e-06	0.0	0.0	0.0	0.0	0.0
0xad740a1a98eb8ebe585a5bdc77b2043480082b54	25	0.0	0.0	0.14	1	100.0	0	1893	0.0	0.0	0.0	0.0	0.0	0.0
0x6a762e6e52ae2cd4837cca6454e32e63f9eb4227	5	0.0	0.0	2.03	1	21.0	0	1879	2.8501370819e-05	0.0	0.0	0.0	0.0	0.0
0x28dd4dbff1ce6718c86ee29d90b7b2413f874a5b	20	0.0	0.0	13.95	1	93.0	0	1874	0.0	0.0	0.0	0.0	0.0	0.0
0x6114868297157cf8f2798ab86df6cca8db6e0e61	20	0.0	0.0	0.83	1	92.0	0	1839	0.0	0.0	0.0	0.0	0.0	0.0
0xe67388578d7c313c267830d35e29fc665d48f353	5	0.0	0.0	8.74	1	20.0	0	1838	0.0	0.0	0.0	0.0	0.0	0.0
0x6114868297157cf8f2798ab86df6cca8db6e0e61	15	0.0	0.0	5.72	1	83.0	0	1825	0.0	0.0	0.0	0.0	0.0	0.0
0xe96112ba4ed0f38ee3599e8cb583227c5983da8e	25	0.0	0.0	189.71	1	100.0	0	1823	2.9022577674e-06	0.0	0.0	0.0	0.0	0.0
0xa7d2eda90084dffc82991d765a5366aaa8d10710	5	0.0	0.0	1.8	1	12.0	0	1817	3.3745553906e-06	0.0	0.0	0.0	0.0	0.0
0x3356f5b543be6fe2bad92a9623936924dfea3bf5	40	0.0	0.0	249.53	1	100.0	0	1817	0.0	0.0	0.0	0.0	0.0	0.0
0x922181a9c6963c39be7c3c962f6bf0923c81ef2b	25	0.0	0.0	1020.09	1	100.0	0	1815	3.4555766914e-06	0.0	0.0	0.0	0.0	0.0
0x65ef8fd6168a4bc2cfebf83b0c83a8a9b7aad1f9	25	0.0	0.0	0.06	1	100.0	0	1814	0.0	0.0	0.0	0.0	0.0	0.0
0x7854b0cbdec59156a7bdfca1481297d310a30457	50	0.0	0.0	16.81	1	100.0	0	1813	0.0	0.0	0.0	0.0	0.0	0.0
0xfb535d371d451fb417c7eb21299f862cc04811e4	50	0.0	0.0	744.58	1	100.0	0	1812	0.0	0.0	0.0	0.0	0.0	0.0
0xfec250dcd5d02157c731dacbfaea4f4f0a69e6f7	10	0.0	0.0	1.5	1	32.0	0	1806	9.3909754417e-06	0.0	0.0	0.0	0.0	0.0
0x035223ac7d096d6ae37afabda951d242d79a198d	25	0.0	0.0	164.45	1	83.0	0	1801	1.00132274583e-05	0.0	0.0	0.0	0.0	0.0
0x21e2a3181b0f1b70e094c2c7bfe9149e1df3e665	35	0.0	0.0	1111.63	1	92.0	0	1801	0.0	0.0	0.0	0.0	0.0	0.0
0x42600702015c4eec88fae4bb23e1dba0831c7769	25	0.0	0.0	415.23	1	92.0	0	1797	0.0	0.0	0.0	0.0	0.0	0.0
0x51d3dd2af3dd6611a3a496248201223a49c939d2	25	0.0	0.0	1014.87	1	92.0	0	1796	0.0	0.0	0.0	0.0	0.0	0.0
0xdfe2fe72cc3406f229914d62e8a40558bae587fd	50	0.0	0.0	35.77	1	100.0	0	1793	0.0	0.0	0.0	0.0	0.0	0.0
0xf64d63a924b005f237eba17f47793186d4b373e8	25	0.0	0.0	577.33	2	92.0	0	1789	5.0879126745e-06	0.0	0.0	0.0	0.0	0.0
0x74c50bc2dfe04a5a9d2d47433dfbcb2d89900eba	50	0.0	0.0	8.41	1	100.0	0	1775	0.0	0.0	0.0	0.0	0.0	0.0
0x43da95667422778b1acf0988158dfdb6a1f37a32	5	0.0	0.0	912.69	1	31.0	0	1771	0.0	0.0	0.0	0.0	0.0	0.0
0xc4da74de39dfa51634bf6282761284b0fe4f88b2	5	0.0	0.0	540.88	1	31.0	0	1770	0.0	0.0	0.0	0.0	0.0	0.0
0x43fc553f12c519cd53b3396d8ec0bccfe7cf175c	25	0.0	0.0	15.53	1	92.0	0	1757	7.4711915654e-06	0.0	0.0	0.0	0.0	0.0
0x14a0961e3fca0a8e0f3f85375b8fcd46f03ee17d	25	0.0	0.0	14313.69	1	92.0	0	1752	0.0	0.0	0.0	0.0	0.0	0.0
0xc1056bdfe993340326d2efadacfdfd6fab5eb13c	5	0.0	0.0	47.32	1	30.0	0	1748	0.0	0.0	0.0	0.0	0.0	0.0
0xf25631dcafd1719321a2f319f3a823823ad7eb81	50	0.0	0.0	267.8	1	100.0	0	1738	0.0	0.0	0.0	0.0	0.0	0.0
0xd972b276c682929e01e0be95f9328cb56f3a31fa	50	0.0	0.0	289.66	1	100.0	0	1736	0.0	0.0	0.0	0.0	0.0	0.0
0x7e2fec6ba0c1b620f0b3f590c63553844e587637	25	0.0	0.0	485.49	5	92.0	0	1735	1.722882541e-06	0.0	0.0	0.0	0.0	0.0
0x457928cbf5039874dcb8336d486819acf7137e6d	25	0.0	0.0	13.99	1	92.0	0	1723	0.0	0.0	0.0	0.0	0.0	0.0
0xfb7e2f3c47940af4dc4df67f716de542ce0a75cc	15	0.0	0.0	5260.36	1	46.0	0	1722	0.0	0.0	0.0	0.0	0.0	0.0
0x76ad57497ed1b891c7c32ef817bbb94be9c748a9	1774540	0.0	0.0	0.1	1	100.0	0	1716	0.0	0.0	0.0	0.0	0.0	0.0
0x8bba14db2a7dce0a0edc65a9737375ee4b719b87	50	0.0	0.0	69.83	1	100.0	0	1700	0.0	0.0	0.0	0.0	0.0	0.0
0x622d1f3b498a2e3218da4a532f101d2c5f75e73e	25	0.0	0.0	21.89	1	92.0	0	1699	0.0	0.0	0.0	0.0	0.0	0.0
0x84120647a1cb516d0b679af75f60456c3f909cf9	5	0.0	0.0	5370.3	1	28.0	0	1698	0.0	0.0	0.0	0.0	0.0	0.0
0x1a55ffecdd38eb2c43e4e9464e228f218a61f4ad	25	0.0	0.0	18.98	1	82.0	0	1696	0.0	0.0	0.0	0.0	0.0	0.0
0xdd77bc13ec59471628ec95d2b9cd2128cda88e6b	10	0.0	0.0	22.85	1	45.0	0	1696	0.0	0.0	0.0	0.0	0.0	0.0
0x45a1f7fabfd9c69384f75740a8c1cc4aed33d7a9	50	0.0	0.0	4703.11	1	100.0	0	1695	0.0	0.0	0.0	0.0	0.0	0.0
0xaa59b737cf3f287e42a9beafb4e59ea3bb449edf	50	0.0	0.0	182.56	1	100.0	0	1692	0.0	0.0	0.0	0.0	0.0	0.0
0x2499170fd386c20f9452fcb3dbfb108e2b2626d4	15	0.0	0.0	240.86	1	45.0	0	1691	0.0	0.0	0.0	0.0	0.0	0.0
0x2afdcb15d981b64d7f13c2ca508db048d2bd294f	45	0.0	0.0	938.22	1	100.0	0	1684	0.0	0.0	0.0	0.0	0.0	0.0
0x9f68be6a67d881342b8de6c115dbe0ec2f6367ee	25	0.0	0.0	2178.5	1	92.0	0	1679	7.1523094002e-06	0.0	0.0	0.0	0.0	0.0
0x10eb84abd429fa4df8dcabbc7c2803822a5b82d9	5	0.0	0.0	14316.48	1	100.0	0	0	0.0	1.0	-887272.0	887272.0	0.0	0.0
0x10df1eff2c2689073f207c7cb1cfee1afccb4a53	15	0.0	0.0	6978.91	1	0.0	0	0	1.2164548146e-06	0.0	0.0	0.0	0.0	0.0
0x39ab2229145266bee3f78ed44c33c618663cefd3	10	0.0	0.0	1923.83	1	0.0	0	10	2.68377362e-05	0.0	0.0	0.0	0.0	0.0
0x6476b32b35236987f033ca852a00806bc4f73eab	10	0.0	0.0	100264.67	1	0.0	0	9	0.0	0.0	0.0	0.0	0.0	0.0
0x0ca559ab103f6cbd1f90032ce3c38e1b559e56bc	5	0.0	0.0	3679.03	1	0.0	0	1671	0.0	0.0	0.0	0.0	0.0	0.0
0xd75e421a43638f01d2b0f19ae42938b5264591cf	5	0.0	0.0	5763.78	2	0.0	0	1	2.4186160851868976e-07	0.0	0.0	0.0	0.0	0.0
0x0be834885b66d4a97e37cb8c233f56865c0ff6a3	25	0.0	0.0	5000.0	1	0.0	0	1	2.664535259100376e-13	0.0	0.0	0.0	0.0	0.0
0xcc23b65eb3733fd7c38599a1f7c89736113ab5c0	40	0.0	0.0	98.05	1	100.0	0	1666	0.0	0.0	0.0	0.0	0.0	0.0
0x8775a6f925a448cb0e8fd3b60ad563e022cfa3fe	75	0.0	0.0	50.0	1	0.0	0	0	0.0	0.0	0.0	0.0	0.0	0.0
0x38cf218b837ea409b4c7267c1c7f8af1484d4026	50	0.0	0.0	205.84	1	100.0	0	1665	0.0	0.0	0.0	0.0	0.0	0.0
0x84d0f74d21a89f86b67e9a38d8559d0b4e10f12d	20	0.0	0.0	84288.97	1	0.0	0	0	0.0	0.0	0.0	0.0	0.0	0.0
0xd26ad6eb84e9a8d93667bf66b2e6a03e4ca9e8fb	20	0.0	0.0	7.13	1	20.0	0	1663	0.0	0.0	0.0	0.0	0.0	0.0
0x8be62f79ea0dc4bf199dd65363683bd892e17f66	25	0.0	0.0	59.61	1	8.0	0	1662	2.0594857486e-05	0.0	0.0	0.0	0.0	0.0
0xc51f7bc0786b40d70a32f5a87cef638d8281e54c	10	0.0	0.0	75.15	1	8.0	0	1662	0.0	0.0	0.0	0.0	0.0	0.0
0x9d09873f3378488526f627bcfbf2efd348971fa2	25	0.0	0.0	57.38	1	8.0	0	1661	2.06495048282e-05	0.0	0.0	0.0	0.0	0.0
0x9e1e3857fb2484379858b9daf230379015a7a100	50	0.0	0.0	1084.48	1	75.0	0	1661	0.0	0.0	0.0	0.0	0.0	0.0
0x6bf4e866d23f99552e6c60925e1c8f9491f59207	25	0.0	0.0	16.08	1	8.0	0	1661	0.0	0.0	0.0	0.0	0.0	0.0
0x23add148506a8a9491f907a2e9721deb34dd5019	25	0.0	0.0	54.09	1	8.0	0	1661	2.08430815606e-05	0.0	0.0	0.0	0.0	0.0
0x81450f038842311cd7bf878a14bcaad9529e5170	25	0.0	0.0	22.99	1	8.0	0	1661	2.09414416696e-05	0.0	0.0	0.0	0.0	0.0
0x86ac14073f47e50debd5c530902209e3b2ad1639	1774540	0.0	0.0	0.0	1	100.0	0	1657	0.0	0.0	0.0	0.0	0.0	0.0
0xb83477f96c02b978a7353ea24924a48df897198e	10	0.0	0.0	55.82	1	7.0	0	1657	2.12271957455e-05	0.0	0.0	0.0	0.0	0.0
0x0fa077a4252a180cf6e485a573ca4f0d33dbb5e5	10	0.0	0.0	50000.0	1	0.0	0	25	5.633095323531734e-07	0.0	0.0	0.0	0.0	0.0
0x007048da7c4c54c4b02db949eb83c7367c1c59fd	25	0.0	0.0	25.36	1	7.0	0	1653	0.0	0.0	0.0	0.0	0.0	0.0
0xf599b8755655a42892ae10367ad646c237746e43	5	0.0	0.0	1431.71	1	7.0	0	1651	2.15646517753e-05	0.0	0.0	0.0	0.0	0.0
0x1ceb2637cbbdbbd3d671651f6a45d8cca9d5c7cf	40	0.0	0.0	6418.55	1	75.0	0	1649	2.21645876097e-05	0.0	0.0	0.0	0.0	0.0
0x8dc226f8c055a9d6cffeb0cc5b832a9477c6d51a	25	0.0	0.0	1.18	1	7.0	0	1645	2.28335480523e-05	0.0	0.0	0.0	0.0	0.0
0xc6cb76414bd15963c176688c93c84fd0201410c2	25	0.0	0.0	63.62	1	6.0	0	1640	2.32773738284e-05	0.0	0.0	0.0	0.0	0.0
0x2dead8565d710affc694189037be8a0deebfde98	50	0.0	0.0	161.9	2	74.5	0	1615	0.0	0.0	0.0	0.0	0.0	0.0
0x47003fdbe8b54419ac08cec38f1fa4e0449ee64a	60	0.0	0.0	6.9	1	100.0	0	1639	2.32633786678e-05	0.0	0.0	0.0	0.0	0.0
0xf6e6b9beeaccdaa620327d5a7517610dfac46dff	15	0.0	0.0	167.91	1	19.0	0	1637	2.32607282102e-05	0.0	0.0	0.0	0.0	0.0
0xc909ce05b29b9423dc55622c51fd98220ac557bb	55170	0.0	0.0	250.0	1	0.0	0	0	0.0	0.0	0.0	0.0	0.0	0.0
0xb9deb81ce0ec8fde918e49aaf3734e753a309844	25	0.0	0.0	62.52	1	6.0	0	1635	0.0	0.0	0.0	0.0	0.0	0.0
0x72d72ef4fcc0019f0841afb7feff6899608b1bac	10	0.0	0.0	52.89	1	6.0	0	1634	0.0	0.0	0.0	0.0	0.0	0.0
0xc3407670036cfc6ac1717bda174c4bd236884b63	25	0.0	0.0	63.23	1	6.0	0	1633	0.0	0.0	0.0	0.0	0.0	0.0
0x5181cdf1bb20da04ba788f82989f29e65b67314a	15	0.0	0.0	15372.93	1	0.0	0	19	0.0	0.0	0.0	0.0	0.0	0.0
0xe3dacb3a9078651863edb0bcfc450a09a63dc196	25	0.0	0.0	7.01	2	6.0	0	1631	2.20802725714e-05	0.0	0.0	0.0	0.0	0.0
0x9b139f8d81c34667764e9db1d21f5472d9be1d4e	10	0.0	0.0	71.11	1	6.0	0	1631	0.0	0.0	0.0	0.0	0.0	0.0
0xda95dd702845fa6ca2192ef5c4ea6a523375bf52	25	0.0	0.0	581.96	1	6.0	0	1629	2.16404397068e-05	0.0	0.0	0.0	0.0	0.0
0x11cefbff15d64e31423e840b38ef5eac472986fe	50	0.0	0.0	7.73	1	75.0	0	1624	2.20443549525e-05	0.0	0.0	0.0	0.0	0.0
0x72b29af01543bab94a7adb515da987fbe634f05f	25	0.0	0.0	891.95	1	60.0	0	1617	2.32684020051e-05	0.0	0.0	0.0	0.0	0.0
0x3cbd2856410e744ae2d45b0fb14091e2a80661a8	5	0.0	0.0	63.09	1	4.0	0	1604	0.0	0.0	0.0	0.0	0.0	0.0
0xcdc05f7fe4753ce3f44fdb0389c07c64e7c96e0b	25	0.0	0.0	60.23	1	4.0	0	1602	2.32723779691e-05	0.0	0.0	0.0	0.0	0.0
0x83fe9748fac353106c5c988b93ce229f895e0b02	70	0.0	0.0	3153.3	1	0.0	0	23	0.0	0.0	0.0	0.0	0.0	0.0
0x46510603609b7ff098bf8245fe7d7e0cf395dddf	25	0.0	0.0	2.39	1	4.0	0	1592	2.36286105126e-05	0.0	0.0	0.0	0.0	0.0
0x9a4144e6ee265bac57c3e7be5bc449a4cd85bdc4	50	0.0	0.0	106.73	1	74.0	0	1591	0.0	0.0	0.0	0.0	0.0	0.0
0x1a8d6d5abd8948b647c51bb7b071b718fd90d6ff	25	0.0	0.0	10.71	1	3.0	0	1589	0.0	0.0	0.0	0.0	0.0	0.0
0xba096422b632d0e935fc74b57fd7a8558c77bc5f	5	0.0	0.0	298.08	1	3.0	0	1584	2.32511336739e-05	0.0	0.0	0.0	0.0	0.0
0xc22e497975892d2bd74d8c6e9c22af015143b835	25	0.0	0.0	34.33	3	3.0	0	1583	2.32847415386e-05	0.0	0.0	0.0	0.0	0.0
0x63304e5e81879d982a450d1fd2d4a779435412e2	25	0.0	0.0	1303.98	1	3.0	0	1580	2.33264066507e-05	0.0	0.0	0.0	0.0	0.0
0x1a0e4f6d5229a0b95f1a7f87043354f9575cde49	120	0.0	0.0	53.65	1	100.0	0	1580	0.0	0.0	0.0	0.0	0.0	0.0
0x29054b4556c59263aa556cb7c3581bfb919e18fb	15	0.0	0.0	175.15	1	16.0	0	1576	0.0	0.0	0.0	0.0	0.0	0.0
0xa41976a855be698be2334e3e38404ea685bf1bca	10	0.0	0.0	109.38	1	2.0	0	1562	0.0	0.0	0.0	0.0	0.0	0.0
0xb92ec3280324526dcc2366e3273fad65fe69245d	5	0.0	0.0	32.65	1	2.0	0	1561	0.0	0.0	0.0	0.0	0.0	0.0
0x0a3b151beeb0acb8a16cdad2e186bc6685b821b0	10	0.0	0.0	185.65	1	1.0	0	1558	1.99440658099e-05	0.0	0.0	0.0	0.0	0.0
0x44fd3f84957773003888d4983b7071a708c244ec	50	0.0	0.0	691.5	1	100.0	0	1557	0.0	0.0	0.0	0.0	0.0	0.0
0x9a1500b41519868039b1f95c447ba50b76d837e6	25	0.0	0.0	1630.57	1	1.0	0	1555	0.0	0.0	0.0	0.0	0.0	0.0
0xa9f45360522e7cd1aa6d0dde1ab728f8fe310c62	5	0.0	0.0	231.19	1	1.0	0	1544	0.0	0.0	0.0	0.0	0.0	0.0
0x345bde828bb2fa33b4dca9dce23881778d263926	10	0.0	0.0	38.16	1	0.0	0	1537	1.73462356811e-05	0.0	0.0	0.0	0.0	0.0
0x2fedf16560f527fec5f1cca6df0a4ec180408ce9	50	0.0	0.0	171.46	1	100.0	0	1535	0.0	0.0	0.0	0.0	0.0	0.0
0x7f1f4a618b1d92f8b2261e2d6c8433f5f2d9bb29	70	0.0	0.0	18.94	1	100.0	0	1534	0.0	0.0	0.0	0.0	0.0	0.0
0x0afea1b8a21adc495506b1e282424e51b273ae52	35	0.0	0.0	26.4	1	100.0	0	1534	0.0	0.0	0.0	0.0	0.0	0.0
0xcb44cb3d0b6ad9d7e23a73d4c67d7c38582d0b76	5	0.0	0.0	13757.09	1	13.0	0	1531	0.0	0.0	0.0	0.0	0.0	0.0
0x50f2d8da7f0349be9de72fbbd1bf1fc87e4a2b8b	50	0.0	0.0	34.48	1	100.0	0	1530	3.9439903343e-06	0.0	0.0	0.0	0.0	0.0
0x881e625e5c30973b47cee3a0f3ef456012f13f7d	5	0.0	0.0	99.62	1	13.0	0	1529	0.0	1.0	-887272.0	887272.0	0.0	0.0
0x093300fc65af423c7f097789f38e9dbf1f40650c	5	0.0	0.0	12478.18	2	0.0	299	87	1.4536455372748948e-08	0.0	0.0	0.0	0.0	0.0
0x6fb65e9cb6107226ab4717a94acb5a668fbe00ad	50	0.0	0.0	203.72	1	100.0	0	1508	0.0	0.0	0.0	0.0	0.0	0.0
0x77d6d01f4f74e53057c1911903feb341ec0fa6b5	50	0.0	0.0	29.0	1	100.0	0	1508	8.388996164399033e-08	0.0	0.0	0.0	0.0	0.0
0x5956f6d93f11d0659c6d3fb10afd07f359f416dd	50	0.0	0.0	245.04	1	100.0	0	1502	5.159529470333269e-08	0.0	0.0	0.0	0.0	0.0
0x73e01e8c53e894eef20ed849c2244f8c73095d97	40	0.0	0.0	27.22	1	100.0	0	1502	0.0	0.0	0.0	0.0	0.0	0.0
0x4ec7fc699430da8b2dbaf5059ed2dccde8db25ab	25	0.0	0.0	13.15	1	72.0	0	1491	5.4505844282459754e-08	0.0	0.0	0.0	0.0	0.0
0x8b26a3b69565361014a7fd40cccf9d7ddc22f7f0	25	0.0	0.0	0.09	1	72.0	0	1490	8.368292725435823e-08	0.0	0.0	0.0	0.0	0.0
0x0e36384fa96afc0b4e25279db49c8565821c2717	25	0.0	0.0	181.6	1	72.0	0	1489	8.061225020838948e-08	0.0	0.0	0.0	0.0	0.0
0x29e51338196ca590ee1f713e891834f5ebedacfe	25	0.0	0.0	33.68	1	72.0	0	1487	0.0	0.0	0.0	0.0	0.0	0.0
0x15f8b95f3cf33eee77530afcfcbfa3c114b505aa	25	0.0	0.0	227.08	1	72.0	0	1486	0.0	0.0	0.0	0.0	0.0	0.0
0x3330540a7fc4bcb1964b8d93ca18e1f7cbbfc763	50	0.0	0.0	157.64	1	100.0	0	1480	0.0	0.0	0.0	0.0	0.0	0.0
0x833500df6d94b412161622c777c7b0c82bef883f	25	0.0	0.0	25.37	1	72.0	0	1468	6.3039573561241e-10	0.0	0.0	0.0	0.0	0.0
0x9ad2afb77fd40705c3f55f5f2d8b5ea8afb4bbde	180	0.0	0.0	29840.71	1	100.0	0	1468	0.0	0.0	0.0	0.0	0.0	0.0
0x8839f4c8041229ecda35a49581855087398d06f5	25	0.0	0.0	2.54	1	72.0	0	1463	0.0	0.0	0.0	0.0	0.0	0.0
0x1f98b5740fc08be136166eb8598b8035293aac6f	10	0.0	0.0	14341.63	1	61.0	0	1461	0.0	0.0	0.0	0.0	0.0	0.0
0xc96ae6c4c52ea81e16df82eb4b85ff4ca585081d	25	0.0	0.0	24.13	2	72.0	0	1461	9.92772530850061e-10	0.0	0.0	0.0	0.0	0.0
0xea1126e70185400a2cf0de2a6b35428fb8affd29	10	0.0	0.0	1631.5	1	56.0	0	1460	1.9739543333230362e-09	0.0	0.0	0.0	0.0	0.0
0x82e2d8519af3face3fcf0bdaa1faeaeb1942fa45	25	0.0	0.0	264.58	1	100.0	0	1453	0.0	0.0	0.0	0.0	0.0	0.0
0x802a1392b95121644c5d73985d80cbbc8e04fc54	50	0.0	0.0	91.32	1	100.0	0	1453	0.0	0.0	0.0	0.0	0.0	0.0
0x4ba0b45daa3f2d75d2fc6477171795fd20db2995	25	0.0	0.0	36.67	1	100.0	0	1453	9.441588066927408e-07	0.0	0.0	0.0	0.0	0.0
0x49fbde1c7aac3272ca94e0c59acc1ccddf53a27a	25	0.0	0.0	298.06	1	100.0	0	1451	0.0	0.0	0.0	0.0	0.0	0.0
0x3b684bc9de719c0dd5d8de2d9665a568c6220502	50	0.0	0.0	3724.32	1	100.0	0	1449	0.0	0.0	0.0	0.0	0.0	0.0
0xc9b3620034b30e917efc4647092502b4c68b2ab9	25	0.0	0.0	149.46	2	100.0	0	1435	0.0	0.0	0.0	0.0	0.0	0.0
0x38f9a6cb26747194deb0f6bfb6b89340aad1b270	10	0.0	0.0	352.55	1	49.0	0	1442	5.0805670004e-06	0.0	0.0	0.0	0.0	0.0
0x7d4e5d6b6c5a3084b50ffb6e10019f08d5e14a58	50	0.0	0.0	15212.4	1	100.0	0	1442	0.0	0.0	0.0	0.0	0.0	0.0
0xfd8cd9ddc8254e4f60400203043f2a4900fbddc1	10	0.0	0.0	100.13	1	49.0	0	1441	4.9519621292e-06	0.0	0.0	0.0	0.0	0.0
0x97d717efb023124b256790c0392499b3cc3eb003	110	0.0	0.0	204.06	1	100.0	0	1439	0.0	0.0	0.0	0.0	0.0	0.0
0x94487fc7ade0d67a5247431bf65e0a4f2ff2c7a3	50	0.0	0.0	48.02	1	100.0	0	1438	0.0	0.0	0.0	0.0	0.0	0.0
0x6e874b85468d33eee94ebc9297d20e7111c54bef	25	0.0	0.0	629.56	1	100.0	0	1436	0.0	0.0	0.0	0.0	0.0	0.0
0xaeddd7cdba59d924be44ca11f5241c8a5924fc8e	25	0.0	0.0	505.04	1	100.0	0	1436	0.0	0.0	0.0	0.0	0.0	0.0
0x0434b46af05cc1e0ba5e94a63b1157b1e8350409	50	0.0	0.0	707.76	1	100.0	0	1435	0.0	0.0	0.0	0.0	0.0	0.0
0x223c260b28021e4d5d58d86c5bb70c5f3bf93221	25	0.0	0.0	999.5	1	100.0	0	1434	0.0	0.0	0.0	0.0	0.0	0.0
0x820d05ce4ea7a2a63d20b8e6de93e1572100d656	50	0.0	0.0	134.18	1	100.0	0	1432	0.0	0.0	0.0	0.0	0.0	0.0
0x5aefbe9823b08e48e40412c464efb628f8cac611	50	0.0	0.0	3.37	1	100.0	0	1431	0.0	0.0	0.0	0.0	0.0	0.0
0xdcc8f181295cfcd9ce83f8be87cb16902c2e1aef	25	0.0	0.0	7.21	1	100.0	0	1427	0.0	0.0	0.0	0.0	0.0	0.0
0x29e5f0f44b938ed0d752af8e44c5563ea2b57f8f	50	0.0	0.0	8.95	1	100.0	0	1426	0.0	0.0	0.0	0.0	0.0	0.0
0xf05e75e42272ec60ba6157d647924fd2de7a9495	25	0.0	0.0	1851.83	1	100.0	0	1419	0.0	0.0	0.0	0.0	0.0	0.0
0x5682ceda8ee09fda629524b086d99b951317d8de	50	0.0	0.0	21.57	1	100.0	0	1415	0.0	0.0	0.0	0.0	0.0	0.0
0xa6368d9d7e9e998e3488179b70194c3c74d4fd17	50	0.0	0.0	45.04	1	100.0	0	1412	0.0	0.0	0.0	0.0	0.0	0.0
0x3be3af294731754bcb5052c04008ac982d23b6e2	25	0.0	0.0	8379.9	1	100.0	0	1404	1.08654006236e-05	0.0	0.0	0.0	0.0	0.0
0xfd94316bc9ac609d1f5b292edea7aed4974dd136	25	0.0	0.0	248.09	1	100.0	0	1400	1.08363716444e-05	0.0	0.0	0.0	0.0	0.0
0xcf2ec6bd603481bac756f9a8dc9a6a47f72a4640	55	0.0	0.0	367.95	1	100.0	0	1398	0.0	0.0	0.0	0.0	0.0	0.0
0xaffb6000d8ca87c443f9415f45bf3dbfc3725d05	20	0.0	0.0	35.82	1	89.0	0	1397	1.0841238407e-05	0.0	0.0	0.0	0.0	0.0
0xa1a7019b942daafca1e0ba5af2f41de85939fbed	60	0.0	0.0	841.09	1	100.0	0	1397	0.0	0.0	0.0	0.0	0.0	0.0
0x13170271a86775f8e4fe696a877256e235fa855c	55	0.0	0.0	211.53	1	100.0	0	1397	0.0	0.0	0.0	0.0	0.0	0.0
0xd8e6d999b5d75e23d992840b76a9fce48082d4e5	10	0.0	0.0	296.98	1	47.0	0	1395	0.0	0.0	0.0	0.0	0.0	0.0
0xc08314d6e1e1cff0787a51a12f7eeb8ff9921edc	25	0.0	0.0	28.52	1	100.0	0	1392	9.1616126352e-06	0.0	0.0	0.0	0.0	0.0
0x4df94263ff1f09e5e0364524adb3fa19fe5e1832	25	0.0	0.0	9.33	1	100.0	0	1374	8.1965851883e-06	0.0	0.0	0.0	0.0	0.0
0x96145887afd1b434d6c503f70d07a1f6c772d372	50	0.0	0.0	100.73	1	100.0	0	1357	0.0	0.0	0.0	0.0	0.0	0.0
0xea8046efe055cd64cbd1227cfc5f6c4cdb61c5a4	25	0.0	0.0	59.27	1	100.0	0	1357	7.1822238156e-06	0.0	0.0	0.0	0.0	0.0
0x3a481694d2a3e4397026e3805771b0d3945e7123	10	0.0	0.0	3.91	1	100.0	0	0	0.0	0.0	0.0	0.0	0.0	0.0
0xc8ce7cfb94c6c13647a021f2d838d403fb7903e3	25	0.0	0.0	8.74	1	100.0	0	1342	0.0	0.0	0.0	0.0	0.0	0.0
0xebb8f70d40d62864eab334c66bb5b88ce558054f	55	0.0	0.0	1000.35	1	100.0	0	1341	0.0	0.0	0.0	0.0	0.0	0.0
0xec0a7e357cfd98f8c2586832dd704bc77cf5b72d	55	0.0	0.0	1000.06	1	100.0	0	1341	0.0	0.0	0.0	0.0	0.0	0.0
0x21129baf5878d2cef359b27d02061f7ac6ea368f	85	0.0	0.0	1015.79	1	100.0	0	1340	0.0	0.0	0.0	0.0	0.0	0.0
0x98d9e623f6bcb4a254d9628231c7817da050144c	85	0.0	0.0	1021.66	1	100.0	0	1340	0.0	0.0	0.0	0.0	0.0	0.0
0x171a1c48b32b5f05981ea2b99f52c232ffea0091	25	0.0	0.0	39.63	1	100.0	0	1339	0.0	0.0	0.0	0.0	0.0	0.0
0x171a1c48b32b5f05981ea2b99f52c232ffea0091	50	0.0	0.0	157.53	1	100.0	0	1335	0.0	0.0	0.0	0.0	0.0	0.0
0x53385e5e3dccbd949fc199ca313bc553defd4813	10	0.0	0.0	109.24	1	44.0	0	1334	8.1188395895e-06	0.0	0.0	0.0	0.0	0.0
0xd79f40c4551e7b4850c635ef1c46e9a4aba166d4	50	0.0	0.0	21.93	1	100.0	0	1333	0.0	0.0	0.0	0.0	0.0	0.0
0xa6f43de1fb352cb449f4e1d59ca174881b76f1ca	25	0.0	0.0	1.47	1	100.0	0	1328	0.0	0.0	0.0	0.0	0.0	0.0
0x313e2223436e151c6b4167c63a5e0324ac8fbced	20	0.0	0.0	129.81	1	0.0	0	0	0.0	0.0	0.0	0.0	0.0	0.0
0x313e2223436e151c6b4167c63a5e0324ac8fbced	50	0.0	0.0	205.33	1	100.0	0	1325	0.0	0.0	0.0	0.0	0.0	0.0
0x952d3cfdeddb345a3dae3cd137368dedd9ea1dec	25	0.0	0.0	2.33	1	100.0	0	1316	7.193033602e-06	0.0	0.0	0.0	0.0	0.0
0x00ef6f966ddcbbad390750860139f619ee73f641	10	0.0	0.0	15.55	1	67.0	0	1289	0.0	0.0	0.0	0.0	0.0	0.0
0xd50bd790e2084344b2c8e6e9ed309eb5b9f14678	50	0.0	0.0	182.0	1	100.0	0	1289	2.3080691802235265e-07	0.0	0.0	0.0	0.0	0.0
0x6a76507d352948a86c35ab2ae3766567063a72bd	15	0.0	0.0	19.78	1	88.0	0	1286	0.0	0.0	0.0	0.0	0.0	0.0
0xb0b1495cebe9c505a2c42170c02c955a5b9aad0d	40	0.0	0.0	45.46	1	100.0	0	1274	1.4046548812e-06	0.0	0.0	0.0	0.0	0.0
0x7f271ff141c416ae98f7b77288af2fe71bac5c92	25	0.0	0.0	383.27	1	100.0	0	1270	0.0	0.0	0.0	0.0	0.0	0.0
0x0da8a6d6548fe440e598d4486dda923496c33d71	5	0.0	0.0	10.37	1	19.0	0	1251	2.7096346943e-06	0.0	0.0	0.0	0.0	0.0
0xbe8eb72d33d76008bb4964189e86f56378acc518	5	0.0	0.0	580.3	1	18.0	0	1243	1.9786408511e-06	0.0	0.0	0.0	0.0	0.0
0xf55135526d47a2cdee755c2983e044532867ebe1	50	0.0	0.0	442.84	1	100.0	0	1241	0.0	0.0	0.0	0.0	0.0	0.0
0xf025066cb626bd6b3ff45231d31c26a1604b471b	25	0.0	0.0	181.57	1	100.0	0	1228	3.2024616403e-06	0.0	0.0	0.0	0.0	0.0
0x96165cc60fd4f85c1453aa6e1d0d2360c3c494c5	10	0.0	0.0	7.57	1	39.0	0	1220	0.0	0.0	0.0	0.0	0.0	0.0
0x96405971b72bafaa5f313bef47ceb46cd031d9a8	10	0.0	0.0	20.11	1	39.0	0	1214	0.0	0.0	0.0	0.0	0.0	0.0
0x360fc94da1a0c1097c213ac81a21ecbe4091cfd3	10	0.0	0.0	344.55	1	64.0	0	1206	3.8228698207e-06	0.0	0.0	0.0	0.0	0.0
0x4a13d4dc5e06acda81c011d55a7daac332bc5dbf	20	0.0	0.0	162.29	1	87.0	0	1194	1.07193462883e-05	0.0	0.0	0.0	0.0	0.0
0x8b26dca99c812a01d94e44bed23c690084bd7d81	5	0.0	0.0	4.78	1	23.0	0	1194	1.07169597196e-05	0.0	0.0	0.0	0.0	0.0
0x46044e8301e3c718a443d8b07c6ffc5418198eb9	10	0.0	0.0	109.65	1	38.0	0	1193	1.05571062114e-05	0.0	0.0	0.0	0.0	0.0
0x4d2a9b25843a0b7e77e10256bbc17e7c9605fde2	10	0.0	0.0	28.4	1	37.0	0	1183	0.0	0.0	0.0	0.0	0.0	0.0
0x3f626e20918ec37569d74ce0ab2caf3313def388	5	0.0	0.0	10.0	1	0.0	0	9	0.0	0.0	0.0	0.0	0.0	0.0
0x72506e84dd02b7875b5c6922e565e9bcfae6fea6	50	0.0	0.0	227.17	3	100.0	0	967	0.0	0.0	0.0	0.0	0.0	0.0
0xdb9ca746f9e64b62c242eca5c0d18e2b094384a8	25	0.0	0.0	536.51	1	100.0	0	1133	0.0	0.0	0.0	0.0	0.0	0.0
0x656fd6eb4f8cf2aad8a20623209aa4e501a2c7d1	50	0.0	0.0	250.04	1	100.0	0	1127	0.0	0.0	0.0	0.0	0.0	0.0
0xea714eebb45f1f275280acf839d18267c0ba9987	10	0.0	0.0	61.88	1	34.0	0	1127	0.0	0.0	0.0	0.0	0.0	0.0
0x681d977fc55e3704ffd542ceae3b3d8bd1563406	10	0.0	0.0	91.66	1	34.0	0	1127	0.0	0.0	0.0	0.0	0.0	0.0
0x414065e4a9914a7e0153a5802650f7c80e080089	50	0.0	0.0	89.6	1	100.0	0	1126	0.0	0.0	0.0	0.0	0.0	0.0
0xb437a90e59785740a67fc5376180acc3b705edc4	50	0.0	0.0	67.16	1	100.0	0	1111	0.0	0.0	0.0	0.0	0.0	0.0
0x454e1e7be939faeac40afac6fb9309a6d4a4cc99	25	0.0	0.0	912.86	1	100.0	0	1107	6.5878105082e-06	0.0	0.0	0.0	0.0	0.0
0xdbe3ac8d9d4b1de8ab0a3cd886bfa7670f883545	25	0.0	0.0	22.09	1	100.0	0	1097	0.0	0.0	0.0	0.0	0.0	0.0
0x672920490269ec48682d09ba379521f29d8e2a98	50	0.0	0.0	141.12	2	100.0	0	1058	0.0	0.0	0.0	0.0	0.0	0.0
0x475fe3a167bf82edc4fd49780feb561132cc1b26	10	0.0	0.0	717.52	1	32.0	0	1091	0.0	0.0	0.0	0.0	0.0	0.0
0xeabc7ebda32a11f1df3bf69c89ecb3799acbef7f	30	0.0	0.0	13293.05	1	100.0	0	1087	5.9825545739e-06	0.0	0.0	0.0	0.0	0.0
0xcd3c7a0de6268923b0c47d2cf2137cdb1f5c1d78	20	0.0	0.0	1169.47	1	85.0	0	1081	5.8234333133e-06	0.0	0.0	0.0	0.0	0.0
0x4be476dc8a850037c38ade9738324dd1a53c492d	25	0.0	0.0	9.05	1	100.0	0	1075	0.0	0.0	0.0	0.0	0.0	0.0
0xc3407670036cfc6ac1717bda174c4bd236884b63	10	0.0	0.0	220.58	1	31.0	0	1074	0.0	0.0	0.0	0.0	0.0	0.0
0x35c83836bf4d453fc9bda48781e4a97a2cb7bfbf	5	0.0	0.0	250.0	1	18.0	0	1063	0.0	0.0	0.0	0.0	0.0	0.0
0xfdd7775dd53ab51684c18a47c1bdcd1dc2ced0fa	35	0.0	0.0	64.83	1	100.0	0	1063	0.0	0.0	0.0	0.0	0.0	0.0
0xefbdeec864d5c10ea2e546c536e446b7acfc8708	5	0.0	0.0	7.94	1	13.0	0	1057	7.5719679415e-06	0.0	0.0	0.0	0.0	0.0
0x03b40d7aaf7817af010f6cc884f0236517c05926	45	0.0	0.0	97.71	1	100.0	0	1057	0.0	0.0	0.0	0.0	0.0	0.0
0x5cb49abda3fac82e3f33d363224d98890917c7ea	25	0.0	0.0	7.48	1	100.0	0	1056	7.429326454e-06	0.0	0.0	0.0	0.0	0.0
0x00a379b06f2269f46a6b99c1ea39c97e66525740	5	0.0	0.0	199.46	1	12.0	0	1051	7.2612044821e-06	0.0	0.0	0.0	0.0	0.0
0x153aa30e1b7bb751eef2dbc369ad62ee52382fba	5	0.0	0.0	12.12	1	11.0	0	1034	6.1247082405e-06	0.0	0.0	0.0	0.0	0.0
0x173ff96da91ceb037c7a34615338048008c2ca20	50	0.0	0.0	15.66	1	100.0	0	1020	0.0	0.0	0.0	0.0	0.0	0.0
0x11c44309298e6e88b25f2c27bab5ad8d05c39142	10	0.0	0.0	200.59	1	27.0	0	1019	0.0	0.0	0.0	0.0	0.0	0.0
0x17d8568e4778d17a744061d7b45aea9f9ed062a3	10	0.0	0.0	3319.18	1	27.0	0	804	0.0	0.0	0.0	0.0	0.0	0.0
0x17a7330db952b29b69ba2dbc8ddf7e5049ad624f	10	0.0	0.0	2.86	1	27.0	0	1012	7.3229659225e-06	0.0	0.0	0.0	0.0	0.0
0x8bb20ac54339e8bafa3a173acd8dba00911e40a9	5	0.0	0.0	258.15	1	8.0	0	1000	7.7862356562e-06	0.0	0.0	0.0	0.0	0.0
0xb86794089b48e5d6149de6eb53a01a939f3d6a85	20	0.0	0.0	716.28	1	0.0	0	4	5.548319581549777e-08	0.0	0.0	0.0	0.0	0.0
0x6a0fa43089831b3b2d921b78773c54c84730baae	200	0.0	0.0	8.15	1	100.0	0	993	0.0	0.0	0.0	0.0	0.0	0.0
0xd83ece87502097df0c61b37322bbe71a2ae41a07	10	0.0	0.0	724.7	1	25.0	0	989	8.1657007156e-06	0.0	0.0	0.0	0.0	0.0
0x18fa0ea92a894a8984fa5978a9750e3408b9a967	10	0.0	0.0	4913.71	1	25.0	0	988	5.81340307e-06	0.0	0.0	0.0	0.0	0.0
0x7b28169caa44794b64a9d2db3b4c7a0ec4fbfd17	10	0.0	0.0	4.61	1	24.0	0	981	0.0	0.0	0.0	0.0	0.0	0.0
0xd7109f8d3ea1d2329704266cd2cab861e4816707	10	0.0	0.0	18.67	1	23.0	0	963	0.0	0.0	0.0	0.0	0.0	0.0
0xf80b47eaf2c457e857e9415f666ae493e803e063	25	0.0	0.0	1493.11	1	100.0	0	957	0.0	0.0	0.0	0.0	0.0	0.0
0x3e98895a24c7ed2edbf763b7dbd77c8a0d770945	25	0.0	0.0	34.51	1	100.0	0	955	7.7232167328e-06	0.0	0.0	0.0	0.0	0.0
0xc19c83c73c10ef32f41d0eb62bd5db2ed6591e9e	20	0.0	0.0	82.9	1	83.0	0	928	2.9378288357e-06	0.0	0.0	0.0	0.0	0.0
0xcc1280d6aa9deef7252fe2d24ea78e41f718a0f4	40	0.0	0.0	2.06	1	100.0	0	926	0.0	0.0	0.0	0.0	0.0	0.0
0x646907199702800382b35fea77cf7c9f40de45e3	25	0.0	0.0	200.24	1	100.0	0	911	2.9628027031e-06	0.0	0.0	0.0	0.0	0.0
0x354b10783337a446703a4b02f9e12b6791a89f54	50	0.0	0.0	99.92	1	100.0	0	907	0.0	0.0	0.0	0.0	0.0	0.0
0x7f0c4c3c75538eca19623e8cb4db9388566b1533	50	0.0	0.0	1.96	1	100.0	0	885	0.0	0.0	0.0	0.0	0.0	0.0
0x587c62eb8686fb57b1c9cfcfb9b2263a58010a66	40	0.0	0.0	4.08	1	100.0	0	884	2.8666091722584497e-07	0.0	0.0	0.0	0.0	0.0
0x07c81cb1395eabf99c9049d9ebbb2d95a479939d	40	0.0	0.0	1.99	1	100.0	0	884	3.265535175600576e-07	0.0	0.0	0.0	0.0	0.0
0xf3bac44f440fa7957b1c77a4c37cc0f63cd436e1	5	0.0	0.0	1.14	1	16.0	0	884	3.273998072650386e-07	0.0	0.0	0.0	0.0	0.0
0x35ead3a1bd490c62d7ff37bfce4d0f82928f6406	25	0.0	0.0	182.79	1	100.0	0	881	2.107964136577323e-07	0.0	0.0	0.0	0.0	0.0
0x7c9b6c34a102b4cb38c6631ced494973e7b2cdd6	45	0.0	0.0	5.35	1	100.0	0	880	0.0	0.0	0.0	0.0	0.0	0.0
0x79d1a0bda63a79668af26f5b2b4dcfc15a1bdaed	50	0.0	0.0	1671.18	1	100.0	0	879	0.0	0.0	0.0	0.0	0.0	0.0
0x11754d553729454ba17bc3d7d31f8b95fe414628	10	0.0	0.0	384.88	1	82.0	0	860	1.0551816087556177e-07	0.0	0.0	0.0	0.0	0.0
0x1c705f51ebb840ad724f495f1f1b7b605c4c2504	5	0.0	0.0	542.24	1	0.0	0	2	0.0	0.0	0.0	0.0	0.0	0.0
0x1c705f51ebb840ad724f495f1f1b7b605c4c2504	10	0.0	0.0	542.24	1	6.0	0	47	9.905793962872167e-07	0.0	0.0	0.0	0.0	0.0
0x60fc9edde8ba8d742257315dd5664e4545b54a5d	10	0.0	0.0	49.13	1	94.0	0	855	5.8414317827271134e-08	0.0	0.0	0.0	0.0	0.0
0x091d9bf8107774f321aa7f90d424b9771ad7c796	10	0.0	0.0	100.52	1	81.0	0	851	1.668849503033698e-08	0.0	0.0	0.0	0.0	0.0
0x32993b42154bd501bcf01a8f68e1a32f7336711c	25	0.0	0.0	0.03	1	100.0	0	846	0.0	0.0	0.0	0.0	0.0	0.0
0xcb0fd804a913ee4cb4e8cce26dd5cc8012359b79	15	0.0	0.0	716.02	1	85.0	0	177	1.4151043448e-06	0.0	0.0	0.0	0.0	0.0
0xd6aa2afe952d6312fe37eec50c6a3fa331cfaff7	10	0.0	0.0	137.9	1	94.0	0	833	1.4580948115e-06	0.0	0.0	0.0	0.0	0.0
0x278ff98bcef0d9e5ca0db9d5099686f17dd65d60	200	0.0	0.0	17.42	1	100.0	0	832	0.0	0.0	0.0	0.0	0.0	0.0
0xbb4db879e22a5968e28fc8a51540bcaf1718d760	10	0.0	0.0	340.2	1	22.0	0	828	5.594507102e-06	0.0	0.0	0.0	0.0	0.0
0x30ef7087862f3c99242efc9633394eae629d6e9d	25	0.0	0.0	271.85	1	94.0	0	818	7.218085684712605e-07	0.0	0.0	0.0	0.0	0.0
0xb5ff09c112f2e631685a95d2946946e291c143f3	15	0.0	0.0	93.03	1	100.0	0	816	0.0	0.0	0.0	0.0	0.0	0.0
0xe5dd091139b7c20c4866e7708bc908dbd5935088	25	0.0	0.0	30.05	1	94.0	0	811	0.0	0.0	0.0	0.0	0.0	0.0
0x868d479d1aa289578d1cae47a684abf1797d1e7d	25	0.0	0.0	31.24	1	100.0	0	787	0.0	0.0	0.0	0.0	0.0	0.0
0xdbeeb53e71f1dd6d5f4c55cbf492aea2d5823be3	10	0.0	0.0	71.04	2	51.0	0	708	1.8599562778e-06	0.0	0.0	0.0	0.0	0.0
0x1963fb9240ae20d546f999ec4a6968079af139c7	20	0.0	0.0	25.7	1	100.0	0	745	2.2680612943304368e-08	0.0	0.0	0.0	0.0	0.0
0x9875d8b9c4e476cfdc013c4c8abbe91bf16d194e	25	0.0	0.0	35.31	1	100.0	0	745	2.5743618348172962e-08	0.0	0.0	0.0	0.0	0.0
0x21cffa214d547fc9be8bebea3bf579819451aa29	10	0.0	0.0	782.19	1	94.0	0	723	1.1202824667e-06	0.0	0.0	0.0	0.0	0.0
0x7fe0639b003536014466e7f5f137733479932126	10	0.0	0.0	85.96	1	93.0	0	712	2.5417878579e-06	0.0	0.0	0.0	0.0	0.0
0x2aabe1ddcf889e02c1d41ed907a33d0316a7f547	10	0.0	0.0	40.95	1	93.0	0	704	4.085781291e-06	0.0	0.0	0.0	0.0	0.0
0x941a7288dd0a53a4a5077a5d6c0c32b5411451df	10	0.0	0.0	85.59	1	93.0	0	695	0.0	0.0	0.0	0.0	0.0	0.0
0x6c2e73d510d9df0b154bb8a0abca71d2ceb27883	20	0.0	0.0	2199.39	1	100.0	0	688	0.0	0.0	0.0	0.0	0.0	0.0
0x9b8c4f3c22f4fd1b2bfca6a8b7004ab89f5f9efb	20	0.0	0.0	2.08	1	100.0	0	674	2.4988435542e-06	0.0	0.0	0.0	0.0	0.0
0xb4dc5453aa5301b33a2234b2648ff4ef15588b8b	25	0.0	0.0	1.34	1	93.0	0	671	3.5140030774e-06	0.0	0.0	0.0	0.0	0.0
0xaae1028d00542daba90ad1838cde550db1225a50	25	0.0	0.0	0.23	1	93.0	0	671	3.7158612076e-06	0.0	0.0	0.0	0.0	0.0
0x51e8ee96980c4c13ab225c992e9b8bd69b5c36cc	25	0.0	0.0	0.0	1	93.0	0	671	3.7191783097e-06	0.0	0.0	0.0	0.0	0.0
0xc6943dd138901bd219d2e7b4bfcdd6668a19faeb	25	0.0	0.0	1.89	1	93.0	0	671	3.770739787e-06	0.0	0.0	0.0	0.0	0.0
0xa0e74966db5fbfa60b754d8998b76fb38ed52555	25	0.0	0.0	1.35	1	93.0	0	671	3.5563153089e-06	0.0	0.0	0.0	0.0	0.0
0x1ffb7c55dbbffc4ecd05df70adbd896cb6152359	25	0.0	0.0	4.25	1	93.0	0	670	3.5597581993e-06	0.0	0.0	0.0	0.0	0.0
0x5d1f4f1e99a9d0866be15d7300b9ac2970e232d4	25	0.0	0.0	1.72	1	93.0	0	670	3.5652400809e-06	0.0	0.0	0.0	0.0	0.0
0x7423fab4f4835ebdaa204c1e439792c7a75cb3f9	25	0.0	0.0	0.97	1	93.0	0	670	3.5652400809e-06	0.0	0.0	0.0	0.0	0.0
0x9e1cc320d7813364f57ba34ec9c0707e52c2d79e	25	0.0	0.0	0.04	1	93.0	0	670	3.5679122545e-06	0.0	0.0	0.0	0.0	0.0
0xcad75b96193da5801056bb01085864bf7d4fddf3	25	0.0	0.0	0.05	1	93.0	0	669	3.5775927775e-06	0.0	0.0	0.0	0.0	0.0
0x40150324cd763db1991322af7bfa64be6928b397	25	0.0	0.0	1.36	1	93.0	0	669	3.7009398545e-06	0.0	0.0	0.0	0.0	0.0
0x9a608d9f416518b5f11acf3dc5594c90d6998e2c	25	0.0	0.0	0.14	1	93.0	0	668	3.757186584e-06	0.0	0.0	0.0	0.0	0.0
0xd9a0a16e5a634bf5a02962b667f17c65bae14086	25	0.0	0.0	0.03	1	93.0	0	668	0.0	0.0	0.0	0.0	0.0	0.0
0x698f14141ad6380f4cac337b2585a479cc0d2d94	25	0.0	0.0	0.13	1	93.0	0	667	0.0	0.0	0.0	0.0	0.0	0.0
0x29e83a72648fda0413c02f08563e5a2c87e4376a	25	0.0	0.0	0.12	1	93.0	0	666	0.0	0.0	0.0	0.0	0.0	0.0
0x07ac04902fa0ceeeef880922b80f95b589c1f04e	5	0.0	0.0	0.0	1	0.0	0	666	2.5988897145e-06	0.0	0.0	0.0	0.0	0.0
0x24a30823bd87e785b0c4b3803a2bffd91eb6876f	5	0.0	0.0	1.0	1	0.0	0	0	0.0	0.0	0.0	0.0	0.0	0.0
0xcb0fd804a913ee4cb4e8cce26dd5cc8012359b79	20	0.0	0.0	715.24	1	100.0	0	665	0.0	0.0	0.0	0.0	0.0	0.0
0xce12c431535836342d77bc6322092fb950637322	25	0.0	0.0	1.03	1	93.0	0	663	4.0626409347e-06	0.0	0.0	0.0	0.0	0.0
0xe599c5d8284caebabc43410f9901487e2aa47efc	25	0.0	0.0	0.13	1	93.0	0	659	3.4456256403e-06	0.0	0.0	0.0	0.0	0.0
0x8f2c951926c62fe0e5382c3d5f79afc81c559829	25	0.0	0.0	0.01	1	93.0	0	658	7.009297142701598e-07	0.0	0.0	0.0	0.0	0.0
0x29e4bd9832e5127ed559de3e2e68022f1941e565	25	0.0	0.0	0.1	1	93.0	0	656	0.0	0.0	0.0	0.0	0.0	0.0
0x39482a34c970d9ee68b1a62e258b063c36c8406f	25	0.0	0.0	0.2	1	93.0	0	655	0.0	0.0	0.0	0.0	0.0	0.0
0xd88dab09d02ebbaccdf95b79dbc0af3b6c0c5f94	25	0.0	0.0	0.01	1	93.0	0	654	0.0	0.0	0.0	0.0	0.0	0.0
0x950c6430c3f8367c7e6a4afa0285252cd12725bd	25	0.0	0.0	0.18	1	93.0	0	654	0.0	0.0	0.0	0.0	0.0	0.0
0x268ef519edbf507ed9ff31a3eae96c82cbe1bb0b	50	0.0	0.0	3.14	1	100.0	0	653	4.858783930750121e-07	0.0	0.0	0.0	0.0	0.0
0xe412ad34ec8b1de84243a0154b7eed942f85204d	25	0.0	0.0	0.27	1	93.0	0	652	5.722027740517888e-07	0.0	0.0	0.0	0.0	0.0
0x986f675f5380323ba4ce0d6db251bbed975ce49f	25	0.0	0.0	0.47	1	93.0	0	652	6.095537963268782e-07	0.0	0.0	0.0	0.0	0.0
0x4ef0c67b3ee7811c701ecf0b4f4cac06b2f7ce51	25	0.0	0.0	0.58	1	93.0	0	652	6.101976923744701e-07	0.0	0.0	0.0	0.0	0.0
0xab07bd0ac2502a7fd0a5005b420b96f94104fcf8	25	0.0	0.0	1.15	1	93.0	0	651	0.0	0.0	0.0	0.0	0.0	0.0
0x627b63da1391deac116397a09a6efc644375709e	25	0.0	0.0	5.16	1	100.0	0	649	4.449173252041305e-08	0.0	0.0	0.0	0.0	0.0
0x41f5af75766c963a00129427621d8b10ed1da100	25	0.0	0.0	2.16	1	100.0	0	649	3.757413269411813e-08	0.0	0.0	0.0	0.0	0.0
0x4eaa41528da85f0fe270d07686baf38ac3a38552	25	0.0	0.0	0.43	1	93.0	0	649	0.0	0.0	0.0	0.0	0.0	0.0
0xc8a411a2387bb6e56f6c5765ceaf16f6aec0066b	25	0.0	0.0	0.4	1	100.0	0	649	2.6613156123289627e-08	0.0	0.0	0.0	0.0	0.0
0x51319906340ea881cf0164d4e0c101359be1c706	25	0.0	0.0	0.53	1	100.0	0	648	0.0	0.0	0.0	0.0	0.0	0.0
0x0a16db70e6a67f73f41af2e97a035dc80599b937	25	0.0	0.0	0.26	1	100.0	0	648	0.0	0.0	0.0	0.0	0.0	0.0
0xad133b6faa8bafce203939911517c2f14e5a9cc6	25	0.0	0.0	1.21	1	100.0	0	648	5.3948845391005315e-09	0.0	0.0	0.0	0.0	0.0
0xdfa8080f1f89db7ce9208cd6f222e625d7cc4740	25	0.0	0.0	1.04	1	100.0	0	647	3.2948421768708165e-08	0.0	0.0	0.0	0.0	0.0
0x0a6bc3389f4eca70a1c97e357c689279f12c9460	25	0.0	0.0	2.04	1	100.0	0	646	0.0	0.0	0.0	0.0	0.0	0.0
0x8bd90af545d8c2f82d8dc0acea059116f9e17675	25	0.0	0.0	0.04	1	100.0	0	645	0.0	0.0	0.0	0.0	0.0	0.0
0x1763f28a4f61a60d2c4185cb0de05a6df2fdcac8	25	0.0	0.0	4.1	1	100.0	0	645	0.0	0.0	0.0	0.0	0.0	0.0
0xa29ef951bfa6ab6ea1cc5e91e7290cafc26f9cba	25	0.0	0.0	0.0	1	100.0	0	645	3.5513825213939754e-08	0.0	0.0	0.0	0.0	0.0
0xa29ee06513735f6e5a31bf9b91fcf56f824b639f	25	0.0	0.0	0.01	1	100.0	0	645	0.0	0.0	0.0	0.0	0.0	0.0
0x6b380b4b07616eb2e1956bdf735d5d6a8d37e9c5	25	0.0	0.0	0.01	1	100.0	0	645	0.0	0.0	0.0	0.0	0.0	0.0
0x228edd2c5ef8253efa1b9bd12df0209de26b86bc	25	0.0	0.0	0.33	1	100.0	0	642	3.268717407856059e-07	0.0	0.0	0.0	0.0	0.0
0x1257e1031cb9f94b7ab8b4bcf3e5304571a7ab08	25	0.0	0.0	239.22	2	100.0	0	632	0.0	0.0	0.0	0.0	0.0	0.0
0xb3fb7f44ea082da8e85e1d692f356ff585592d04	25	0.0	0.0	0.01	1	100.0	0	631	0.0	0.0	0.0	0.0	0.0	0.0
0xb3467880204d2a2d5dbff08ee67584cde9035253	25	0.0	0.0	2.65	1	100.0	0	629	6.9816263881250515e-09	0.0	0.0	0.0	0.0	0.0
0x1a325068895ccaaa442d6dc854b95fa09cfc3f6a	25	0.0	0.0	0.41	1	100.0	0	626	4.10708134168658e-09	0.0	0.0	0.0	0.0	0.0
0x923cd36115817d59c51f33e0b5832d7b70ef2530	25	0.0	0.0	0.13	1	100.0	0	620	0.0	0.0	0.0	0.0	0.0	0.0
0x1c6615bcc66a91efb22829cb065cfb38a76ae4a8	35	0.0	0.0	48.58	1	100.0	0	610	4.9988368999720485e-08	0.0	0.0	0.0	0.0	0.0
0xcd78f0812b756d9107e0267a20e7b0854a65a535	25	0.0	0.0	0.06	1	100.0	0	606	0.0	0.0	0.0	0.0	0.0	0.0
0x30787c37f869534cf635bc44d2b1ceb4db3445be	25	0.0	0.0	0.8	1	100.0	0	604	0.0	0.0	0.0	0.0	0.0	0.0
0xd41c0ec18df28f6be6942addab960eb25b4232a3	25	0.0	0.0	1.35	1	100.0	0	600	1.914224889709715e-07	0.0	0.0	0.0	0.0	0.0
0x17061b7473bfb1442177306496547282f34ad7cf	25	0.0	0.0	20.19	1	100.0	0	600	1.5402628061877977e-07	0.0	0.0	0.0	0.0	0.0
0xe87df33080ec92db7c83a5ba5c6eefd993cfc9d0	1000	0.0	0.0	2.05	1	100.0	0	599	0.0	0.0	0.0	0.0	0.0	0.0
0x973255c8170b56d2b186fa513914f51b3781ecf3	50	0.0	0.0	62.12	1	100.0	0	598	5.871944264157491e-07	0.0	0.0	0.0	0.0	0.0
0xcf0a76f6209b8d81f63d093b79566f8b04688e7c	25	0.0	0.0	1.15	1	94.0	0	597	0.0	0.0	0.0	0.0	0.0	0.0
0x100000edd4755e8f3fe421e0dd513bd611494e17	25	0.0	0.0	0.59	1	93.0	0	577	0.0	0.0	0.0	0.0	0.0	0.0
0x532e9df581ac1073e6d74d23d97078c31c04da3c	50	0.0	0.0	93.01	1	100.0	0	576	0.0	0.0	0.0	0.0	0.0	0.0
0x51f884ab949bbf579f0ce646c42ec8d87aa22b77	25	0.0	0.0	0.72	1	100.0	0	575	0.0	0.0	0.0	0.0	0.0	0.0
0x38baf2b7b8b787e2cb04149375899f89a0bc4cee	50	0.0	0.0	0.03	1	100.0	0	564	0.0	0.0	0.0	0.0	0.0	0.0
0x6bed84b40a3ed42804a611f5c3c597fcb9a2acc8	25	0.0	0.0	5.15	1	93.0	0	563	4.366518480125592e-07	0.0	0.0	0.0	0.0	0.0
0xebf28ae6e4dc326edbfffac8b35b7e8a5aae224c	25	0.0	0.0	310.01	1	100.0	0	558	3.6579874684861124e-07	0.0	0.0	0.0	0.0	0.0
0x03a0eee3fd0c02f25038258455413b90262364f1	25	0.0	0.0	496.06	1	100.0	0	557	3.827005601308997e-07	0.0	0.0	0.0	0.0	0.0
0x97d717efb023124b256790c0392499b3cc3eb003	55	0.0	0.0	275.99	1	100.0	0	549	0.0	0.0	0.0	0.0	0.0	0.0
0x5873861bc27cb0b5e0ccd7b6ddd05b4813239ba1	25	0.0	0.0	0.06	1	93.0	0	542	0.0	0.0	0.0	0.0	0.0	0.0
0x7282ab49b58c7c493f49f2d5d1a723bded47c420	25	0.0	0.0	0.03	1	93.0	0	539	0.0	0.0	0.0	0.0	0.0	0.0
0x4d4a07201e1b799e2344d94a7f74f54257210658	25	0.0	0.0	0.04	1	93.0	0	532	1.209382594e-06	0.0	0.0	0.0	0.0	0.0
0xead554461aa99288782cd63f46b5085d0dc39cee	25	0.0	0.0	0.01	1	93.0	0	529	0.0	0.0	0.0	0.0	0.0	0.0
0x56d5c4b67966efcacf9188fe74b4399372d1499e	25	0.0	0.0	0.62	1	93.0	0	528	0.0	0.0	0.0	0.0	0.0	0.0
0xfee7640faf953cb620a40c68c1d06bcc984032a1	50	0.0	0.0	7.14	1	100.0	0	521	3.9390912753e-06	0.0	0.0	0.0	0.0	0.0
0x2facb2eea965c8c7dd7fb8e07a5508ece16e2cf5	25	0.0	0.0	1.83	1	93.0	0	520	4.6762192007e-06	0.0	0.0	0.0	0.0	0.0
0x288a4e70eba5d4f92e28f8ccc561e9fc947304a1	25	0.0	0.0	0.68	1	93.0	0	508	3.5344477455e-06	0.0	0.0	0.0	0.0	0.0
0x44ef4e21490d454d2d9e2b5fc32b74c384d51744	25	0.0	0.0	12663.74	1	100.0	0	503	3.8689338621e-06	0.0	0.0	0.0	0.0	0.0
0x196746a83fee9336aa34d41e1d6cbefe870b8ef2	25	0.0	0.0	0.01	1	92.0	0	499	3.4978026364e-06	0.0	0.0	0.0	0.0	0.0
0x77ec087becf2be7f5ca0399316623b54e427822b	10	0.0	0.0	99.85	1	22.0	0	499	3.9288460706e-06	0.0	0.0	0.0	0.0	0.0
0x6f0d30ee2bc8d381eefc23d5149fc9eee268321b	50	0.0	0.0	2.71	1	100.0	0	491	0.0	0.0	0.0	0.0	0.0	0.0
0xd5090d0a822810616bccb4db03a066a52806184e	25	0.0	0.0	10.48	1	20.0	0	488	5.4989206965e-06	0.0	0.0	0.0	0.0	0.0
0xfb17c6f68fe4cf783d242025b85fdd11346ff00a	25	0.0	0.0	1.37	1	92.0	0	487	0.0	0.0	0.0	0.0	0.0	0.0
0xaff0dfe71984b32bb6f042ffe1968ff20fa62b10	20	0.0	0.0	0.5	1	0.0	0	486	0.0	0.0	0.0	0.0	0.0	0.0
0x2434a54c54aa6b6d02a03ce931cc407695be61e8	135	0.0	0.0	210.53	1	100.0	0	483	0.0	0.0	0.0	0.0	0.0	0.0
0x44a2b9321f95eb240971ba6aea08464e3d2c3c63	25	0.0	0.0	4.85	1	92.0	0	471	3.663249648e-06	0.0	0.0	0.0	0.0	0.0
0xc4dcb599efc2c923fe09773c96150f5f3e8c4b9c	25	0.0	0.0	0.83	1	92.0	0	470	3.8501688726e-06	0.0	0.0	0.0	0.0	0.0
0x80a7d538dd1a0921b12e6d0583475d0ab9b80148	25	0.0	0.0	0.32	1	92.0	0	469	0.0	0.0	0.0	0.0	0.0	0.0
0x085b2d301b2066e794da58d6cfecad8b766d5c72	25	0.0	0.0	0.13	1	92.0	0	467	3.2171735497e-06	0.0	0.0	0.0	0.0	0.0
0xb6e69f21af6ff4d5a89a5d62d1ed93427f37dfa7	25	0.0	0.0	0.14	1	92.0	0	466	3.6507714518e-06	0.0	0.0	0.0	0.0	0.0
0x490021e69bce7d16f485abec9526e70ad7d9c8e4	25	0.0	0.0	0.14	1	92.0	0	466	0.0	0.0	0.0	0.0	0.0	0.0
0x8d5c1d6727c620e05a696d591464a4cdbf25b686	25	0.0	0.0	0.14	1	92.0	0	465	0.0	0.0	0.0	0.0	0.0	0.0
0x3584f6dcc6a6053b45b89e5d9c9b885a5df5978a	25	0.0	0.0	0.7	1	92.0	0	465	0.0	0.0	0.0	0.0	0.0	0.0
0xa3177ec68e710ba416f2a40ea6f4bc1d8f713019	25	0.0	0.0	0.14	1	92.0	0	465	4.0510716781e-06	0.0	0.0	0.0	0.0	0.0
0x3bb635727d963b96a5de2f58fa8804f55b0bf6ac	25	0.0	0.0	0.14	1	92.0	0	464	0.0	0.0	0.0	0.0	0.0	0.0
0xb9596fea763c6f0c0656f39c7f058c5870c2735f	25	0.0	0.0	0.14	1	92.0	0	464	4.0702605841e-06	0.0	0.0	0.0	0.0	0.0
0x2d0a364c22e369f322df6b74c3f02981aa9657c8	25	0.0	0.0	0.01	1	92.0	0	463	3.636512702e-06	0.0	0.0	0.0	0.0	0.0
0x8415ef34c01b13c03f7f8748429a422500059dd0	25	0.0	0.0	1.37	1	92.0	0	462	0.0	0.0	0.0	0.0	0.0	0.0
0x995e52731c4edb8959949b17f9b8300ad6eb6170	25	0.0	0.0	0.0	1	92.0	0	462	3.7230818539e-06	0.0	0.0	0.0	0.0	0.0
0x7e05389332c929778c8807ddb3b896190da36d7e	25	0.0	0.0	2.91	1	92.0	0	457	0.0	0.0	0.0	0.0	0.0	0.0
0x188697f39e2ec9e6e3c5fd5cbb36b8c01c81a53f	25	0.0	0.0	0.13	1	92.0	0	453	0.0	0.0	0.0	0.0	0.0	0.0
0x47d457c8412d648139b205700413e5f50a25f647	25	0.0	0.0	0.13	1	91.0	0	448	0.0	0.0	0.0	0.0	0.0	0.0
0x6704284221179b58aebc7ff940d876b81de094c7	25	0.0	0.0	0.01	1	91.0	0	447	2.7675045588e-06	0.0	0.0	0.0	0.0	0.0
0x57de5488856e68710093996e6de57d83a5a539c3	10	0.0	0.0	9.68	1	12.0	0	444	2.3764352374e-06	0.0	0.0	0.0	0.0	0.0
0x2eb919dc3a5bbb13d91e62acf6eeb4bfa1aa60d3	25	0.0	0.0	1.45	1	91.0	0	441	0.0	0.0	0.0	0.0	0.0	0.0
0x566166de83538cd371b00f82b60f6421558b4c58	25	0.0	0.0	0.01	1	91.0	0	439	3.3385093578e-06	0.0	0.0	0.0	0.0	0.0
0x4b67284e5d2be6f98c0a773260e3fa046dd23b22	25	0.0	0.0	0.0	1	91.0	0	438	0.0	0.0	0.0	0.0	0.0	0.0
0x3a6f0416fb5678efe6ec415c984b0d64e456e2f7	25	0.0	0.0	54.79	1	91.0	0	437	3.6344503406e-06	0.0	0.0	0.0	0.0	0.0
0x566e0cc9b6523cd8ec19d6f1130c634d1b7fb42b	25	0.0	0.0	0.13	1	91.0	0	436	3.6001357006e-06	0.0	0.0	0.0	0.0	0.0
0x0ccbb57071aa04c4f20c791f1d146df215ebec5f	25	0.0	0.0	0.08	1	91.0	0	432	0.0	0.0	0.0	0.0	0.0	0.0
0x63d91a764c79665f0958c896deff00508eab34d9	25	0.0	0.0	2.08	1	91.0	0	432	0.0	0.0	0.0	0.0	0.0	0.0
0xe6a2c21fb54de06b619c0f69381ae496d7a3fdd4	25	0.0	0.0	0.08	1	91.0	0	430	0.0	0.0	0.0	0.0	0.0	0.0
0xf257099a47d5f68a6ec62280ab543c2011f3989b	25	0.0	0.0	0.32	1	91.0	0	423	3.7076732239e-06	0.0	0.0	0.0	0.0	0.0
0xd7d86e29753daaa822b640403b5fb9dcd3fa1512	25	0.0	0.0	0.06	1	100.0	0	419	0.0	0.0	0.0	0.0	0.0	0.0
0xadb5bde0ad1b9fabfd72b2e6df02c4e06c83adf1	25	0.0	0.0	0.04	1	100.0	0	415	3.04039393661526e-07	0.0	0.0	0.0	0.0	0.0
0x6c8ae4e9cd974470480d51ad9ca2bbe4efc06c65	25	0.0	0.0	0.23	1	100.0	0	414	0.0	0.0	0.0	0.0	0.0	0.0
0x63ae5a6f23c1159546e301c77cf121721d44ef2f	25	0.0	0.0	1.12	1	100.0	0	412	0.0	0.0	0.0	0.0	0.0	0.0
0x1ff98075036ddf91c20ef54c507b22952522707b	25	0.0	0.0	0.0	1	100.0	0	411	0.0	0.0	0.0	0.0	0.0	0.0
0xe32f6af1fbd2fa077b17a1e116cb51c22b5f7efb	25	0.0	0.0	0.13	1	100.0	0	410	7.548187630490588e-08	0.0	0.0	0.0	0.0	0.0
0xb4fd729d6a8b87cf06ccbbbc99d9f937a73b6712	25	0.0	0.0	0.61	1	100.0	0	409	2.247679820044368e-09	0.0	0.0	0.0	0.0	0.0
0xac4f03f06c0c3b6e628fa58e4a271c50b6ed9857	25	0.0	0.0	0.39	1	100.0	0	408	2.344113791963309e-09	0.0	0.0	0.0	0.0	0.0
0xf4ee1b18aa71a18102af19e6b0170087c82250fd	25	0.0	0.0	0.03	1	100.0	0	405	2.6876767478256625e-08	0.0	0.0	0.0	0.0	0.0
0xa632ff70780d79962b6fe0c8a118499718a1b2ea	10	0.0	0.0	49.96	1	93.0	0	403	1.4970436001959797e-08	0.0	0.0	0.0	0.0	0.0
0xf5472f146891dbe841865199f71d8df02f9aa72a	25	0.0	0.0	3.51	2	100.0	0	403	0.0	0.0	0.0	0.0	0.0	0.0
0x990255c8add901b26e177f1ce8a9acded9af5cb2	25	0.0	0.0	0.26	1	100.0	0	402	8.321787703380323e-09	0.0	0.0	0.0	0.0	0.0
0xff36da79cf472a3d0d60f95561adce920514630f	25	0.0	0.0	0.41	1	100.0	0	401	0.0	0.0	0.0	0.0	0.0	0.0
0xca4700293bd3b48e7051116635c82546f17a61e3	25	0.0	0.0	0.01	1	100.0	0	400	0.0	0.0	0.0	0.0	0.0	0.0
0xac7e3eba90527a610981e204740bddb81d63ac22	25	0.0	0.0	0.54	1	100.0	0	399	1.5138224007671395e-09	0.0	0.0	0.0	0.0	0.0
0x12f72cfd58de931834cbd39177037e75ac890d85	5	0.0	0.0	0.96	1	84.0	0	395	2.06932038171459e-07	0.0	0.0	0.0	0.0	0.0
0x58e708e69a042808dd6f5108929b09983e4a1676	10	0.0	0.0	115.96	1	92.0	0	383	4.432480271709949e-07	0.0	0.0	0.0	0.0	0.0
0x31738dac34244088ce78284db1074e03db6f1743	25	0.0	0.0	0.47	2	92.0	0	379	0.0	0.0	0.0	0.0	0.0	0.0
0xd89dee6887df3366b0f6ddbd82208cd20c6e70b0	10	0.0	0.0	105.32	1	92.0	0	370	0.0	0.0	0.0	0.0	0.0	0.0
0x4bb32d86606f0601aad2ae36c8b153968544dee2	10	0.0	0.0	218.5	1	92.0	0	365	7.861841289091842e-07	0.0	0.0	0.0	0.0	0.0
0x4bfc71e98754cb09be30be8a9797a90e72bdeb1e	10	0.0	0.0	660.87	1	92.0	0	362	9.41141409249724e-07	0.0	0.0	0.0	0.0	0.0
0xe2cbb3353013fb8dcf7098ed925a9c442a674080	5	0.0	0.0	51.18	1	82.0	0	358	8.548093344273867e-08	0.0	0.0	0.0	0.0	0.0
0x3929a03b762bb15f1afc1608df887323f6552e25	25	0.0	0.0	0.28	1	100.0	0	358	0.0	0.0	0.0	0.0	0.0	0.0
0xed3512cd293c412625430c9560d21f8baf0ccb63	25	0.0	0.0	0.14	1	100.0	0	357	2.3126723869282278e-07	0.0	0.0	0.0	0.0	0.0
0x635a0c839c184f2c2420630f0828db1f0a72cbc6	25	0.0	0.0	0.33	1	100.0	0	354	0.0	0.0	0.0	0.0	0.0	0.0
0xd2cfcb0c5dc1701631fd8f70e192479cc17c8f14	25	0.0	0.0	0.01	1	91.0	0	347	4.049677371220639e-07	0.0	0.0	0.0	0.0	0.0
0x4f234ae48179a51e02b0566e885fcc8a1487db02	5	0.0	0.0	13.16	1	81.0	0	346	5.37618238816151e-07	0.0	0.0	0.0	0.0	0.0
0xce51e534a5e1024b378000cef67acfacce99c03b	10	0.0	0.0	0.03	1	90.0	0	342	0.0	0.0	0.0	0.0	0.0	0.0
0x4169ba6f43f54697b1fa92d2ec4f55f8bf89f17c	25	0.0	0.0	0.06	1	100.0	0	339	0.0	0.0	0.0	0.0	0.0	0.0
0xd815e592f4effcf76b1f4b4eb823c19afd13b5db	25	0.0	0.0	0.06	1	91.0	0	335	0.0	0.0	0.0	0.0	0.0	0.0
0x9221027ab6e7baee0954f35d00640ba2e342a4f3	40	0.0	0.0	4.51	1	100.0	0	332	0.0	0.0	0.0	0.0	0.0	0.0
0x3889e903ac79adf0e9c0a75be64852d8bc1fe92c	25	0.0	0.0	0.12	1	91.0	0	330	4.795021268932942e-07	0.0	0.0	0.0	0.0	0.0
0x96886fb915b845631f491ce74872f01814bd6e57	25	0.0	0.0	0.28	1	91.0	0	329	0.0	0.0	0.0	0.0	0.0	0.0
0x5fba920a9bb31f90074756ca737acbb2d9c9afd6	25	0.0	0.0	0.79	1	91.0	0	328	0.0	0.0	0.0	0.0	0.0	0.0
0x508ae7da7649f44cc57a3a705f9f0a937ce072a1	15	0.0	0.0	567.2	1	100.0	0	323	0.0	0.0	0.0	0.0	0.0	0.0
0xd2f52d97a963e1cd15c249575f13f6c83edd4ded	25	0.0	0.0	10.12	1	100.0	0	322	2.2908578367619725e-07	0.0	0.0	0.0	0.0	0.0
0x0d6b6550409d381de7618b2d52ff62e23abd43bc	10	0.0	0.0	274.35	1	90.0	0	319	0.0	0.0	0.0	0.0	0.0	0.0
0x90d7fe535e51aa85c2878d0cf2c2d713da0beaf4	25	0.0	0.0	0.29	1	100.0	0	314	3.36036065640144e-07	0.0	0.0	0.0	0.0	0.0
0xce58afef74c8238721c8768d046750e13cc9bcc3	25	0.0	0.0	0.02	1	100.0	0	313	0.0	0.0	0.0	0.0	0.0	0.0
0x197da6348ec7542c3b349292da0a088f6d3dff80	25	0.0	0.0	0.29	1	100.0	0	312	0.0	0.0	0.0	0.0	0.0	0.0
0xaf1d37f3e2bfcf454cb063a6e406c456346be87a	25	0.0	0.0	1.14	1	90.0	0	311	3.841069573518041e-07	0.0	0.0	0.0	0.0	0.0
0xfb7d327de8b2b37053f92c869a7b71282f48d781	25	0.0	0.0	0.03	1	100.0	0	309	0.0	0.0	0.0	0.0	0.0	0.0
0x2c7ab7512c4b368e1ee937156bfaa57fe8a1a1f2	25	0.0	0.0	0.15	1	100.0	0	309	2.723760883505122e-07	0.0	0.0	0.0	0.0	0.0
0xf01057a583e1e5939ebfa7805380f1f412e88d7c	25	0.0	0.0	1.7	1	100.0	0	308	2.1970787411618178e-07	0.0	0.0	0.0	0.0	0.0
0x6d0e647538e9cc765cd7677358d71c8ff845a051	50	0.0	0.0	61.32	1	100.0	0	296	0.0	0.0	0.0	0.0	0.0	0.0
0xaa5d0623014ccf4bfa952e671b953f12983f4b4f	25	0.0	0.0	0.32	1	100.0	0	294	2.425595058141994e-07	0.0	0.0	0.0	0.0	0.0
0x6a7e245ab5484f486601722df1456df9271cb962	25	0.0	0.0	986.04	1	100.0	0	288	0.0	0.0	0.0	0.0	0.0	0.0
0xf7bba5d8c5595aaa4eb6ccea8e3509f4eefb31be	25	0.0	0.0	0.36	1	100.0	0	282	2.014685529516669e-07	0.0	0.0	0.0	0.0	0.0
0x0c78de29710ac96027c282d6523c799d507af29c	25	0.0	0.0	0.01	1	88.0	0	263	0.0	0.0	0.0	0.0	0.0	0.0
0x8716eca6ac4a59dab9abbd95a4a47cca5334063a	25	0.0	0.0	0.0	1	88.0	0	262	4.2044739023e-06	0.0	0.0	0.0	0.0	0.0
0x4ef7c65f36125519615b110ecede27a373f5d168	25	0.0	0.0	0.13	1	100.0	0	243	9.994760574727481e-09	0.0	0.0	0.0	0.0	0.0
0x4bbd83915df919d9631bfcc2729eef92482b1566	25	0.0	0.0	0.54	1	100.0	0	242	0.0	0.0	0.0	0.0	0.0	0.0
0xac1676e7344251be2ab774c7e97565432a997e6e	25	0.0	0.0	0.01	1	100.0	0	239	0.0	0.0	0.0	0.0	0.0	0.0
0xed7cf065caae27445d5eedecb7e1c26fab903063	10	0.0	0.0	43.75	1	87.0	0	238	5.167921646176411e-09	0.0	0.0	0.0	0.0	0.0
0xe2b32fd55874c610ea8da9bc0b7f623d6cf8df5b	25	0.0	0.0	0.4	1	100.0	0	237	1.790245729438311e-09	0.0	0.0	0.0	0.0	0.0
0x5f0a6a992f0cd5d0bfa4bf71556ddc8644f9fe1c	25	0.0	0.0	0.01	1	100.0	0	218	1.1360661300585663e-07	0.0	0.0	0.0	0.0	0.0
0x78e2dae7a2dd3e9631095e9cdaf474ebe7f1856e	25	0.0	0.0	0.06	1	100.0	0	217	0.0	0.0	0.0	0.0	0.0	0.0
0x9f6187d172b84b63b8ce9da4fd73e32ba2b25cb4	25	0.0	0.0	0.03	1	100.0	0	216	3.819544680538911e-09	0.0	0.0	0.0	0.0	0.0
0x122aa312feb1f6c845cb1c7f4f3f228d6f9458c1	25	0.0	0.0	0.04	1	100.0	0	216	0.0	0.0	0.0	0.0	0.0	0.0
0x3071c59c81d62d63794e15e44ae2aa481f35ecab	25	0.0	0.0	0.03	1	100.0	0	216	0.0	0.0	0.0	0.0	0.0	0.0
0x62f60f1093d8f259bd0d74105ef290c92c956654	25	0.0	0.0	0.03	1	100.0	0	214	9.865730454805544e-09	0.0	0.0	0.0	0.0	0.0
0x8ca02cf7b1d8b3c82202404fbe5ca5db9ca1688b	25	0.0	0.0	0.08	1	100.0	0	211	0.0	0.0	0.0	0.0	0.0	0.0
0x17d8568e4778d17a744061d7b45aea9f9ed062a3	25	0.0	0.0	3102.01	1	100.0	0	210	0.0	0.0	0.0	0.0	0.0	0.0
0x8d8c6732552e97554beb0d6f22e6ff417961446e	5	0.0	0.0	69.45	1	86.0	0	208	1.4565482153727773e-08	0.0	0.0	0.0	0.0	0.0
0xc5f63be3b048822b8f20572a29e3dcf46215fdf1	25	0.0	0.0	0.27	1	100.0	0	188	1.2250533920621363e-09	0.0	0.0	0.0	0.0	0.0
0xd8e5a6c7cd33d29778cff10ab27333e41f520965	10	0.0	0.0	2.28	1	84.0	0	183	2.0079637952363785e-07	0.0	0.0	0.0	0.0	0.0
0xf2a693fd2f720aa6811784649a5498c094bf2661	25	0.0	0.0	0.01	1	83.0	0	176	0.0	0.0	0.0	0.0	0.0	0.0
0xbec9f1939d5572727a3a0e32837388ca8ce88c7b	25	0.0	0.0	0.06	1	83.0	0	172	0.0	0.0	0.0	0.0	0.0	0.0
0x70b133795810998bac2f3933e31e45b88073f932	25	0.0	0.0	0.02	1	82.0	0	171	7.60436669189346e-07	0.0	0.0	0.0	0.0	0.0
0x2f225f8a538e7fd613e8ba79dcddc7d1422aed1c	50	0.0	0.0	18.56	1	100.0	0	171	7.62818053168246e-07	0.0	0.0	0.0	0.0	0.0
0x55078d42c77873910228b3d2f83ced132606def8	25	0.0	0.0	0.12	1	82.0	0	170	0.0	0.0	0.0	0.0	0.0	0.0
0x8b9c4d9d4b2104a8964fccd61ebd2f087d7d5a13	10	0.0	0.0	121.89	1	73.0	0	111	2.5536306402784703e-08	0.0	0.0	0.0	0.0	0.0
0x5b7ad20cc58d6b751922af75dd9cdaad8bdfd3f4	15	0.0	0.0	372090.42	1	100.0	0	91	1.927634052378835e-07	0.0	0.0	0.0	0.0	0.0
0x7e00c573fffc25a7721fa88e098d2f3de0a1feed	20	0.0	0.0	297.55	1	100.0	0	89	1.944908345485885e-07	0.0	0.0	0.0	0.0	0.0
0x54d60f0fd921725bb465592ae4cf53b748f8dec5	10	0.0	0.0	421.44	1	63.0	0	79	0.0	0.0	0.0	0.0	0.0	0.0
0xb18e1a53a76b210817979a09c1a4d5638561b3b3	25	0.0	0.0	0.03	1	99.0	0	72	3.059322573051304e-07	0.0	0.0	0.0	0.0	0.0
0x5c4d6626440448ca778ae2c94908c02592149cf8	10	0.0	0.0	77.88	1	100.0	0	49	1.0649933379e-06	0.0	0.0	0.0	0.0	0.0
0x3ecd587a9dcd5e07546c5687bff83a040eb66b8a	25	0.0	0.0	612.55	1	100.0	0	47	0.0	0.0	0.0	0.0	0.0	0.0
0xe69c5fe729f58b2ba51d508e4bc13be8d5c42952	25	0.0	0.0	0.06	1	100.0	0	42	0.0	0.0	0.0	0.0	0.0	0.0
0xf77e2c9b9ea81843d97a034e50aaa61b54edcc92	10	0.0	0.0	156.85	1	100.0	0	41	0.0	0.0	0.0	0.0	0.0	0.0
0x0204246378248b9855f09901174909f1cc78fb42	10	0.0	0.0	141.36	1	100.0	0	38	0.0	0.0	0.0	0.0	0.0	0.0
0x8cd6d52c3372d07c050526a67c4e2c2ee100931c	30	0.0	0.0	196.63	1	100.0	0	37	0.0	0.0	0.0	0.0	0.0	0.0
0x38b6f757464fa095b680bc8a723100965159c8f0	10	0.0	0.0	800.93	1	100.0	0	27	3.697041006667234e-07	0.0	0.0	0.0	0.0	0.0
0x721674ad5266a3aeccdb0a1f382a4c6006c6446f	5	0.0	0.0	226.9	1	82.0	0	27	3.484467936409885e-07	0.0	0.0	0.0	0.0	0.0
0xbf91dc943137315abac512022c4c889e2ae5aa94	10	0.0	0.0	2776.93	1	99.0	0	23	0.0	0.0	0.0	0.0	0.0	0.0
0xb0b12e4b7d14916c809a750a1a3476690d8860dc	50	0.0	0.0	42.26	1	100.0	0	20	1.7307758559681474e-07	0.0	0.0	0.0	0.0	0.0
0xfcfe43ed7d9ec5c119b3bed3ebe4af5ca53307ac	15	0.0	0.0	514.61	1	100.0	0	12	0.0	0.0	0.0	0.0	0.0	0.0
0x2aee86f1e774b8e20d508f65df3684ddffd8f1e0	25	0.0	0.0	0.0	1	99.0	0	9	8.232873272007168e-08	0.0	0.0	0.0	0.0	0.0
0x7f1c13f6b800abdbdbaaebb388c357f64ceb0932	25	0.0	0.0	0.01	1	100.0	0	9	0.0	0.0	0.0	0.0	0.0	0.0
0x183693e231ab89a66e08c61868ad6d758f9e3211	25	0.0	0.0	0.02	1	100.0	0	8	0.0	0.0	0.0	0.0	0.0	0.0
0x9ba1eaeda393e5a50c6173aa5b10a38217c029e2	25	0.0	0.0	0.03	1	97.0	0	8	7.835277981982358e-08	0.0	0.0	0.0	0.0	0.0
0xb7e32f6899e665e407fc068cffed4267f955ede3	25	0.0	0.0	0.16	1	100.0	0	7	7.413203384487589e-08	0.0	0.0	0.0	0.0	0.0
